{"prog":[1.62234950643553,1.62234950643553,1.11119715241976,1.11119715241976,1.11119715241976,1.11119715241976,1.11119715241976,1.11119715241976,0.607772942252077,0.607772942252077,0.607772942252077,0.6060082892686,0.6060082892686,0.6060082892686,0.6060082892686,0.6060082892686,0.6060082892686,0.6060082892686,0.6060082892686,0.6060082892686,0.6060082892686,0.6060082892686,0.6060082892686,0.6060082892686,0.6060082892686,0.6060082892686,0.6060082892686,0.6060082892686,0.6060082892686,0.6060082892686,0.6060082892686,0.6060082892686,0.6060082892686,0.6060082892686,0.6060082892686,0.6060082892686,0.6060082892686,0.6060082892686,0.6060082892686,0.6060082892686,0.6060082892686,0.6060082892686,0.6060082892686,0.6060082892686,0.6060082892686,0.6060082892686,0.6060082892686,0.6060082892686,0.6060082892686,0.6060082892686],"mei":["Inf",0.0381349604468126,0.0171158256581507,0.0830960667455939,0.0497822361173291,0.00273420220644902,0.0294897374587253,0.213397615626864,0.00629630620210947,0.00413202451892936,0.00214591883860781,0.0691058998547766,0.0027175784288166,0.00205143973263507,0.105037338479827,0.0273312522546253,0.00416208107225288,0.0965008328038703,0.00238448615741421,0.00989184045483325,0.00669496152867701,0.000319593549194381,0.209493563430129,0.00117671086134331,0.155763781827306,0.00340393751366019,0.0181082055742796,0.15988344126436,0.109160839991153,0.0107435377452999,0.00274659054876936,0.0288770325359626,0.00312538176763244,0.00885298159258578,0.0304614007988152,0.181429094158825,0.212576825001241,0.209212759813117,0.00332572454105591,0.00248746373663626,0.188299581330695,0.130236799520626,0.0833017787325723,0.16738241332641,0.125014421738919,0.100358036623643],"obj":[1.62234950643553,0.566298666597879,1.11119715241976,0.569778702629213,0.281174317146925,0.57230362939276,0.595267240562752,0.594498538798648,0.607772942252077,1,0.477570512071443,0.6060082892686,0.625145985495823,1,0.627061247261806,0.620044852729078,1,0.604857004492197,0.621362729401897,0.631477691002682,0.579097730425543,0.654296742406633,0.672169614652258,0.657244420170856,0.64010421759959,1,0.670246655759408,0.762654747882002,0.613301450784219,0.763206604575422,0.688801597090384,0.602522695308217,0.674030204178383,0.702196152528633,0.68964614376048,0.763042011282988,0.753154117870417,0.765561185342001,0.701106421980698,0.658301970595412,0.620302010753306,0.670425164272194,0.672761768625194,0.704697267402287,0.689954541659,0.734034472343641,0.727925797583245,0.729933130765309,0.785689845075459,0.728458624016757],"X":[[0.853759708193541,0.768589798241991],[0.189774816071097,0.376523850526783],[0.81252611242992,0.29867103998984],[0.537206710785908,0.0325719918433046],[0.215077259027184,0.0660970581197406],[0.187705006198491,0.384598623194269],[0.178704078971439,0.416563161591313],[0.18087219830828,0.413626340490368],[0.192096205772204,0.415676736479872],[0,1],[0.0780748575585024,0.399495654512941],[0.195966547695489,0.41004174157311],[0.216884521307294,0.408261464188529],[0,1],[0.22642676203118,0.400634485230626],[0.232614317105058,0.387430535624019],[0,1],[0.604857004492197,0],[0.234092571561604,0.387270157840293],[0.246598393974326,0.384879297028357],[0,0.579097730425543],[0.272567027653141,0.381729714753492],[0.567451146979282,0.104718467672976],[0.238192442260664,0.419051977910191],[0.254431978566344,0.385672239033246],[1,0],[0.24425124340387,0.425995412355538],[0,0.762654747882002],[0.227170882995979,0.38613056778824],[0,0.763206604575422],[0.308730014406346,0.380071582684038],[0.186268283772765,0.416254411535452],[0.292395782864513,0.381634421313871],[0.321173682883157,0.381022469645476],[0.25521874063323,0.43442740312725],[0,0.763042011282988],[0.370212070915229,0.382942046955188],[0.380617857916825,0.384943327425176],[0.2617105980477,0.439395823932998],[0.277081435382196,0.381220535213216],[0.217075609763481,0.403226400989825],[0.240965227805472,0.429459936466722],[0.291595965653029,0.381165802972165],[0.262133856793125,0.442563410609162],[0.310097551926354,0.379856989732646],[0.351597916596155,0.382436555747486],[0.346846923214692,0.381078874368553],[0.348182600977762,0.381750529787547],[0.399463860169126,0.386225984906333],[0.275920918377631,0.452537705639126]],"C":[[-1.3577963338864,-0.180364082703616],[0.0678655566318165,-1.32221530916967],[-0.102244452093489,-0.750596926490908],[0.404591825892944,-1.21034801523395],[1.40977565546201,-1.44937295155727],[0.0456335779474891,-1.3168507296851],[0.0138110470020256,-1.29453998456402],[0.0113253075716266,-1.29619849833168],[-0.00407353253788162,-1.29031189847737],[-0.5,-0.5],[0.140984580276538,-1.3343075386425],[-0.00617696714850474,-1.293462882352],[-0.0296653532050222,-1.28628368127594],[-0.5,-0.5],[-0.0276957324923165,-1.28822293068007],[0.000943986703016542,-1.29578815954383],[-0.5,-0.5],[0.521862909473614,-1.13414800411673],[0.000376614408789722,-1.29522249278603],[0.000184053280581464,-1.29105715880824],[0.760903761304951,-1.16464581861599],[5.54413453121572e-05,-1.27998964031055],[0.398235344243256,-1.16703323832012],[-0.0666163874117605,-1.26765980025946],[-0.00730885953582644,-1.2865212923219],[0.5,-0.5],[-0.0786596497089621,-1.2588692387477],[-0.104486918661603,-0.91835773553304],[0.00904320713087631,-1.29929657453836],[-0.109012367633905,-0.917515678732456],[0.00102960881309688,-1.26023137024071],[0.00361639811439812,-1.29203639133762],[-0.00505582439177582,-1.26885987463148],[-0.00350790714424082,-1.25166934304853],[-0.0958627203050703,-1.2461362258417],[-0.107663044054777,-0.917766889017212],[0.00195176192253471,-1.21629841122243],[-0.00409500189694523,-1.20694868090564],[-0.105043631079685,-1.23843887277976],[0.000772076556824375,-1.27789678169829],[-0.0226693388590795,-1.29028664919061],[-0.0745758387612244,-1.25749992195866],[-0.00266929249201603,-1.26968442345946],[-0.104357391920674,-1.23542346871275],[0.00214846193799467,-1.25954817564053],[-0.0042228993594744,-1.23012118587324],[0.00205034939040932,-1.2344761033665],[-0.00144655160107748,-1.23303540938329],[0.00245187903742483,-1.19125811300191],[-0.120739650061481,-1.21907727177652]],"d":[[0.0987924429354827,0.0372156115588488],[0.687902971786587,0.552311723460054]],"df":[0.770907607832047,0.625478208955386],"lambda":[[0,0],[0.469559619014701,0],[1.10103415598932,0],[1.48326692856633,0],[2.11014245983565,0],[1.65918819520712,0],[1.20823393057859,0],[0.757279665950056,0],[0.0734678509750523,0],[1.3272189135137,0],[0,0],[0,0],[0,0],[0,0],[0,0],[0,0],[0,0],[0,0],[0,0],[0,0],[0,0],[0,0],[0,0],[0,0],[0,0],[0,0],[0,0],[0,0],[0.800695777984633,0],[0,0],[1.60139155596927,0],[0,0],[0,0],[0,0],[0,0],[0,0],[0,0],[0,0],[0,0],[0,0],[0,0],[0,0],[0,0],[0,0],[0,0],[0,0]],"rho":[0.144530223391488,0.0722651116957438,0.0361325558478719,0.018066277923936,0.00903313896196798,0.00903313896196798,0.00903313896196798,0.00903313896196798,0.00903313896196798,0.00451656948098399,0.00451656948098399,0.00451656948098399,0.00451656948098399,0.00451656948098399,0.00451656948098399,0.00451656948098399,0.00451656948098399,0.00451656948098399,0.00451656948098399,0.00451656948098399,0.00451656948098399,0.00451656948098399,0.00451656948098399,0.00451656948098399,0.00451656948098399,0.00451656948098399,0.00451656948098399,0.00451656948098399,0.00225828474049199,0.00225828474049199,0.001129142370246,0.001129142370246,0.001129142370246,0.001129142370246,0.001129142370246,0.001129142370246,0.001129142370246,0.001129142370246,0.001129142370246,0.001129142370246,0.001129142370246,0.001129142370246,0.001129142370246,0.001129142370246,0.001129142370246,0.001129142370246]}
