{"prog":[1.14123273439268,1.14123273439268,1.14123273439268,1.14123273439268,1.14123273439268,0.77944851815795,0.77944851815795,0.77944851815795,0.77944851815795,0.77944851815795,0.77944851815795,0.756866620311241,0.733467652571362,0.733467652571362,0.692452522314083,0.655741204485113,0.655741204485113,0.655741204485113,0.602759942912095,0.602759942912095,0.600388157663763,0.600388157663763,0.600388157663763,0.600388157663763,0.600388157663763,0.600388157663763,0.600388157663763,0.600388157663763,0.600388157663763,0.600388157663763,0.600388157663763,0.600388157663763,0.600388157663763,0.600388157663763,0.600388157663763,0.600388157663763,0.600388157663763,0.600388157663763,0.600388157663763,0.600388157663763,0.600388157663763,0.600388157663763,0.600388157663763,0.600388157663763,0.600388157663763,0.600388157663763,0.600388157663763,0.600388157663763,0.600388157663763,0.600388157663763],"mei":["Inf",0.0171149853742638,0.0143018569764002,0.0128449950785202,0.0947256323173621,0.00490290220785014,0.0203288429524254,0.0153753707806106,0.302059940618943,0.0228821383757187,0.0926295174374386,0.154298697662221,0.0662158989543521,0.158392007688167,0.0357801536393279,0.0309655550179906,0.187430611409072,0.145218219816918,0.0782574980878879,0.117508493814713,0.000763183990248498,0.0010292742079296,0.155369265092489,0.229896212683007,0.165908922380164,0.0233212597063589,0.00088609986358353,0.248765156456175,0.0796402083697218,0.142975882500546,0.182642203883747,0.135911867733563,0.124424380603201,0.00264885752021715,0.207361749954618,0.173527307577071,0.114702387728537,0.0267265292702691,0.227996554943759,0.207287086833572,0.20727645946806,0.0908531748610391,0.05580953790305,0.227992251677822,0.248716232495513,0.248390118913433],"obj":[1.14123273439268,1.68071907410415,0.749977113001509,0.279678859850317,1.00379255808978,0.77944851815795,0.793819783421874,0.846672243720958,0.898508855479805,0.535419063212232,0.778231665208177,0.756866620311241,0.733467652571362,0.886082447598699,0.692452522314083,0.655741204485113,0.618558323730828,0.607188810082887,0.602759942912095,0.718330667272899,0.600388157663763,0.793232238794953,0.647689254872726,0.60502782002589,0,0.661476340637706,0.611773737707338,0.613964373770197,0.614112505479872,0.853022054669153,0.771572650128191,0.605664424668214,0.635848323735094,0.621465057059842,0.650220677673058,0.603918943701638,0.819505864004774,0.770447789004201,0.654767284017628,0.719489364979639,0.707697614843728,0.773529471089267,0.651868663842886,0.685346126996039,0.650989008420178,0.707541410995738,0.827702451261369,0.656821779699245,0.607705001302561,0.613687121256699],"X":[[0.1710159682415,0.970216766151184],[0.767368148073407,0.913350926030742],[0.387068693443916,0.362908419557593],[0.272181492571761,0.00749736727855573],[0.875672969714662,0.128119588375119],[0.391168148309821,0.388280369848129],[0.393075297321958,0.400744486099916],[0.399599915036152,0.447072328684807],[0.40530558571265,0.493203269767155],[0.535419063212232,0],[0.393115055780057,0.38511660942812],[0.372636728179646,0.384229892131595],[0.351601421652396,0.381866230918967],[0.403264411325594,0.482818036273105],[0.312126467440498,0.380326054873585],[0.273895372668273,0.38184583181684],[0.231588450326831,0.386969873403997],[0.215330414076177,0.391858396006709],[0.205135617441744,0.397624325470351],[0.332732458833923,0.385598208438975],[0.193047166579604,0.407340991084158],[0.40534900658431,0.387883232210643],[0.259629803837597,0.388059451035129],[0.188028336569104,0.416999483456785],[0,0],[0,0.661476340637706],[0.188879179063191,0.422894558644147],[0.189419398990823,0.424544974779374],[0.189490854089323,0.424621651390549],[0.405632862812076,0.447389191857076],[0,0.771572650128191],[0.212943202294813,0.392721222373401],[0.197696111229837,0.438152212505258],[0.1927243686433,0.428740688416542],[0.204553940864857,0.445666736808201],[0.210778500733379,0.393140442968259],[0.428124354495315,0.391381509509459],[0,0.770447789004201],[0.207386745938677,0.447380538078951],[0.323176473924993,0.396312891054646],[0.281141401689994,0.426556213153733],[0,0.773529471089267],[0.244471291306691,0.407397372536195],[0.231646003235769,0.45370012376027],[0.24414782086063,0.406841187559548],[0.237042456304412,0.470498954691326],[0.435286250577018,0.392416200684351],[0.207735550428554,0.449086229270691],[0.212601180255183,0.395103821047378],[0.20514253215525,0.408544589101449]],"C":[[-0.876206728752152,-0.52943296528556],[-0.595526753011383,-0.0769362112411764],[0.157339420906864,-1.21847530556983],[1.03142834787149,-1.4258610245853],[0.401251190166644,-0.716782221185694],[-0.0180425687746607,-1.19622583413847],[-0.0934250860170966,-1.18489566749577],[-0.291364436776273,-1.14044624082744],[-0.341230685220483,-1.09247791688111],[0.477796440492458,-1.21332642674894],[0.0043640360748502,-1.19714575006163],[-0.00472301318873508,-1.21350925880411],[-0.000808494076088739,-1.23055462197576],[-0.341417758314459,-1.10426455840761],[-0.000291110313552445,-1.25792916030741],[-0.000924452252002883,-1.27917508555501],[0.00314863798137971,-1.29662110675291],[0.0025314199803963,-1.30007981025283],[-0.000285216254153231,-1.29981427425104],[-0.0269081856053134,-1.24060313248698],[-0.000329774616261547,-1.29680610845816],[-0.00334488934917998,-1.18523878103094],[-0.0190175564893224,-1.28200222742157],[0.00114559582143064,-1.29075677544383],[1.5,-1.5],[0.625433636039025,-1.06244905077655],[0.000575157659888192,-1.28548484798559],[0.000409358748411248,-1.28388185567554],[0.000338145706689497,-1.28378966938686],[-0.296562673909196,-1.13530489161635],[-0.177036154253873,-0.904675645574159],[0.00258182248670169,-1.30042523409397],[-0.00077847125474928,-1.26893888628135],[-0.00216520127462205,-1.27903873982715],[-0.00133345942549346,-1.25953884497939],[0.00359550180214546,-1.30101301573131],[-0.00343783586431018,-1.16353005110207],[-0.167963687300208,-0.906410204418539],[-0.00339701358805533,-1.25684139175716],[-0.0785585941388258,-1.23849305908532],[-0.128545698637666,-1.23900930927573],[-0.192754172194788,-0.901652157356358],[-0.0590164929196732,-1.27426116857744],[-0.0365367682303653,-1.24049632688481],[-0.0576663769778991,-1.27487208967414],[-0.00914667006908892,-1.22244160754354],[-0.00209056861091045,-1.15653540549906],[-0.000950083951980485,-1.25516749976758],[-0.00256292880138331,-1.29869370874786],[-0.0160730693691082,-1.29100786021686]],"d":[[0.166145959873704,0.0399731830074319],[0.731401561155759,0.587559634998302]],"df":[0.753986670632726,0.653973695101592],"lambda":[[0,0],[0,0],[0,0],[0,0],[0,0],[0,0],[0,0],[0.402362458444572,0],[0,0],[0,0],[0,0],[0,0],[0,0],[0.580606437348657,0],[1.51419025672891,0],[1.30381561959737,0],[1.09344098246583,0],[0.850200233662136,0],[0.606959484858443,0],[0.36371873605475,0],[0.120477987251057,0],[-1.38777878078145e-17,0],[-1.38777878078145e-17,0],[-1.38777878078145e-17,0],[-1.38777878078145e-17,0],[-1.38777878078145e-17,0],[-1.38777878078145e-17,0],[-1.38777878078145e-17,0],[-1.38777878078145e-17,0],[-1.38777878078145e-17,0],[-1.38777878078145e-17,0],[-1.38777878078145e-17,0],[-1.38777878078145e-17,0],[-1.38777878078145e-17,0],[-1.38777878078145e-17,0],[-1.38777878078145e-17,0],[-1.38777878078145e-17,0],[-1.38777878078145e-17,0],[-1.38777878078145e-17,0],[-1.38777878078145e-17,0],[-1.38777878078145e-17,0],[-1.38777878078145e-17,0],[-1.38777878078145e-17,0],[-1.38777878078145e-17,0],[-1.38777878078145e-17,0],[-1.38777878078145e-17,0]],