{"prog":[0.962084087953457,0.962084087953457,0.962084087953457,0.962084087953457,0.962084087953457,0.962084087953457,0.962084087953457,0.962084087953457,0.962084087953457,0.962084087953457,0.894939431956093,0.894939431956093,0.838827880897464,0.838827880897464,0.697727906297134,0.697727906297134,0.697727906297134,0.602496328582096,0.602496328582096,0.602496328582096,0.602496328582096,0.602496328582096,0.602496328582096,0.602496328582096,0.601035457312144,0.601035457312144,0.601035457312144,0.599958803480277,0.599958803480277,0.599958803480277,0.599958803480277,0.599958803480277,0.599958803480277,0.599958803480277,0.599958803480277,0.599958803480277,0.599958803480277,0.599958803480277,0.599958803480277,0.599958803480277,0.599958803480277,0.599958803480277,0.599958803480277,0.599958803480277,0.599958803480277,0.599958803480277,0.599958803480277,0.599958803480277,0.599958803480277,0.599958803480277],"mei":["Inf",0.0203335434290584,0.0150875459722855,0.0141188724906117,0.0177048394495474,0.10064166874201,0.0787984853244098,0.0586802046476991,0.136727210700087,0.127282221957473,0.375858315919782,0.0424206358189304,0.00201507516080953,0.0132537618886267,0.188814960736155,0.224541467041507,0.110971095636217,0.131994630048912,0.00675942876712477,0.00461008113445054,0.057479419963651,0.2464518134051,0.0215433185470693,0.0479331448693966,0.0721948045919399,0.000728028834093256,0.102164998683239,0.190505720928841,0.00164073072520603,0.165378719206056,0.000389902845381485,0.0767761442755067,0.225645803813452,0.057145668989217,0.0521309888589556,0.103434220881821,0.141146976489875,0.0549191639241976,0.00544992780937511,0.248530599053712,0.0318829321821038,0.129338550232777,0.176912517474035,0.00454705612249955,0.0172401383280381,0.165685905201046],"obj":[0.962084087953457,1.04425872627279,0.848523652583483,1.64256194224641,1.0345036621053,0,0.247035015690211,0.380083241091975,0.28968060991299,1.07118332071066,0.894939431956093,1.09388123681653,0.838827880897464,0.966062247536595,0.697727906297134,0.601653538158394,0.596187727268976,0.602496328582096,0.602982396937637,0.608190344091297,0.719650152485182,0.594419174124578,0.608209320791384,0.599269826145398,0.601035457312144,0.602208428098741,0.601854693383822,0.599958803480277,0.600172782473598,0.642786847080554,0.61723679981197,0.600057347682399,0.617426225775818,0.625638316954725,0.627418604532176,0.831572561779587,0.601615801973235,0.602334657380608,0.631957261681991,0.832457600962759,0.696724437480724,0.872907734065446,0.634129067079481,0.602616338684149,0.703638477013417,0.604718581272838,0.636749837299037,0.655377306608238,0.639141396022183,0.722791621005063],"X":[[0.0278933591413995,0.934190728812057],[0.999790659365196,0.0444680669075968],[0.519101029732055,0.329422622851427],[0.823742402494825,0.818819539751583],[0.391889666279752,0.642613995825549],[0,0],[0.247035015690211,0],[0.380083241091975,0],[0,0.28968060991299],[0.391955676617369,0.679227644093294],[0.351737036022828,0.543202395933265],[0.303874882819122,0.790006353997413],[0.329090626935105,0.509737253962359],[0.0342185925118608,0.931843655024735],[0.261746746236343,0.435981160060791],[0.206594520581058,0.395059017577336],[0.201569116100692,0.394618611168284],[0.203802409026162,0.398693919555934],[0.2032822087309,0.399700188206737],[0.214134327133925,0.394056016957372],[0.270114941719981,0.449535210765201],[0.191177534324188,0.40324163980039],[0.212739671104087,0.395469649687297],[0.191271170559826,0.407998655585573],[0.193663001369238,0.407372455942906],[0.202504179637101,0.399704248461641],[0.200878314815925,0.400976378567898],[0.195177356626173,0.404781446854104],[0.193780341216054,0.406392441257543],[0,0.642786847080554],[0.224596149799143,0.392640650012827],[0.19253902820214,0.407518319480259],[0.228620164541648,0.38880606123417],[0.238797991729462,0.386840325225263],[0.241520372018768,0.385898232513408],[0.32570440910745,0.505868152672137],[0.190453339848865,0.41116246212437],[0.189911201812335,0.412423455568274],[0.242091962045223,0.389865299636768],[0.326421681116802,0.506035919845957],[0.256884324780475,0.439840112700249],[0.343279596120074,0.529628137945372],[0.249272782161282,0.384856284918198],[0.203694286399673,0.398922052284476],[0.262877636864917,0.4407608401485],[0.209224567981023,0.395494013291815],[0.251972283683321,0.384777553615716],[0.27289349246461,0.382483814143627],[0.255294792272369,0.383846603749814],[0.26837331543493,0.454418305570133]],"C":[[-0.765871625999265,-0.626509642717406],[0.677472915903231,-0.498441228471609],[0.642265621555033,-1.12201485648481],[-1.08850090438044,-0.15098301565306],[0.190896465657274,-0.933469741832266],[1.5,-1.5],[1.06590875785108,-1.43897370102294],[0.725874972962859,-1.35553672984102],[0.681522439457794,-1.41608514424044],[0.229583115677757,-0.885020555066894],[-0.0542966995734152,-1.08121221454224],[-0.345199145644628,-0.783550016235379],[-0.113357550282581,-1.13186729118637],[-0.778075426533034,-0.630496490516651],[-0.105775593777299,-1.24140906890673],[0.0033522891818718,-1.30124707669671],[0.00921280977631062,-1.303646043154],[-0.000852244509615296,-1.29950773658426],[-0.00203889538913171,-1.29891610316099],[-0.00165498779822387,-1.29886634544259],[-0.113097062417205,-1.2249560125419],[0.0062560595829893,-1.30084733030082],[-0.00349488776246093,-1.29834558851473],[0.0012454797642964,-1.29695243635304],[-0.00110259188691514,-1.2965423240397],[-0.00121634707206397,-1.29922857099122],[-0.00150345484667075,-1.29886584646729],[-0.000198195886466801,-1.29805777974312],[-0.000293829525864042,-1.29729436304692],[0.70198835508126,-1.08682506922024],[-0.00761023997693494,-1.29538988945291],[0.000123131256287656,-1.29685754190696],[-0.000244820609527741,-1.29656266711252],[-0.00154558507151054,-1.29333008192559],[-0.000200130797533227,-1.29275046404294],[-0.116783467815634,-1.13801405000005],[-4.71976294963428e-06,-1.29467295508024],[1.18697826855807e-05,-1.29384062872332],[-0.0136145168803512,-1.28939653005223],[-0.118180679918151,-1.13737653392254],[-0.0970599382727176,-1.24055111894191],[-0.0824565858738765,-1.10165315438416],[-0.00132671912934179,-1.28974872003254],[-0.00114013292659321,-1.29936983388927],[-0.106438772119621,-1.23662522982791],[-0.000135941535845452,-1.29980956560349],[-0.00259698897430255,-1.28845620248892],[-0.00332161145269932,-1.27923527368861],[-0.000900925354911708,-1.28748635382834],[-0.104654747848798,-1.22147976712523]],"d":[[0.20309468403055,0.0312026603843565],[0.626290469913636,0.675589942602432]],"df":[0.634378376701404,0.860018722890468],"lambda":[[0,0],[0,0],[0,0],[0,0],[0,0],[0,0],[0,0],[0,0],[0,0],[0,0],[0,0],[0,0],[0.177006301446575,0],[1.14990887396572,0],[0.969909309022554,0],[0.539281386087615,0],[0.359281821144446,0],[0.179282256201278,0],[1.50060259384116,0],[0.639346747971278,0],[1.16545354757992,0],[0.233955332147923,0],[1.28616893136522,0],[0,0],[0,0],[0,0],[0,0],[0,0],[0,0],[0,0],[0,0],[0,0],[0,0],[0,0],[0,0],[0,0],[0,0],[0,0],[0,0],[0,0],[0,0],[0,0],[0,0],[0,0],[0,0],[0,0]],"rho":[0.0189388126551167,0.0189388126551167,0.0189388126551167,0.0189388126551167,0.0189388126551167,0.0189388126551167,0.0189388126551167,0.0189388126551167,0.0189388126551167,0.0189388126551167,0.0189388126551167,0.0189388126551167,0.00946940632755835,0.00473470316377918,0.00473470316377918,0.00473470316377918,0.00473470316377918,0.00473470316377918,0.00236735158188959,0.00236735158188959,0.00118367579094479,0.00118367579094479,0.000591837895472397,0.000591837895472397,0.000591837895472397,0.000591837895472397,0.000591837895472397,0.000591837895472397,0.000591837895472397,0.000591837895472397,0.000591837895472397,0.000591837895472397,0.000591837895472397,0.000591837895472397,0.000591837895472397,0.000591837895472397,0.000591837895472397,0.000591837895472397,0.000591837895472397,0.000591837895472397,0.000591837895472397,0.000591837895472397,0.000591837895472397,0.000591837895472397,0.000591837895472397,0.000591837895472397]}
