{"prog":[1.51105537184306,1.51105537184306,1.51105537184306,1.51105537184306,1.20353203080211,1.20353203080211,1.20353203080211,1.20353203080211,1.20353203080211,1.18245524503706,1.18245524503706,1.18245524503706,1.18245524503706,1.06963780780817,1.00926194552379,0.951153502755059,0.951153502755059,0.829746466315306,0.829746466315306,0.829746466315306,0.829746466315306,0.829746466315306,0.753372486138916,0.753372486138916,0.753372486138916,0.751019222565788,0.751019222565788,0.751019222565788,0.751019222565788,0.751019222565788,0.751019222565788,0.751019222565788,0.751019222565788,0.751019222565788,0.751019222565788,0.751019222565788,0.751019222565788,0.751019222565788,0.751019222565788,0.751019222565788,0.751019222565788,0.751019222565788,0.750833450605469,0.750833450605469,0.750833450605469,0.750833450605469,0.750833450605469,0.750833450605469,0.750833450605469,0.750833450605469],"mei":["Inf",0.27063792272899,0.408250882621929,0.596844260299921,0.189426225019087,0.268126072342084,0.295538309197508,0.287749083339292,0.304962830492813,0.280742104150794,0.327639916321809,0.274870455279825,0.224219973797774,0.104525841562997,0.0134280058025891,0.0286477117162237,0.0924270825782097,0.15430224194889,0.018455640434104,0.0235810370756575,0.129502345019775,0.0824587221017886,0.0455605828195204,0.0199390791081651,0.0241655650666132,0.0625200294678959,0.0701048820334277,0.180192258492415,0.0183955634632621,0.0510732367512019,0.00405386678801727,0.0567502765365698,0.230902760115358,0.129496251622211,0.0654869251206777,0.00475786359395189,0.129621988474205,0.103698883531869,0.232947927980369,0.259173159644657,0.00481761482239396,0.102793121913623,0.0695443354757028,0.204927961879328,0.0258317850458972,0.00291285559956267],"obj":[1.51105537184306,0.42005597515033,0.58598114947462,0.791421341153658,1.20353203080211,1.20392503120944,1.20962284616063,1.22650123810595,1.2400482330671,1.18245524503706,1.0811241020696,1.22898002713395,1.22742534521641,1.06963780780817,1.00926194552379,0.951153502755059,0.877177227547814,0.829746466315306,0.442889356435458,1.21897130149328,0.885120924564634,0.749920616584149,0.753372486138916,0.758161443174056,0.962273930210233,0.751019222565788,0.790154349096945,0.756306484667812,0.868036765542332,0.751820108823323,0.802504125014978,0.758724515617022,0.865818306051268,0.914373818975054,0.79521835052441,0.988764211427122,0.758879677221145,0.906983423382338,0.764812419680095,0.87645811865485,0.959802214673293,0.987722453327386,0.750833450605469,0.752785478102595,0.871701564280092,0.949220265289763,0.794838881305944,0.852514021266899,1.08359217425402,0.878052770918452],"X":[[0.876649085990304,0.634406285852754],[0.24167376210952,0.17838221304081],[0.516968454848269,0.069012694626351],[0.179713530410014,0.611707810743644],[0.397762759951354,0.805769270850757],[0.391230477445343,0.812694553764094],[0.345794847773222,0.863827998387411],[0.282657827110333,0.94384341099562],[0.240048233067096,1],[0.405929269499738,0.776525975537325],[0.335050675147698,0.746073426921906],[0.259588288421036,0.969391738712918],[0.413757470238313,0.813667874978098],[0.320692819248951,0.748944988559222],[0.265746544090956,0.743515401432833],[0.210069691134452,0.741083811620607],[0.137711550905405,0.739465676642409],[0.0859795433485841,0.743766922966722],[0,0.442889356435458],[0.26299699728882,0.955974304204464],[0.140394819536337,0.744726105028298],[0,0.749920616584149],[0,0.753372486138916],[0,0.758161443174056],[0.216788033378755,0.745485896831478],[0,0.751019222565788],[0.044448705868855,0.74570564322809],[0,0.756306484667812],[0.123054682384317,0.744982083158015],[0,0.751820108823323],[0.0574534631072019,0.745050661907776],[0,0.758724515617022],[0.117925112999656,0.747893193051612],[0.168848735595086,0.745525083379969],[0.0450946020186224,0.750123748505788],[0.242314250531554,0.746449960895568],[0.0097551829282593,0.749124494292886],[0.156699637364951,0.750283786017387],[0.00643453956019476,0.7583778801199],[0.132998585937089,0.743459532717761],[0.215831174729176,0.743971039944117],[0.237377155579432,0.750345297747954],[0,0.750833450605469],[0.00262018085576647,0.750165297246829],[0.126299997871656,0.745401566408435],[0.206032639461344,0.743187625828419],[0.0496584838605844,0.74518039744536],[0.110587988160324,0.741926033106575],[0.334417926567783,0.749174247686242],[0.13560056854911,0.742452202369343]],"C":[[-0.646400841727007,-0.329015044502877],[1.37865859123567,-1.40977357877849],[0.482179890133886,-1.2279808646722],[0.563041333932741,-1.09351660126279],[-0.364755313843066,-0.692520668948521],[-0.430122223711567,-0.686466275800069],[-0.887496828169186,-0.634227112455493],[-1.13774231677609,-0.529264168293419],[-0.917147525608496,-0.442376845801365],[-0.13610853760472,-0.732228837479214],[0.0153326642367817,-0.831115486724075],[-1.05983686963442,-0.492893577429783],[-0.405041956045993,-0.666749345050618],[-0.0122437006325127,-0.836237519794187],[-0.00207821027644267,-0.876563622135887],[-0.00245922000120621,-0.906665509020549],[0.00780281115689799,-0.934226041815013],[-0.0112874035244546,-0.939418282426183],[0.285404375697171,-1.30384901795619],[-1.09236363994315,-0.516945709117854],[-0.0353587935949662,-0.925672323136741],[0.000657547461084324,-0.937619068822049],[-0.0279285851434553,-0.932429897128869],[-0.0675128956181054,-0.925191226084233],[-0.0353638794948179,-0.897253726209138],[-0.0084422342955004,-0.935970127336679],[-0.00269531449612764,-0.941947406204365],[-0.0521963168728094,-0.928000501249417],[-0.034248451286621,-0.929859240916839],[-0.0150753015850094,-0.934766523968886],[-0.00613461539753138,-0.941598610767774],[-0.0721570278586159,-0.924337109401715],[-0.0569089081102906,-0.926749439511082],[-0.0432992443756439,-0.915682454539232],[-0.0397312502593711,-0.935280838796408],[-0.0342893580590377,-0.884096259868337],[-0.00220437174012389,-0.938717328456464],[-0.0821941577238136,-0.912519464089109],[-0.0756035317506587,-0.924821587645495],[-0.0238532825095756,-0.929579299349823],[-0.0236872034195778,-0.899923995739493],[-0.0667572968171203,-0.880634020156552],[-0.00690353007121705,-0.936249129451884],[-0.00396779975476357,-0.93724516145886],[-0.0384249737490696,-0.92842481533347],[-0.0198676328466965,-0.90522270429211],[-0.00202642123515612,-0.942240210243843],[-0.00576070356337653,-0.937316058273393],[-0.00569117317155565,-0.826902596993859],[-0.016088920755495,-0.930377213006071]],"d":[[0.16695669730491,0.0351692626193994],[0.623592898358224,0.428903846100063]],"df":[0.722703264952999,0.680400744853491],"lambda":[[0,0],[0,0],[0,0],[0,0],[0,0],[0,0],[0,0],[0.1587402598033,0],[0.476220779409899,0],[1.1111818186231,0],[0.097101974784118,0],[1.38777878078145e-17,0],[1.38777878078145e-17,0],[0.646264863621408,0],[0,0],[0,0],[0,0],[0,0],[0.108922236285724,0],[0.326766708857173,0],[0.76245565400007,0],[1.63383354428586,0],[-2.22044604925031e-15,0],[1.74275578057159,0],[-3.33066907387547e-15,0],[-3.33066907387547e-15,0],[-3.33066907387547e-15,0],[-3.33066907387547e-15,0],[-3.33066907387547e-15,0],[-3.33066907387547e-15,0],[-3.33066907387547e-15,0],[-3.33066907387547e-15,0],[-3.33066907387547e-15,0],[-3.33066907387547e-15,0],[-3.33066907387547e-15,0],[-3.33066907387547e-15,0],[-3.33066907387547e-15,0],[-3.33066907387547e-15,0],[-3.33066907387547e-15,0],[1.26702089433828e-15,0],[1.26702089433828e-15,0],[1.26702089433828e-15,0],[1.26702089433828e-15,0],[1.26702089433828e-15,0],[1.26702089433828e-15,0],[1.26702089433828e-15,0]],