{"prog":[1.02976267242566,1.02976267242566,1.02976267242566,1.02976267242566,1.02976267242566,1.02189881319716,0.958003855695072,0.871997326769742,0.781965229835333,0.781965229835333,0.696462669903067,0.696462669903067,0.696462669903067,0.696462669903067,0.600140645421475,0.600140645421475,0.599976882831954,0.599976882831954,0.599976882831954,0.599976882831954,0.599976882831954,0.599976882831954,0.599976882831954,0.599976882831954,0.599976882831954,0.599976882831954,0.599976882831954,0.599976882831954,0.599976882831954,0.599976882831954,0.599976882831954,0.599976882831954,0.599976882831954,0.599976882831954,0.599976882831954,0.599976882831954,0.599976882831954,0.599976882831954,0.599976882831954,0.599976882831954,0.599976882831954,0.599976882831954,0.599976882831954,0.599976882831954,0.599976882831954,0.599976882831954,0.599976882831954,0.599976882831954,0.599976882831954,0.599976882831954],"mei":["Inf",0.100304774587747,0.0764133879372234,0.0888778081574655,0.0651353566932914,0.189724340956523,0.303509297267685,0.073527569499266,0.193311192302044,0.02275187052695,0.249160451354905,0.176108993943399,0.047197084725539,0.000135196800607813,0.000129821569312797,0.000770901567902067,0.00302956375340581,0.000241398760604503,0.227592280278816,0.00161007076401943,0.00360789405465674,0.155559002081674,0.10612228563823,2.03751081378582e-05,0.0964151294408463,0.0224111822759947,0.218520976575903,0.145043701990862,0.00731473657715379,0.0820632960941048,1.9067531234009e-05,0.169223294045592,0.13827596752329,0.0146991070186117,0.187942265684414,0.0545098483656271,0.035310667783636,0.000171496196719016,0.0103403765119583,0.00112179867455966,0.054311231362464,0.0238492779289552,0.0265134250183729,0.065092169350351,8.92810146150296e-05,0.0548364950747151],"obj":[1.02976267242566,0.795884624318193,1.25334501290539,1.59834821843504,1.03803023339669,1.02189881319716,0.958003855695072,0.871997326769742,0.781965229835333,0.635970363859852,0.696462669903067,0.700435944932784,0.634834084697026,0.605177281543573,0.600140645421475,0.599842315794203,0.599976882831954,1,1,0.60097834820684,0.604478091995572,0.0271195405565063,0.605435418594535,0.678831045615723,0.630565445583609,0.602850381233441,0.600760873869635,0.48866216638671,0.600360366104022,0.672633572390367,0.600178692272731,0.600517512393784,0.624427137227173,0.67072367017452,0.774462264455788,0.600445603070669,0.640377682368753,0.648628499307959,0.640616595542477,0.677432279986984,0.675640543634111,0.774457023772714,0.686436409843608,0.774458053740613,0.600498036888559,0.617178527541173,0.600227818304139,0.638510723404064,0.600893380114503,0.673994707076595],"X":[[0.516411800672396,0.513350871753262],[0.223935762025401,0.571948862292792],[0.306813012898623,0.946532000006766],[0.833039155223649,0.765309063211388],[0.741008312939901,0.297021920456789],[0.511742572043873,0.510156241153287],[0.473027828449522,0.48497602724555],[0.418977977894509,0.453019348875233],[0.361632965110738,0.420332264724595],[0.273738984591808,0.362231379268044],[0.311250134640008,0.385212535263059],[0.317851435807866,0.382584509124918],[0.252965716560973,0.381868368136053],[0.211690884018853,0.393486397524721],[0.197003110399117,0.403137535022358],[0.193447170383677,0.406395145410527],[0.193376128373975,0.406600754457979],[0,1],[1,0],[0.191531032760596,0.409447315446245],[0.208760305119581,0.395717786875992],[0.000833386852851382,0.0262861537036549],[0.210188005533365,0.395247413061171],[0.297521609399106,0.381309436216617],[0.245517451679156,0.385047993904453],[0.205170237968026,0.397680143265415],[0.195776678908824,0.404984194960811],[0.48866216638671,0],[0.196820440850477,0.403539925253545],[0.291836573970301,0.380796998420065],[0.197054805929225,0.403123886343506],[0.197078177712319,0.403439334681465],[0.237906576016858,0.386520561210315],[0.289627374526696,0.381096295647823],[0,0.774462264455788],[0.19706270973984,0.403382893330829],[0.257000332270486,0.383377350098267],[0.266297512671345,0.382330986636614],[0.257280813705507,0.38333578183697],[0.296341525271978,0.381090754715006],[0.29466547851839,0.380975065115721],[0,0.774457023772714],[0.305664437386087,0.380771972457522],[0,0.774458053740613],[0.194935004513663,0.405563032374896],[0.228467078351834,0.388711449189339],[0.196650783925349,0.40357703437879],[0.254815314988709,0.383695408415355],[0.197637796006915,0.403255584107588],[0.293153044791885,0.38084166228471]],"C":[[-0.542122841474281,-0.969789734596459],[0.40995293354198,-1.12272727340808],[-1.17643349230093,-0.509942948079261],[-1.2913439267699,-0.220347803630777],[0.304294121831465,-0.862684658922123],[-0.531353499473537,-0.977860149570271],[-0.442837127111831,-1.04104292650945],[-0.321266973344362,-1.11923092358409],[-0.186499984989967,-1.19254238577671],[0.0981599221385417,-1.29385539618822],[-0.0250896521077936,-1.25473465636278],[-0.0120090442425629,-1.25259955813252],[0.00801737417853582,-1.2901848956619],[0.00194287583071939,-1.30035542458633],[-0.000270765558895658,-1.29866990234917],[0.000100784185090963,-1.29742117805731],[-1.87657462471513e-05,-1.29728149944929],[-0.5,-0.5],[0.5,-0.5],[-0.000220695657263237,-1.29566875936352],[-0.000150456930525178,-1.29982656815635],[1.60876584728045,-1.49930834358982],[-0.000548876312656099,-1.29960048479836],[-0.00435266005800494,-1.26608400579273],[0.000238142304633038,-1.29145922331113],[-0.000425286339867381,-1.29975567710454],[-0.00113040207836007,-1.29765929382737],[0.51257741830508,-1.26120928714225],[-0.000583701311398233,-1.29841724278979],[-0.000948935400533479,-1.26982506008755],[-0.000311541784869251,-1.2986605357195],[-0.000748709322628938,-1.29839689510137],[0.000126008668848876,-1.2940023168496],[-0.00194549384306042,-1.27088159736828],[-0.200216195854717,-0.900208200934014],[-0.000658189109416896,-1.29844852979804],[3.64521365143755e-05,-1.28697263664449],[-5.25529104582478e-05,-1.28290865140253],[5.73238298566259e-05,-1.28686026126247],[-0.00311450925952456,-1.26695153707022],[-0.00229329253694183,-1.2680302555296],[-0.200174329554251,-0.900216318329109],[-0.00247537214262938,-1.26158195670826],[-0.200182557721529,-0.900214722996302],[-0.00079178224650972,-1.29751897078614],[0.000155432215632079,-1.2967062033785],[-0.000437141579215372,-1.29845404650357],[-6.5648114428718e-05,-1.28784698880818],[-0.00114649294768249,-1.29832423547558],[-0.00139676403260686,-1.26902092059747]],"d":[[0.159631914097675,0.0428398812843057],[0.664669458665763,0.575362723117703]],"df":[0.75815944642359,0.563129186469116],"lambda":[[0,0],[0,0],[0,0],[0,0],[0,0],[0,0],[2.18330404832677,0],[1.06720008604484,0],[0,0],[0.356649946731668,0],[0.529506182726596,0],[0.481326556825916,0],[0.499259946708263,0],[0.535126726472957,0],[0.606860286002346,0],[0.750327405061124,0],[1.03726164317868,0],[0.930408864694159,0],[0.82355608620964,0],[1.39742456244475,0],[1.18371900547571,0],[0.970013448506673,0],[0.756307891537634,0],[0.542602334568596,0],[1.69033928703882,0],[1.26292817310074,0],[0.835517059162661,0],[0.408105945224583,0],[0,0],[2.29547390494044,0],[1.44065167706429,0],[0.585829449188131,0],[0,0],[0,0],[0,0],[0,0],[0,0],[0,0],[0,0],[0,0],[0,0],[0,0],[0,0],[0,0],[0,0],[0,0]],