{"prog":["Inf","Inf",1.19325186244055,1.19325186244055,1.19325186244055,1.19165096815593,1.19165096815593,1.19165096815593,1,0.744594820529742,0.736052696810032,0.71296101593836,0.686773404504498,0.686773404504498,0.686773404504498,0.686773404504498,0.646962787399561,0.646962787399561,0.646962787399561,0.613837380096213,0.613837380096213,0.613837380096213,0.613837380096213,0.608652500788682,0.608652500788682,0.600651817639342,0.600651817639342,0.600651817639342,0.600651817639342,0.600651817639342,0.599925841081912,0.599925841081912,0.599925841081912,0.599925841081912,0.599925841081912,0.599925841081912,0.599925841081912,0.599925841081912,0.599925841081912,0.599925841081912,0.599925841081912,0.599925841081912,0.599925841081912,0.599925841081912,0.599925841081912,0.599925841081912,0.599925841081912,0.599925841081912,0.599925841081912,0.599925841081912],"mei":["Inf",0.101557704746334,0.0660302885413417,0.175039630132567,0.0169226946136519,0.0540220916263651,0.138925012536731,0.0622270111683957,0.0487573404998201,0.00854074720841879,0.0146937962752581,0.0135646191317409,0.0572279844185595,0.0954434758309171,0.0563507567597827,0.12821194250167,0.00199913392489457,0.00192550200978024,0.00114811499142732,0.0159304035919014,"Inf",0.0676884072961011,0.0340390516773165,0.12481295823205,0.0827783908422553,0.124106567237465,"Inf",0.0828924598075972,"Inf","Inf","Inf","Inf",0.1000930013237,"Inf",0.101996297849502,0.129661620951633,0.0944491597273769,"Inf",0.117044802622638,0.0966012118344961,"Inf",0.0724147503509152,0.0519394197902526,0.120947347406083,0.124239961625218,0.103100388757742],"obj":[0.215138636127845,0.772392709374519,1.19325186244055,0.674116411771187,1.27966206634875,1.19165096815593,0.788605531097739,0.753315704715857,1,0.744594820529742,0.736052696810032,0.71296101593836,0.686773404504498,0.741681677289721,0.270804457909683,0,0.646962787399561,0.64167103444993,0.616812155372291,0.613837380096213,0.387230970711077,0.48762942046772,0.648328124878149,0.608652500788682,0.598703650869663,0.600651817639342,0.727065039023973,0.601814916721712,0.602040427128316,0.623610477888,0.599925841081912,0.672420281649083,0.599538384551606,1.19113421893673,0.600036024489411,0.636869134919155,0.599959079622294,1,0.600078169617942,0.600311392833828,0.600412098975799,0.64799629824911,0.603652822958498,0.600229301988228,1.19123854058737,0.641040333996131,0.600368294286755,0.600017885423519,0.604377926473574,0.60045385651758],"X":[[0.0614222515005205,0.153716384627325],[0.43100429277192,0.3413884166026],[0.936762007702319,0.25648985473823],[0.0171533873298097,0.656963024441377],[0.76515514339906,0.514506922949689],[0.939586908275565,0.252064059880368],[0.476160227457713,0.312445303640026],[0.378367245985898,0.374948458729959],[0,1],[0.356120159489539,0.388474661040204],[0.335849226044639,0.400203470765392],[0.290293706981479,0.422667308956881],[0.250269921312361,0.436503483192137],[0.352460727802719,0.389220949487002],[0.270804457909683,0],[0,0],[0.202593944575919,0.444368842823642],[0.198544916053561,0.443126118396368],[0.189738724924861,0.42707343044743],[0.1945021149959,0.419335265100313],[0,0.387230970711077],[0.48762942046772,0],[0.648328124878149,0],[0.200574549623247,0.408077951165435],[0.193656635860613,0.405047015009049],[0.199440280963013,0.401211536676329],[0.309134836910545,0.417930202113428],[0.200966231314004,0.400848685407708],[0.200668700999849,0.401371726128466],[0.192832725461735,0.430777752426265],[0.195006629362975,0.404919211718937],[0.228059283462879,0.444360998186204],[0.194685180161101,0.404853204390505],[0.940140554533142,0.250993664403584],[0.192288953284527,0.407747071204884],[0.197933926083272,0.438935208835883],[0.1957335786963,0.404225500925994],[0,1],[0.194487020872411,0.405591148745531],[0.194853544596971,0.405457848236857],[0.195043985254739,0.40536811372106],[0.203144066171366,0.444852232077744],[0.190189296464128,0.41346352649437],[0.196358452685283,0.403870849302944],[0.939994041736121,0.251244498851251],[0.19980770482674,0.441232629169391],[0.195855751336908,0.404512542949847],[0.196298746914741,0.403719138508778],[0.189869168789883,0.414508757683691],[0.1963286897654,0.40412516675218]],"C":[[1.60299459013756,-1.47259858011771],[0.395604984254583,-1.19768924862175],[-0.325744431202623,-0.556689895341881],[0.629487958698958,-1.06810534581995],[-0.120525393485908,-0.649820232766806],[-0.288964655103452,-0.553640151513792],[0.697493440512407,-1.17564937002071],[0.0609933793109899,-1.21625188046107],[-0.5,-0.5],[-0.037813756786471,-1.22226586973484],[-0.0983307565318834,-1.22704247935255],[-0.134420612775797,-1.2370819096261],[-0.0877337222125391,-1.24682967564744],[-0.0430487446384534,-1.22427848783721],[1.00687310942869,-1.42666494557624],[1.5,-1.5],[-5.68605076952666e-05,-1.26149202514875],[0.00492517330906495,-1.26421915950425],[0.00125178362227518,-1.28160750126975],[-0.00787934260191092,-1.28632686270537],[0.231432280223575,-1.35005217532216],[0.513843077123991,-1.26221754829432],[0.611702273965998,-1.07967064249198],[-0.0101113064341409,-1.29324223581605],[0.00127792878222505,-1.29843402301941],[-0.000285662913834583,-1.29925287716721],[-0.144066142790699,-1.22976999876972],[-0.00140166436107564,-1.29893290527836],[-0.00187684706174218,-1.29863280990369],[-0.000785060670324911,-1.27724606800557],[-0.000157300495603585,-1.29801284648541],[-0.0443913097144313,-1.25053226651736],[0.000293267455877433,-1.29819156352038],[-0.28007932736288,-0.553137918151377],[0.000222783206166366,-1.29676728436858],[-0.000154884729294424,-1.26815804334946],[-0.000186865425739535,-1.29829011057187],[-0.5,-0.5],[-0.00029457375773545,-1.29767061877145],[-0.000580893576797803,-1.29763602946113],[-0.000705767087509079,-1.29763453619418],[-0.000223768818471193,-1.26083897999481],[-0.000812547676858344,-1.29287594376932],[-0.000471878170539231,-1.29833169514236],[-0.282229761894581,-0.553287403297575],[-0.000103946857336223,-1.26539064804814],[-0.000671769063352923,-1.2980101272645],[-0.000213753075663126,-1.29847765916143],[-0.00077600395878541,-1.29213218854656],[-0.000751529718903632,-1.29813789517252]],"d":[[0.11800240460285,0.03374170489125],[0.78017387934806,0.668873983524695]],"df":[0.706622625627741,0.622459662481699],"lambda":[[0,0],[0,0],[0,0],[0,0],[0.930082136294224,0],[2.79024640888267,0],[0.483773143058282,0],[1.66533453693773e-16,0],[1.66533453693773e-16,0],[1.66533453693773e-16,0],[1.66533453693773e-16,0],[1.66533453693773e-16,0],[1.66533453693773e-16,0],[-3.54530109581032e-20,0],[0.30041396391946,0],[0.453120582078464,0],[0,0],[0,0],[0,0],[0,0],[0,0],[0.311792196525064,0],[0.935376589575193,0],[0.656589638035823,0],[1.90375842413608,0],[1.34618452105734,0],[0.788610617978602,0],[0.481582134257755,0],[0.174553650536908,0],[0.746970552068059,0],[0.132913584626365,0],[1.27774738768867,0],[0.0496334528052793,0],[2.33930105892988,0],[0,0],[0,0],[0,0],[0,0],[0,0],[0,0],[0,0],[0,0],[0,0],[0,0],[0,0],[0,0]],"rho":[0.0655784870291231,0.0655784870291231,0.0655784870291231,0.0655784870291231,0.0327892435145616,0.0163946217572808,0.0163946217572808,0.0163946217572808,0.0163946217572808,0.0163946217572808,0.0163946217572808,0.0163946217572808,0.0163946217572808,0.0163946217572808,0.00819731087864039,0.00409865543932019,0.00409865543932019,0.00409865543932019,0.00409865543932019,0.00409865543932019,0.00409865543932019,0.0020493277196601,0.00102466385983005,0.00102466385983005,0.000512331929915024,0.000512331929915024,0.000512331929915024,0.000512331929915024,0.000512331929915024,0.000256165964957512,0.000256165964957512,0.000128082982478756,0.000128082982478756,6.4041491239378e-05,6.4041491239378e-05,6.4041491239378e-05,6.4041491239378e-05,6.4041491239378e-05,6.4041491239378e-05,6.4041491239378e-05,6.4041491239378e-05,6.4041491239378e-05,6.4041491239378e-05,6.4041491239378e-05,6.4041491239378e-05,6.4041491239378e-05]}
