{"prog":[1.47627945949237,0.976153596932104,0.976153596932104,0.911398954235809,0.911398954235809,0.885487935532059,0.885487935532059,0.885487935532059,0.885487935532059,0.885487935532059,0.885487935532059,0.885487935532059,0.885487935532059,0.885487935532059,0.604873569422901,0.604873569422901,0.604873569422901,0.602681350499497,0.602681350499497,0.602681350499497,0.602681350499497,0.602681350499497,0.602681350499497,0.601652447851314,0.601652447851314,0.601652447851314,0.600561441052119,0.600312836281495,0.600116743996204,0.600116743996204,0.600116743996204,0.600116743996204,0.600116743996204,0.600116743996204,0.600116743996204,0.600116743996204,0.600116743996204,0.600116743996204,0.600116743996204,0.600116743996204,0.600116743996204,0.600116743996204,0.600116743996204,0.600116743996204,0.600116743996204,0.600116743996204,0.600116743996204,0.600116743996204,0.600116743996204,0.600116743996204],"mei":["Inf",0.161534447715862,0.172263644973149,0.103839938587465,0.242493023631123,0.228430093433269,0.0274976616934658,0.236581221782568,0.0121657220039327,0.0802468413203379,0.109484264720592,0.00248528730858623,0.00168696632527443,0.0799933757840913,0.0176994249432744,0.16659454982736,0.110231087464173,0.00311446731518513,0.00725184664733798,0.00901088907359737,0.0342866833702334,0.121581107718433,0.111067781083091,0.000734824246318527,0.0141007044211385,0.0808855797967164,0.206883435569696,0.0628518782816079,0.0701584064561338,0.00157411717387127,0.00697674240962806,0.0423275764959117,0.000497379926333869,0.00131121870650192,0.124292501364347,0.0127943314980731,0.186472445639253,0.135995781057398,0.116717717353088,0.186467768115972,0.186462381968751,0.186484216506315,0.00105510992090639,0.0778183950645268,0.186467185115435,0.186440467319667],"obj":[1.47627945949237,0.976153596932104,1.26117860061144,0.911398954235809,0.619732094583971,0.885487935532059,0.740999485181347,0.128583973623889,0.766139104492894,0.71260073605205,0.66216975305804,0.605223844696642,0.590491799466085,0.594950206577608,0.604873569422901,0.668456391057207,0.605640050556806,0.602681350499497,0.403192244218392,0.655759755452706,0.678101068335691,0.669058982110212,0.660543400105738,0.601652447851314,0.633351063229996,0.65742480248608,0.600561441052119,0.600312836281495,0.600116743996204,0.759838554468499,0.600486073193468,0.619811367451584,0.625583720679418,0.785344272456639,0.626581787050538,0.601896510614137,0.622143418959801,0.576093718073883,0.600814423041204,0.723491950540825,0.627715855163637,0.628151357365018,0.675307276604539,0.602564719401563,0.615242265369744,0.626977867688675,0.726217987362204,0.626462864776463,0.6305482807703,0.614536652138889],"X":[[0.825439264747649,0.650840194744719],[0.164263471277492,0.811890125654612],[0.902974559390679,0.358204041220761],[0.466737983614844,0.444660970620965],[0.531629565603014,0.088102528980957],[0.45207204618031,0.433415889351749],[0.371665004856856,0.36933448032449],[0.0359162195503908,0.0926677540734982],[0.382830740525712,0.383308363967183],[0.332406869860441,0.380193866191609],[0.28346334071504,0.378706412343],[0.21907751726209,0.386146327434553],[0.575700502859313,0.0147912966067723],[0.20000335415026,0.394946852427348],[0.207527078492909,0.397346490929992],[0.616684491576169,0.0517718994810378],[0.204870092877802,0.400769957679004],[0.203532845306575,0.399148505192922],[0.0416747420855689,0.361517502132823],[0.274400709398388,0.381359046054318],[0.294171587922742,0.383929480412949],[0.287554064583491,0.381504917526722],[0.27847399570706,0.382069404398678],[0.201345940938056,0.400306506913258],[0.24863259483625,0.384718468393747],[0.271192295348465,0.386232507137616],[0.19819620644834,0.402365234603779],[0.196896943861991,0.403415892419503],[0.195286163196298,0.404830580799906],[0.375486251705265,0.384352302763234],[0.194943593583038,0.405542479610431],[0.217162183806748,0.402649183644836],[0.22013268223135,0.405451038448069],[0.714617658908936,0.0707266135477031],[0.217636852214798,0.40894493483574],[0.203312241756958,0.398584268857179],[0.207959933841721,0.41418348511808],[0,0.576093718073883],[0.191626258288216,0.409188164752988],[0.341580759385976,0.381911191154849],[0.210916797834886,0.416799057328751],[0.207376566413109,0.420774790951909],[0.276857008891883,0.398450267712656],[0.204731551491831,0.397833167909731],[0.226413437829476,0.388828827540268],[0.201084607791625,0.42589325989705],[0,0.726217987362204],[0.194786571104081,0.431676293672382],[0.196136513829538,0.434411766940762],[0.224844639205242,0.389692012933647]],"C":[[-0.97014914776732,-0.395057061117516],[-0.573738601743621,-0.813851935868406],[-0.410612907776987,-0.556326809946325],[-0.296430652729245,-1.08443227585757],[0.482186993603952,-1.20960794936391],[-0.245162575894531,-1.10778153191978],[0.0944176347202381,-1.22545716580819],[1.7364264744992,-1.49012271252818],[0.00814765759834452,-1.20651532222134],[0.00289382720297371,-1.24495829697986],[0.0107180010252361,-1.27622998772096],[0.0151356140177934,-1.30289605523909],[0.421015188121633,-1.16835014855222],[0.0101030553411605,-1.30401564208638],[-0.00219398282176403,-1.29904827783782],[0.286820552707221,-1.11701990827357],[-0.00550672108508315,-1.29741168606621],[-0.00136392465577839,-1.29925485168367],[0.243398745296688,-1.36756831152375],[0.00103484947419841,-1.2792695286742],[-0.016196837312042,-1.26606123092886],[-0.00340787419651617,-1.27176665784444],[-0.00345226220357348,-1.27647520393738],[-0.000957900939296208,-1.29921451259067],[-0.000446564349615597,-1.29017353286176],[-0.018125912850203,-1.27727918937382],[-0.000573011706071214,-1.29882048173173],[-0.000511873857905187,-1.29848721124118],[-0.000381672143112244,-1.29797551531328],[-0.00372302940599778,-1.21128338214093],[-0.000779468370794123,-1.29753229255235],[-0.0218069057075392,-1.29071422083443],[-0.0295072771236293,-1.28715105763501],[0.277782804355789,-0.984319347711586],[-0.0313750330717613,-1.28539824083023],[-0.00014505271136539,-1.29979471297135],[-0.024203158481517,-1.28520470657199],[0.756322008618749,-1.16811602799581],[-0.000144979668147582,-1.29584442296054],[-0.00457478674401723,-1.23746642688798],[-0.0294925626493216,-1.28179265020094],[-0.0258474698631826,-1.27994353500209],[-0.0650481600247477,-1.26458758078715],[-0.000259004137145857,-1.29981376233466],[0.00141831897433925,-1.2975490980439],[-0.0161796214292878,-1.27817991168355],[0.194776425473725,-0.972607434831589],[-0.00305506235985104,-1.27571376919879],[-0.00257653184352719,-1.2728168846862],[0.000188519262123099,-1.29758502327639]],"d":[[0.114345877200091,0.0367535793692047],[0.694234460837363,0.690513835090764]],"df":[0.6566201672932,0.696727982910456],"lambda":[[0,0],[0,0],[0,0],[0.74021972694262,0],[0,0],[0.127752763570888,0],[0.218501403413491,0],[0.890721233175479,0],[2.78929538976082,0],[6.5864437029315,0],[11.6556532508835,0],[9.4539908245048,0],[7.25232839812607,0],[1.72633212080469,0],[0.357633315485693,0],[-1.11022302462516e-16,0],[1.06577139254195e-16,0],[1.06577139254195e-16,0],[1.06577139254195e-16,0],[1.06577139254195e-16,0],[1.06577139254195e-16,0],[1.06577139254195e-16,0],[1.06577139254195e-16,0],[1.06577139254195e-16,0],[1.06577139254195e-16,0],[-2.22258160416058e-18,0],[-2.22258160416058e-18,0],[-2.22258160416058e-18,0],[-2.22258160416058e-18,0],[-2.22258160416058e-18,0],[-2.22258160416058e-18,0],[-2.22258160416058e-18,0],[-2.22258160416058e-18,0],[-2.22258160416058e-18,0],[-2.22258160416058e-18,0],[-2.22258160416058e-18,0],[-2.22258160416058e-18,0],[-2.22258160416058e-18,0],[-2.22258160416058e-18,0],[-2.22258160416058e-18,0],[-2.22258160416058e-18,0],[-2.22258160416058e-18,0],[-2.22258160416058e-18,0],[-2.22258160416058e-18,0],[-2.22258160416058e-18,0],[-2.22258160416058e-18,0]],