{"prog":[1.41253360701085,1.41253360701085,0.81418298093001,0.81418298093001,0.81418298093001,0.81418298093001,0.81418298093001,0.774821545950032,0.774821545950032,0.774821545950032,0.774821545950032,0.774821545950032,0.774821545950032,0.774821545950032,0.774821545950032,0.774821545950032,0.774821545950032,0.774821545950032,0.767194950602922,0.767194950602922,0.767194950602922,0.767194950602922,0.607181838933959,0.604530206678217,0.604530206678217,0.604530206678217,0.60402559599739,0.60402559599739,0.60402559599739,0.60402559599739,0.60402559599739,0.60402559599739,0.60402559599739,0.60402559599739,0.60402559599739,0.60402559599739,0.60402559599739,0.60402559599739,0.60402559599739,0.60402559599739,0.60402559599739,0.60402559599739,0.60402559599739,0.60402559599739,0.60402559599739,0.60402559599739,0.60402559599739,0.60402559599739,0.60402559599739,0.60402559599739],"mei":["Inf",0.272297775483847,0.264863060105688,0.240757574776841,0.276428939268046,0.163988448026136,0.137807995590615,0.106827904414695,0.256658022145998,0.141333597652121,0.340105447696186,0.0479461682796261,0.0603045623745568,0.00950692191757912,0.318391956387376,0.340996442185874,0.246355312624349,0.177411493935328,0.253542637404192,0.268022285025564,0.149927251729319,0.20976221584433,0.00713540638634046,0.186343985308986,0.164194043622277,0.208675105356391,0.0880872475102211,0.00676233443743386,0.0100329961739081,0.160943273065709,0.0246179859536473,0.103453423379243,0.210653440257481,0.0595362262603933,0.253211301694619,0.141378837297261,0.0873218458403804,0.255309695657858,0.00986799847351437,0.20872264803208,0.0540682406006288,0.272230347372763,0.107402945841235,0.119589515542012,0.191317936599015,0.0707118090977241],"obj":[1.41253360701085,0.333207269262804,0.81418298093001,0.707421580931968,0.948871949852647,1,1,0.774821545950032,1,0.535694102019377,0,1,1,0.696558462129471,0.385261024460649,1,0.939949449083582,2,0.767194950602922,0.526969228096301,0.843525125673798,0.584481495071767,0.607181838933959,0.604530206678217,0.786312391704411,0.603650717153848,0.60402559599739,0.604197390281355,0.604290007640651,0.822781991919376,0.998311522583514,0.80138897315854,0.605234577995826,0.605802990047616,0.605050059301919,0.630788352620508,0.778041814026644,0.941887748587654,0.635276665190763,0.940405981715816,0.639726593627673,0.64293524183802,0.604418753467355,0.633838406654525,0.836034829077068,0.604937290382711,0.839778059675915,0.636818276112273,0.758109748696765,0.796919731688403],"X":[[0.697974619711278,0.714558987299576],[0.134959806044344,0.19824746321846],[0.0472044504543777,0.766978530475632],[0.452814894810509,0.25460668612146],[0.391713473273375,0.557158476579273],[1,0],[1,0],[0,0.774821545950032],[1,0],[0,0.535694102019377],[0,0],[0,1],[0,1],[0,0.696558462129471],[0,0.385261024460649],[0,1],[0.39419768807699,0.545751761006591],[1,1],[0,0.767194950602922],[0.117481813026873,0.409487415069428],[0.0790102600961234,0.764514865577674],[0.171230247976466,0.413251247095301],[0.191833751943328,0.415348086990631],[0.189579247196689,0.414950959481529],[0,0.786312391704411],[0.188894734515051,0.414755982638798],[0.189292137744941,0.414733458252449],[0.189463688374189,0.414733701907166],[0.189542903359849,0.414747104280803],[0.0568840014704859,0.76589799044889],[0,0.998311522583514],[0,0.80138897315854],[0.190156678703165,0.415077899292661],[0.190630747344711,0.415172242702904],[0.189774118898089,0.41527594040383],[0.213352615777585,0.417435736842923],[0,0.778041814026644],[0.393590942519566,0.548296806068088],[0.217452748824821,0.417823916365941],[0.393911589689887,0.546494392025929],[0.221297703991409,0.418428889636264],[0.224193561327274,0.418741680510745],[0.189530525167353,0.414888228300002],[0.216111119594211,0.417727287060314],[0.0710160004956276,0.765018828581441],[0.189971698306529,0.414965592076182],[0.0750887401226292,0.764689319553286],[0.218779993204833,0.418038282907439],[0,0.758109748696765],[0,0.796919731688403]],"C":[[-0.805447035674454,-0.502236883908302],[1.31473600541121,-1.44248379407992],[-0.180181523152765,-0.90951567364674],[1.00928683984831,-1.23013410642],[-0.127703329907626,-1.03613498683197],[0.5,-0.5],[0.5,-0.5],[-0.203084819977156,-0.899651571931603],[0.5,-0.5],[0.645439399567639,-1.21303182906165],[1.5,-1.5],[-0.5,-0.5],[-0.5,-0.5],[0.417989487619041,-1.01480630883583],[0.233628823310594,-1.35157394303153],[-0.5,-0.5],[-0.181065057681867,-1.04676319807296],[-1.5,0.5],[-0.141590203116603,-0.911411907769379],[0.0932871966814963,-1.31851808050768],[-0.179383476141248,-0.909274399110294],[0.0240785895947126,-1.2999036089521],[-0.00363285173241701,-1.29068577824857],[-0.000527892111763573,-1.2918754102577],[-0.292946344240806,-0.881712822652089],[0.000434599253281986,-1.29229625413781],[-8.42708449763085e-05,-1.29216464519391],[-0.000311121759997479,-1.29209946729003],[-0.000419874826987021,-1.29205832727661],[-0.177923693869442,-0.910164478603058],[-0.507231265641139,-0.503374103876986],[-0.403685880755927,-0.857775713699901],[-0.00132954047991207,-1.29155077506337],[-0.00198529227922267,-1.29129192705584],[-0.000876042142851696,-1.29153167711817],[-0.0330178216731364,-1.28022806694727],[-0.228651694953944,-0.894650935626129],[-0.169330062171866,-1.04445678242209],[-0.0386461304927029,-1.27813747694116],[-0.177305820550726,-1.0461775389922],[-0.0440565878571194,-1.27594459052589],[-0.0480660366161734,-1.27439265206243],[-0.000445266554102319,-1.29194593804787],[-0.0368185077573769,-1.27879989763297],[-0.179253466758026,-0.909702919589485],[-0.00105201978388542,-1.2917143112354],[-0.178773524054603,-0.909611925667929],[-0.0405145713790497,-1.27737930859709],[-0.0670863966434944,-0.925269608930928],[-0.371858226748,-0.864918941245684]],"d":[[0.24654906123319,0.0522658559922038],[0.775263895692499,0.415296705582295]],"df":[0.954794637501625,0.726333373212949],"lambda":[[0,0],[0,0],[0,0],[0,0],[0,0],[0,0],[0,0],[0,0],[0,0],[0,0],[0,0],[0.373464405752879,0],[1.12039321725864,0],[0,0],[1.49385762301151,0],[0,0],[1.19298456343942,0],[0,0],[0.615848406163608,0],[0.43001642954908,0],[0.40301306090266,0],[0.376009692256241,0],[0.398240833029733,0],[0.442703114576718,0],[0.531627677670689,0],[0.70947680385863,0],[0.640505235090511,0],[0.571533666322391,0],[0.927231918698274,0],[0.789288781162035,0],[0.651345643625796,0],[0.513402506089558,0],[0.375459368553319,0],[1.08685587330508,0],[0.810969598232606,0],[0.535083323160129,0],[0.259197048087651,0],[0,0],[1.42279300950353,0],[0.871020459358574,0],[0.31924790921362,0],[0,0],[0,0],[0,0],[0,0],[0,0]],"rho":[0.62557186096387,0.62557186096387,0.62557186096387,0.62557186096387,0.62557186096387,0.62557186096387,0.62557186096387,0.62557186096387,0.62557186096387,0.62557186096387,0.62557186096387,0.312785930481935,0.156392965240968,0.156392965240968,0.0781964826204838,0.0781964826204838,0.0390982413102419,0.0390982413102419,0.019549120655121,0.019549120655121,0.019549120655121,0.019549120655121,0.00977456032756048,0.00488728016378024,0.00244364008189012,0.00122182004094506,0.00122182004094506,0.00122182004094506,0.00061091002047253,0.00061091002047253,0.00061091002047253,0.00061091002047253,0.00061091002047253,0.000305455010236265,0.000305455010236265,0.000305455010236265,0.000305455010236265,0.000305455010236265,0.000152727505118132,0.000152727505118132,0.000152727505118132,0.000152727505118132,0.000152727505118132,0.000152727505118132,0.000152727505118132,0.000152727505118132]}
