{"prog":[1.28913058640182,1.02858184901266,1.02858184901266,1.02858184901266,1.02858184901266,1.02858184901266,1.02564396389824,1.02564396389824,1.02564396389824,1.00909179774105,1.00909179774105,0.981250514078748,0.903234566797382,0.903234566797382,0.903234566797382,0.881769287555426,0.881769287555426,0.881769287555426,0.881769287555426,0.640402147141387,0.640402147141387,0.640402147141387,0.616886635828142,0.616886635828142,0.600053838195988,0.600053838195988,0.600053838195988,0.600053838195988,0.600053838195988,0.600053838195988,0.600053838195988,0.600053838195988,0.600053838195988,0.600053838195988,0.600053838195988,0.600053838195988,0.600053838195988,0.600053838195988,0.600053838195988,0.600053838195988,0.600053838195988,0.600053838195988,0.600053838195988,0.600053838195988,0.600053838195988,0.600053838195988,0.600053838195988,0.600053838195988,0.600053838195988,0.600053838195988],"mei":["Inf",0.165648674883117,0.211879152546176,0.292609440091287,0.131496975925011,0.263251340049052,0.121227296261441,0.587518027431749,0.350332787063132,0.143952198718686,0.0674216117560466,0.317987067867775,0.198663762494086,0.23619525630772,0.162991330527608,0.202330845826762,0.164044731424901,0.0725658084225107,0.00510339468770693,0.0302129359885289,0.0241517908360012,0.126666976367485,0.00237162859972853,0.229097280500196,0.0184766120914574,0.020169546806035,0.0522321205983248,0.207430281743634,0.00489583413423781,0.0414415922849901,0.11160568792582,0.0342529808070919,0.178949201899219,0.0401722483662232,0.135614158346468,0.00412008941571231,0.0208010565126688,0.0442175223831436,0.00576570268171976,0.0172966993042572,0.175050223283432,0.00363121901467955,0.0414328034483103,0.00194055121641398,0.0689960318812342,0.117079838477204],"obj":[1.28913058640182,1.02858184901266,0.656517860488155,1.58621619086857,0.277042295997274,0.778868841930976,1.02564396389824,0.998287535696552,1.00667944485107,1.00909179774105,0.39707020348145,0.981250514078748,0.903234566797382,0.883273534523094,0.504103610866867,0.881769287555426,1.03251245515496,0.838684397717854,0.607829987353982,0.640402147141387,0.653605851618103,0.626950824002619,0.616886635828142,0.602844259069544,0.600053838195988,0.600485090147204,0.546577394659598,0.599540242770486,0.604845568489123,0.609902951972187,0.669727319810918,0.617731827796158,0.431633426304969,0.903823773937809,0.679599748662613,0.683291495752506,0.684260360643172,0.898297304034105,0.652324239079328,0,0.647553027791068,0.665221972551542,0.707766286585414,0.692219257786042,0.617436655606123,0.612988297521828,0.906916875838564,0.772887748403694,0.630863884932754,0.700608916774969],"X":[[0.462207998806193,0.826922587595629],[0.799537023734193,0.229044825278466],[0.368956585435419,0.287561275052736],[0.830757448871331,0.755458741997243],[0.140216384572027,0.136825911425246],[0.470363181259791,0.308505660671186],[0.808323075471702,0.217320888426536],[0.857214474535056,0.141073061161496],[0.848836137343329,0.157843307507743],[0.842230750036899,0.166861047704148],[0.0659611193921469,0.331109084089303],[0.803602505844246,0.177648008234501],[0.730411990804845,0.172822575992537],[0.707616243457198,0.175657291065895],[0.158840372279726,0.345263238587141],[0.71842641018247,0.163342877372957],[0.861400288996075,0.171112166158883],[0.701406834098905,0.137277563618949],[0.237297718804247,0.370532268549734],[0.252521469201182,0.387880677940205],[0.25670191589179,0.396903935726312],[0.241627240354955,0.385323583647664],[0.225319511082777,0.391567124745365],[0.206358837838096,0.396485421231447],[0.197314494769626,0.402739343426362],[0.191234380632449,0.409250709514755],[0.546577394659598,0],[0.188375776958165,0.411164465812322],[0.188499570025308,0.416345998463815],[0.189019245825546,0.420883706146641],[0.267499311509479,0.402228008301439],[0.223322826607628,0.39440900118853],[0,0.431633426304969],[0.739792550235524,0.164031223702285],[0.273348214204767,0.406251534457846],[0.276163207572834,0.407128288179673],[0.275661914892756,0.408598445750416],[0.720557511222735,0.17773979281137],[0.255310618916715,0.397013620162612],[0,0],[0.244247197754523,0.403305830036546],[0.283169269984046,0.382052702567496],[0.290703998637488,0.417062287947927],[0.309918296620998,0.382300961165043],[0.195157961178264,0.422278694427859],[0,0.612988297521828],[0.735930591027224,0.170986284811341],[0,0.772887748403694],[0.195343869131173,0.435520015801582],[0.317023321685062,0.383585595089907]],"C":[[-0.432601368452563,-0.602562799963723],[-0.211592722161238,-0.808279015691425],[0.742919149038056,-1.28117955115388],[-1.29306732436633,-0.239124150284742],[1.58597458211995,-1.4616180354602],[0.717164540030999,-1.183582735049],[-0.233354070734172,-0.79938543711347],[0.214131386451481,-0.745281736062112],[0.0540100278703377,-0.754562702215074],[-0.0281027553348352,-0.762804754451357],[0.35328462580114,-1.38601590516208],[-0.142812117930134,-0.822664197771163],[-0.0384243758483994,-0.936630680915806],[0.0376600536942919,-0.968423768090914],[0.219789178153039,-1.35556303221436],[-0.0093624370626485,-0.957182597563853],[0.00193943440446304,-0.728710168709893],[0.0344799478002346,-0.989183323606197],[0.0630674949054469,-1.30639563061369],[-0.0140944290782967,-1.28578148727312],[-0.0457023300255494,-1.27657139218245],[0.00171465696917872,-1.29314201260337],[-0.00538764718619555,-1.29590630474407],[0.000671796885310272,-1.30021534079703],[-9.37169106016711e-05,-1.29886801141031],[0.000293323080908015,-1.29594326842579],[0.476692533689299,-1.20125315164713],[0.00263299683781315,-1.29545834870868],[0.000598856248926305,-1.29112392166344],[-0.000111198041121863,-1.28712863060781],[-0.0690721777591815,-1.26665674767981],[-0.0109351016754347,-1.29456845489745],[0.258099182198302,-1.31369258529623],[-0.0585399404445064,-0.925800740266751],[-0.0843791158227246,-1.26024044454171],[-0.0889969753595244,-1.25798043974697],[-0.0920959831819337,-1.257057818808],[-0.00435297705941201,-0.949205439071869],[-0.0449268453409533,-1.27719667327374],[1.5,-1.5],[-0.0507673473845571,-1.2776877138476],[-0.00479466408270757,-1.27385089699757],[-0.124827117390059,-1.24155023314782],[-0.0104648248999166,-1.25779662451182],[-0.00857052252036833,-1.28359407442105],[0.768338226067063,-1.12424534710129],[-0.0530623948907848,-0.929169855596736],[-0.187608943386519,-0.902644528367468],[-0.000105682119737605,-1.27216308862905],[-0.0172083714622021,-1.25235830474729]],"d":[[0.0888854223677486,0.0353883658846028],[0.788273251953797,0.781367496121527]],"df":[0.989640819743085,0.821809344661737],"lambda":[[0,0],[0,0],[0,0],[0,0],[0,0],[0.201307589278958,0],[2.77555756156289e-17,0],[2.63354340494258,0],[0.504371152015335,0],[0,0],[0.561470150655312,0],[0,0],[0,0],[0,0],[1.0281165100367,0],[4.78918558906263,0],[3.10812559223288,0],[1.42706559540312,0],[1.63157485385973,0],[0.346392160551194,0],[0.506644252156511,0],[0.461933324579733,0],[0.417222397002955,0],[0.372511469426177,0],[0.327800541849399,0],[0.283089614272621,0],[0.238378686695842,0],[0.193667759119064,0],[0.148956831542286,0],[0.104245903965508,0],[0.0595349763887299,0],[0.0148240488119517,0],[5.20417042793042e-18,0],[-1.26153630810134e-18,0],[-1.26153630810134e-18,0],[-1.26153630810134e-18,0],[-1.26153630810134e-18,0],[-1.26153630810134e-18,0],[-1.26153630810134e-18,0],[-1.26153630810134e-18,0],[-1.26153630810134e-18,0],[-1.26153630810134e-18,0],[-1.26153630810134e-18,0],[-1.26153630810134e-18,0],[-1.26153630810134e-18,0],[-1.26153630810134e-18,0]],