{"prog":[1.22626730972581,1.22626730972581,1.22626730972581,1.22626730972581,0.971280788712036,0.94132007617944,0.94132007617944,0.94132007617944,0.842218442342023,0.842218442342023,0.822588840920149,0.822588840920149,0.802979328246063,0.751464465970005,0.751464465970005,0.751464465970005,0.751464465970005,0.751464465970005,0.751464465970005,0.751464465970005,0.751464465970005,0.750432729913267,0.750432729913267,0.750432729913267,0.750432729913267,0.750432729913267,0.750432729913267,0.750432729913267,0.750432729913267,0.750432729913267,0.750432729913267,0.750432729913267,0.750432729913267,0.750432729913267,0.750432729913267,0.750432729913267,0.750432729913267,0.750432729913267,0.750432729913267,0.750432729913267,0.750432729913267,0.750432729913267,0.750432729913267,0.750432729913267,0.750432729913267,0.750432729913267,0.750432729913267,0.750432729913267,0.750432729913267,0.750432729913267],"mei":["Inf",0.122565783746745,0.134426841245905,0.121137111789955,0.221274308883312,0.324046913494586,0.393992480578669,0.418474925687521,0.411312066034169,0.319867195070649,0.238676264184292,0.0967961006047915,0.189954014867002,0.137729110923298,0.131432185145927,0.285856541626522,0.337362797978264,0.275511131439153,0.284197559430239,0.0629144737745831,0.337966028182618,0.117162180715933,0.289964504138719,0.299284282390586,0.283304866558329,0.215505898883928,0.215894828161793,0.336764954229689,0.28503306615781,0.220218419237195,0.336754686692226,0.336759826459704,0.310874736080882,0.259676614473153,0.336764677762083,0.285028988455323,0.362599723426461,0.259032674820704,0.28485654351999,0.310797474187031,0.188921418785963,0.284920882051206,0.259893341504317,0.259085049321957,0.336710524924145,0.362559634373528],"obj":[1.22626730972581,0.330267722464695,0.394962429668513,0.930051640097529,0.971280788712036,0.94132007617944,1,2,0.842218442342023,0.975084741500563,0.822588840920149,0.846231137113942,0.802979328246063,0.751464465970005,0.925070033692853,0.749721948780883,1,1,1,0.783297619561513,0.810112567145731,0.750432729913267,0.848342035332609,1.22077864348696,0.819944260874289,0.812322667018953,0.897389361306599,0.862381452676217,0.899817184169827,0.87502380859324,0.945379279465893,0.875452582493113,0.970794489230696,0.922946491123195,0.872633543896785,0.875665438347495,0.913634352228611,1.01120467531294,0.857287521766509,0.87064711439007,0.773304249986856,1.02400847331017,0.936671211498807,0.892337554603095,0.970373536163443,0.964248722573878,0.900164597604539,1.00963694917725,0.857326216196868,0.759472374224233],"X":[[0.4619759557913,0.764291353934512],[0.286595160152436,0.0436725623122585],[0.118048647227243,0.27691378244127],[0.563415147350965,0.366636492746565],[0.188868207500518,0.782412581211518],[0.15397361430902,0.787346461870419],[1,0],[1,1],[0.0368950811154911,0.805323361226531],[0.19075161449934,0.784333127001224],[0,0.822588840920149],[0,0.846231137113942],[0,0.802979328246063],[0,0.751464465970005],[0,0.925070033692853],[0,0.749721948780883],[0,1],[0,1],[0,1],[0.0353301270019186,0.747967492559595],[0.0657211794309959,0.744391387714735],[0,0.750432729913267],[0.106415853619288,0.741926181713321],[0.45449066987905,0.766287973607907],[0.0769446261098234,0.742999634764466],[0.0683838885084242,0.743938778510528],[0.15670375391892,0.74068560738768],[0.0419220165592599,0.820459436116957],[0.0638502558445023,0.835966928325324],[0.0575444170968258,0.817479391496414],[0.086034810170448,0.859344469295445],[0.0556973546891249,0.819755227803989],[0.097921786861781,0.872872702368915],[0.182225681186175,0.740720809937019],[0.0468274549279177,0.825806088968867],[0.0598430205957817,0.815822417751713],[0.0130886972044461,0.900545655024165],[0.119310946980135,0.891893728332805],[0.11670970734886,0.740577814417648],[0.0693028599759077,0.801344254414162],[0.0262167876725808,0.747087462314275],[0.243680671277332,0.780327802032837],[0,0.936671211498807],[0.0542992479305517,0.838038306672544],[0.15873837883398,0.811635157329463],[0.0556049897273195,0.908643732846558],[0.0961106222171227,0.804053975387416],[0.0702380154600025,0.939398933717246],[0,0.857326216196868],[0,0.759472374224233]],"C":[[-0.0318823666831761,-0.702436942571665],[1.14241927380417,-1.41595592147828],[0.704107256574012,-1.40938327398189],[0.455567476892065,-1.04814105392199],[-0.344771889747687,-0.852159352957471],[-0.386115220679609,-0.856377675076749],[0.5,-0.5],[-1.5,0.5],[-0.464520986528517,-0.850093036852283],[-0.360134861843637,-0.848435367454378],[-0.540597068898388,-0.823347598793647],[-0.660142383015233,-0.783892862578844],[-0.414786325966275,-0.855224198409501],[-0.0121299236332381,-0.935301156384415],[-0.754389762066714,-0.644245432763503],[0.00230314621797701,-0.937916999516196],[-0.5,-0.5],[-0.5,-0.5],[-0.5,-0.5],[-0.0145761994815683,-0.939296412200141],[-0.0057720906778367,-0.94156218847033],[-0.00358436865974884,-0.936850717874921],[-0.00439041435585438,-0.93822120698677],[-0.043018865128122,-0.706240972496779],[-0.000522873391892192,-0.94203106725269],[-0.00358439939833842,-0.94187873762073],[-0.00406440208025993,-0.926828764516463],[-0.566412885022674,-0.825088858214249],[-0.670654459880274,-0.797082439574914],[-0.5605108200213,-0.828416084539639],[-0.790004956879056,-0.754125094530265],[-0.57317438767397,-0.824899171168665],[-0.841777010555636,-0.728504569116983],[-0.00389614238478758,-0.91812648284248],[-0.601873254922112,-0.815851492886917],[-0.551781040790275,-0.830852595579722],[-0.788807188440443,-0.688846209222589],[-0.899330050504159,-0.690290475291312],[0.00342225902405616,-0.937923345002922],[-0.460484312627196,-0.85304449951657],[6.18722237951917e-05,-0.941173003696947],[-0.308342813997732,-0.83170825182043],[-0.730558782629298,-0.622647041549356],[-0.673178721262213,-0.794743388223592],[-0.570980799770511,-0.816050498471937],[-0.832767594968879,-0.671274651876097],[-0.495233591530403,-0.84425995296073],[-0.805102725746279,-0.612596264515141],[-0.702371455926335,-0.764991759021562],[-0.0783209824649772,-0.923201712790207]],"d":[[0.134150730090677,0.0530484128392769],[0.583938741141972,0.397450542616766]],"df":[0.785506017085525,0.847247071779914],"lambda":[[0,0],[0,0],[0,0],[0,0],[0,0],[0,0],[0,0],[0,0],[0,0],[0,0],[0,0],[0,0],[0.0215571270241477,0],[0.064671381072443,0],[0.150899889169034,0],[0.323356905362215,0],[0.668270937748578,0],[1.11022302462516e-16,0],[-1.88718537365635e-17,0],[-1.88718537365635e-17,0],[-1.88718537365635e-17,0],[-1.88718537365635e-17,0],[-1.88718537365635e-17,0],[-1.88718537365635e-17,0],[-1.88718537365635e-17,0],[-1.88718537365635e-17,0],[-1.88718537365635e-17,0],[-1.88718537365635e-17,0],[-1.88718537365635e-17,0],[-1.88718537365635e-17,0],[-1.88718537365635e-17,0],[-1.88718537365635e-17,0],[-1.88718537365635e-17,0],[-1.88718537365635e-17,0],[-1.88718537365635e-17,0],[-1.88718537365635e-17,0],[-1.88718537365635e-17,0],[-1.88718537365635e-17,0],[-1.88718537365635e-17,0],[-1.88718537365635e-17,0],[-1.88718537365635e-17,0],[-1.88718537365635e-17,0],[-1.88718537365635e-17,0],[-1.88718537365635e-17,0],[-1.88718537365635e-17,0],[-1.88718537365635e-17,0]],"rho":[0.106839200576083,0.106839200576083,0.106839200576083,0.106839200576083,0.106839200576083,0.106839200576083,0.106839200576083,0.106839200576083,0.106839200576083,0.106839200576083,0.106839200576083,0.106839200576083,0.0534196002880414,0.0267098001440207,0.0133549000720104,0.00667745003600518,0.00333872501800259,0.00333872501800259,0.00333872501800259,0.00333872501800259,0.00333872501800259,0.00333872501800259,0.00333872501800259,0.00333872501800259,0.00333872501800259,0.00333872501800259,0.00333872501800259,0.00333872501800259,0.00333872501800259,0.00333872501800259,0.00333872501800259,0.00333872501800259,0.00333872501800259,0.00333872501800259,0.00333872501800259,0.00333872501800259,0.00333872501800259,0.00333872501800259,0.00333872501800259,0.00333872501800259,0.00333872501800259,0.00333872501800259,0.00333872501800259,0.00333872501800259,0.00333872501800259,0.00333872501800259]}
