{"prog":[1.54964698695337,1.54964698695337,1.54964698695337,1.54964698695337,0.929518001435678,0.927586782382296,0.845214332225091,0.845214332225091,0.821770538506818,0.770741582461977,0.770741582461977,0.751101707868281,0.75002221217753,0.750005907079414,0.750005907079414,0.750005907079414,0.750005907079414,0.750005907079414,0.750005907079414,0.750005907079414,0.750005907079414,0.750005907079414,0.750005907079414,0.750005907079414,0.750005907079414,0.750005907079414,0.750005907079414,0.750005907079414,0.750005907079414,0.750005907079414,0.750005907079414,0.750005907079414,0.750005907079414,0.750005907079414,0.750005907079414,0.750005907079414,0.750005907079414,0.750005907079414,0.750005907079414,0.750005907079414,0.750005907079414,0.750005907079414,0.750005907079414,0.750005907079414,0.750005907079414,0.750005907079414,0.750005907079414,0.750005907079414,0.750005907079414,0.750005907079414],"mei":["Inf",0.152389341026335,0.257205160666144,0.295900714283572,0.208748043059592,0.387927368034815,0.138567747338248,0.354417600193035,0.154835931051729,0.13056472463419,0.106595278298161,0.255327456666015,0.239681828718455,0.24072439553766,0.0300492313330172,0.305540271421544,0.0560568637608902,0.00570850766471182,0.250522762273277,0.234260591521354,0.253635353765405,0.24402311622304,0.156781237798624,0.0783118123316576,0.0172196290232842,0.261585097440015,0.0784738916254571,0.00263663237923398,0.292925675027075,0.240618171649123,0.0262720834249701,0.0328582146091305,0.32410665495067,0.00664063312856706,0.237433090774982,0.0856244906604203,0.0243061595176166,0.0161359383779769,0.280519567953888,0.331588711846404,0.149782978128921,0.116814707866329,0.0200910884150183,0.000193707589236053,0.00498849613368457,0.275759706241624],"obj":[1.54964698695337,1.77686940535364,0.240646064500475,0.631375472343381,0.929518001435678,0.927586782382296,0.845214332225091,1.00931592602172,0.821770538506818,0.770741582461977,0.742915136801302,0.751101707868281,0.75002221217753,0.750005907079414,0.71092110499687,0.749996867058694,0.749997588507552,0.75004167523502,0.77644807717101,0.761396834387824,0.994329620018923,0.766199936221108,0.772677439734937,0.799002839128573,0.76826589833749,0.801643022422619,0.750022096098688,0.816084620822463,0.750717234709665,0.796404325114316,0.813609456213525,0.811757166853237,0.750978130802926,0.781497765961889,0.750375512325592,0.807817502497738,0.765061028541116,0.751630688655791,0.751394051363568,0.794553417344453,0.753449441853719,0.750030722966535,0.751494272012123,0.756496086202425,0.751824829187536,0.750355371930376,0.771566974208577,0.434220701783178,1.01655978782198,0.750596262094596],"X":[[0.979252801160154,0.570394185793212],[0.860286197043091,0.916583208310554],[0.139656948177064,0.100989116323411],[0.493762976786532,0.137612495556849],[0.159533818270903,0.769984183164775],[0.156540045856633,0.771046736525663],[0.0387166005466687,0.806497731678422],[0.275349396723276,0.733966529298445],[0,0.821770538506818],[0,0.770741582461977],[0,0.742915136801302],[0,0.751101707868281],[-2.77555756156289e-17,0.75002221217753],[0,0.750005907079414],[0.71092110499687,0],[0,0.749996867058694],[0,0.749997588507552],[0,0.75004167523502],[0.492631157480175,0.283816919690835],[0.0114124407445037,0.749984393643321],[0.247785982363117,0.746543637655806],[0.0180925885478906,0.748107347673217],[0.0250110923303479,0.747666347404589],[0.0539782523777085,0.745024586750865],[0.0199414794578595,0.74832441887963],[0.0567288232281578,0.744914199194461],[0,0.750022096098688],[0,0.816084620822463],[0,0.750717234709665],[0.0511516570087143,0.745252668105602],[0,0.813609456213525],[0,0.811757166853237],[0,0.750978130802926],[0.0352053486519383,0.746292417309951],[0.000190542515768951,0.750184969809823],[0,0.807817502497738],[0.0169582010716824,0.748102827469433],[0,0.751630688655791],[0,0.751394051363568],[0.0491737664386254,0.745379650905827],[0.00384296870433354,0.749606473149385],[0,0.750030722966535],[0,0.751494272012123],[0.00487949514708275,0.751616591055342],[0,0.751824829187536],[0,0.750355371930376],[0.0242005400446687,0.747366434163909],[0,0.434220701783178],[0.272393835192104,0.744165952629874],[0,0.750596262094596]],"C":[[-0.165180629072872,-0.21571442423329],[-0.917435604849272,0.0802171185797311],[1.61403305751569,-1.47029713521009],[0.829090538569533,-1.23726092382152],[-0.245046495395445,-0.88167331850398],[-0.253777602054403,-0.880982144136328],[-0.47403237399325,-0.848062433639669],[0.070280017990843,-0.885475843593723],[-0.535792861376296,-0.824693182042214],[-0.170335757199284,-0.905957413064008],[0.0586264491950114,-0.948077099511503],[-0.00912542929945109,-0.935846224437351],[-0.000183987580747548,-0.937466681240324],[-4.89294333729054e-05,-0.937491139345986],[0.806067925723208,-0.994591182470029],[2.59507333917166e-05,-0.937504699402144],[1.99748388135264e-05,-0.937503617232857],[-0.000345203682424417,-0.937437485410644],[0.885311862051586,-1.17676249877695],[-0.0108739975101334,-0.937393165487714],[-0.0327977495975305,-0.881274704019982],[-0.00138846196495836,-0.940008054596981],[-0.00371884208981115,-0.940369478219124],[-0.00365646954182976,-0.942024713406952],[-0.0048141256382605,-0.939612901505495],[-0.00454165157439733,-0.941884676453623],[-0.000183026078215131,-0.93746685536373],[-0.50128465832531,-0.834005891657057],[-0.00594092699475468,-0.936423633509874],[-0.0036453855440082,-0.941981968666744],[-0.485666967032381,-0.838039652759932],[-0.473752047848393,-0.841050302062406],[-0.00810188394343929,-0.936031847055743],[-0.00061440995324788,-0.941808211291966],[-0.00172256662046486,-0.937222474764985],[-0.447784718692749,-0.847430882658316],[-0.000341514243754941,-0.940054578948652],[-0.0135065792593846,-0.935051307870821],[-0.0115467377721682,-0.935406979575443],[-0.00333875040182714,-0.941991116709747],[-0.000536927209754015,-0.938075367004077],[-0.000254484020197447,-0.937453914606297],[-0.0123767802418413,-0.935256359132969],[-0.0181945354615819,-0.935048690577456],[-0.0151143934588817,-0.934759426217132],[-0.00294360413068222,-0.936966815815227],[-0.000550445765837862,-0.94085774694667],[0.263739945659451,-1.31145238214292],[-0.00386572320060818,-0.87201863349581],[-0.00493891436548009,-0.93660525132962]],"d":[[0.236975718766328,0.0269498794895766],[0.575385360791612,0.519671918036167]],"df":[0.592479974698775,0.704137881495802],"lambda":[[0,0],[0,0],[0,0],[0,0],[0,0],[0,0],[0,0],[0.158554098854824,0],[0.109195004483439,0],[0.108199822770528,0],[0.107935165356598,0],[0.107670507942668,0],[0.107810874456555,0],[0.10809160748433,0],[0.108653073539879,0],[0.109776005650977,0],[0.112021869873172,0],[0.116513598317564,0],[0.123428358707302,0],[0.137257879486779,0],[0.164916921045733,0],[0.0294123251136946,0],[0.101279980223958,0],[0.211916146459773,0],[0,0],[0.221272332471629,0],[-8.32667268468867e-17,0],[0.442544664943259,0],[5.55111512312578e-17,0],[5.55111512312578e-17,0],[5.55111512312578e-17,0],[5.55111512312578e-17,0],[5.55111512312578e-17,0],[5.55111512312578e-17,0],[5.55111512312578e-17,0],[5.55111512312578e-17,0],[5.55111512312578e-17,0],[5.55111512312578e-17,0],[5.55111512312578e-17,0],[5.55111512312578e-17,0],[5.55111512312578e-17,0],[5.55111512312578e-17,0],[5.55111512312578e-17,0],[5.55111512312578e-17,0],[5.55111512312578e-17,0],[5.55111512312578e-17,0]],