{"prog":[1.19445264618249,1.19445264618249,1.19445264618249,1.01207082165686,1.01207082165686,1.01207082165686,1.01207082165686,1.01207082165686,1.01207082165686,0.989276623464686,0.947387656455379,0.947387656455379,0.885180280680965,0.885180280680965,0.885180280680965,0.820050034431007,0.820050034431007,0.820050034431007,0.769479515868324,0.769479515868324,0.769479515868324,0.769479515868324,0.769479515868324,0.769479515868324,0.769479515868324,0.769479515868324,0.755729787823187,0.755729787823187,0.755729787823187,0.755729787823187,0.755729787823187,0.755729787823187,0.755729787823187,0.755729787823187,0.755729787823187,0.755729787823187,0.755729787823187,0.755729787823187,0.755729787823187,0.755729787823187,0.755729787823187,0.755729787823187,0.755729787823187,0.755729787823187,0.755729787823187,0.755729787823187,0.755729787823187,0.755729787823187,0.755729787823187,0.755729787823187],"mei":["Inf",0.271639319531248,0.222331890732023,0.229575936280811,0.416585972192917,0.526322533891083,0.202783162000194,0.219026803307289,0.356063218158128,0.31411058625614,0.0893094875445907,0.235568725095604,0.0706636698523778,0.0936037602056355,0.278765652114898,0.0532628657013046,0.152527219643538,0.159560875906962,0.159677499304389,0.100855209492588,0.0589550674810493,0.238367382711739,0.239823815167903,0.182855841096486,0.210500719096672,0.129768025700996,0.104271998254657,0.182500724339588,0.23482367814821,0.156561100711923,0.0491460773492195,0.0256990454804,0.130464314094717,0.187051225168243,0.234857940890142,0.156800483032977,0.234816139682555,0.130444525295157,0.182621906327086,0.20870814687031,0.286966956004426,0.260868371511612,0.234785640525643,0.182620339754422,0.17551477811773,0.260849494223534],"obj":[1.19445264618249,1.59308136178951,0.700059714177637,1.01207082165686,1.07032754634747,0,1.01325648316792,0.288650873358999,1.02257865636577,0.989276623464686,0.947387656455379,1.18888510974085,0.885180280680965,0.850097131488273,1.06617678286788,0.820050034431007,1.01920677179711,0.789007205388171,0.769479515868324,1.18734385018218,1.00837508550512,0.770990311173961,0.989651366258444,1.07344022270778,0.995164653879284,0.789154423141402,0.755729787823187,0.812801622520404,0.779672015057032,1.01589432710108,0.850018543827715,0.86629000444139,0.867144129792874,0.821237982966782,0.978588867136457,0.403422214552325,0.993170567045365,0.866851336641187,0.867126927137175,0.950376252824428,0.864715403634961,0.97530451827719,0.931577527301802,0.904093824085091,0.747204127294579,0.821387068306022,0.858339599067714,0.902026580197144,0.897406228257001,0.811419616578802],"X":[[0.419132309648938,0.775320336533552],[0.834272124798566,0.758809236990942],[0.528391467539685,0.171668246637953],[0.105577854212741,0.906492967444121],[0.812493810465674,0.2578337358818],[0,0],[0.100896064972631,0.912360418195286],[0,0.288650873358999],[0.0676339548077797,0.954944701557991],[0.148463971155521,0.840812652309165],[0.161540565093748,0.785847091361631],[0.414045147421588,0.774839962319257],[0.143111273135139,0.742069007545826],[0.112214421829196,0.737882709659077],[0.813183989519844,0.252992793348034],[0.07290050493851,0.747149529492497],[0.819733383186571,0.199473388610544],[0.0476396263564716,0.741367579031699],[0.019237065715719,0.750242450152604],[0.413196386500726,0.774147463681451],[0.819191561453188,0.189183524051934],[0,0.770990311173961],[0.247138978338992,0.742512387919452],[0.326762350506578,0.746677872201203],[0.254278688443455,0.740885965435829],[0,0.789154423141402],[0,0.755729787823187],[0,0.812801622520404],[0,0.779672015057032],[0.202022010722079,0.813872316379002],[0,0.850018543827715],[0,0.86629000444139],[0,0.867144129792874],[0,0.821237982966782],[0.813317003772954,0.165271863363503],[0,0.403422214552325],[0.191517400228274,0.801653166817092],[0,0.866851336641187],[0,0.867126927137175],[0.80156783926938,0.148808413555048],[0.0657879160397016,0.79892748759526],[0.235472793351426,0.739831724925765],[0.19304845451567,0.738529072786132],[0.0692278773215124,0.834865946763579],[0,0.747204127294579],[0.000282423135255261,0.821104645170767],[0,0.858339599067714],[0.0633473541456637,0.83867922605148],[0.75862924389785,0.138776984359151],[0.0687550070095241,0.742664609569278]],"C":[[-0.116150245690344,-0.723206482765846],[-1.30212949257912,-0.22819856364131],[0.824360502424343,-1.19133247012751],[-0.892274778489541,-0.667123816674185],[-0.222232944764537,-0.773375572596203],[1.5,-1.5],[-0.885065211294864,-0.657418451383562],[0.689283964207118,-1.41668067330909],[-0.757745883194726,-0.583506265123378],[-0.751551107814826,-0.77099253298556],[-0.374535886040275,-0.856348994827657],[-0.117456735952303,-0.728189648689727],[-0.0140645981822912,-0.928852751541592],[0.0266848811567652,-0.942937030319718],[-0.233208261574192,-0.774726445702548],[-0.0326212090005881,-0.936453096958851],[-0.213460959291304,-0.788247547725726],[0.0308402997313505,-0.948104578761293],[-0.0200827326916427,-0.936766201291666],[-0.113678594768844,-0.72996445065832],[-0.17966467348794,-0.793134779871178],[-0.172342605288149,-0.905573940075879],[-0.00222624035927493,-0.887597679171713],[0.0067932494549644,-0.8356985214565],[0.0127305738265721,-0.886430334823695],[-0.314516428711174,-0.877235296436361],[-0.0474297949548147,-0.928872487796721],[-0.480494166337483,-0.839353522428199],[-0.241488674264734,-0.892111548936907],[-0.589492095113477,-0.796798959815686],[-0.675601337792127,-0.77746847514901],[-0.729588006113956,-0.749541628204937],[-0.731853839053317,-0.74806105816576],[-0.532643956052722,-0.825568175332651],[-0.0805825140893094,-0.81120066255414],[0.224709530981996,-1.3372505168057],[-0.498079409023636,-0.820673285541931],[-0.731083567915098,-0.748568760163387],[-0.731808769067826,-0.74809089223364],[-0.0129117338330326,-0.835345055104247],[-0.440845032969744,-0.857386819667879],[0.0140507629376071,-0.897201582384645],[0.014567637515024,-0.917307102858767],[-0.669233832833508,-0.798206351936111],[0.023155117834313,-0.941685992153946],[-0.532135080778566,-0.825787081916162],[-0.705761182213867,-0.763253132672277],[-0.683825397338936,-0.792604268512434],[-0.013648730771203,-0.905222618915157],[0.00670572034246745,-0.943722026704432]],"d":[[0.121871312649569,0.0445241838399477],[0.691284016152577,0.643756484641266]],"df":[0.80502197403242,0.983385611792357],"lambda":[[0,0],[0,0],[0,0],[0,0],[2.05307457285619,0],[0,0],[0,0],[0,0],[0,0],[0,0],[0.158965111122712,0],[0.476895333368136,0],[5.55111512312578e-17,0],[5.55111512312578e-17,0],[0.734877797663936,0],[0,0],[0,0],[0,0],[0,0],[0,0],[0,0],[0,0],[0,0],[0,0],[0,0],[0,0],[0,0],[0,0],[0,0],[0,0],[0,0],[0,0],[0,0],[0,0],[0,0],[0,0],[0,0],[0,0],[0,0],[0,0],[0,0],[0,0],[0,0],[0,0],[0,0],[0,0]],"rho":[0.335732551228377,0.335732551228377,0.335732551228377,0.335732551228377,0.167866275614188,0.167866275614188,0.167866275614188,0.167866275614188,0.167866275614188,0.167866275614188,0.0839331378070941,0.0419665689035471,0.0419665689035471,0.0419665689035471,0.0209832844517735,0.0209832844517735,0.0209832844517735,0.0209832844517735,0.0209832844517735,0.0209832844517735,0.0209832844517735,0.0209832844517735,0.0209832844517735,0.0209832844517735,0.0209832844517735,0.0209832844517735,0.0209832844517735,0.0209832844517735,0.0209832844517735,0.0209832844517735,0.0209832844517735,0.0209832844517735,0.0209832844517735,0.0209832844517735,0.0209832844517735,0.0209832844517735,0.0209832844517735,0.0209832844517735,0.0209832844517735,0.0209832844517735,0.0209832844517735,0.0209832844517735,0.0209832844517735,0.0209832844517735,0.0209832844517735,0.0209832844517735]}
