{"prog":[1.61215698846899,1.31802432482085,1.31802432482085,1.00396355155482,1.00396355155482,1.00396355155482,1.00396355155482,1.00186876378894,0.993153477248749,0.984125169529992,0.951228260053882,0.902398461393025,0.835427854067847,0.754019881675529,0.754019881675529,0.695827301195298,0.695827301195298,0.671130102242998,0.671130102242998,0.661511827332689,0.661511827332689,0.661511827332689,0.661511827332689,0.661511827332689,0.661511827332689,0.661511827332689,0.661511827332689,0.661511827332689,0.661511827332689,0.661511827332689,0.639096584867732,0.616882268431072,0.616882268431072,0.616882268431072,0.612503222766433,0.607919469601459,0.607919469601459,0.607919469601459,0.60123391279114,0.60123391279114,0.60123391279114,0.60123391279114,0.60123391279114,0.60123391279114,0.60123391279114,0.60123391279114,0.600108852509749,0.600108852509749,0.600108852509749,0.600108852509749],"mei":["Inf",0.0702714570432977,0.168993115347418,0.0145825631336404,0.011260123369138,0.276323009708052,0.0651320409453567,0.0843260096571253,0.0840737860580063,0.0887535067342501,0.0931549041235169,0.0446169300475149,0.0943334586367473,0.0184147946115652,0.0879022312635712,0.0234083787166679,0.00225475319991599,0.0196292958166151,0.0386053059266504,0.00512208257097519,0.0226019007884804,0.000598558894077186,0.000766486381810961,0.00575119214724068,0.000908808847604359,0.0159076371954776,0.165371069538774,0.000738506228210176,0.000341824274228385,0.000933203052281934,0.012936967420318,0.07271787920868,0.213776716623128,0.00639202663646069,0.0116043802431653,0.00655792485571679,0.00727942102047078,0.00336879887484105,0.000125696452997369,0.000198090067168807,0.00103389026366978,0.000235260539869288,0.0160657670483484,0.00955191806867471,0.0120947942580593,0.0228737338726119],"obj":[1.61215698846899,1.31802432482085,1.22677166768042,1.00396355155482,0.722004701672589,0.759968543673394,0.69867340267845,1.00186876378894,0.993153477248749,0.984125169529992,0.951228260053882,0.902398461393025,0.835427854067847,0.754019881675529,0.68848676209839,0.695827301195298,1.00380593882514,0.671130102242998,0.637531206139659,0.661511827332689,0.650396226512178,0.652428765357015,0.647764441345261,0.649038544200236,0.646910716493208,0.647777713026452,0.644320592183815,0.645260196393577,0.643512581452095,0.616325920681361,0.639096584867732,0.616882268431072,0.403540163304131,0.63755424810284,0.612503222766433,0.607919469601459,0.603896225012769,0.643818732447852,0.60123391279114,0.60441410036035,0.661205668735288,0.621947597698889,0.603783911240561,0.644204780721677,0.65689743357934,0.688822560238233,0.600108852509749,0.643471223606065,0.655851904538863,0.65582485215894],"X":[[0.709426449492906,0.902730538976083],[0.447814936998257,0.870209387822591],[0.987275627420115,0.239496040260302],[0.511176052142674,0.492787499412146],[0.641195772607158,0.0808089290654308],[0.597460042235545,0.162508501437849],[0.661800854022336,0.0368725486561142],[0.510713177240941,0.491155586548002],[0.509039060022312,0.484114417226437],[0.506586218859077,0.477538950670915],[0.493376683673836,0.457851576380045],[0.46622829839545,0.436170162997575],[0.421565860040403,0.413861994027444],[0.36139500036159,0.392624881313938],[0.309741954979496,0.378744807118893],[0.31524001213938,0.380587289055918],[0.511149090005559,0.492656848819577],[0.290294996829919,0.380835105413079],[0.254581202894861,0.382950003244797],[0.279908697059373,0.381603130273316],[0.268979872403045,0.381416354109133],[0.270942982427797,0.381485782929219],[0.266267090004137,0.381497351341124],[0.267300154330529,0.381738389869708],[0.265317680257308,0.3815930362359],[0.265940116566274,0.381837596460179],[0.262652255015184,0.381668337168631],[0.263518571761544,0.381741624632033],[0.26164270455258,0.381869876899515],[0.227752704481752,0.388573216199609],[0.25427815438355,0.384818430484182],[0.227646133148862,0.38923613528221],[0.310842838097403,0.0926973252067275],[0.253261982345723,0.384292265757117],[0.22151251410319,0.390990708663243],[0.214629385562994,0.393290084038465],[0.207975226316461,0.395920998696308],[0.260890922352168,0.382927810095683],[0.20118996689842,0.40004394589272],[0.20819765608517,0.396216444275179],[0.279976201316975,0.381229467418312],[0.234307589825728,0.38764000787316],[0.206618830315779,0.397165080924782],[0.261324632515682,0.382880148205994],[0.275366344037011,0.381531089542329],[0.308491256355825,0.380331303882407],[0.197230257885171,0.402878594624578],[0.260515985280588,0.382955238325477],[0.274229263435739,0.381622641103124],[0.274152050424687,0.381672801734253]],"C":[[-0.541515302058235,-0.18179168675984],[-0.812215171461656,-0.542197403546678],[0.0202913002786893,-0.467928482201854],[-0.490233310889404,-0.995859524138954],[0.197188698880078,-1.08233789817401],[0.477848054727072,-1.11663248489233],[0.387814073825689,-1.06066004477091],[-0.485019772980907,-0.997938240395151],[-0.460855024442723,-1.00651246640511],[-0.435663406987147,-1.01532695345418],[-0.350642652708732,-1.04695138201331],[-0.252058578137504,-1.09238676268595],[-0.153809819086056,-1.15100047554802],[-0.059554344096803,-1.21523935628686],[0.00801610760647303,-1.26061229240595],[-0.0015787290450911,-1.25577705015543],[-0.489826337571484,-0.996015837097654],[-0.000839347541922386,-1.27069343730053],[0.00294501863155677,-1.28853770614742],[-0.00181414487351544,-1.27603017227613],[0.00274326180631074,-1.28217139306014],[0.00170613615684967,-1.28105849769601],[0.00346572670727202,-1.28356160770044],[0.00202791372266553,-1.28282642919456],[0.00345009666820667,-1.28399328323915],[0.00216367774346526,-1.28347590433023],[0.00426581949794208,-1.28534307333837],[0.00358664494271094,-1.28483129436005],[0.0038768990252272,-1.28571849227116],[0.00112221333176327,-1.29713956125354],[-0.00404386993111938,-1.28725739576299],[-0.000746692923313919,-1.29667246905294],[1.26840900279875,-1.39478393590307],[-0.00150213101605307,-1.28817782277758],[-0.00061532340779652,-1.2980584718347],[-0.000321782007872695,-1.29925713664987],[0.000202445192560852,-1.29999286802993],[-8.51109932727967e-05,-1.28530221888956],[-0.000366564181545903,-1.299487438574],[-0.000622310894161482,-1.29966626528657],[-0.000147141621122338,-1.27627741986807],[-0.000953509622170778,-1.29483517764615],[-0.000922485270973827,-1.29956855745295],[-9.67994364202696e-05,-1.2851122285503],[-4.97275047737222e-05,-1.27860740428433],[-0.000315596283971264,-1.26018124403911],[-0.000185398766847755,-1.29878906336787],[-1.78427518621738e-05,-1.28547670685236],[-6.51433412806046e-05,-1.27916247087297],[-0.000258165498217278,-1.27916652566427]],"d":[[0.112211821739792,0.0162486414196756],[0.51067082363495,0.530743877241668]],"df":[0.541750404068621,0.484960931794492],"lambda":[[0,0],[0,0],[0,0],[0,0],[0,0],[0,0],[0,0],[0,0],[0,0],[0,0],[0,0],[0.413949571685862,0],[1.24184871505758,0],[0.915748196398991,0],[0.742373500084392,0],[1.35069327870383,0],[2.56733283594269,0],[5.00061195042043,0],[2.00278994409341,0],[6.86934817304888,0],[0.873704160394852,0],[10.6068206183058,0],[0,0],[0,0],[0,0],[0,0],[7.41770047335713,0],[22.2531014200714,0],[2.51088559016184,0],[-4.44089209850063e-16,0],[-4.44089209850063e-16,0],[-4.44089209850063e-16,0],[-4.44089209850063e-16,0],[5.35255733712594,0],[16.0576720113778,0],[0,0],[0,0],[0,0],[0,0],[0,0],[0,0],[0,0],[0,0],[0,0],[0,0],[0,0]],