{"prog":["Inf","Inf","Inf","Inf","Inf","Inf","Inf","Inf","Inf","Inf","Inf","Inf","Inf","Inf","Inf","Inf","Inf","Inf","Inf",0.644188836217843,0.644188836217843,0.644188836217843,0.644188836217843,0.644188836217843,0.644188836217843,0.626245250110942,0.626245250110942,0.626245250110942,0.626245250110942,0.619695093324372,0.619695093324372,0.619695093324372,0.619695093324372,0.619695093324372,0.619695093324372,0.619695093324372,0.60029049023874,0.60029049023874,0.60029049023874,0.60029049023874,0.60029049023874,0.60029049023874,0.60029049023874,0.60029049023874,0.60029049023874,0.60029049023874,0.60029049023874,0.60029049023874,0.60029049023874,0.60029049023874],"mei":["Inf",0.3305646169188,0.382585299529163,0.518550199756278,0.0164888110048474,0.109919736101377,0.18008549977241,0.0370973812818551,0.0118885452803171,0.00649787326248398,0.0197355959823543,0.140491665292402,0.00868757959037623,0.256037836038176,0.00772405205651181,0.23919854421898,0.016822607750958,0.0024383127040339,0.00383025247519149,0.0463299114294605,0.204356326571819,0.00049109990440807,0.119745161422778,0.0674622990142852,0.116161405855577,0.243150425480803,0.0280892699683914,0.0018579642293915,0.00334055587485941,0.0147325485294275,0.00118777477978199,0.232119269496393,0.278110700439755,0.00561435214786074,0.248685254565196,0.269370632706307,0.247187129394207,0.0128860272280977,0.0780738333092897,0.0204287218205676,0.0754199313737543,0.000632051798589844,0.000454099462905806,0.269364259826563,0.052297930435377,0.0181939817294112],"obj":[0.524770890545279,1.78226831255533,0.893958622402036,1.10306324868534,0.679421824524045,1.78185654537444,0.355063067021792,0.619786740155224,0.62515572545386,0.622494024677033,0.592722643580767,0.581455359758021,0.634243787159749,0.784202555976446,0.374580803905018,0.592032518651176,0.534018409555844,0.593946855675471,0.594598111121295,0.644188836217843,0.653553971265597,0.725375084220874,0.655314767909422,0.657440099781925,0.664355569550486,0.626245250110942,0.652171668764277,0.663843697852528,0.668942443418929,0.619695093324372,0.666140017822919,0.668788959286273,0.624837040353835,0.651752365058784,0.67053440236191,0.669576165099371,0.60029049023874,0.679167547676573,0.654242867457902,0.600865894087705,0.644370034430477,0.679710510162769,0.684072576536358,0.654628150366089,0.686314107916647,0.617520900507591,0.799768371754182,0.610211164985593,0.709161714785757,0.653824318193621],"X":[[0.217350116455311,0.307420774089969],[0.847018581546614,0.93524973100872],[0.241742878957126,0.65221574344491],[0.732597209781547,0.370466038903796],[0.663420117745041,0.0160017067790035],[0.846602383641718,0.935254161732722],[0.169103553375235,0.185959513646556],[0.241058512302469,0.378728227852754],[0.242894307261544,0.382261418192315],[0.237005858241189,0.385488166435844],[0.199624658703669,0.393097984877098],[0.176885208626796,0.404570151131224],[0.250708749419905,0.383535037739844],[0.784202555976446,0],[0,0.374580803905018],[0.188478558162121,0.403553960489055],[0.534018409555844,0],[0.191020395752248,0.402926459923223],[0.1916683953343,0.402929715786995],[0.234052806795964,0.410136029421879],[0.270299592021574,0.383254379244023],[0.605241721614196,0.120133362606678],[0.239535714733803,0.415779053175618],[0.274308542561389,0.383131557220535],[0.243809337228697,0.420546232321789],[0.224869504585903,0.401375745525038],[0.23794031989015,0.414231348874127],[0.282610769112083,0.381232928740445],[0.245647214361002,0.423295229057927],[0.230985502442553,0.388709590881819],[0.2846632171174,0.381476800705519],[0.287153564036564,0.381635395249708],[0.224135587589175,0.40070145276466],[0.269551307165799,0.382201057892985],[0.289747653698645,0.380786748663264],[0.245717892391983,0.423858272707388],[0.195964444688741,0.404326045549999],[0.249600834173581,0.429566713502992],[0.271824542641237,0.382418324816664],[0.190483814080279,0.410382080007426],[0.246645622711901,0.397724411718576],[0.298636982276379,0.381073527886389],[0.303159333097781,0.380913243438577],[0.24079142469172,0.413836725674369],[0.30575998166914,0.380554126247507],[0,0.617520900507591],[0,0.799768371754182],[0.217460598011501,0.392750566974092],[0.328225992449291,0.380935722336466],[0.271137152901986,0.382687165291635]],"C":[[0.461763511089006,-1.35825139453479],[-0.807435942310766,0.0921325368371217],[0.453667086082482,-1.01617500447612],[0.505940086590073,-0.826056242239223],[0.531702587386521,-1.05961769275131],[-0.805749856703551,0.0914359430262164],[1.37545597663247,-1.43682304752021],[0.0265944654479783,-1.29845572307403],[0.0119783102574477,-1.29487856366153],[0.00419373692161168,-1.29522709669729],[0.0143111444049052,-1.30562396992301],[0.021611115837194,-1.30503461578271],[0.00276802696700973,-1.2900459977902],[1.04639127440635,-0.885026351200009],[0.250845329533307,-1.35968922134587],[0.00900431698829007,-1.30162003408673],[0.47814389067843,-1.21482433825545],[0.00682292160821268,-1.30116147630039],[0.00607691123458254,-1.30091087036579],[-0.0519582106582258,-1.27700772100099],[-0.00557357756530924,-1.28005421134325],[0.298611558619048,-1.1192504336063],[-0.0653340712409774,-1.26975042030735],[-0.00662762580504245,-1.27796503333961],[-0.0750480636745744,-1.26369787356005],[-0.0275738681690718,-1.28833121681151],[-0.0616996886164505,-1.27179679378049],[-0.000903596650646321,-1.27479260722586],[-0.0793258526342299,-1.26047859513348],[-0.00178076479327793,-1.29555055161785],[-0.0025661944145734,-1.27344230334385],[-0.00392028445851494,-1.2718972557537],[-0.0255250715863418,-1.28920158412835],[-0.000830881069681377,-1.28126444415069],[-0.000500380836681635,-1.27104774921859],[-0.0797370331488708,-1.25996688201595],[-0.000574827039150849,-1.29811838530773],[-0.0872428506861317,-1.25317186223009],[-0.00263761836535181,-1.2798676428623],[0.000439936809765673,-1.29530246498221],[-0.0397600741870408,-1.28098122912017],[-0.00334562565003799,-1.26559891916108],[-0.00301939864294365,-1.26299951972881],[-0.0646422065896013,-1.27075865427805],[-0.00136923079998147,-1.26168939060568],[0.76275152258689,-1.11866793743629],[-0.392250712786288,-0.860370551541665],[-0.001590913912415,-1.29845788045401],[-0.00211154837829153,-1.24715567332867],[-0.00351786539957694,-1.28003517783726]],"d":[[0.0983361252752857,0.0361301237607699],[0.68976444902078,0.562362489156359]],"df":[0.7273109697289,0.633846933685438],"lambda":[[0,0],[0,0],[0,0],[0,0],[0,0],[0,0],[0,0],[0,0],[0,0],[0,0],[0,0],[0,0],[0,0],[0,0],[0,0],[0,0],[0.757428550413053,0],[1.7797883970032,0],[3.8245080901835,0],[7.91394747654409,0],[0,0],[8.17887877272118,0],[0,0],[0,0],[0,0],[0,0],[0,0],[0,0],[0,0],[0,0],[0,0],[0,0],[0,0],[0,0],[0,0],[0,0],[0,0],[0,0],[0,0],[0,0],[0,0],[0,0],[0,0],[0,0],[0,0],[0,0]],"rho":[0.0577392931088709,0.0519653637979838,0.0467688274181854,0.0420919446763669,0.0378827502087302,0.0340944751878572,0.0306850276690715,0.0276165249021643,0.0248548724119479,0.0223693851707531,0.0201324466536778,0.01811920198831,0.016307281789479,0.0146765536105311,0.013208898249478,0.0118880084245302,0.0059440042122651,0.00297200210613255,0.00148600105306627,0.000743000526533137,0.000743000526533137,0.000371500263266569,0.000371500263266569,0.000371500263266569,0.000371500263266569,0.000371500263266569,0.000371500263266569,0.000371500263266569,0.000371500263266569,0.000371500263266569,0.000371500263266569,0.000371500263266569,0.000371500263266569,0.000371500263266569,0.000371500263266569,0.000371500263266569,0.000371500263266569,0.000371500263266569,0.000371500263266569,0.000371500263266569,0.000371500263266569,0.000371500263266569,0.000371500263266569,0.000371500263266569,0.000371500263266569,0.000371500263266569]}
