{"prog":["Inf","Inf","Inf","Inf","Inf","Inf","Inf","Inf","Inf","Inf","Inf","Inf","Inf","Inf","Inf","Inf",0.750503240783719,0.750503240783719,0.750503240783719,0.750503240783719,0.750503240783719,0.61420948511,0.61420948511,0.61420948511,0.61420948511,0.611154053618868,0.611154053618868,0.611154053618868,0.611154053618868,0.611154053618868,0.611154053618868,0.611154053618868,0.611154053618868,0.611154053618868,0.611154053618868,0.611154053618868,0.611154053618868,0.611154053618868,0.611154053618868,0.611154053618868,0.611154053618868,0.611154053618868,0.611154053618868,0.611154053618868,0.611154053618868,0.611154053618868,0.611154053618868,0.611154053618868,0.611154053618868,0.611154053618868],"mei":["Inf",0.278517665010425,0.0348956502175475,0.502064592626129,0.0160237006586315,0.0317853096412612,0.0184786765266501,0.059499043874855,0.0870278414054005,0.0032334893497027,0.0150275789054241,0.000970837304529605,0.00923629554911546,0.00187313166832678,0.00301827389107218,0.00431395244691583,0.00113736705381846,0.00303935212273635,0.00316704907411719,"Inf",0.0420655550274696,1.44513058097471e-05,0.0077985259143698,0.00810749346759707,"Inf",0.00388868832704056,0.00456726488131178,0.0179979028086039,"Inf","Inf",0.00416747809818406,0.00934321379401798,0.0211159861509324,0.0177482805545463,0.00276511653076148,0.00830575449363926,0.00500772196304757,0.00045907823546643,0.00415503017189595,0.0140498367285368,0.00143544397265488,0.00521686673651628,0.0269592128034003,0.0100613505551018,0.000830064471275583,0.0399040148954932],"obj":[0.907184160968099,0.797396156461303,0.248377049623145,1.10618279419052,0.51063367573792,0.767540872592298,1.15751416483844,1.2105474975168,0.719494830977815,0.574346406255656,0.428251391820223,1.21653665962963,0.768464633606549,0.705512396257119,0.374025996244439,0.749805677725553,0.750503240783719,0.847004254207544,1.08072531790986,0.780260594186644,0.531265089148807,0.61420948511,0.609390285118182,0.816871307543915,0.610354216870218,0.611154053618868,0.611162308786274,0.611043957939035,0.750751675842919,0.611400779128629,0.611482930039645,0.611584052051878,0.750419300055896,0.611679180965949,0.611635364631367,0.611641964919216,0.61165954027938,0.611658377182728,0.611646333215309,0.61156112208379,0.611616912917039,0.611472856261422,0.611634859924645,0.611525526603192,0.611516228741306,0.611454342056349,0.611636547458446,0.61164992937294,0.611547713932722,0.611645152595811],"X":[[0.625517539215627,0.281666621752471],[0.0788009104688654,0.718595245992438],[0.166635023384969,0.0817420262381765],[0.426312932406159,0.679869861784361],[0.47833061722534,0.0323030585125794],[0.0392739308112461,0.728266941781052],[0.46477232833544,0.692741836503],[0.502448252635369,0.708099244881431],[0,0.719494830977815],[0.574346406255656,0],[0,0.428251391820223],[0.506368295942737,0.710168363686897],[0.0217109934799431,0.746753640126606],[0.635912038635179,0.0696003576219401],[0,0.374025996244439],[0,0.749805677725553],[0,0.750503240783719],[0.749908307144947,0.0970959470625976],[0.991212643434996,0.0895126744748664],[0.649560298699805,0.130700295486839],[0.120562578588736,0.41070251056007],[0.191800744193589,0.42240874091641],[0.187669316563305,0.421720968554878],[0.071946461274897,0.744924846269018],[0.188504908333286,0.421849308536932],[0.18917395782153,0.421980095797338],[0.189169865009865,0.421992443776409],[0.189046063998063,0.421997893940972],[0,0.750751675842919],[0.189393388450341,0.422007390678288],[0.18946238686981,0.422020543169835],[0.189531754981873,0.422052297070005],[0,0.750419300055896],[0.189610772204444,0.422068408761506],[0.189577689011069,0.422057675620298],[0.189583186985794,0.422058777933421],[0.189596109373438,0.422063430905943],[0.189594016103706,0.422064361079022],[0.189601476810005,0.422044856405303],[0.189515744917953,0.422045377165837],[0.189589605414764,0.422027307502274],[0.18946488879665,0.422007967464772],[0.189589779713096,0.422045080211549],[0.189514021527352,0.422011505075841],[0.189487053687887,0.422029175053419],[0.189433885877821,0.422020456178529],[0.189603376651708,0.422033170806737],[0.189611928120805,0.422038001252136],[0.18952015027541,0.422027563657312],[0.189614614405035,0.422030538190776]],"C":[[0.752385078759828,-1.02939172232418],[0.194105889100736,-0.977411288946346],[1.54642189841242,-1.46555101012797],[0.163645859941001,-0.856034254700576],[0.527986620762676,-1.27015633303556],[0.143713556899598,-0.968084819867507],[0.0870933113831949,-0.804095430772104],[0.00970268847575995,-0.746141212822013],[0.248020062012225,-0.982327188196206],[0.487309382597745,-1.17012620562121],[0.251330895250265,-1.31660074540404],[0.00194169725829818,-0.739252044082323],[0.00665306991017358,-0.941887633719777],[0.227160818198106,-1.09077166933775],[0.251985459559679,-1.36010455413336],[0.00160960619512369,-0.937791445650524],[-0.00416841559031704,-0.936744885573135],[0.18750534720044,-0.928209907939017],[0.801801407866485,-0.509484976602965],[0.165988679431669,-1.06098885111267],[0.0896141071685457,-1.31678811246369],[-0.00374914681572663,-1.2847833301242],[0.00197348822021626,-1.2869316523018],[-0.0137206040529393,-0.9399106801211],[0.000816462317769717,-1.28650906042117],[-0.000104181347947263,-1.28614601243301],[-9.53082975911346e-05,-1.28613713956776],[8.24690327572153e-05,-1.28617936319622],[-0.00622620006532266,-0.936371921219048],[-0.000410173856497054,-1.2860399066242],[-0.000505292590922246,-1.28600266510423],[-0.00059638347697083,-1.28594957239142],[-0.00347312787176687,-0.93687087410362],[-0.000705080755196041,-1.28590601338957],[-0.000660550339606492,-1.28592761827921],[-0.000668118177190757,-1.28592460318166],[-0.00068539860004091,-1.28591577560236],[-0.000682185003073155,-1.28591578416462],[-0.000697607783522014,-1.28592941917329],[-0.000575260629088414,-1.28596148204114],[-0.000684968181215717,-1.28594873324105],[-0.00051193024342977,-1.28601233130952],[-0.000680877829002169,-1.28593366569757],[-0.000581089299458715,-1.28599072522815],[-0.000538337541424017,-1.28598603188841],[-0.000464691397525474,-1.2860135374481],[-0.00070316912954671,-1.28593856230108],[-0.000714180985758039,-1.28593124221341],[-0.000585907447339162,-1.28597484815306],[-0.000719828507005249,-1.28593652283843]],"d":[[0.136377141604372,0.0235649519682432],[0.688766751327252,0.66760304830935]],"df":[0.835831595162013,0.725327448964986],"lambda":[[0,0],[0,0],[0,0],[0,0],[0,0],[0,0],[0,0],[0,0],[0,0],[0,0],[0,0],[0,0],[0,0],[0.46569104138893,0],[0,0],[0,0],[0,0],[0,0],[0,0],[1.14193867695778,0],[0,0],[0.944875058679261,0],[0.703741193435234,0],[0.462607328191206,0],[0.653486761252007,0],[0.171219030763952,0],[0.552977896885555,0],[1.31649562912876,0],[-2.22044604925031e-16,0],[1.52703546448641,0],[-2.22044604925031e-16,0],[-2.22044604925031e-16,0],[-2.22044604925031e-16,0],[-2.22044604925031e-16,0],[-2.22044604925031e-16,0],[-2.22044604925031e-16,0],[-2.22044604925031e-16,0],[-2.22044604925031e-16,0],[-2.22044604925031e-16,0],[-2.22044604925031e-16,0],[-2.22044604925031e-16,0],[-2.22044604925031e-16,0],[-2.22044604925031e-16,0],[-2.22044604925031e-16,0],[-2.22044604925031e-16,0],[-2.22044604925031e-16,0]],