{"prog":[1.26249179016391,1.26249179016391,1.26249179016391,1.26249179016391,1.26249179016391,1.26249179016391,1.26249179016391,1.26249179016391,1.26249179016391,1.26249179016391,1.26249179016391,0.782587521109545,0.782587521109545,0.781760915218623,0.781418497814653,0.780608758268535,0.774771110891018,0.750396493240922,0.750396493240922,0.750396493240922,0.607186249968777,0.607186249968777,0.607186249968777,0.607186249968777,0.607186249968777,0.604495585932869,0.604495585932869,0.604473966768096,0.604473966768096,0.604473966768096,0.604473966768096,0.604473966768096,0.604473966768096,0.604473966768096,0.604473966768096,0.604473966768096,0.604473966768096,0.604473966768096,0.604473966768096,0.604473966768096,0.604473966768096,0.604473966768096,0.604473966768096,0.604473966768096,0.604473966768096,0.604473966768096,0.604473966768096,0.604473966768096,0.604473966768096,0.604473966768096],"mei":["Inf",0.159299925188833,0.0613621182666481,0.0222796193493638,0.0164998175724798,0.0182590225811639,0.151575517689556,0.136470938023149,0.00398079245821079,0.00653415222879763,0.0115534809907081,0.104413813187941,0.0480177650659728,0.00551615669432403,0.00685161209264002,0.0808877189013526,0.0217485667817396,0.00127737006911601,0.000717900462510139,0.00155096100260136,0.0557735288191633,0.00256485310175662,0.00384122056858233,0.000442632351267922,0.000813409953130566,0.0282631085851814,0.00645467730937644,7.74349011534529e-05,0.00982384425742465,0.00221815524889243,3.63193131520446e-05,0.011768698388088,0.000387788461698904,0.00599789170393978,0.0105603351828677,0.00108958242397933,0.00179017067611832,0.0107869809169715,0.019610142556637,0.00491743022723801,0.00211449141245816,0.000257419929646219,0.0176644845873451,0.00430338915064387,0.000131289445221942,0.000908391990925048],"obj":[1.26249179016391,0.983528720602283,1.38276041399286,0.759714614138872,1.39739406922306,0.765032559320711,0,0.301423713881033,0.286010677248478,0.471384896146887,1.26259243073336,0.782587521109545,0.548445863912396,0.781760915218623,0.781418497814653,0.780608758268535,0.774771110891018,0.750396493240922,0.555063457728453,0.591718428283824,0.607186249968777,0.534663285616185,0.711790688050818,0.603639336611932,0.604015202392709,0.604495585932869,0.604688890998578,0.604473966768096,0.604699961391856,0.780366844155127,0.60491940039355,0.604825644606286,0.604825184301554,0.604840133609926,0.604848745407744,0.60477355620496,0.604724471018864,0.604866717449675,0.604733744189133,0.774472809446106,0.604856732525253,0.604743236062292,0.60474534119919,0.604812233413117,0.604856773269802,0.604849000498866,0.604921576194534,0.604916670920533,0.604663422930451,0.604883827693932],"X":[[0.366538279835726,0.895953510328185],[0.692112567767527,0.291416152834756],[0.956822094250662,0.4259383197422],[0.0225451376248489,0.737169476514023],[0.679731386499417,0.717662682723641],[0.0256248360301255,0.739407723290586],[0,0],[0.301423713881033,0],[0,0.286010677248478],[0.0470094003540336,0.424375495792853],[0.36530789737901,0.897284533354348],[0.0359547947568716,0.746632726352673],[0.0903876603732007,0.458058203539195],[0.0351994656972785,0.746561449521345],[0.0346863917060567,0.746732106108596],[0.0336458556329729,0.746962902635563],[0.0274063801099216,0.747364730781097],[0,0.750396493240922],[0.157891027748898,0.397172429979554],[0.194978686798673,0.396739741485151],[0.211809414951515,0.395376835017262],[0.534663285616185,0],[0.711790688050818,0],[0.207747807858703,0.395891528753229],[0.208218643893445,0.395796558499264],[0.208736827255248,0.395758758677621],[0.208966947426181,0.395721943572397],[0.208746529819042,0.395727436949055],[0.208925765765768,0.395774195626088],[0.0330355780560575,0.74733126609907],[0.209206213040397,0.395713187353154],[0.209107671333867,0.395717973272418],[0.209123223333259,0.395701960968295],[0.209124206430701,0.395715927179225],[0.209139350804239,0.395709394603505],[0.209065446365934,0.395708109839026],[0.209009950886476,0.395714520132388],[0.209165321730941,0.395701395718735],[0.208962431214305,0.395771312974828],[0.0270868887956309,0.747385920650475],[0.209183353826378,0.395673378698875],[0.208993217767824,0.395750018294469],[0.209022812030496,0.395722529168694],[0.209099007511317,0.3957132259018],[0.209192491465929,0.395664281803872],[0.209193051617934,0.395655948880932],[0.20924010359159,0.395681472602944],[0.209235984098913,0.39568068682162],[0.208944451934977,0.395718970995474],[0.209162979211885,0.395720848482047]],"C":[[-1.07644676851924,-0.56291699674567],[0.528552363651268,-0.93605681940523],[-0.503320813716501,-0.40306802772897],[0.0849593297093041,-0.956072879665518],[-0.698573469270707,-0.522925516033487],[0.0639606575684508,-0.952619586516662],[1.5,-1.5],[0.928395530270119,-1.40914374471016],[0.709360425627366,-1.41819789249987],[0.193440010684181,-1.31769555484892],[-1.08391448927837,-0.561430606315597],[-0.00401244865486916,-0.941246824673165],[0.220157948864983,-1.2820127530227],[-0.00283592365290181,-0.941406999703215],[-0.00384760679447956,-0.941188015937034],[-0.0049403301389693,-0.94091437848498],[-0.00322278929558382,-0.940694849513769],[-0.00328421668005343,-0.936905102931728],[0.0514798800600375,-1.31732448422053],[0.0118363312898312,-1.30458088922056],[-0.00239641174060168,-1.29881393006963],[0.477978216651367,-1.21413517101411],[0.809082217850406,-0.993354016404143],[0.000487823948190302,-1.30011074579133],[0.000218876461550721,-1.29999008061531],[-0.000212724573351697,-1.29980394187736],[-0.000362049378083207,-1.29973695825867],[-0.000157036387231857,-1.29982468193424],[-0.000430566996183546,-1.29971281047571],[-0.0075068771249335,-0.940404629293264],[-0.000578506760355257,-1.2996438337801],[-0.000491858339759177,-1.2996812674185],[-0.000473629471534232,-1.29968743554855],[-0.000503802477712645,-1.29967597126142],[-0.000504996862864704,-1.29967480696771],[-0.000429812914988614,-1.29970673094344],[-0.000388754972612648,-1.29972485898683],[-0.000513732566360781,-1.29967027361144],[-0.000460587999327911,-1.29969977016719],[-0.00313338002354062,-0.940680586068815],[-0.000472744987128126,-1.29968490187097],[-0.00044643127914884,-1.29970375794698],[-0.000418106973061216,-1.2997131439592],[-0.000473434029673037,-1.29968864790417],[-0.000462636324081833,-1.2996882776189],[-0.000445716224215686,-1.29969463726991],[-0.000545322346104771,-1.29965475128775],[-0.000539638563109568,-1.29965709703453],[-0.000333760279352946,-1.29974871199988],[-0.000552127886454645,-1.29965585820386]],"d":[[0.137376940460763,0.042974181474398],[0.660521759492661,0.664898661555623]],"df":[0.653108213225806,0.655264194976684],"lambda":[[0,0],[0.462078237623312,0],[1.15781884733816,0],[2.54930006676785,0],[5.33226250562723,0],[8.88178419700125e-15,0],[5.56592487771877,0],[-1.06581410364015e-14,0],[5.98410040487927e-17,0],[5.98410040487927e-17,0],[5.98410040487927e-17,0],[5.98410040487927e-17,0],[5.98410040487927e-17,0],[5.98410040487927e-17,0],[5.98410040487927e-17,0],[5.98410040487927e-17,0],[4.12004086834083,0],[2.45173435226131,0],[0.783427836181788,0],[1.11022302462516e-16,0],[0.339607696656163,0],[1.01882308996849,0],[1.62832273618507,0],[0.443585453054356,0],[1.66258474548752,0],[0,0],[2.43799858486633,0],[0,0],[0,0],[0,0],[0,0],[0,0],[0,0],[0,0],[0,0],[0,0],[0,0],[0,0],[0,0],[0,0],[0,0],[0,0],[0,0],[0,0],[0,0],[0,0]],