{"prog":[1.34885042377954,1.05585721650996,1.05585721650996,1.05585721650996,1.05585721650996,1.05585721650996,1.05585721650996,1.05585721650996,1.05585721650996,1.05585721650996,1.0557279063869,1.0557279063869,1.0557279063869,1.0557279063869,1.0557279063869,1.04312776983247,1.04312776983247,1.04312776983247,1.04312776983247,1.04312776983247,1.04312776983247,0.618087259048413,0.614992936376764,0.614992936376764,0.614992936376764,0.614992936376764,0.604750764829605,0.604529201764472,0.601660623542427,0.600322035064756,0.600280028590426,0.600280028590426,0.600280028590426,0.599811049113842,0.599811049113842,0.599811049113842,0.599811049113842,0.599811049113842,0.599811049113842,0.599811049113842,0.599811049113842,0.599811049113842,0.599811049113842,0.599811049113842,0.599811049113842,0.599811049113842,0.599811049113842,0.599811049113842,0.599811049113842,0.599811049113842],"mei":["Inf",0.09664771414255,0.0587019955878252,0.0404145205774715,0.165671539786184,0.0528606265356149,0.0595093531246901,0.0707948675410483,0.0636451138934432,0.0854057222649698,0.12117476412706,0.0891475445755271,0.0822408523651019,0.0548885457456629,0.0525452806895943,0.141024601771175,0.00726410559730843,0.360488213150557,0.221312540032437,0.00198543137237882,0.0681061507050579,0.104932682655949,0.0954340222912008,0.103041071723558,0.000221020200773611,0.0639282226034211,0.165369243035359,"Inf",0.0188050246526856,0.0205321076794671,0.109502563574835,0.145607380055923,0.143566597859739,0.0964675198861701,0.0127263444684023,0.0680735904563117,0.0113662124554917,0.00978343764827395,0.0617111701962029,0.113961819766412,0.141719250983821,0.0235905479057682,0.165340598628868,0.141908887703496,0.0892157500896799,0.161256890566792],"obj":[1.34885042377954,1.05585721650996,0.751093623142478,1.08772578689915,0.799573538899322,0,0.211171051786343,0.388958967721662,0.787191346214527,0.451391578770342,1.0557279063869,0.481867514955263,1.05673946559481,0.501588953594216,1.06117506075294,1.04312776983247,0.525025389343564,0.464651177771468,0.826770491327464,0.575735537002991,0.481805880353784,0.618087259048413,0.614992936376764,0.685693776256481,0.598468654305126,0.599298966257649,0.604750764829605,0.604529201764472,0.601660623542427,0.600322035064756,0.600280028590426,1.0390510721905,0.600514070733902,0.599811049113842,0.600544596817462,0.60056275950918,0.617234928567117,0.61906642513775,0.619911811922956,0.621876220789639,0.622445594411319,0.623772388439232,0.600136101940492,0.624651904404972,0.59997456608053,0.600215036499893,0.600334087564247,0.625974833063195,0.645080715342037,0.600137769957597],"X":[[0.587360240665115,0.761490183114421],[0.563863525950318,0.491993690559639],[0.179835261809601,0.571258361332877],[0.245538738855519,0.842187048043634],[0.682733068350408,0.116840470548915],[0,0],[0.0171084285689762,0.194062623217367],[0.0513903634147717,0.33756860430689],[0.686082119953321,0.101109226261206],[0.0577184445494599,0.393673134220882],[0.564091727392822,0.491636178994074],[0.0918831133195817,0.389984401635681],[0.563578773800476,0.49316069179433],[0.134807744127362,0.366781209466854],[0.561482946546284,0.499692114206658],[0.570093780509072,0.473033989323403],[0.214374794190307,0.310650595153257],[0,0.464651177771468],[0.685642076337716,0.141128414989749],[0.175406333521747,0.400329203481244],[0.481805880353784,0],[0.208938567782163,0.40914869126625],[0.207830188785189,0.407162747591575],[0,0.685693776256481],[0.19358071376584,0.404887940539286],[0.195945092666378,0.403353873591271],[0.199968782545142,0.404781982284463],[0.199415666250507,0.405113535513965],[0.197052548097681,0.404608075444746],[0.195422751296144,0.404899283768612],[0.195670314744938,0.404609713845488],[0.571236988444869,0.467814083745626],[0.195952703373969,0.404561367359933],[0.195364157882838,0.404446891231003],[0.19589088269717,0.404653714120292],[0.195861664887482,0.404701094621698],[0.2094487205642,0.407786208002918],[0.210968830944347,0.408097594193403],[0.211791545590593,0.408120266332363],[0.213413200299948,0.408463020489691],[0.213906450742238,0.408539143669081],[0.214993387559166,0.408779000880066],[0.195528281844366,0.404607820096126],[0.215844336640839,0.408807567764134],[0.195017868833666,0.404956697246864],[0.195180722065812,0.40503431443408],[0.195616521746132,0.404717565818115],[0.216844440166004,0.409130392897191],[0.232666722003771,0.412413993338266],[0.195858297315194,0.404279472642404]],"C":[[-0.160654030119119,-0.575140648706183],[-0.479884279132533,-0.940000132552381],[0.496785850942135,-1.14132316321715],[-0.781427381282457,-0.730431703828792],[0.0866250214521538,-1.02022386182275],[1.5,-1.5],[1.41869522144351,-1.46204699994189],[0.331595141651247,-1.3834064679344],[0.115069936581428,-1.01906824904522],[0.166311117779187,-1.3416900445515],[-0.477851605227038,-0.940094390591089],[0.132714507307962,-1.33946965996756],[-0.486071923461667,-0.93917149779049],[0.143406128068395,-1.34729841650532],[-0.518640950110573,-0.935044691737383],[-0.360857645207751,-0.951231926369661],[0.436364595159676,-1.35753965534679],[0.355826927548229,-1.28409928299559],[0.0697437827812762,-1.00997771363779],[0.0278351167261707,-1.30896914700053],[0.52134010822139,-1.26786309365652],[-0.0212547835936785,-1.28894202332825],[-0.0177547257419355,-1.29102510960319],[0.490098920994415,-1.02982404520313],[0.00154448423876152,-1.29859226286376],[0.000653535936351091,-1.29891117331888],[-0.00575511186475092,-1.29616403282527],[-0.00551670659488335,-1.29611641539724],[-0.0021724266630806,-1.29746259857311],[-0.000619999378068836,-1.29786651827951],[-0.00057138968701459,-1.29800410738949],[-0.323919638677628,-0.954838286081676],[-0.000842065847328044,-1.29793263808029],[-2.40151038643499e-05,-1.29825555798831],[-0.000879284664044577,-1.29788213372478],[-0.000900956550782483,-1.2978552322395],[-0.02037927533554,-1.28984164201662],[-0.0225291207194619,-1.28894850598353],[-0.0235253679923735,-1.28858218942515],[-0.0258342256115068,-1.28761276683017],[-0.0265043164166264,-1.28733979842099],[-0.0280652893943325,-1.28667757174533],[-0.000404211426803802,-1.29806120291605],[-0.0291023866297802,-1.28628759487885],[-0.00021316744631017,-1.29797810419049],[-0.000491694893315076,-1.29785168986478],[-0.000635209794441927,-1.2979378683382],[-0.0306595840353161,-1.28559081037688],[-0.0532740098343285,-1.2757808945708],[-0.000396059757422518,-1.29819763537277]],"d":[[0.153527457856384,0.0316966364398558],[0.799680705247675,0.729630188295989]],"df":[0.688748162122114,0.726817464414278],"lambda":[[0,0],[0.561297784136394,0],[1.68389335240918,0],[-4.44089209850063e-16,0],[2.24519113654558,0],[8.88178419700125e-16,0],[4.49038227309115,0],[-1.77635683940025e-15,0],[-1.77635683940025e-15,0],[-1.77635683940025e-15,0],[-1.77635683940025e-15,0],[-1.77635683940025e-15,0],[-1.77635683940025e-15,0],[-1.77635683940025e-15,0],[-1.77635683940025e-15,0],[-1.77635683940025e-15,0],[2.8857785573111,0],[8.65733567193332,0],[0,0],[0,0],[0,0],[0.640491583659491,0],[1.18252918604713,0],[2.26660439082241,0],[4.43475480037298,0],[0,0],[0,0],[0,0],[0,0],[0,0],[0,0],[0,0],[0,0],[0,0],[0,0],[0,0],[0,0],[0,0],[0,0],[0,0],[0,0],[0,0],[0,0],[0,0],[0,0],[0,0]],