{"prog":["Inf","Inf","Inf",1.33704869406695,0.904067434273676,0.877898847808813,0.877898847808813,0.877898847808813,0.877898847808813,0.767898104747576,0.767898104747576,0.715166826589713,0.666399496727309,0.620793346290031,0.620793346290031,0.620793346290031,0.620793346290031,0.620793346290031,0.620793346290031,0.620793346290031,0.61454850665619,0.61454850665619,0.61454850665619,0.61454850665619,0.61454850665619,0.604498709695154,0.600685872350327,0.600685872350327,0.600685872350327,0.600685872350327,0.600685872350327,0.600365733575609,0.600365733575609,0.600365733575609,0.600365733575609,0.600365733575609,0.600365733575609,0.600365733575609,0.600365733575609,0.600365733575609,0.600365733575609,0.600365733575609,0.600365733575609,0.600365733575609,0.600365733575609,0.600365733575609,0.600365733575609,0.600300980118118,0.600201520552222,0.600201520552222],"mei":["Inf",0.154252161685829,0.183127332656431,0.0477220677356054,0.0524774784759414,0.287509819492662,0.033798535792716,0.18617932834225,0.01929459556575,0.00529581431331341,0.00141400269468288,0.132875477965311,0.0798938200671675,0.0081465155332675,0.0272932677607409,0.00536928579785122,0.133624965321399,0.00101183582003012,0.000311215820944058,"Inf",0.126038252382208,0.140509337463325,0.167102606503264,"Inf",0.143517845767365,0.145289289820854,0.124083176733843,0.154217156579794,0.000348671844269562,0.0371062584148064,0.15283978020259,"Inf","Inf",0.102891495508333,"Inf",0.0776132128305051,0.163589240368436,0.0887251453771893,0.121990180037128,0.144683538971706,0.0394595253613207,"Inf",0.123400527804363,0.0772839714777841,"Inf",0.0520459131420768],"obj":[0.668581738017635,0.69504387657974,0.20823217346059,1.33704869406695,0.904067434273676,0.877898847808813,0.742689320996597,1,1.13697049050646,0.767898104747576,0.757244693958296,0.715166826589713,0.666399496727309,0.620793346290031,1,0.592600323725895,0.596847885371561,0.646712419572106,1,0.478111854494273,0.61454850665619,0.387970709228867,0,1,0.626407248585879,0.604498709695154,0.600685872350327,0.599413984956422,0.610519210702902,0.610710790788825,0.604746048614964,0.600365733575609,0.632720149156507,0.752521556104158,0.600377621809204,1,1,0.610595460898829,1,0.643381722005983,0.600374111955433,0.600383119575933,0.623980828596212,0.608321574288099,0.755052252639432,0.754557087874589,0.619281480164173,0.600300980118118,0.600201520552222,0.600232877774531],"X":[[0.110610534476724,0.557971203540911],[0.565138050696146,0.129905825883594],[0.00750548459764232,0.200726688862947],[0.631637971799736,0.705410722267211],[0.432068188929015,0.471999245344661],[0.421502685094377,0.456396162714436],[0.36741175104962,0.375277569946977],[1,0],[1,0.136970490506457],[0.377499103369526,0.39039900137805],[0.376882042586369,0.380362651371927],[0.332146727016185,0.383020099573528],[0.280703080049848,0.385696416677462],[0.227371675852767,0.393421670437264],[0,1],[0.18503901789631,0.407561305829585],[0.186851309046945,0.409996576324617],[0.583998511462119,0.0627139081099867],[0,1],[0.478111854494273,0],[0.222529290219698,0.392019216436492],[0,0.387970709228867],[0,0],[0,1],[0.240059928191903,0.386347320393976],[0.196774107166399,0.407724602528756],[0.200089656022173,0.400596216328154],[0.19438983391581,0.405024151040612],[0.21899144800206,0.391527762700842],[0.218936040303808,0.391774750485017],[0.208037889591866,0.396708159023097],[0.193954903510969,0.40641083006464],[0.247726118667535,0.384994030488972],[0.369091933147043,0.383429622957115],[0.195174455538422,0.405203166270781],[0,1],[0,1],[0.218966355145614,0.391629105753215],[0,1],[0.259485354043704,0.383896367962279],[0.195037495105828,0.405336616849605],[0.196237582454571,0.404145537121362],[0.236293420872353,0.387687407723859],[0.215043913280397,0.393277661007702],[0.371050059577719,0.384002193061713],[0.370398090629278,0.384158997245311],[0.230617768120974,0.388663712043199],[0.195699392416044,0.404601587702074],[0.195008177744426,0.405193342807796],[0.196202492144305,0.404030385630226]],"C":[[0.576682625402517,-1.17643344568188],[0.492246570448978,-1.16374346005686],[1.38137175383148,-1.45965246407907],[-0.505250525532697,-0.603429185491167],[-0.375538575303635,-1.09053379250967],[-0.332113619890219,-1.11403802911777],[0.0500507636976578,-1.22417535068534],[0.5,-0.5],[0.720412711237062,-0.481239084730421],[-0.0401121648929316,-1.20508304667823],[0.0231417336054482,-1.21328417941724],[-0.0129921888907172,-1.24297415505512],[-0.0199273475376723,-1.27244405501269],[-0.0120387969241217,-1.29352151025026],[-0.5,-0.5],[0.0092222071234444,-1.29965434384645],[0.00525186642735453,-1.29698939570954],[0.302189758685023,-1.1550127043396],[-0.5,-0.5],[0.526405037975376,-1.27140905459205],[-0.00420426977598642,-1.29680164893884],[0.230685711221534,-1.34947872878045],[1.5,-1.5],[-0.5,-0.5],[-0.000758051139283789,-1.29310697890089],[-0.00518855348303937,-1.29504059924163],[-5.41330238558735e-05,-1.2994868010165],[0.000444752765379308,-1.29816802954402],[0.00014308533600349,-1.29874875673643],[-0.000445060008476106,-1.29857955513849],[-0.00145402359815272,-1.29934287305867],[-0.000520490169314325,-1.29721173261022],[-0.000909262650909126,-1.29041136661777],[-0.00178832851993593,-1.21675286912474],[-0.000674935488916562,-1.29771732594941],[-0.5,-0.5],[-0.5,-0.5],[-9.68198110185003e-05,-1.29868037884118],[-0.5,-0.5],[-0.00325101551125828,-1.28529092970218],[-0.000663240557041367,-1.29766260254376],[-0.000671423208390143,-1.29815719605727],[-0.00253916005032939,-1.2938638931448],[-0.0006730789080171,-1.29908879671336],[-0.00423959326970053,-1.21486416901117],[-0.00560692485654002,-1.21522711929366],[-0.00136096303466149,-1.2957559639677],[-0.000595592203250672,-1.29799930303695],[-0.00046913380883401,-1.29779016555704],[-0.000489904379898765,-1.29826402956386]],"d":[[0.138374761813296,0.0391928179934899],[0.701851252027274,0.675180720345706]],"df":[0.674452070628676,0.750491839140077],"lambda":[[0,0],[0,0],[0,0],[0.373487552030636,0],[1.12046265609191,0],[2.61441286421445,0],[0.219820947414381,0],[1.66533453693773e-16,0],[-4.05835056897567e-17,0],[-4.05835056897567e-17,0],[-4.05835056897567e-17,0],[-4.05835056897567e-17,0],[0.550541779328083,0],[1.17758731170587,0],[2.43167837646143,0],[0,0],[2.50818212951113,0],[0,0],[5.01636425902226,0],[0,0],[0,0],[0,0],[0,0],[0,0],[0.849618666891303,0],[2.54885600067391,0],[2.13521110721048,0],[1.72156621374705,0],[-2.22044604925031e-16,0],[3.39847466756521,0],[-4.44089209850063e-16,0],[-4.44089209850063e-16,0],[-4.44089209850063e-16,0],[-4.44089209850063e-16,0],[-4.44089209850063e-16,0],[-4.44089209850063e-16,0],[-4.44089209850063e-16,0],[-4.44089209850063e-16,0],[-4.44089209850063e-16,0],[-4.44089209850063e-16,0],[-4.44089209850063e-16,0],[-4.44089209850063e-16,0],[-4.44089209850063e-16,0],[-4.44089209850063e-16,0],[-4.44089209850063e-16,0],[3.84378627684058e-16,0]],"rho":[0.134009188326449,0.134009188326449,0.134009188326449,0.0670045941632243,0.0335022970816122,0.0167511485408061,0.0167511485408061,0.0167511485408061,0.0167511485408061,0.0167511485408061,0.0167511485408061,0.0167511485408061,0.00837557427040304,0.00418778713520152,0.00209389356760076,0.00209389356760076,0.00104694678380038,0.00104694678380038,0.00052347339190019,0.00052347339190019,0.00052347339190019,0.00052347339190019,0.00052347339190019,0.00052347339190019,0.000261736695950095,0.000130868347975047,0.000130868347975047,0.000130868347975047,0.000130868347975047,6.54341739875237e-05,6.54341739875237e-05,6.54341739875237e-05,6.54341739875237e-05,6.54341739875237e-05,6.54341739875237e-05,6.54341739875237e-05,6.54341739875237e-05,6.54341739875237e-05,6.54341739875237e-05,6.54341739875237e-05,6.54341739875237e-05,6.54341739875237e-05,6.54341739875237e-05,6.54341739875237e-05,6.54341739875237e-05,3.27170869937619e-05]}
