{"prog":[1.02008422327696,1.02008422327696,1.02008422327696,1.02008422327696,1.02008422327696,1.02008422327696,1.02008422327696,1.02008422327696,1.02008422327696,1.02008422327696,1.02008422327696,1.02008422327696,1.02008422327696,1.02008422327696,1.02008422327696,1.02008422327696,1.02008422327696,1.01317697384826,1.01317697384826,1.00225749885815,1.00225749885815,0.9827986643677,0.9827986643677,0.9827986643677,0.961464644197485,0.961464644197485,0.961464644197485,0.918450571543323,0.918450571543323,0.918450571543323,0.918450571543323,0.918450571543323,0.918450571543323,0.918450571543323,0.911421965662983,0.911421965662983,0.911421965662983,0.911421965662983,0.911421965662983,0.911421965662983,0.911421965662983,0.911421965662983,0.911421965662983,0.911421965662983,0.888050591475385,0.888050591475385,0.888050591475385,0.888050591475385,0.888050591475385,0.888050591475385],"mei":["Inf",0.063225222445256,0.0557297720395086,0.163759766271924,0.160312241247849,0.24216125254426,0.331787804082637,0.195583761495803,0.109443867987425,0.139729638268801,0.144414254453804,0.11597824573809,0.17669649914144,0.0189636768892871,0.0636429722279739,0.375107370158504,0.247532670064992,0.157685470502082,0.436181728890811,0.44175515906856,0.0480828521788189,0.460296834144965,0.429167185037964,0.184762334468678,0.270617478828535,0.0774732069233156,0.129744368705274,0.412017424396872,0.430954480825978,0.432611881201196,0.417866515557629,0.433134144667588,0.473907707832513,0.0271841397037191,0.295355089384402,0.400631703936686,0.126435231385919,0.0934677813962569,0.175029184958387,0.0402721989292415,0.358159224049361,0.104527949951021,0.102032431505989,0.0122543102469388,0.088028411000089,0.0277114167590757],"obj":[1.02008422327696,0.677321593388291,1.11436103453263,0.419665084849034,0.522222283799719,2,1.80840634305244,1.76780117818349,1.73894097122935,1.11202896357169,1.05208088337307,1.0000655063721,1.00881355748137,1.02192918108989,1.02627126331332,0.723132651494333,1.02627958024493,1.01317697384826,1.02650331091488,1.00225749885815,1.05226322422065,0.9827986643677,1.01122089202325,1.03496708914795,0.961464644197485,1.01538023848753,1.04226245997028,0.918450571543323,1.04172152189189,1.00438355850087,1.05630737188862,0.985514373669165,0.938638620200855,0.977360978108028,0.911421965662983,0.954398572423562,0.882908863252394,0.883096612997709,0.996730087580767,1.02698384690213,0.917906847219308,0.916801269518999,0.913705661196305,1.01171645163052,0.888050591475385,0.910442585863599,1.01190542978893,1.0124527224593,0.908343065368199,0.906771827895741],"X":[[0.0811518866618052,0.93893233661515],[0.158332015922836,0.518989577465455],[0.85427566214797,0.260085372384658],[0.197824053842999,0.221841031006035],[0.436776568213659,0.0854457155860601],[1,1],[0.891042996929276,0.917363346123163],[0.867093520315192,0.900707657868296],[0.848836467994345,0.890104503235006],[0.854099717530054,0.257929246041632],[0.849340891606914,0.202739991766154],[0.844998805145429,0.155066701226672],[0.845966942175356,0.162846615306012],[0.080941120808684,0.940988060281204],[0.0803829405368774,0.945888322776438],[0.146874582295625,0.576258069198707],[0.0803441922669376,0.945935387977992],[0.0820624228997701,0.931114550948491],[0.0803131871199964,0.94619012379488],[0.0832919362513673,0.918965562606787],[0.848496647008088,0.203766577212563],[0.0848465580059598,0.89795210636174],[0.846681300683376,0.164539591339873],[0.843065490271322,0.191901598876632],[0.0851408980186561,0.876323746178828],[0.829916545396561,0.185463693090968],[0.0779994889947125,0.964262970975564],[0.0821035958505173,0.836346975692806],[0.861880919977734,0.179840601914154],[0.82036241113845,0.184021147362419],[0.876128577973612,0.180178793915012],[0.802762085980087,0.182752287689078],[0.761767781663475,0.176870838537379],[0.0848737418273366,0.892487236280691],[0.738876855406269,0.172545110256715],[0.084156576900835,0.870241995522727],[0.715469403454437,0.167439459797957],[0.715474855695767,0.167621757301943],[0.0840236146026577,0.91270647297811],[0.0802213959459035,0.946762450956223],[0.0820322222086518,0.835874625010656],[0.0819354371870692,0.83486583233193],[0.081656879443646,0.832048781752659],[0.846788450174984,0.164928001455538],[0.719566377295343,0.168484214180041],[0.081364060929094,0.829078524934505],[0.846614788537883,0.165290641251043],[0.846838826973876,0.165613895485425],[0.0811653844449639,0.827177680923235],[0.0810070207347124,0.825764807161028]],"C":[[-0.820738460759401,-0.611820438549644],[0.344202727522286,-1.20558079121604],[-0.358436693640845,-0.702568692133182],[1.14070965555292,-1.4116522006833],[0.830032127963678,-1.30192525914749],[-1.5,0.5],[-1.09908600854528,0.135513131186992],[-1.01530318489463,0.0631254579151845],[-0.945901745612916,0.0128093760763506],[-0.356958099029676,-0.703986176551478],[-0.21256799008734,-0.737516545583032],[0.0609477025211414,-0.761931337473476],[0.00954756274744606,-0.757820912629854],[-0.815526027177183,-0.607990005370451],[-0.802072021198516,-0.598833863705822],[0.567117296405287,-1.14635449475886],[-0.801890426560054,-0.598751052539898],[-0.838414266467461,-0.626291451759809],[-0.801152055655545,-0.598274041607659],[-0.857864118064775,-0.64856474809829],[-0.21807360621685,-0.738532622027108],[-0.866037861728938,-0.686483076275056],[0.000208909113214972,-0.756057497954814],[-0.169548298747868,-0.752414355462168],[-0.837579429683184,-0.724807719367681],[-0.156112656162421,-0.776841746222097],[-0.740651295422844,-0.564113002521942],[-0.686684796917243,-0.793782735797912],[-0.0565376952426049,-0.72481863768149],[-0.158895946454871,-0.793141731714527],[-0.0116702095077802,-0.699934317081269],[-0.16003338605656,-0.822174634657307],[-0.110091247242785,-0.888426553294592],[-0.862255831295899,-0.69626298102428],[-0.0603125747845727,-0.924289177471442],[-0.821923907842711,-0.735596539792957],[0.00130675305074746,-0.96006756002312],[0.00143400833371399,-0.95999867734613],[-0.864028920435182,-0.659906926372963],[-0.799450046377247,-0.597205389091855],[-0.684184409654917,-0.794584325782805],[-0.678835616169646,-0.796285626137677],[-0.663536859285672,-0.801026978823442],[-0.00209726238556041,-0.75574807498613],[-0.0100224287074103,-0.95383729823819],[-0.646848787230192,-0.806008689081553],[-0.00507332573483438,-0.755922403743775],[-0.00657694723416746,-0.755436038751652],[-0.635867168752509,-0.80918926455036],[-0.627551509653815,-0.811550345845996]],"d":[[0.0537288696666663,0.0397996154631214],[0.332505952319218,0.494125089204825]],"df":[0.656673796570369,0.867489982373171],"lambda":[[0,0],[0,0],[0,0],[0,0],[0,0],[0,0],[0,0],[0,0],[0,0],[0.164410644898327,0],[0.493231934694981,0],[1.15087451428829,0],[5.55111512312578e-15,0],[1.31528515918662,0],[-9.76996261670138e-15,0],[-9.76996261670138e-15,0],[-9.76996261670138e-15,0],[-9.76996261670138e-15,0],[-9.76996261670138e-15,0],[-9.76996261670138e-15,0],[-9.76996261670138e-15,0],[-9.76996261670138e-15,0],[-9.76996261670138e-15,0],[-9.76996261670138e-15,0],[-9.76996261670138e-15,0],[-9.76996261670138e-15,0],[-9.76996261670138e-15,0],[-9.76996261670138e-15,0],[-9.76996261670138e-15,0],[-9.76996261670138e-15,0],[-9.76996261670138e-15,0],[-2.10848511459178e-16,0],[-2.10848511459178e-16,0],[0.720080271723681,0],[2.16024081517104,0],[5.04056190206577,0],[10.8012040758552,0],[22.3224884234341,0],[6.03961325396085e-14,0],[23.0425686951579,0],[6.03961325396085e-14,0],[-7.82197733941557e-16,0],[-7.82197733941557e-16,0],[-7.82197733941557e-16,0],[-7.82197733941557e-16,0],[-7.82197733941557e-16,0]],