{"prog":[1.35608743850051,1.35608743850051,1.35608743850051,1.35608743850051,1.35608743850051,1.35608743850051,1.35608743850051,1.35608743850051,1.35608743850051,0.603594711140581,0.60138352119529,0.60138352119529,0.600459745214092,0.600315795243925,0.600315795243925,0.600315795243925,0.600315795243925,0.600069502345033,0.600069502345033,0.600069502345033,0.600069502345033,0.600069502345033,0.600069502345033,0.600069502345033,0.600069502345033,0.600069502345033,0.600069502345033,0.600069502345033,0.600069502345033,0.600069502345033,0.600069502345033,0.600069502345033,0.600069502345033,0.600009777667501,0.600009777667501,0.600009777667501,0.599828496749589,0.599828496749589,0.599828496749589,0.599828496749589,0.599828496749589,0.599828496749589,0.599828496749589,0.599828496749589,0.599828496749589,0.599828496749589,0.599828496749589,0.599828496749589,0.599828496749589,0.599828496749589],"mei":["Inf",0.00084405466765967,0.00112822230770749,0.00120293405672011,0.0331715768187715,0.09396677765913,0.000238375143797685,0.000187396840632613,0.000224388595386147,0.000212564568228745,0.000472432594257069,0.000556779430635978,0.00046853578272167,0.000134130394176642,0.000229410933301215,0.0130082506811698,0.00738294113678087,0.000878741585063045,0.00310930212215326,0.00119695068636515,0.00356392709647979,0.00449150659176763,0.000656296994466817,0.00594592064073641,0.0112193493456356,0.0183230637273704,0.00352652966682525,0.000192411834282471,3.38074966964603e-05,0.0475444901732795,0.000624442825529908,0.000321680217108407,0.000271853919673532,0.126294628279886,0.00548844741482407,0.158945619495862,0.141268654725972,0.0389876598348504,0.0921976630865745,0.0520854816708517,0.0686071967677453,0.16547959521664,0.0822605597670917,0.16562238482255,"Inf",0.060883445850357],"obj":[1.35608743850051,0.658978215656005,0.584985821709266,1.01347398721461,1.16035709845376,0.584280456789824,0.587233314345681,1.01441301391668,0.590147260340257,0.603594711140581,0.60138352119529,0.484539384409206,0.600459745214092,0.600315795243925,0.298943882166796,0.446742891246918,0.109635449150586,0.600069502345033,0.464382583142484,0.57327330037301,0.575337703506094,0.576495027336155,0.577872799677122,0.579248636414726,0.580947501904226,0.582669018702615,0.584051430838247,0.585263905395547,0.586468388674325,0.600497847788361,0.600621548000754,0.584834807972151,0.701931897063511,0.600009777667501,0.60005342610974,0.473130202283614,0.599828496749589,0.599875216862686,0.599928768804364,0.600198371275103,0.600563170704261,0.600611234878473,0.599840953024997,0.600604967214556,0.600578567535915,0.601294948257683,0.599885201708518,0.599963770371407,0.600890530359,0.600254956463608],"X":[[0.6039979212787,0.752089517221807],[0.531744947575905,0.127233268080101],[0.173600975031406,0.41138484667786],[0.871915801328587,0.141558185886023],[0.775150669383619,0.385206429070143],[0.167893032292991,0.416387424496833],[0.191540491674356,0.395692822671325],[0.926826447131858,0.0875865667848181],[0.187628437322921,0.402518823017336],[0.199269268608691,0.40432544253189],[0.197276156214502,0.404107364980789],[0.133046640621663,0.351492743787543],[0.196776581484439,0.403683163729653],[0.196741005529244,0.403574789714682],[0.0423548016098975,0.256589080556899],[0.0571591552846064,0.389583735962311],[0,0.109635449150586],[0.196482444918802,0.403587057426231],[0,0.464382583142484],[0.16549395053392,0.40777934983909],[0.1657894294443,0.409548274061794],[0.164968735637744,0.411526291698411],[0.16468180030117,0.413190999375951],[0.164474298640585,0.414774337774141],[0.16472755557463,0.416219946329596],[0.165037236827252,0.417631781875363],[0.16577093496484,0.418280495873406],[0.16571812122957,0.419545784165977],[0.165705596811911,0.420762791862414],[0.196908028274964,0.403589819513397],[0.196056983156077,0.404564564844677],[0,0.584834807972151],[0.479620135267371,0.22231176179614],[0.194413689962614,0.405596087704887],[0.19614195944178,0.403911466667961],[0.473130202283614,0],[0.195798872925432,0.404029623824157],[0.196378068975768,0.403497147886918],[0.196989304658439,0.402939464145925],[0.197980992947893,0.402217378327209],[0.196015836867989,0.404547333836272],[0.195921897019168,0.404689337859305],[0.196292792046363,0.403548160978633],[0.196040499439115,0.404564467775441],[0.195978877869885,0.40459968966603],[0.201506538034194,0.39978841022349],[0.196438465197344,0.403446736511173],[0.195291176302536,0.40467259406887],[0.192014901110239,0.408875629248762],[0.197112690796909,0.403142265666699]],"C":[[-0.224193903983082,-0.569547869176079],[0.62539202848486,-1.20105900622116],[0.0214605421156577,-1.30062520939198],[0.273337982532793,-0.719724115402186],[0.391913536832572,-0.750757446757157],[0.0284535799305825,-1.29843344242836],[0.0172916705918674,-1.30673943013555],[0.855410803608179,-0.633321330215786],[0.0112111676683085,-1.3027741666245],[-0.00438288387029584,-1.29681269510955],[-0.00182025786809992,-1.29777935575752],[0.204736851329906,-1.35875144248399],[-0.000715689306172607,-1.29831888030052],[-0.000537411995243098,-1.29842036585009],[0.908732908062672,-1.43236811451955],[0.170279558270235,-1.3449573436408],[1.7714383704311,-1.48798006828955],[-0.00025738864357433,-1.29851213591677],[0.354841494928877,-1.28434881647391],[0.0332584049586716,-1.30632775418149],[0.0321053995434555,-1.30478407629754],[0.0325728880806883,-1.30343142750304],[0.0326965107744241,-1.30215310268427],[0.0329311721706405,-1.30091045381071],[0.0327173106779435,-1.2996257887118],[0.0325641538183883,-1.29834640522803],[0.0317247525766114,-1.29756142389278],[0.0322104060038623,-1.2965188392847],[0.0327356095429902,-1.29550032816936],[-0.000747444978550282,-1.29834248598601],[-0.000966796429806127,-1.29788917222778],[0.767982752775835,-1.15796824738418],[1.06343077105157,-1.22054200641321],[-0.000213467184236926,-1.29769513079361],[-0.00027355855112049,-1.29838385884048],[0.533602561227144,-1.27614781168707],[-2.41567756686378e-05,-1.29842286443364],[-2.37692073715712e-05,-1.29862570567247],[6.25813496352157e-06,-1.29883500208398],[-0.000125725641781704,-1.29902470700295],[-0.000898649969812315,-1.29791924638291],[-0.000957162878244766,-1.29784115009141],[8.84970459119616e-06,-1.29861802156141],[-0.000947564977301585,-1.29789571399324],[-0.000917759974506216,-1.29789137055101],[-0.000289108843528563,-1.29956434218045],[-2.83988272679059e-05,-1.2986426601894],[-0.000204393267089376,-1.29810144806794],[-0.000383314743825358,-1.29595099755805],[-0.000401399568826177,-1.29862290075992]],"d":[[0.172282482875765,0.0193313190504906],[0.71938464283732,0.729711417931708]],"df":[0.522766782634537,0.588624904001945],"lambda":[[0,0],[0,0],[0,0],[0,0],[0,0],[66.0217694161296,0],[14.4007863350688,0],[0,0],[0,0],[0,0],[0,0],[0,0],[0,0],[0,0],[0,0],[0,0],[0,0],[0,0],[0,0],[0,0],[0,0],[0,0],[0,0],[0,0],[0,0],[0,0],[0,0],[0,0],[0,0],[0,0],[0,0],[0,0],[0,0],[0,0],[0,0],[0,0],[0,0],[0,0],[0,0],[0,0],[0,0],[0,0],[0,0],[0,0],[0,0],[0,0]],"rho":[0.000169810166668595,0.000169810166668595,0.000169810166668595,0.000169810166668595,0.000169810166668595,8.49050833342977e-05,8.49050833342977e-05,8.49050833342977e-05,8.49050833342977e-05,8.49050833342977e-05,8.49050833342977e-05,8.49050833342977e-05,8.49050833342977e-05,8.49050833342977e-05,8.49050833342977e-05,8.49050833342977e-05,8.49050833342977e-05,8.49050833342977e-05,8.49050833342977e-05,8.49050833342977e-05,8.49050833342977e-05,8.49050833342977e-05,8.49050833342977e-05,8.49050833342977e-05,8.49050833342977e-05,8.49050833342977e-05,8.49050833342977e-05,8.49050833342977e-05,8.49050833342977e-05,8.49050833342977e-05,8.49050833342977e-05,8.49050833342977e-05,8.49050833342977e-05,8.49050833342977e-05,8.49050833342977e-05,8.49050833342977e-05,8.49050833342977e-05,8.49050833342977e-05,8.49050833342977e-05,8.49050833342977e-05,8.49050833342977e-05,8.49050833342977e-05,8.49050833342977e-05,8.49050833342977e-05,8.49050833342977e-05,8.49050833342977e-05]}
