{"prog":[1.37298399405856,0.98500208051526,0.98500208051526,0.98500208051526,0.98500208051526,0.98500208051526,0.98500208051526,0.98500208051526,0.984993144850363,0.984993144850363,0.984993144850363,0.984993144850363,0.984993144850363,0.984993144850363,0.984993144850363,0.984993144850363,0.984993144850363,0.984993144850363,0.984993144850363,0.984993144850363,0.984926636676629,0.984926636676629,0.984926636676629,0.984926636676629,0.984926636676629,0.984926636676629,0.984926636676629,0.984926636676629,0.984758210321441,0.984758210321441,0.984758210321441,0.984758210321441,0.984758210321441,0.984758210321441,0.984758210321441,0.984758210321441,0.984758210321441,0.984758210321441,0.984758210321441,0.984758210321441,0.984758210321441,0.984758210321441,0.984758210321441,0.984758210321441,0.984758210321441,0.984758210321441,0.984758210321441,0.984758210321441,0.984758210321441,0.984758210321441],"mei":["Inf",0.000506550128337946,0.000636410905735434,0.00522291369796434,0.00214260037926211,0.00148840376193235,0.00658365307501185,0.000857188999742194,0.0160351109951549,0.0058248623831154,0.00388886114076917,0.0101920449562726,0.0207449178207134,0.00391713444056965,0.0010627008132104,0.0140122591606954,0.00768670959809386,0.0293236485753828,0.0208403551361486,0.00266522450377472,0.00756925314282582,0.0395476436216085,0.0192817048818215,0.0200040670222011,0.0212085470716444,0.0121440132542165,0.04415830685975,0.081148348665552,0.015019487900124,0.0230354248847779,0.0507222154330343,0.027202973082232,0.0663346565181861,0.0643743890676785,0.0560883499933643,0.154750515295412,0.0593892126865371,0.0716796962944197,0.0729416056377445,0.0326034725036305,0.0838029173741819,0.133979262714838,0.0350393084541989,0.0753025699886613,0.116403800574996,0.0628957497907947],"obj":[1.37298399405856,0.98500208051526,0.943451556270814,1.73157437349939,1.1495913300313,1,1,1,0.984993144850363,0.985104735992652,1.15329735638518,0.985033053777145,1.14833816618504,1.14795479851986,0.985020989549122,1.14767559510258,1.14765749470036,0.985021326734994,0.985025650649562,1.14799571914305,0.984926636676629,1,1.14705078587356,0.984992517713419,1.37297876510637,1.14785038501426,0.984965869701443,0.985245483212084,0.984758210321441,1,1.14597634010916,1.15163767539078,1.15561776086862,1,1.13858175960513,1.13044043563753,1,1.11486645199841,1.12993618171334,1.13900222772544,1.14027901125958,0.984904967232492,1.13915972764161,1.36856014240257,1,0.984874454949658,1.13810620531398,0.984900116253497,1,1.15216304289757],"X":[[0.76668792874708,0.606296065311482],[0.413555881873135,0.571446198642125],[0.607299146276736,0.336152409994079],[0.982873022738582,0.748701350760809],[0.940098648346052,0.209492681685251],[0,1],[0,1],[0,1],[0.413543137509407,0.571450007340956],[0.413651780198858,0.571452955793794],[0.948053162969304,0.205244193415881],[0.413586738539708,0.571446315237438],[0.936804992375589,0.211533173809455],[0.936100555709655,0.2118542428102],[0.413579469261348,0.571441520287774],[0.935636670379626,0.212038924722954],[0.935577082657503,0.212080412042856],[0.413582339892734,0.57143898684226],[0.413583233559326,0.571442417090236],[0.935540164371121,0.212455554771928],[0.413527281358625,0.571399355318004],[0,1],[0.933665358716649,0.213385427156912],[0.413561746485271,0.571430771228147],[0.76667365421381,0.606305110892564],[0.934536148539859,0.213314236474398],[0.413501374281834,0.571464495419609],[0.413765827389199,0.571479655822886],[0.41335467971137,0.571403530610071],[0,1],[0.934399005107638,0.211577335001521],[0.936691727929267,0.214945947461512],[0.938998388209269,0.216619372659351],[0,1],[0.929504252105111,0.209077507500016],[0.924985046835622,0.205455388801911],[0,1],[0.915280150573627,0.199586301424786],[0.925024919875439,0.204911261837899],[0.930900894155514,0.208101333569927],[0.931661710872166,0.208617300387418],[0.413767278199795,0.571137689032697],[0.93067504543715,0.20848468220446],[0.764099874610859,0.604460267791711],[0,1],[0.413574539050669,0.571299915898989],[0.929995282301931,0.208110923012047],[0.413589056631739,0.571311059621758],[0,1],[0.933727465026757,0.218435577870816]],"C":[[-0.832348289283405,-0.544594701101327],[-0.144380655195165,-1.0024207746256],[0.692419467978983,-1.01818930418672],[-1.07817003355165,0.0265930914583374],[0.0312315898834688,-0.572327347698248],[-0.5,-0.5],[-0.5,-0.5],[-0.5,-0.5],[-0.144319370933989,-1.0024269625289],[-0.144693597111192,-1.00233372405285],[0.104786337751987,-0.559070021252963],[-0.144489955515617,-1.00239511850564],[-0.000762361178076126,-0.577650122638272],[-0.00660168745967274,-0.578833529403392],[-0.144484158328486,-1.0024066114967],[-0.0102194966707682,-0.579623515443261],[-0.0108253995530928,-0.579717421233809],[-0.144504974614942,-1.00240713244554],[-0.144493798619583,-1.00240247286868],[-0.0139905281161223,-0.579627238095008],[-0.144474941396267,-1.00249796431431],[-0.5,-0.5],[-0.0299229656669043,-0.582735657409574],[-0.144466086786002,-1.00243355553766],[-0.832441027891046,-0.54460562044],[-0.0254119900560792,-0.581139223589631],[-0.1441101408189,-1.00244494394185],[-0.144987720358029,-1.00220884306549],[-0.143843478541285,-1.00263591396706],[-0.5,-0.5],[-0.0122210244892291,-0.582133530567511],[-0.0285438232650186,-0.576406846498757],[-0.0312823203017345,-0.571358074329065],[-0.5,-0.5],[-0.0145928838153378,-0.592308441176099],[-0.00619094372710269,-0.602190746342758],[-0.5,-0.5],[-0.00269865617778706,-0.622427554249493],[-0.00170572479722941,-0.602340272381438],[-0.000494758974566217,-0.590117360226883],[-0.00113546722039873,-0.588485278473815],[-0.146423024503594,-1.00259837965752],[-0.00458095521330051,-0.590378097086664],[-0.826733524544136,-0.550779166280842],[-0.5,-0.5],[-0.145059103300177,-1.00257250674283],[-0.0046958512508099,-0.591798618619226],[-0.145064129963418,-1.00254776538833],[-0.5,-0.5],[-0.0692422706041241,-0.580438919374949]],"d":[[0.0301778788401349,0.014142135623731],[0.249552617942814,0.455310407820684]],"df":[0.476453968773704,0.574393519952198],"lambda":[[0,0],[0,0],[0,0],[0,0],[0,0],[0,0],[0,0],[0,0],[0,0],[0,0],[0,0],[0,0],[0,0],[0,0],[0,0],[0,0],[0,0],[0,0],[0,0],[0,0],[0,0],[0,0],[0,0],[0,0],[0,0],[0,0],[0,0],[0,0],[0,0],[0,0],[0,0],[0,0],[0,0],[0,0],[0,0],[0,0],[0,0],[0,0],[0,0],[0,0],[0,0],[0,0],[0,0],[0,0],[0,0],[0,0]],"rho":[0.00035898021298674,0.00035898021298674,0.00035898021298674,0.00035898021298674,0.00035898021298674,0.00035898021298674,0.00035898021298674,0.00035898021298674,0.00035898021298674,0.00035898021298674,0.00035898021298674,0.00035898021298674,0.00035898021298674,0.00035898021298674,0.00035898021298674,0.00035898021298674,0.00035898021298674,0.00035898021298674,0.00035898021298674,0.00035898021298674,0.00035898021298674,0.00035898021298674,0.00035898021298674,0.00035898021298674,0.00035898021298674,0.00035898021298674,0.00035898021298674,0.00035898021298674,0.00035898021298674,0.00035898021298674,0.00035898021298674,0.00035898021298674,0.00035898021298674,0.00035898021298674,0.00035898021298674,0.00035898021298674,0.00035898021298674,0.00035898021298674,0.00035898021298674,0.00035898021298674,0.00035898021298674,0.00035898021298674,0.00035898021298674,0.00035898021298674,0.00035898021298674,0.00035898021298674]}
