{"prog":[1.64886372957119,1.64886372957119,1.64886372957119,1.20543017243162,0.952697766547254,0.9502386937794,0.9502386937794,0.9502386937794,0.9502386937794,0.868209311375102,0.868209311375102,0.868209311375102,0.776762784683402,0.776762784683402,0.763691075842289,0.763691075842289,0.763691075842289,0.763691075842289,0.763691075842289,0.755631765360968,0.755631765360968,0.755631765360968,0.755631765360968,0.608854160554827,0.608854160554827,0.60723074640718,0.6056285382443,0.6056285382443,0.6056285382443,0.6056285382443,0.6056285382443,0.600915625574442,0.600915625574442,0.600824919540803,0.600824919540803,0.600824919540803,0.600824919540803,0.600824919540803,0.600544598309297,0.600544598309297,0.600544598309297,0.600544598309297,0.600544598309297,0.600105796649683,0.600105796649683,0.600105796649683,0.600105796649683,0.600105796649683,0.600105796649683,0.600105796649683],"mei":["Inf",0.212202195500435,0.337054886464373,0.347004301536635,0.385800648295159,0.363384672641965,0.403232380583283,0.375702080102575,0.313624523352368,0.586618883215978,0.177452080278578,0.134803227290441,0.221247091136732,0.163341435662004,0.174383198215926,0.29186685710243,0.206893102501744,0.024355726371319,0.232976205359004,0.233113182828218,0.0230237089910002,0.03384078190686,0.0400611163739917,0.0519898099468824,0.232353853903466,0.0619042622534622,0.0957758148294301,0.00141904492800618,0.248048959286106,0.0158090780656283,0.0236439455446175,0.134984796220413,0.128262262307683,0.0344668505957062,0.00473765400377029,0.0492121076903347,0.00372091349543065,0.00906830140753138,0.221413784343356,0.0287811022597303,0.0339637230067103,0.100155054094462,0.221478702567114,0.233580051279287,0.0189385914204496,0.00339717828504993],"obj":[1.64886372957119,0.169353025324958,0.724794074456392,1.20543017243162,0.952697766547254,0.9502386937794,1,1.15696595848264,1,0.868209311375102,0.599202813747396,0.694967604236168,0.776762784683402,0.425214008532756,0.763691075842289,0.377958547207213,0.764773121520352,0.398281792426509,0.749321433575274,0.755631765360968,0.760322502702177,0.572677982008991,0.765144692314235,0.608854160554827,0.606316852020286,0.60723074640718,0.6056285382443,0.600992670365639,0.59949443537302,0.869342404509601,0.750321627273485,0.600915625574442,0.602620828268836,0.600824919540803,0.750715255012015,0.750369275086472,0.750434989639942,0.750805106801852,0.600544598309297,0.750929891257053,0.600621535169738,0.600654200465355,0.600609011459146,0.600105796649683,0.600635255845835,0.600368300251131,0.600646122612333,0.600422521627668,0.600650220950342,0.750805495096827],"X":[[0.777591534149272,0.871272195421921],[0.0443996926826424,0.124953332642315],[0.477570127220259,0.247223947236134],[0.720380778019405,0.485049394412211],[0.0230565984926784,0.929641168054575],[0.0216437425871706,0.928594951192229],[1,0],[0.156965958482644,1],[1,0],[0,0.868209311375102],[0,0.599202813747396],[0,0.694967604236168],[0,0.776762784683402],[0,0.425214008532756],[0,0.763691075842289],[0,0.377958547207213],[0,0.764773121520352],[0,0.398281792426509],[0,0.749321433575274],[0.00464828214343453,0.750983483217533],[0.0107885850089218,0.749533917693255],[0.155520233707828,0.417157748301162],[0.0130113587175984,0.752133333596637],[0.189598022518819,0.419256138036009],[0.187723754744412,0.418593097275875],[0.189069345610411,0.41816140079677],[0.189084122701099,0.416544415543201],[0.190597147893964,0.410395522471674],[0.194291668159024,0.405202767213996],[0,0.869342404509601],[0,0.750321627273485],[0.192571069316886,0.408344556257556],[0.190714702456117,0.411906125812719],[0.194530164905792,0.406294754635011],[0,0.750715255012015],[0,0.750369275086472],[0,0.750434989639942],[0,0.750805106801852],[0.194177270293096,0.406367328016201],[8.04100450498024e-05,0.750849481212003],[0.192621408813302,0.408000126356436],[0.194992237710878,0.405661962754478],[0.195180268855559,0.405428742603587],[0.193149579605455,0.406956217044228],[0.195276004833778,0.405359251012057],[0.195434496313832,0.404933803937299],[0.1953710202493,0.405275102363033],[0.1929348050443,0.407487716583367],[0.195421883283095,0.405228337667247],[0,0.750805495096827]],"C":[[-0.639126573885181,-0.136236167504047],[1.70565156996406,-1.48241533195127],[1.02533797724564,-1.21080709349981],[-0.0394120489513996,-0.745778619640504],[-0.770085359502427,-0.635235691924072],[-0.770573445048473,-0.637242965027121],[0.5,-0.5],[-0.734060703456309,-0.475361687877625],[0.5,-0.5],[-0.734599241090072,-0.746212591641572],[0.775550970276479,-1.1409559879972],[0.428933596869993,-1.01702002906224],[-0.218529107331873,-0.896639576330888],[0.24585531611158,-1.3191930469475],[-0.112981959884153,-0.916775940678847],[0.244428420436297,-1.35714733659301],[-0.121836251792314,-0.915122072600017],[0.224683166418546,-1.34137161382153],[0.00562063977096798,-0.938517389184696],[-0.0127266247955362,-0.936002201407576],[-0.006562301550931,-0.938082512660906],[0.0454253137234603,-1.30179286993977],[-0.0301488769901445,-0.934126153037132],[-0.00108693007323862,-1.28827688057608],[0.00148646502211597,-1.28953961081765],[-0.000358516571746625,-1.28939382543413],[-0.000220679654283518,-1.29073794442213],[0.000288710283227023,-1.29524824234989],[0.000360386139893754,-1.2980614651261],[-0.737421700733647,-0.744243783721466],[-0.00266409280429315,-0.93701745564567],[-0.000634533198606013,-1.29617110663697],[-0.000755770458635119,-1.29396124578503],[-0.00108730311479394,-1.2970825872978],[-0.00592452929610573,-0.936426605892245],[-0.00305876564339327,-0.936945951006202],[-0.00360308618351934,-0.9368473263241],[-0.00666876253264197,-0.93629169160026],[-0.000741421137533393,-1.2971607824225],[-0.00711669865788651,-0.936225050097891],[-0.000402657028374664,-1.29643288975991],[-0.000966721687247207,-1.29741639920669],[-0.000932870616659642,-1.29753219732035],[-9.19512791044963e-05,-1.29707987730729],[-0.00096829117652103,-1.2975511595551],[-0.000673338435704607,-1.29783397207943],[-0.000985869085720126,-1.29758225585138],[-0.000328392045572223,-1.29672992183619],[-0.000993011686985457,-1.29760028188553],[-0.0066719787269501,-0.936291108532409]],"d":[[0.316821958908617,0.0471674375760349],[0.616502306461368,0.608063537512891]],"df":[0.628947212117548,0.719183578703484],"lambda":[[0,0],[0,0],[0,0],[0,0],[0,0],[0,0],[0,0],[0,0],[0.777393885267495,0],[0,0],[0.891170198838857,0],[0.0721018358064417,0],[1.84409788199503,0],[0.0775818927900467,0],[-5.55111512312578e-17,0],[0.0814942176808062,0],[0.244482653042419,0],[0.570459523765644,0],[5.83946882611565,0],[1.77635683940025e-15,0],[1.57218079892532e-17,0],[0.344838478247072,0],[0.178497115096156,0],[0.0761081116133933,0],[0.210061367480211,0],[0.544478945326461,0],[1.21331410101896,0],[2.55098441240396,0],[0,0],[2.67534062277,0],[0,0],[5.35068124553999,0],[0,0],[0,0],[0,0],[0,0],[0,0],[0,0],[0,0],[0,0],[0,0],[0,0],[0,0],[0,0],[0,0],[0,0]],"rho":[0.551758387863317,0.551758387863317,0.551758387863317,0.551758387863317,0.551758387863317,0.551758387863317,0.551758387863317,0.551758387863317,0.275879193931658,0.275879193931658,0.137939596965829,0.137939596965829,0.0689697984829146,0.0689697984829146,0.0689697984829146,0.0344848992414573,0.0172424496207286,0.00862122481036432,0.00431061240518216,0.00431061240518216,0.00431061240518216,0.00215530620259108,0.00215530620259108,0.00215530620259108,0.00107765310129554,0.00053882655064777,0.000269413275323885,0.000134706637661943,0.000134706637661943,6.73533188309713e-05,6.73533188309713e-05,3.36766594154856e-05,3.36766594154856e-05,3.36766594154856e-05,3.36766594154856e-05,3.36766594154856e-05,3.36766594154856e-05,3.36766594154856e-05,3.36766594154856e-05,3.36766594154856e-05,3.36766594154856e-05,3.36766594154856e-05,3.36766594154856e-05,3.36766594154856e-05,3.36766594154856e-05,3.36766594154856e-05]}
