{"prog":[1.5533493812879,0.661153573659517,0.661153573659517,0.661153573659517,0.661153573659517,0.660231162042745,0.660231162042745,0.660231162042745,0.660231162042745,0.660231162042745,0.638014872477844,0.638014872477844,0.638014872477844,0.638014872477844,0.638014872477844,0.638014872477844,0.600385271717878,0.600385271717878,0.600385271717878,0.600385271717878,0.600385271717878,0.600106967660367,0.600106967660367,0.600106967660367,0.600106967660367,0.600106967660367,0.600106967660367,0.600106967660367,0.600106967660367,0.600106967660367,0.600106967660367,0.600106967660367,0.600106967660367,0.600106967660367,0.600106967660367,0.600106967660367,0.600106967660367,0.600106967660367,0.600106967660367,0.600106967660367,0.600106967660367,0.600106967660367,0.600007795390461,0.600007795390461,0.600007795390461,0.600007795390461,0.600007795390461,0.600007795390461,0.600007795390461,0.600007795390461],"mei":["Inf",0.0416416516480752,0.054773531135397,0.0829805123035477,0.121764088567127,0.100598469772329,0.0381114905527004,0.0098126111857026,0.0545275809335993,0.161153605866692,0.0383169302008988,0.229985644290901,0.0123638525426228,0.00444944881374971,0.00638683121213924,0.00311261091943275,0.000446853436122151,0.00242745340933935,0.0151745976863715,1.39471130192576e-05,0.0472053209083586,0.000269629415898263,0.0290280642233952,0.17133188735579,1.34787049292972e-05,0.181464106400847,0.158892074077669,9.58343297496734e-05,0.196280675864781,0.144501375567912,0.000205549802720368,0.185174500561406,0.0153393901575143,0.105351214273986,2.3007478561614e-05,0.179008555164878,0.194893539017395,0.196900696508452,0.0565161949033699,0.00286630692059443,0.156629706664825,0.163770075520827,9.89739791677629e-05,0.00981199251358269,"Inf",0.18911639675092],"obj":[1.5533493812879,0.661153573659517,0.650745590634352,0.415284298526888,1.10208868443549,0.660231162042745,1.22470695959694,1.22487886925829,1.22506478024007,0.616889085296566,0.638014872477844,0.776059189474197,0.595849510243379,0.596555705177807,0.597791685320206,0.599408591218509,0.600385271717878,0.775317033792724,0.599722369992818,0.602797000154484,0,0.600106967660367,0.626898473108711,0.839357946517645,0.60022063884323,0.624690991318946,0.60691008251759,0.623597645239209,0.534973745917746,0.618829208676064,0.600788645677772,0.604471736313906,0.607728082634771,0.608294122697329,0.600954187120068,0.616818622507713,0.616476342727693,0.616601201307808,0.62617168132865,0.620714359054964,0.618612353166953,0.613247687861227,0.600007795390461,0.775677781912662,0.626873466210481,0.600907632851943,0.775661965130656,0.600540079108941,1.22487169029913,0.613102842282386],"X":[[0.810753784591973,0.742595596695923],[0.244298025622102,0.416855548037415],[0.0454450180021685,0.605300572632184],[0.340698988409876,0.0745853101170122],[0.943549822611629,0.158538861823859],[0.244925404424727,0.415305757618018],[0.224706959596942,1],[0.224878869258295,1],[0.225064780240075,1],[0.248301365361289,0.368587719935278],[0.24440250375738,0.393612368720465],[0,0.776059189474197],[0.214199613066681,0.381649897176698],[0.197303157426895,0.399252547750912],[0.193452630604587,0.404339054715618],[0.194588604412227,0.404819986806283],[0.195348233288404,0.405037038429474],[0,0.775317033792724],[0.194629276517344,0.405093093475474],[0.191456738432334,0.41134026172215],[0,0],[0.194421066643175,0.405685901017192],[0.239868015292164,0.387030457816547],[0.214369908135181,0.624988038382464],[0.197030726058972,0.403189912784258],[0.237249850441727,0.387441140877218],[0.212548305078945,0.394361777438645],[0.235812852043353,0.387784793195856],[0.534973745917746,0],[0.230396362591264,0.3884328460848],[0.200249008413608,0.400539637264164],[0.208643307933389,0.395828428380516],[0.214309605106011,0.39341847752876],[0.215425096279692,0.392869026417637],[0.191579819423583,0.409374367696485],[0.227461169999538,0.389357452508175],[0.226627398737402,0.389848943990292],[0.227533567524951,0.389067633782857],[0.239998532672979,0.386173148655671],[0.232631207104373,0.388083151950591],[0.228475315890252,0.390137037276701],[0.222718185971141,0.390529501890086],[0.194947360414746,0.405060434975715],[0,0.775677781912662],[0.239675341430946,0.387198124779535],[0.200278848477335,0.400628784374608],[0,0.775661965130656],[0.196166460235447,0.404373618873494],[0.224871690299133,1],[0.221361016435878,0.391741825846507]],"C":[[-1.23728342968482,-0.291230080537618],[-0.0723210296880005,-1.26654992674757],[0.727081062862009,-1.13154596710993],[1.11335318138385,-1.37836123081124],[0.461338822943024,-0.584579161541158],[-0.0713451417720226,-1.26753267395671],[-0.880688364184591,-0.449506782308698],[-0.881090945827945,-0.449429494161111],[-0.881526473085689,-0.449345844695487],[0.068278007643484,-1.30248952467263],[-0.0266355962116535,-1.28533671934739],[-0.212942363807369,-0.897732134432652],[0.0329412879634935,-1.3084618817471],[0.00509662029515445,-1.30166886718378],[0.00232113840715742,-1.29908600854385],[0.000443912365521881,-1.29825605331506],[-0.000690547294118771,-1.29778406525138],[-0.207035821112293,-0.898883497110852],[8.70388684197643e-05,-1.29801903034081],[-0.00138319035071921,-1.29414350639521],[1.5,-1.5],[-0.000318830636707013,-1.2976193985612],[-0.00290951323012639,-1.29267075996211],[0.51493426337604,-1.06343549436495],[-0.000370752866846014,-1.2986167872177],[-0.002429412028778,-1.29360187082114],[-0.00086090507388431,-1.2993020065035],[-0.00250361245843489,-1.29401525297723],[0.47790192611191,-1.21380309117874],[-0.000493801712496744,-1.29603744018718],[-0.000138955994622936,-1.29946833360966],[-0.000265460857883759,-1.29978782534042],[-0.000330978919462821,-1.29929329469826],[-3.99432956898482e-05,-1.29924595597454],[-0.000227257493479127,-1.29570979986273],[-0.000953415983670547,-1.29666219031879],[-0.00170115812247773,-1.29665782301117],[-0.000165084030971263,-1.29685485199198],[-0.000129210367363908,-1.29327100357218],[-0.00110661157757963,-1.29527418865326],[-0.00401169663016704,-1.29559212217381],[-0.000386927549277383,-1.29788331779121],[-0.000248424898700694,-1.29792157068461],[-0.209908604967417,-0.898323978647053],[-0.00333096477162986,-1.29263334287717],[-0.000310795236394379,-1.29938495998312],[-0.20978271748256,-0.898348515849649],[-0.00086563633994291,-1.29800069623785],[-0.881074131198518,-0.449432722902011],[-0.00247015868031109,-1.29753764228492]],"d":[[0.209441221548127,0.0404486189054258],[0.609423367340465,0.59322007346139]],"df":[0.468937617165894,0.591594442887456],"lambda":[[0,0],[0,0],[0,0],[0,0],[0,0],[0,0],[0.424202456185982,0],[0.0932354076464585,0],[0,0],[0.409319947852265,0],[0.535978526335738,0],[0.65134599500648,0],[0.882080932347966,0],[0.970335981273926,0],[0.695757979120312,0],[0.872268076972232,0],[0.94148551885913,0],[1.07992040263292,0],[1.35679017018052,0],[1.9105297052757,0],[3.01800877546606,0],[-4.44089209850063e-16,0],[2.21495814038072,0],[-4.44089209850063e-16,0],[4.42991628076145,0],[-8.88178419700125e-16,0],[-8.88178419700125e-16,0],[-8.88178419700125e-16,0],[-8.88178419700125e-16,0],[-8.88178419700125e-16,0],[-8.88178419700125e-16,0],[-8.88178419700125e-16,0],[-8.88178419700125e-16,0],[-8.88178419700125e-16,0],[-8.88178419700125e-16,0],[-8.88178419700125e-16,0],[-8.88178419700125e-16,0],[-8.88178419700125e-16,0],[-8.88178419700125e-16,0],[-8.88178419700125e-16,0],[-8.88178419700125e-16,0],[-8.88178419700125e-16,0],[-8.88178419700125e-16,0],[-8.88178419700125e-16,0],[-8.88178419700125e-16,0],[-8.88178419700125e-16,0]],