{"prog":[1.28328943177669,1.28328943177669,1.02255143102784,0.740082466588375,0.740082466588375,0.740082466588375,0.740082466588375,0.740082466588375,0.740082466588375,0.740082466588375,0.740082466588375,0.740082466588375,0.740082466588375,0.740082466588375,0.604222696111939,0.604222696111939,0.604221723916785,0.604221723916785,0.604221723916785,0.604221723916785,0.604221723916785,0.604221723916785,0.604221723916785,0.604221723916785,0.604221723916785,0.604221723916785,0.604221723916785,0.604221723916785,0.601722200005856,0.601722200005856,0.600056130308799,0.600056130308799,0.600056130308799,0.600056130308799,0.600056130308799,0.600056130308799,0.600056130308799,0.600056130308799,0.600056130308799,0.600056130308799,0.600056130308799,0.600056130308799,0.600056130308799,0.600056130308799,0.600056130308799,0.600056130308799,0.600056130308799,0.600056130308799,0.600056130308799,0.600056130308799],"mei":["Inf",0.277278625010002,0.100778788041683,0.183333192973708,0.230711747978421,0.125710956904868,0.0483149527476591,0.0419458560163057,0.0358206915819253,0.0637137997839368,0.0176203333007226,0.118632626162516,0.00382984361691817,4.25788395235489e-05,0.00377999818722334,0.0287092934686086,0.123131436175687,0.0385943381964575,0.000122985153351683,0.0878472501952254,0.0416179251813289,1.82834095049392e-05,"Inf",0.10706208723744,5.0160328163625e-06,0.0155415993754312,0.112120643618638,0.143818523741527,0.119755363708443,0.134143621561009,0.00644716653399982,"Inf","Inf",0.0408237971981462,0.0702442876511852,0.017131070081729,"Inf",0.0367511671047885,"Inf",0.137405018832451,0.0306572772468883,0.142375990289662,0.0196964158338819,0.131706401555221,0.0770347635831597,"Inf"],"obj":[1.28328943177669,0.918876241352147,1.02255143102784,0.740082466588375,1.36746709068014,0,1,0.232599803751042,0.23227829033106,0.629740187249513,0.639854624238053,0.603951466550495,0.594767508776788,0.60083466944925,0.604222696111939,0.60584233427962,0.604221723916785,0.432767649164638,0.488804478288602,0.636838534175777,0.631360360697536,0.616248717213485,0.552234616998453,0.637556632389718,0.726604839189706,0.692527317850859,0.611891570009811,0.605333623642186,0.601722200005856,0.602272640838848,0.600056130308799,0.601285587328672,0.601079515100063,0.620521867461659,0.601047424429543,0.600542723157717,1.36743112823047,0.632379775504606,0.600978924545019,0.601379995622089,0.600218230810494,0.600715144973775,1.28326384582293,0.600545247899109,0.600709527141294,0.600690027686496,0.600379369681168,0.600441251036035,0.622454004020143,0.600221836596382],"X":[[0.585416059765363,0.697873372011323],[0.614145045451388,0.304731195900759],[0.105444129911588,0.917107301116248],[0.316475881053246,0.423606585535129],[0.948197870777966,0.419269219902174],[0,0],[1,0],[0,0.232599803751042],[0.23227829033106,0],[0.263518706835875,0.366221480413638],[0.26101403293168,0.378840591306373],[0.211993362484436,0.391958104066059],[0.194757743272549,0.400009765504239],[0.201823476151137,0.399011193298113],[0.206393340922515,0.397829355189424],[0.207892928101951,0.397949406177669],[0.206004482400772,0.398217241516012],[0.432767649164638,0],[0.0607986633066836,0.428005814981919],[0.252333529790342,0.384505004385434],[0.244592203466085,0.386768157231451],[0.226239429205247,0.390009288008238],[0,0.552234616998453],[0.253678094489183,0.383878537900535],[0.307516606964137,0.419088232225569],[0,0.692527317850859],[0.220148934364299,0.391742635645512],[0.209156173182157,0.396177450460029],[0.203039067692058,0.398683132313798],[0.203127108304808,0.39914553253404],[0.196636891831978,0.403419238476821],[0.201968927284755,0.399316660043917],[0.201408305314881,0.399671209785181],[0.232786320866175,0.387735546595484],[0.201025226522092,0.400022197907451],[0.199610104395693,0.400932618762023],[0.948169270393013,0.419261857837454],[0.247336029320931,0.385043746183675],[0.201016451628286,0.399962472916734],[0.200053971278042,0.401326024344047],[0.197504039122978,0.402714191687515],[0.197204020042783,0.403511124930991],[0.585398057854684,0.697865787968247],[0.199627069304979,0.40091817859413],[0.200137676159819,0.400571850981475],[0.196590904454506,0.404099123231989],[0.1990039362682,0.401375433412968],[0.19913129045215,0.401309960583885],[0.23531728093973,0.387136723080413],[0.198147292287317,0.402074544309065]],"C":[[-0.317615527988832,-0.670260793606342],[0.773299603559464,-1.02996476139241],[-0.887845444481631,-0.647795733706461],[-0.163603524270416,-1.22040047740284],[-0.472377076876432,-0.425134119094754],[1.5,-1.5],[0.5,-0.5],[1.14325994436114,-1.44589733129498],[1.10145057690945,-1.44604679584088],[0.0768982251721353,-1.29643971843119],[0.0169354950057669,-1.28835148099138],[0.00528960144859075,-1.30142765891948],[0.00666440371169119,-1.30206160893663],[0.000678509483332423,-1.30005735209709],[-0.00195960896703185,-1.29913359297241],[-0.00372088944628823,-1.29841680056804],[-0.00228132552489335,-1.29898518179017],[0.605548063427127,-1.31271216183651],[0.182998973889641,-1.31311454488178],[-0.00178537212474345,-1.2884836913461],[-0.00518750874902824,-1.29058504655539],[-0.00184306336748913,-1.29670847594019],[0.700665046721247,-1.19503692778857],[-0.00015949213066524,-1.28828469251568],[-0.145290128986472,-1.22979859005131],[0.445472526075798,-1.0204059140303],[-0.00142101375983611,-1.29807215411577],[-0.00149196662338758,-1.29929712296679],[-3.31284755433203e-05,-1.2998268969992],[-0.000930426493178649,-1.29942222172984],[-0.000219604897712555,-1.29858685079744],[4.56081919592011e-06,-1.29975475742282],[9.414374348371e-06,-1.29969761861904],[-0.000139566945400793,-1.29547167472389],[-0.000154006732873468,-1.29957109948303],[-4.98077703109945e-05,-1.29940884143577],[-0.472218486802551,-0.425194529245068],[-0.000854063270189054,-1.2905662021246],[-4.76789297584879e-05,-1.2996224064331],[-0.00113236342550571,-1.29891583076009],[-0.000273600734113644,-1.29881343434358],[-0.000984659450768866,-1.29828934653589],[-0.317564816170135,-0.670292455843422],[-4.63318309916194e-05,-1.29941364727347],[-6.83287494789298e-05,-1.29948710278262],[-0.00102160304880078,-1.2980559148889],[-4.95378153994031e-05,-1.29929519480231],[-9.27130326814907e-05,-1.29929704469902],[-7.46099453545757e-05,-1.29475093493369],[-0.000110722719240175,-1.29907371137786]],"d":[[0.194216966215412,0.0387013771289119],[0.657298201003635,0.651628495563621]],"df":[0.609704445833187,0.587476674061097],"lambda":[[0,0],[0,0],[0,0],[0,0],[0,0],[0,0],[0.190340345062647,0],[0.274178637974833,0],[0.326550435254413,0],[0.458517580064901,0],[0.722451869685876,0],[1.25032044892783,0],[1.35780608529183,0],[1.57277735801984,0],[2.00271990347585,0],[2.86260499438787,0],[-4.44089209850063e-16,0],[1.71977018182405,0],[5.15931054547215,0],[-8.88178419700125e-16,0],[6.8790807272962,0],[-8.88178419700125e-16,0],[-8.88178419700125e-16,0],[-8.88178419700125e-16,0],[-8.88178419700125e-16,0],[-6.37631625315336e-17,0],[-6.37631625315336e-17,0],[-6.37631625315336e-17,0],[-6.37631625315336e-17,0],[-6.37631625315336e-17,0],[-6.37631625315336e-17,0],[-6.37631625315336e-17,0],[-6.37631625315336e-17,0],[-6.37631625315336e-17,0],[-6.37631625315336e-17,0],[-6.37631625315336e-17,0],[-6.37631625315336e-17,0],[-6.37631625315336e-17,0],[-6.37631625315336e-17,0],[-6.37631625315336e-17,0],[-6.37631625315336e-17,0],[-6.37631625315336e-17,0],[-6.37631625315336e-17,0],[-6.37631625315336e-17,0],[-6.37631625315336e-17,0],[-6.37631625315336e-17,0]],