{"prog":[1.42834303318251,1.42834303318251,1.42834303318251,1.42834303318251,1.42834303318251,1,1,1,1,0.997283086048358,0.996359730180031,0.996359730180031,0.996359730180031,0.996359730180031,0.996359730180031,0.996359730180031,0.996359730180031,0.996359730180031,0.996359730180031,0.996359730180031,0.996359730180031,0.996359730180031,0.996359730180031,0.955773498326305,0.873719181214493,0.819590701319389,0.772498643190944,0.757316798432555,0.750044324995729,0.750044324995729,0.750044324995729,0.750044324995729,0.750044324995729,0.750044324995729,0.750044324995729,0.750044324995729,0.750044324995729,0.750044324995729,0.750044324995729,0.750044324995729,0.750044324995729,0.750044324995729,0.750044324995729,0.750044324995729,0.750044324995729,0.750044324995729,0.750044324995729,0.750044324995729,0.750044324995729,0.750044324995729],"mei":["Inf",0.0334139130544985,0.0211464384004652,0.0603214949939767,0.290779661631853,0.134338085642849,0.225636971379662,0.10124720692151,0.440851548084204,0.240771498032489,0.0919965891743544,0.267037247660152,0.285995018327443,0.0592449254400495,0.425736612713706,0.147594406929414,0.470505706935173,0.341475709124376,0.320491401417299,0.161132271768608,0.323321640208988,0.419880540593856,0.246956184294267,0.293471269243507,0.0955970288508245,0.192984476127856,0.227881821253608,0.135917482974718,0.285193116962363,0.259196082976501,0.285182801605345,0.0517998718859002,0.310815975442162,0.310822732700559,0.256313670934364,0.233003846826814,0.258982123663583,0.233150397650997,0.144890810933365,0.271557888248505,0.310679952002442,0.231634591269274,0.25891919936617,0.284794667782081,0.258954008232881,0.232994341054443],"obj":[1.42834303318251,0.941680974220317,0.409152148680098,1.86816628940128,1.05865041982817,1,0,1.42308800055882,1,0.997283086048358,0.996359730180031,1.37906699005787,0.996536950308824,0.996506290168839,1.30406138461011,1.21345086254218,0.996471756035035,1.23499095097846,0.996489682317105,0.953857883037674,1.0031359113905,1.22008980084319,0.932614051525928,0.955773498326305,0.873719181214493,0.819590701319389,0.772498643190944,0.757316798432555,0.750044324995729,0.88166876384876,0.804337822992666,0.853220592425024,0.855961551349865,0.816507080381107,0.900310204854585,1.24456581939675,0.823609101509398,0.855081976956041,0.947739956672588,0.997558565870416,0.962316672097979,1.00914906423271,0.913342790965088,0.833096851953418,0.866360835933455,0.954240498607495,0.961409525501508,0.914691311575853,0.962460474071654,1.01068025811601],"X":[[0.661368411691247,0.766974621491268],[0.588245029497949,0.353435944722368],[0.173550958920631,0.235601189759467],[0.943515575240253,0.924650714161026],[0.982863176731128,0.0757872430970397],[0,1],[0,0],[0.657142314531145,0.765945686027673],[0,1],[0,0.997283086048358],[0,0.996359730180031],[0.622126193410271,0.7569407966476],[0,0.996536950308824],[0,0.996506290168839],[0.563251967784969,0.740809416825142],[0.493185813336972,0.72026504920521],[0,0.996471756035035],[0.509989633005973,0.725001317972483],[0,0.996489682317105],[0.22081837009856,0.733039512939115],[0.0031359113905035,1],[0.497530408300648,0.722559392542546],[0.196288271479024,0.736325780046903],[0,0.955773498326305],[0.124666614626473,0.749052566588019],[0.0531475601715867,0.766443141147803],[0,0.772498643190944],[0,0.757316798432555],[0,0.750044324995729],[0.139834320014333,0.741834443834427],[0,0.804337822992666],[0,0.853220592425024],[0.0184626558326701,0.837498895517195],[0,0.816507080381107],[0.05763277789366,0.842677426960925],[0.513300991547486,0.731264827849265],[0.0824048310417176,0.741204270467681],[0.115117236029051,0.73996474092699],[0.0866364431347466,0.861103513537842],[0.113231362943274,0.884327202927142],[0.0992797114204065,0.863036960677572],[0.115551781392481,0.893597282840229],[0,0.913342790965088],[0.0418747868140155,0.791222065139402],[0.0717301671065209,0.794630668826934],[0.136649765446522,0.817590733160973],[0.0669699462074296,0.894439579294078],[0.118846719841492,0.795844591734361],[0.0634685752166742,0.898991898854979],[0.0975671472117265,0.91311311090428]],"C":[[-0.410284971167056,-0.474341754005324],[0.588452877675118,-1.02905081824916],[1.03614290859163,-1.41437214404165],[-1.41995996167704,0.245200583919442],[0.825128653326573,-0.528236269609746],[-0.5,-0.5],[1.5,-1.5],[-0.395000399262821,-0.481491184508246],[-0.5,-0.5],[-0.511633729642408,-0.505426446281864],[-0.515583973867556,-0.507267288075576],[-0.27838936075571,-0.539999629843343],[-0.514826016296834,-0.506914106669189],[-0.514957155352187,-0.506975213653937],[-0.115517005585873,-0.633948628729552],[0.0391206769318155,-0.737986012416566],[-0.515104860288878,-0.507044039424454],[0.00479553266593158,-0.714283663164595],[-0.51502818882892,-0.507008313035554],[0.0613276881450515,-0.913892319897001],[-0.503166805624926,-0.499990166059751],[0.0304771501693754,-0.730371417064738],[0.0321611736990627,-0.919295260118096],[-0.675344340818911,-0.586497019897096],[-0.0681024719791563,-0.923378487685475],[-0.179914646107799,-0.909740248235297],[-0.184484652798119,-0.90324584626815],[-0.060541649021218,-0.926471266811865],[-0.000367152138960229,-0.937433510541702],[-0.0117207039962596,-0.930128020886996],[-0.424170861196285,-0.853040666503419],[-0.687831489730283,-0.772014620661891],[-0.638473357280174,-0.798254730347084],[-0.503914882685211,-0.83331618768752],[-0.698083979017831,-0.786573217002775],[-0.00123139234179598,-0.701773843626953],[0.0114857219002314,-0.943825673261459],[0.0088758253393949,-0.939200204153885],[-0.79659618663874,-0.750994865693744],[-0.88154999665715,-0.705144056609066],[-0.814132075624761,-0.7453107434047],[-0.897146378757121,-0.688131681917583],[-0.769759837488379,-0.665804946192103],[-0.36709479065424,-0.872214145865821],[-0.413118201410974,-0.86341688328653],[-0.606026655842177,-0.812872234652714],[-0.844219125255311,-0.695492865297206],[-0.444680261487037,-0.852506842990087],[-0.84250431656565,-0.687785305753084],[-0.880514706821049,-0.656705098479674]],"d":[[0.13004504786172,0.0582667145022566],[0.781234965177806,0.474994146575112]],"df":[0.980702710607183,0.726651983580976],"lambda":[[0,0],[0,0],[0,0],[0,0],[0,0],[0,0],[0,0],[0,0],[0,0],[0,0],[0,0],[0,0],[0,0],[0,0],[0,0],[0,0],[0,0],[0,0],[0,0],[1.52809869903814,0],[5.32907051820075e-15,0],[5.39820669937242e-17,0],[5.39820669937242e-17,0],[5.39820669937242e-17,0],[5.39820669937242e-17,0],[2.4675313374056e-18,0],[2.4675313374056e-18,0],[2.4675313374056e-18,0],[2.4675313374056e-18,0],[2.4675313374056e-18,0],[2.4675313374056e-18,0],[2.4675313374056e-18,0],[2.4675313374056e-18,0],[2.4675313374056e-18,0],[2.4675313374056e-18,0],[2.4675313374056e-18,0],[2.4675313374056e-18,0],[2.4675313374056e-18,0],[2.4675313374056e-18,0],[2.4675313374056e-18,0],[2.4675313374056e-18,0],[2.4675313374056e-18,0],[2.4675313374056e-18,0],[2.4675313374056e-18,0],[2.4675313374056e-18,0],[2.4675313374056e-18,0]],"rho":[0.0210465290751877,0.0210465290751877,0.0210465290751877,0.0210465290751877,0.0210465290751877,0.0210465290751877,0.0210465290751877,0.0210465290751877,0.0210465290751877,0.0210465290751877,0.0210465290751877,0.0210465290751877,0.0210465290751877,0.0210465290751877,0.0210465290751877,0.0210465290751877,0.0210465290751877,0.0210465290751877,0.0210465290751877,0.0105232645375939,0.0105232645375939,0.0105232645375939,0.0105232645375939,0.0105232645375939,0.0105232645375939,0.0105232645375939,0.0105232645375939,0.0105232645375939,0.0105232645375939,0.0105232645375939,0.0105232645375939,0.0105232645375939,0.0105232645375939,0.0105232645375939,0.0105232645375939,0.0105232645375939,0.0105232645375939,0.0105232645375939,0.0105232645375939,0.0105232645375939,0.0105232645375939,0.0105232645375939,0.0105232645375939,0.0105232645375939,0.0105232645375939,0.0105232645375939]}
