{"prog":[1.64539476954969,1.64539476954969,1.27535289138913,0.918815850671105,0.918815850671105,0.918815850671105,0.915389367373859,0.915389367373859,0.737997027044357,0.737997027044357,0.737997027044357,0.737997027044357,0.737997027044357,0.608765052039432,0.601179580943227,0.601179580943227,0.600359931413748,0.599955755886271,0.599946184766283,0.599946184766283,0.599946184766283,0.599946184766283,0.599946184766283,0.599946184766283,0.599946184766283,0.599946184766283,0.599946184766283,0.599946184766283,0.599946184766283,0.599946184766283,0.599946184766283,0.599946184766283,0.599946184766283,0.599946184766283,0.599946184766283,0.599946184766283,0.599946184766283,0.599946184766283,0.599946184766283,0.599946184766283,0.599946184766283,0.599946184766283,0.599946184766283,0.599946184766283,0.599946184766283,0.599946184766283,0.599946184766283,0.599946184766283,0.599946184766283,0.599946184766283],"mei":["Inf",0.0780839893371407,0.0252758081438204,0.0770842020576539,0.00639202538590772,0.0183453060288935,0.0162919357856379,0.0298850764832968,0.0664179331098768,0.0115682211123232,0.00317441315561077,0.148906418278253,0.00116510576507344,0.169895486878871,0.147041653479922,0.269990299874868,0.000648233508340912,0.0700573143765146,0.0850470515724249,0.124471825389274,0.14506599968953,0.02070414010221,0.0340313686746309,0.000612711413504714,0.00103241704770829,0.0981874602859371,0.0126964247342196,0.269264088399437,0.191686128182994,0.0169800861808452,0.248726577802415,0.00924468030182897,0.228138396005029,0.0222812449892908,0.00344987023826189,0.248511514944056,0.00486571534115308,0.0902140483598491,0.207110300932103,0.269208055802805,0.227819966874021,0.248518281789255,0.248509958549433,0.013842774134246,0.184253002815178,0.227770483302375],"obj":[1.64539476954969,0.496632543717658,1.27535289138913,0.918815850671105,1.84292091989026,0.556440659846017,0.915389367373859,0.711185874316255,0.737997027044357,0.740161775115735,0.753824029571027,0.624945040385836,0.584013584324398,0.608765052039432,0.601179580943227,0.601350244393152,0.600359931413748,0.599955755886271,0.599946184766283,0.60223247950923,0.0863631518948417,0.780862973961765,0.614790910510879,0.627721804993781,0.628736164770252,0.636873455076808,0.654559900605345,0.664137427486175,0.635342059173399,0.693386014650373,0.710326619675683,0.634151890646032,0.716315786205616,0.717086830650045,0.667452386972279,0.71762916658766,0.717594589750432,0.677086809367428,0.708233063087328,0.621062304589029,0.74538734689285,0.776023612159398,0.674610474347811,0.641644827604324,0.716701726293929,0.681257168876392,0.681115781377624,0.823926852704899,0.714436828543743,0.679748581108158],"X":[[0.653836735341194,0.9915580342085],[0.0843210355854409,0.412311508132217],[0.885826904439793,0.389525986949337],[0.383408090473015,0.53540776019809],[0.939542510057693,0.903378409832571],[0.126603184552227,0.42983747529379],[0.380812292492153,0.534577074881706],[0.234531571247896,0.476654303068359],[0.253305123558484,0.484691903485872],[0.255436629050623,0.484725146065112],[0.261122526350433,0.492701503220594],[0.186058085031159,0.438886955354677],[0.174232980003866,0.409780604320532],[0.1932313469149,0.415533705124531],[0.193883703328094,0.407295877615133],[0.196154226246407,0.405196018146746],[0.195944755932071,0.404415175481677],[0.195835181388836,0.404120574497435],[0.196130079934829,0.403816104831454],[0.203185013634286,0.399047465874943],[0,0.0863631518948417],[0.278888690331128,0.501974283630638],[0.22509374603059,0.389697164480289],[0.241883934660619,0.385837870333162],[0.243146882476536,0.385589282293716],[0.253070180005555,0.383803275071253],[0.273141595738053,0.381418304867292],[0.2828300734328,0.381307354053375],[0.250836910892486,0.384505148280913],[0.312781906474343,0.38060410817603],[0.329285907397416,0.381040712278267],[0.211946126202836,0.422205764443196],[0.335192078827539,0.381123707378077],[0.335675033459361,0.381411797190684],[0.242314478477793,0.425137908494485],[0.336484193486249,0.381144973101411],[0.336114097913859,0.381480491836573],[0.254443369317546,0.422643440049882],[0.284843638244766,0.423389424842561],[0.215215239839754,0.405847064749275],[0.362286380383538,0.383100966509312],[0.390013269972929,0.386010342186469],[0.28399438315827,0.390616091189541],[0.240802423385738,0.400842404218586],[0.29483346038039,0.421868265913539],[0.264788484232149,0.416468684644242],[0.259262959153489,0.421852822224135],[0.432602903708509,0.391323948996391],[0.289226522595645,0.425210305948098],[0.275287604296794,0.404460976811364]],"C":[[-1.30813419506862,-0.0893101883149436],[0.135371091022316,-1.32288918321954],[-0.182585372165424,-0.563580200861759],[-0.184533033283083,-1.0663367664795],[-1.47604268687782,0.198832679557135],[0.0978066471820209,-1.2992113784943],[-0.179376414406312,-1.06920934889779],[0.0139722685720242,-1.21779561745441],[-0.00315787831507341,-1.20091027307426],[-0.00799746292537729,-1.19979366131141],[0.00497606537735129,-1.18906025495653],[0.019399863187067,-1.27276062941404],[0.0212984489462992,-1.30172272500167],[-0.0055442306337854,-1.28999338647493],[-0.00129729742310097,-1.2965191776615],[-0.00181345995793469,-1.2973397064037],[-0.000658921706701843,-1.29805401846285],[-0.000176980058241294,-1.29833514299826],[-0.000141513560955542,-1.29846554522351],[-0.000822196361781435,-1.29947697021322],[1.76948874116233,-1.49254140599479],[-0.00655230261305081,-1.1702429169789],[-2.83808928134288e-05,-1.29746892549394],[-0.00023018637934108,-1.29262129996987],[-0.000184491615908666,-1.29220049892216],[0.000456350404783923,-1.28865053003654],[0.0012089276040671,-1.27991374538983],[-0.00130382514162919,-1.27461185130681],[-0.000939117865572825,-1.28923663507939],[-0.00174117894096187,-1.2573079918218],[-0.00251285211154428,-1.24637876677593],[-0.0323782275762083,-1.27682113205855],[-0.00175158127627317,-1.24239098996566],[-0.00327630914783239,-1.24184731287583],[-0.0756402282406533,-1.26054145228097],[-0.00155531801165221,-1.24150689701343],[-0.00356196686910826,-1.24149994753168],[-0.0905498967231659,-1.25663109439314],[-0.129209320316212,-1.23960549668297],[-0.0245776375916786,-1.28897056057511],[-0.00344101436381317,-1.22198222804823],[-0.00410210600312721,-1.19888566497011],[-0.0413141298648064,-1.26676625963836],[-0.042095434201761,-1.28133955987182],[-0.138112380196315,-1.23510039685523],[-0.0961035177299022,-1.25644089332874],[-0.0960597297790932,-1.25482291439251],[0.00240291542667354,-1.15972029464484],[-0.136874496641771,-1.23554421434276],[-0.0814062151470619,-1.26062805315733]],"d":[[0.136437894133136,0.0477390876309685],[0.605841606769607,0.600997681706368]],"df":[0.581724436367527,0.625311350351395],"lambda":[[0,0],[0,0],[0,0],[0,0],[1.40111422095387,0],[0.767781388495982,0],[0.134448556038096,0],[2.93667699794583,0],[0,0],[8.54308219144014,0],[4.09535756020975,0],[3.05463214961868,0],[1.59982785747667,0],[1.07122389084313,0],[0.929245929197813,0],[0.787267967552493,0],[0.645290005907173,0],[0.503312044261852,0],[0.361334082616532,0],[0.247808258694351,0],[0.134282434772169,0],[0.0207566108499873,0],[-6.93889390390723e-18,0],[-6.93889390390723e-18,0],[-6.93889390390723e-18,0],[-6.93889390390723e-18,0],[-6.93889390390723e-18,0],[-6.93889390390723e-18,0],[-6.93889390390723e-18,0],[-6.93889390390723e-18,0],[-6.93889390390723e-18,0],[-6.93889390390723e-18,0],[-6.93889390390723e-18,0],[-6.93889390390723e-18,0],[-6.93889390390723e-18,0],[-6.93889390390723e-18,0],[-6.93889390390723e-18,0],[-6.93889390390723e-18,0],[-6.93889390390723e-18,0],[-6.93889390390723e-18,0],[-6.93889390390723e-18,0],[-6.93889390390723e-18,0],[-6.93889390390723e-18,0],[-6.93889390390723e-18,0],[-6.93889390390723e-18,0],[-6.93889390390723e-18,0]],