{"prog":[1.24979351461162,1.24979351461162,1.24979351461162,1.24979351461162,1.24979351461162,1.24979351461162,1.24979351461162,1.24979351461162,0.949306561804535,0.949306561804535,0.902000714524498,0.902000714524498,0.902000714524498,0.902000714524498,0.872572228903735,0.872572228903735,0.87256669124575,0.87256669124575,0.87256669124575,0.87256669124575,0.87256669124575,0.87256669124575,0.87256669124575,0.87256669124575,0.87256669124575,0.87256669124575,0.87256669124575,0.868551165518637,0.86647588821741,0.86647588821741,0.864683564609913,0.864683564609913,0.864683564609913,0.86221592972898,0.86221592972898,0.861324780936377,0.861324780936377,0.861324780936377,0.861324780936377,0.861324780936377,0.860899239526006,0.860899239526006,0.860899239526006,0.860899239526006,0.860899239526006,0.860899239526006,0.860899239526006,0.860899239526006,0.860899239526006,0.860899239526006],"mei":["Inf",0.121058658648072,0.0436055800013223,0.315522829436846,0.0202985741348938,0.11911920956088,0.182515405104984,0.0345205791928063,0.012078496128817,0.29855931888403,0.0967864112847294,0.305427069369986,0.215672628252055,0.00229290296574692,0.0152758494726541,0.0179116223787166,0.195276162394282,0.00122937574584583,0.00410100658520962,0.00216164325440178,0.0325629263873265,0.288442142444353,0.250862420747609,0.0256509487526265,0.00258523439263261,0.24985923171043,0.0181472024642145,0.00227450434901814,0.0786973852527919,0.00368215125576427,0.145020717961983,0.0119250174534768,0.320712946587977,0.0166444037509393,0.000621001162478928,0.00702845286114613,0.00191444670706034,0.000530082117908718,0.251529898982396,0.280757454921789,0.003614293700939,0.00708850718970035,0.28948241235751,0.00482263906747313,0.020183468384094,0.00115093003378462],"obj":[1.24979351461162,1.58194864020728,1.10829205290607,0.229409057467573,0.722436375152887,1.58496085269294,1.04262763876833,1.00517091571245,0.949306561804535,0.974093164128883,0.902000714524498,0.870090344819192,0.975568862289408,0.870911816023737,0.872572228903735,0.873062225741621,0.87256669124575,0.872934176513621,0.872639656273801,0.880275531007979,0.971565730931514,0.87537808958347,0.875079759594794,0.877094830534662,0.966029998168289,0.911128047356107,0.878586947101797,0.868551165518637,0.86647588821741,0.925365351966109,0.864683564609913,1.00421885958561,0.97469804680567,0.86221592972898,0.911955945337551,0.861324780936377,0.861252960463689,0.861726581523515,0.695895975027359,0.873047429499824,0.860899239526006,0.4565564316137,0.861062669762488,0.896309063412169,0.524406389408828,0.8649775034525,0.874206241395589,0.86119594844648,0.861520159871385,0.339456345509566],"X":[[0.345302657733043,0.904490856878574],[0.935362567616478,0.646586072590804],[0.77017808471112,0.338113968194955],[0.0908366203473035,0.138572437120269],[0.100675161187694,0.621761213965193],[0.938454392177663,0.646506460515279],[0.760199387069773,0.282428251698561],[0.754459793478208,0.250711122234239],[0.745758076211476,0.203548485593059],[0.748528646544341,0.225564517584543],[0.741276370768418,0.16072434375608],[0.736125935602618,0.133964409216574],[0.746497285739294,0.229071576550114],[0.737432264211565,0.133479551812172],[0.737809771726433,0.134762457177302],[0.738028309343136,0.135033916398485],[0.737770736917014,0.134795954328736],[0.737752768105803,0.135181408407818],[0.737714678270313,0.134924978003489],[0.739396967990429,0.140878563017551],[0.749575524512643,0.221990206418871],[0.739513114801062,0.135864974782407],[0.740438164266998,0.134641595327797],[0.742028162398543,0.135066668136119],[0.744265918848272,0.221764079320017],[0.738809452648162,0.172318594707946],[0.743827807415556,0.134759139686241],[0.733060417907998,0.135490747610639],[0.730417532300246,0.136058355917164],[0.743613402066161,0.181751949899948],[0.727447589809172,0.137235974800742],[0.758766803210385,0.245452056375229],[0.752626653302845,0.222071393502825],[0.723134400361182,0.139081529367799],[0.746233372919615,0.165722572417936],[0.71906394601037,0.142260834926008],[0.722205270123267,0.139047690340422],[0.720713249598857,0.141013331924659],[0.620404516804519,0.0754914582228395],[0.73809268778049,0.134954741719334],[0.720072677364917,0.14082656216109],[0.0266960169673113,0.429860414646389],[0.720689678347576,0.140372991414912],[0.742414999537254,0.153894063874915],[0.493771548042935,0.0306348413658928],[0.72904270816219,0.13593479529031],[0.739695348543855,0.134510892851735],[0.720006573089229,0.141189375357251],[0.720284120135566,0.141236039735819],[0.325821115578103,0.0136352299314635]],"C":[[-1.11888034868084,-0.56266236438556],[-0.482906809396984,-0.207023317833508],[0.302832670593218,-0.792504662342172],[1.62849951328024,-1.47254638807443],[0.653080933980955,-1.10327750472836],[-0.469726069963656,-0.201332750314459],[0.134002880655479,-0.842331174541235],[0.0375384028787891,-0.867934353212869],[-0.0556172444904044,-0.902412905778131],[-0.0163467392606568,-0.88882551370935],[-0.0579739220736156,-0.924677027464581],[0.00159701325391554,-0.940172143996425],[0.00372067109876245,-0.890268015200712],[0.00270553715880534,-0.938376864947826],[-0.00125804756702724,-0.937475820880525],[-0.00212664790746564,-0.937080056030199],[-0.00134669479857874,-0.937524390445532],[-0.00248087682001763,-0.937446839973104],[-0.00171311732417773,-0.937572303775287],[-0.0189496131853039,-0.933445354208671],[-0.0309512906537675,-0.888856881305703],[-0.00501344693613137,-0.934661061664607],[-0.00146359468751733,-0.933622965704504],[-0.00302483612219839,-0.931151201366049],[-0.00748201468825921,-0.896888935164283],[-0.0601284423111705,-0.924466894595603],[-0.00213843207438569,-0.92856016718639],[-0.00139099858867442,-0.944264681008462],[-0.00125369860813596,-0.947978352293538],[-0.0713748528482449,-0.914005336975157],[-0.00170078867159329,-0.951986291301317],[-0.00371270242947708,-0.864026226367065],[-0.0442835954252449,-0.884237416925873],[-0.00102651918186453,-0.957732967202988],[-0.0717269446975121,-0.915671782132197],[-0.00057687043392346,-0.962708896394151],[0.000118199087290716,-0.959085287617172],[-0.00117406291011068,-0.960687652072162],[0.231162709790082,-1.10939927526394],[-0.00190941429276753,-0.93700640193244],[-2.04940326700709e-05,-0.961663218702409],[0.226347824379017,-1.31450734659812],[-0.000164242156154293,-0.960901810804497],[-0.0497722138175382,-0.925136585566162],[0.489204581494016,-1.25525116483777],[3.39774789637204e-06,-0.950018461104921],[-0.000929080085495693,-0.934757611046815],[-0.000460596098705024,-0.961656094994535],[-0.000914933254981209,-0.961243167360276],[0.909096180177763,-1.39365468114816]],"d":[[0.0311406678320475,0.0341661839311817],[0.456551837165818,0.565717679245703]],"df":[0.713494456785157,0.585868525546408],"lambda":[[0,0],[0,0],[0,0],[0,0],[1.02314833170136,0],[0,0],[0,0],[0,0],[0.0870565245796282,0],[0.261169573738885,0],[0.609395672057398,0],[1.30584786869442,0],[0.208587104725424,0],[1.60149149799948,0],[0,0],[2.7858087865481,0],[4.44089209850063e-16,0],[-3.1241795904145e-16,0],[-3.1241795904145e-16,0],[-3.1241795904145e-16,0],[-3.1241795904145e-16,0],[-3.1241795904145e-16,0],[-3.1241795904145e-16,0],[-3.1241795904145e-16,0],[-3.1241795904145e-16,0],[-3.1241795904145e-16,0],[-3.1241795904145e-16,0],[-3.1241795904145e-16,0],[-3.1241795904145e-16,0],[-3.1241795904145e-16,0],[-3.1241795904145e-16,0],[-3.1241795904145e-16,0],[6.58356254043063e-17,0],[0.824739694875087,0],[1.11022302462516e-16,0],[1.11022302462516e-16,0],[1.11022302462516e-16,0],[1.64589063510766e-17,0],[1.64589063510766e-17,0],[1.64589063510766e-17,0],[1.64589063510766e-17,0],[1.64589063510766e-17,0],[1.64589063510766e-17,0],[1.64589063510766e-17,0],[1.64589063510766e-17,0],[1.64589063510766e-17,0]],