{"prog":[1.00742782431828,0.788633167834169,0.788633167834169,0.650796066697407,0.650796066697407,0.650796066697407,0.650796066697407,0.650796066697407,0.650796066697407,0.650796066697407,0.650796066697407,0.650796066697407,0.61139940624911,0.61139940624911,0.605887998091459,0.605211551698921,0.604665951817916,0.60454736167751,0.60454736167751,0.60454736167751,0.60454736167751,0.60454736167751,0.60454736167751,0.60454736167751,0.60454736167751,0.60454736167751,0.60454736167751,0.60454736167751,0.60454736167751,0.60454736167751,0.60454736167751,0.60454736167751,0.60454736167751,0.60454736167751,0.60454736167751,0.60454736167751,0.60454736167751,0.60454736167751,0.60454736167751,0.60454736167751,0.60454736167751,0.60454736167751,0.60454736167751,0.60454736167751,0.60454736167751,0.60454736167751,0.60454736167751,0.603204549541127,0.603204549541127,0.603204549541127],"mei":["Inf",0.239198278141734,0.169759428694684,0.200154982623734,0.240004012093724,0.127788346640152,0.120773732116677,0.0063395674933438,0.0224518067729091,0.0417804396457083,0.173245550595474,0.0968383355741097,0.165651430361246,0.0840533704964963,0.0268459015457943,0.0827283925022288,0.0806740833316909,0.103638029145234,0.00308869994265678,0.178213452125829,0.078724952602904,0.00816030848778551,0.137249764491843,0.114447928924947,0.12949608720622,0.168798633910513,0.168798164565113,0.0174122415523789,0.123105362856142,0.0844765364664397,0.168799408307044,0.00232250318473129,0.126746558892669,0.0844480130714012,0.174082788986402,0.167784407460208,0.147355657371076,0.126560090541325,0.105261832816531,0.189112495032338,0.167854015857121,0.125784457314586,0.12563426102667,0.167426973430639,0.186745772242266,0.166992921180399],"obj":[1.00742782431828,0.788633167834169,1.38479970328622,0.650796066697407,1.41475930896,0,0.414355772831427,0.509696320677843,0.613408008423202,0.555694163763546,0.582418105960845,0.548688330359493,0.61139940624911,0.612535706518622,0.605887998091459,0.605211551698921,0.604665951817916,0.60454736167751,0.604543425564955,0.660408294184945,0.667856176476833,0.702553391981581,0.769426922358039,0.617837770853122,0.615783251837394,0.753408316835869,0.682149240928076,0.620065026130626,0.652304252116757,0.652519608774595,0.653161162366128,0.38496067879381,0.712134409007825,0.768588900683762,0.633454958007933,0.761329431474903,0.55592575206687,0.678262284432487,0.595930133676236,0.614684692642913,0.660226282009035,0.705322624600504,0.645896562561969,0.613158931397378,0.630124735888894,0.7065565873409,0.641246951086646,0.603204549541127,0.613108208942539,0.630110731480323],"X":[[0.533472646557138,0.473955177761138],[0.0230808110588884,0.76555235677528],[0.961653343988968,0.423146359297248],[0.250486128467714,0.400309938229693],[0.766343833800951,0.648415475159049],[0,0],[0.414355772831427,0],[0.509696320677843,0],[0.613408008423202,0],[0.189415821058013,0.366278342705533],[0.198632113470991,0.383785992489854],[0.137695517373643,0.410992812985849],[0.202981766620675,0.408417639628435],[0.214167676282398,0.398368030236225],[0.211222986367216,0.394665011724243],[0.209344939695115,0.395866612003806],[0.209066813686809,0.395599138131107],[0.209017751491136,0.395529610186374],[0.209024264360502,0.395519161204453],[0.280243491090829,0.380164803094116],[0.219762155102409,0.448094021374423],[0.318760450130935,0.383792941850645],[0.00871937109872018,0.760707551259319],[0.196689593043091,0.42114817781003],[0.193435428752072,0.422347823085322],[0,0.753408316835869],[0.269890595848746,0.412258645079331],[0.199190907507706,0.42087411862292],[0.235251035417917,0.417053216698841],[0.219103863120176,0.43341574565442],[0.240174296701504,0.412986865664624],[0,0.38496067879381],[0.287950728004856,0.424183681002969],[0,0.768588900683762],[0.252187365319277,0.381267592688656],[0.376347625307308,0.384981806167595],[0.171645894273834,0.384279857793035],[0.295834654001106,0.382427630431382],[0.184068101544731,0.411862032131505],[0.219583270275594,0.395101422367319],[0.253113833844826,0.407112448164209],[0.235746522069793,0.469576102530711],[0.203635557103111,0.442261005458857],[0.215006974185908,0.39815195721147],[0.246597364916827,0.383527370972066],[0.236059013264865,0.470497574076035],[0.199385841954122,0.441861109132524],[0.198853386422527,0.4043511631186],[0.191426620735039,0.4216815882075],[0.217038769925924,0.413071961554399]],"C":[[-0.409039022048321,-0.990773424848731],[-0.149640702634432,-0.913396865196678],[-0.544639694255182,-0.396170004608321],[-0.0496560973031965,-1.2770086527998],[-1.04711133467612,-0.492274499969525],[1.5,-1.5],[0.644956817571214,-1.32830929352127],[0.491249389972215,-1.24020966068747],[0.53586968036462,-1.12373061520228],[0.105827257317218,-1.32996182239781],[0.0385145598448948,-1.31325359546662],[0.0678135847295979,-1.31212485216918],[-0.0133458776392956,-1.29199343405989],[-0.0108962962026634,-1.29543511892151],[-0.000277351808262771,-1.29962437855082],[-0.00103496706231865,-1.29946432172468],[-0.000202879222393593,-1.29979238932477],[-8.74787033389168e-06,-1.2998679070274],[6.8685447610628e-06,-1.29987345002868],[0.00464352412525426,-1.27693830818964],[-0.0243145385979477,-1.25091634319324],[-0.018272690924491,-1.25109475321795],[-0.0969724794525543,-0.921247994024694],[-0.0108880354219213,-1.28394741631583],[-0.0060987388552346,-1.28420505123859],[-0.0282251731473714,-0.932375908122542],[-0.094380150988897,-1.25720187582976],[-0.0144164409513417,-1.28318795863964],[-0.0612142274930851,-1.27072356477595],[-0.0399082617258688,-1.26414428858464],[-0.0628500255869301,-1.27175815599245],[0.233990387182307,-1.35180527578261],[-0.133963510351086,-1.23715258301224],[-0.152915995559256,-0.909271101745726],[0.0107920354632947,-1.29103655553872],[-0.00717557348083719,-1.21015147384549],[0.060967098061321,-1.3228666778735],[-0.00947834734368325,-1.26623096497468],[0.00779382659934524,-1.29648860048223],[-0.00915238660431722,-1.2956780534584],[-0.0673384829036605,-1.27019284166612],[-0.00889760661677164,-1.22392186126406],[-0.005102186572564,-1.26293776293383],[-0.0113108317287475,-1.2952470200201],[0.00512498108039861,-1.29209649533133],[-0.00707030639091871,-1.22290817504498],[0.00153714836958269,-1.26500404626442],[-0.00393702875905422,-1.29695746759293],[-0.00337343010824603,-1.28554048704076],[-0.0348835946661411,-1.28226572692664]],"d":[[0.134203882263293,0.0414113688220026],[0.735441421409416,0.707693716953732]],"df":[0.797133635402349,0.733059319765817],"lambda":[[0,0],[0,0],[0,0],[0,0],[0,0],[0,0],[0.211654514634436,0],[0.365712754014015,0],[0.908221431850798,0],[0.694687389622069,0],[0.48115334739334,0],[0.476715718461136,0],[0.460156245464038,0],[0.45691017790574,0],[0.456770211980398,0],[0.456630246055056,0],[0.456490280129713,0],[0.456350314204371,0],[0.456210348279029,0],[0.456070382353686,0],[0.455930416428344,0],[0.455790450503002,0],[0.45565048457766,0],[0.455510518652317,0],[0.455370552726975,0],[0.455230586801633,0],[0.455090620876291,0],[0.454950654950948,0],[0.454810689025606,0],[0.454670723100264,0],[0.454530757174922,0],[0.454390791249579,0],[0.454250825324237,0],[0.454110859398895,0],[0.453970893473552,0],[0.578672119063076,0],[0.828074570242124,0],[1.32687947260022,0],[1.19440368862343,0],[1.06192790464665,0],[0.929452120669859,0],[0.796976336693072,0],[0.664500552716285,0],[0.638532012249905,0],[0.134592331090965,0],[1.13220213580716,0]],"rho":[0.5,0.5,0.5,0.5,0.5,0.5,0.25,0.125,0.0625,0.0625,0.0625,0.0625,0.0625,0.0625,0.0625,0.0625,0.0625,0.0625,0.0625,0.0625,0.0625,0.0625,0.0625,0.0625,0.0625,0.0625,0.0625,0.0625,0.0625,0.0625,0.0625,0.0625,0.0625,0.0625,0.0625,0.03125,0.015625,0.0078125,0.0078125,0.0078125,0.0078125,0.0078125,0.0078125,0.0078125,0.0078125,0.00390625]}
