{"prog":[1.02510999336026,1.02510999336026,1.02510999336026,1.02510999336026,1.02510999336026,1.02510999336026,1.02510999336026,1.02510999336026,1.02510999336026,1.02510999336026,0.927082758843302,0.927082758843302,0.927082758843302,0.927082758843302,0.914060527868429,0.914060527868429,0.914060527868429,0.847661629699329,0.847661629699329,0.802137254277375,0.802137254277375,0.802137254277375,0.802137254277375,0.662476968793036,0.662476968793036,0.662476968793036,0.661714091292865,0.661571290780281,0.661571290780281,0.661411802275463,0.661411802275463,0.661411802275463,0.661025555994705,0.660207951406826,0.660207951406826,0.656939843664147,0.651000818756095,0.644891108121901,0.639209536465085,0.639209536465085,0.611097530620701,0.611097530620701,0.611097530620701,0.604670319207218,0.602317411927086,0.602317411927086,0.602317411927086,0.602317411927086,0.602317411927086,0.602317411927086],"mei":["Inf",0.0431712397929015,0.052865197724712,0.0753925546657543,0.0717682922515822,0.0685812363910371,0.0470761773016649,0.0505940798528275,0.029357378580563,0.0272687465487317,0.0298567718896743,0.0300348229848584,0.148265707788342,0.194064480023692,0.00928365199912901,0.162599031095586,0.0185134714184279,0.0307665477863601,0.0156440777869465,0.00395088449451268,0.00737772039961258,0.00892646697513818,0.00152153659957535,0.0150988310455667,0.00297853373867105,0.00476063751424037,0.0105388030231034,0.00632776248575993,0.010970895378356,0.00630469609958806,0.0121585063439688,0.0155757471236274,0.0789121891599944,0.0109009668260146,0.00447788115454471,0.0591836561016597,0.0252455490395567,0.0326339534101914,0.084489164250668,0.118300581627921,0.00148110909315366,0.0665936201626181,0.0692447380748571,0.0277252870681216,0.0595951782363952,0.0171562878704888],"obj":[1.02510999336026,1.20055971112581,1.20979100218271,1.03023911935981,0.933258824947583,0.922967228063668,0,0.168050036512933,0.188927859131834,0.966289943109907,0.927082758843302,0.349663733139156,0.510773828986294,0.923806978684823,0.914060527868429,0.629258541527321,0.882347673827738,0.847661629699329,0.968883955271282,0.802137254277375,0.583673939570977,0.626254558041449,0.657925966574401,0.662476968793036,0.790965437179332,0.660995234578507,0.661714091292865,0.661571290780281,0.661833429963937,0.661411802275463,0.675522906526418,0.670536432754065,0.661025555994705,0.660207951406826,0.678307735741853,0.656939843664147,0.651000818756095,0.644891108121901,0.639209536465085,0.612846279725907,0.611097530620701,0.675581647711272,0.639993896648783,0.604670319207218,0.602317411927086,0.599392545437584,0.643235952408261,0.664413371853084,0.632694055058617,0.629970053319986],"X":[[0.135178263242165,0.889931730118099],[0.959382009729599,0.241177701396211],[0.75944970469909,0.450341297483617],[0.502593801776551,0.527645317583262],[0.272069640949385,0.661189183998198],[0.21414618624383,0.708821041819838],[0,0],[0.168050036512933,0],[0,0.188927859131834],[0.37720500469692,0.589084938412987],[0.181719644863699,0.745363113979602],[0.349663733139156,0],[0.510773828986294,0],[0.184142847401783,0.73966413128304],[0.172731353514917,0.741329174353511],[0.629258541527321,0],[0.142927668229511,0.739420005598227],[0.105730705467322,0.741930924232007],[0.387186515295854,0.581697439975428],[0.0572235412359521,0.744913713041423],[0.232978304773284,0.350695634797693],[0.258859697236993,0.367394860804455],[0.278095741781065,0.379830224793336],[0.280970138888617,0.381506829904419],[0.0448973458000741,0.746068091379258],[0.280024937122643,0.380970297455864],[0.280479437173369,0.381234654119496],[0.28039412562143,0.381177165158851],[0.280537414529622,0.381296015434315],[0.280211412572062,0.381200389703401],[0.288871249397685,0.386651657128734],[0.285849287761045,0.38468714499302],[0.279742039969372,0.381283516025333],[0.27879194433877,0.381416007068056],[0.290839745358532,0.387467990383321],[0.274872641489095,0.382067202175052],[0.268277165005836,0.382723653750259],[0.26152635538627,0.383364752735631],[0.255078673138375,0.38413086332671],[0.22378933355973,0.389056946166177],[0.21927388282017,0.391823647800531],[0.29135285628994,0.384228791421332],[0.25685940671066,0.383134489938124],[0.208920526245088,0.39574979296213],[0.204092406125559,0.398225005801527],[0.196107303323251,0.403285242114332],[0.259425143923775,0.383810808484486],[0.282927447806661,0.381485924046422],[0.24800138437855,0.384692670680067],[0.24456580891654,0.385404244403446]],"C":[[-0.913716476077038,-0.68974835287584],[-0.131457114630206,-0.521419475756436],[0.286902818621711,-0.720428861813237],[-0.53073332435205,-0.968989889248251],[0.405525331880702,-0.988806973437469],[0.228837712669213,-0.951714141590662],[1.5,-1.5],[1.24369367026845,-1.471759185228],[1.46929728975358,-1.46430626404386],[0.0564122516274502,-1.01069531976656],[-0.0411282284463499,-0.911411798989241],[0.802911040277821,-1.37773527372719],[0.49039615100152,-1.23911009562268],[0.00465676251310509,-0.91898838464407],[-0.00933739891248725,-0.920594934765246],[0.566692285488881,-1.10403368791491],[0.00740404193016644,-0.932829736975593],[-0.00419399753522506,-0.938359521589623],[-0.00827870030003919,-1.01171469069909],[-0.00485587757415288,-0.941829026451258],[0.166520441433442,-1.32273368123881],[0.0715975286450062,-1.29801267340085],[0.0067710099803503,-1.27839175873668],[-0.00169223746101604,-1.27550831978919],[-0.00601581391160379,-0.941366631365819],[0.00101508207835854,-1.27644766704585],[-0.000316570339557287,-1.2759914238213],[-3.10287790970531e-05,-1.27608310307846],[-0.000611689367167434,-1.27591210766295],[-8.37276539332743e-05,-1.27616782715435],[-0.0268969101066446,-1.26705389731103],[-0.0173608345829253,-1.27030598516362],[-0.000322971406636063,-1.27636727148113],[-0.000634751135015876,-1.27679688132407],[-0.0310655753298588,-1.2652807989481],[-0.00223391309781179,-1.27846968398294],[-0.00252005643934927,-1.28154996759648],[-0.00214020371913659,-1.28463543179832],[-0.00187581271884202,-1.28737835034984],[0.00285212116609318,-1.29855302682474],[-0.00086642446190377,-1.29839319333725],[-0.01688647144281,-1.2674817489746],[0.00106046329220183,-1.2872312078041],[-0.000374566957875466,-1.29973431508391],[-0.0003153895299014,-1.29976313451625],[0.000556535862767271,-1.29890293907607],[-0.00288491963176923,-1.28538785799061],[-0.00214734905101449,-1.27442054903206],[2.03889716348105e-05,-1.29050686247136],[-0.00043458831943366,-1.29165113350481]],"d":[[0.102628836875906,0.0408028897162258],[0.822515546378572,0.687702737230247]],"df":[0.806823265394962,0.641469150508611],"lambda":[[0,0],[0,0],[0,0],[0,0],[0,0],[0,0],[1.40509040320451,0],[0,0],[0,0],[0,0],[0.231976995365404,0],[0,0],[0,0],[0.737665876533702,0],[0,0],[0,0],[0,0],[0,0],[0,0],[1.34919360513704,0],[0.674802054274767,0],[0.000410503412490826,0],[0.404941659852969,0],[0.152622033122981,0],[0.961684346003938,0],[0.45704509254396,0],[0.323576300635245,0],[0.190107508726529,0],[0.0566387168178139,0],[6.93889390390723e-18,0],[6.93889390390723e-18,0],[6.93889390390723e-18,0],[6.93889390390723e-18,0],[6.93889390390723e-18,0],[6.93889390390723e-18,0],[6.93889390390723e-18,0],[4.54651657526559,0],[1.7842123477373,0],[0,0],[0,0],[0,0],[0,0],[1.77432821219663,0],[5.32298463658988,0],[1.30092907342847,0],[8.39824192221498,0]],