{"prog":["Inf","Inf",1.42919519844679,1.01083725148599,1.01083725148599,1.01083725148599,1.01083725148599,1.01083725148599,1.01083725148599,1.01083725148599,0.610288294100282,0.610288294100282,0.610288294100282,0.610288294100282,0.610288294100282,0.610288294100282,0.610288294100282,0.599913072969033,0.599913072969033,0.599913072969033,0.599804443094862,0.599796732678941,0.599796732678941,0.599796732678941,0.599796732678941,0.599796732678941,0.599791610025166,0.599791610025166,0.599791610025166,0.599791610025166,0.599791610025166,0.599791610025166,0.599791610025166,0.599791610025166,0.599791610025166,0.599791610025166,0.599791610025166,0.599791610025166,0.599791610025166,0.599791610025166,0.599791610025166,0.599791610025166,0.599791610025166,0.599791610025166,0.599791610025166,0.599791610025166,0.599791610025166,0.599791610025166,0.599791610025166,0.599791610025166],"mei":["Inf",0.0330772865563626,0.0655126980392044,0.052215701758019,0.0242600237845939,0.000671331465666783,0.0104909899776023,0.000275840025620126,2.19379564032505e-05,8.8479909242044e-05,4.38671974613627e-06,6.09482280708075e-09,"Inf","Inf","Inf","Inf","Inf","Inf","Inf","Inf","Inf","Inf","Inf","Inf","Inf","Inf","Inf","Inf","Inf","Inf","Inf","Inf","Inf","Inf","Inf","Inf","Inf","Inf","Inf","Inf","Inf","Inf","Inf","Inf","Inf","Inf"],"obj":[0.225619205223773,0.618370070750446,1.42919519844679,1.01083725148599,1.09560151457684,0.669881343503397,0.512964452127393,0.54222089999301,0.341965964003398,0.561395759328169,0.610288294100282,0.415122437003136,0.531918606861899,0.596197750372387,0.551705593764128,0.609439783565959,0.597759559714202,0.599913072969033,0.59996123488836,0.599954091426311,0.599804443094862,0.599796732678941,0.599743406174263,0.599770941424897,0.599748210910638,0.599879583333204,0.599791610025166,1.00761941140188,0.599878163248885,0.599830655466786,0.599787312795616,0.604431252393409,0.599952300543321,0.599975421555039,0.599930127838746,0.6005042450335,0.60247184868445,0.600687437395193,0.600309170252031,0.599962557092035,0.600038312350066,0.60464971407093,0.599852026612819,0.59987353177064,0.600370044719601,0.600250920740387,0.600756788467417,0.610278763133467,1.00893661402364,0.602987642014708],"X":[[0.147876374686108,0.0777428305376654],[0.135509240598304,0.482860830152142],[0.863927961491032,0.565267236955759],[0.502613658575018,0.508223592910968],[0.813131372135396,0.282470142441446],[0.161523938488437,0.50835740501496],[0.072478448555039,0.440486003572354],[0.130795676114321,0.411425223878689],[0,0.341965964003398],[0.163092948710036,0.398302810618133],[0.21187799381608,0.398410300284202],[0.415122437003136,0],[0.531918606861899,0],[0.196488842534083,0.399708907838304],[0.446474091811296,0.105231501952832],[0.241304764754941,0.368135018811018],[0.192350959566391,0.405408600147811],[0.194385334891044,0.405527738077989],[0.194719858686769,0.405241376201591],[0.194857634660125,0.405096456766186],[0.194688115565466,0.405116327529396],[0.194738035867178,0.405058696811763],[0.194712237943763,0.4050311682305],[0.194647565349689,0.405123376075209],[0.194776354714824,0.404971856195814],[0.194813892970559,0.405065690362645],[0.194856102424812,0.404935507600354],[0.499967347499385,0.507652063902497],[0.194456537361263,0.405421625887621],[0.195197942829787,0.404632712636999],[0.195310474864113,0.404476837931504],[0.208505867774642,0.395925384618768],[0.196506782381182,0.403445518162139],[0.195146732615137,0.404828688939902],[0.197028349590258,0.402901778248488],[0.19575805976509,0.404746185268411],[0.200477185011997,0.401994663672453],[0.195605417597735,0.405082019797458],[0.196551905630134,0.403757264621897],[0.19497584210293,0.404986714989105],[0.195294505650176,0.40474380669989],[0.206950335580681,0.397699378490249],[0.196265924820524,0.403586101792295],[0.196687330871046,0.403186200899593],[0.198415799957504,0.401954244762097],[0.196749849778432,0.403501070961955],[0.199937981915945,0.400818806551472],[0.217244013623227,0.393034749510241],[0.501052635282233,0.507883978741409],[0.20375129917084,0.399236342843868]],"C":[[1.56880869146293,-1.47208863010969],[0.236391092069302,-1.24848266441726],[-0.161838543198239,-0.434101428178352],[-0.517175184303362,-0.989088289822502],[-0.16233279450413,-0.759027990278318],[0.292325308122739,-1.21548276606164],[0.194596708369482,-1.30071895515191],[0.0767092324500671,-1.31362177626617],[0.358533690881302,-1.38305927946323],[0.0442465648422302,-1.31475556113476],[-0.00866189565919545,-1.29637694836393],[0.643249860404051,-1.32767336229658],[0.478750495914734,-1.2170625956741],[0.00524621138351755,-1.30162492375433],[0.877981186952272,-1.28958721633803],[0.0726648453763321,-1.30624861843157],[0.00242054110498918,-1.29864497528008],[-0.000106087566035529,-1.29776159522865],[-0.000184769755315117,-1.29786360364725],[-0.00018406071024557,-1.29792736293014],[-7.92296806206849e-06,-1.29797729882666],[-1.58112989184778e-06,-1.29800454952375],[5.96385826164836e-05,-1.29803689715677],[3.16677289481371e-05,-1.29798737546086],[5.17674706891902e-05,-1.29805996733332],[-9.82191453284265e-05,-1.29796933359669],[-1.09555672700434e-07,-1.29805833403225],[-0.512951774458236,-0.992322033449964],[-7.43091478601077e-05,-1.29781996034011],[-4.94738130369932e-05,-1.29817013097904],[2.82955013619635e-06,-1.29825230598529],[-0.000330609699158491,-1.29976839291802],[-0.000104828040585814,-1.29861679835308],[-0.000216976381323009,-1.29803148536084],[1.2136900455928e-05,-1.29884998654195],[-0.000833218191300611,-1.29785930754768],[-0.00258860489365365,-1.29820918866854],[-0.00104225705914862,-1.29764707784323],[-0.000551796470161181,-1.29834741965821],[-0.000198213073594911,-1.29797018167859],[-0.000291052783262746,-1.29804250700094],[-0.00228389021777248,-1.29900676295151],[-8.48998489411112e-06,-1.29859794519444],[2.44233984627584e-05,-1.29875498127898],[-0.000239288937444404,-1.29906395544496],[-0.000453412853575696,-1.29847638234472],[-0.000233811353359537,-1.29936908770203],[-0.00209239070457379,-1.29832872422229],[-0.514685265092903,-0.991000120814526],[-0.00174622338555674,-1.29909575063885]],"d":[[0.132492484701771,0.0343635493269975],[0.673055420207912,0.745639702940336]],"df":{},"lambda":[[0,0],[0,0],[0,0],[0,0],[2.77521514654381,0],[0,0],[3.20153736416594,0],[1.9480442310243,0],[0.694551097882655,0],[0,0],[0.759197547856352,0],[2.27759264356906,0],[0,0],[1.4011397841626,0],[1.27832137048562,0],[1.06441196440415,0],[0.851323425403742,0],[0.842150942658018,0],[0.840320456085549,0],[0.838489969513079,0],[0.83665948294061,0],[0.896591092908803,0],[0.892930119763864,0],[0.892676452827517,0],[0.892422785891169,0],[0.892169118954822,0],[0.777616670202809,0],[0.784168255315635,0],[0.797271425541286,0],[0.823477765992589,0],[0.875890446895194,0],[0.980715808700404,0],[1.19036653231082,0],[1.60966797953166,0],[1.57719861167922,0],[1.54472924382678,0],[1.51225987597434,0],[1.47979050812189,0],[1.44732114026945,0],[1.41485177241701,0],[1.38238240456456,0],[1.34991303671212,0],[1.31744366885968,0],[1.28497430100723,0],[1.25250493315479,0],[1.22003556530235,0]],