{"prog":["Inf","Inf","Inf","Inf","Inf","Inf","Inf","Inf","Inf","Inf","Inf",1.20100636709246,1.19937154039574,1.19937154039574,1.19937154039574,0.655225728965563,0.655225728965563,0.654713832326728,0.654564680901339,0.654212579486039,0.654212579486039,0.653978509941933,0.653978509941933,0.653910573942651,0.653910573942651,0.653793833334991,0.653746115092299,0.653746115092299,0.646003152642445,0.646003152642445,0.646003152642445,0.646003152642445,0.641382698452111,0.641382698452111,0.641382698452111,0.641382698452111,0.641382698452111,0.641382698452111,0.641382698452111,0.641382698452111,0.641382698452111,0.641382698452111,0.641382698452111,0.641382698452111,0.608482273471864,0.608482273471864,0.608482273471864,0.608482273471864,0.608482273471864,0.608482273471864],"mei":["Inf",7.82362328435368e-05,7.4743113505433e-05,0.000441746639129933,0.000328577829668089,0.0448056966741424,3.59239652498734e-05,"Inf","Inf","Inf",5.14722365088664e-05,"Inf","Inf","Inf","Inf","Inf","Inf","Inf","Inf","Inf","Inf","Inf","Inf",2.1308707640346e-07,"Inf","Inf","Inf","Inf","Inf","Inf","Inf","Inf","Inf","Inf","Inf","Inf","Inf",4.57246084518978e-07,"Inf","Inf","Inf","Inf","Inf","Inf","Inf","Inf"],"obj":[0.738287935624432,1.08545185049657,1.14857581249638,0.666630081563869,0.344680182902301,0.518875772897292,0.667935423085727,0.968513744588984,1.10077626111057,0.659129380990243,0.657266252941836,1.20100636709246,1.19937154039574,0.656319376701516,0.65618831067722,0.655225728965563,0.65588716321596,0.654713832326728,0.654564680901339,0.654212579486039,0.654349386120419,0.653978509941933,0.655272703844074,0.653910573942651,0.654500549431322,0.653793833334991,0.653746115092299,0.599837889217831,0.646003152642445,0.655890149253631,0.64941590471723,0.648414888669357,0.641382698452111,0.66343581833866,0.647574088315034,0.650259382616959,0.650189811253201,0.643901674050748,0.649651761042364,0.648222445462153,0.658645675499329,0.60624819858116,0.650898061320322,0.651351486126056,0.608482273471864,0.620351491577084,0.615463137022638,0.646348058660288,0.614699737764196,0.615739591391192],"X":[[0.706311831033396,0.0319761045910362],[0.947484768714636,0.137967081781935],[0.451475854113576,0.697099958382803],[0.212002191988752,0.454627889575117],[0.231015748235168,0.113664434667133],[0.137176494761889,0.381699278135403],[0.212493661858931,0.455441761226796],[0.364091020414997,0.604422724173986],[0.409254760486622,0.691521500623944],[0.208521422847139,0.450607958143104],[0.207668868510924,0.449597384430911],[0.5081512113917,0.692855155700761],[0.506288273545649,0.693083266850093],[0.207205671585248,0.449113705116268],[0.207134499585289,0.449053811091931],[0.206692495732895,0.448533233232669],[0.206990493660569,0.448896669555391],[0.206449691485068,0.44826414084166],[0.206380573822686,0.448184107078653],[0.206223856839296,0.447988722646743],[0.206287049253095,0.448062336867324],[0.206114632315495,0.447863877626438],[0.206720440820389,0.448552263023685],[0.206083586520777,0.447826987421874],[0.206357516847731,0.448143032583591],[0.206029300406139,0.447764532928852],[0.206006957851064,0.447739157241235],[0.176536861137912,0.423301028079919],[0.202285068222512,0.443718084419933],[0.207158848103928,0.448731301149702],[0.203946055229272,0.445469849487958],[0.203462037176351,0.444952851493006],[0.200143729907242,0.441238968544869],[0.211230655587072,0.452205162751588],[0.203210223826938,0.444363864488095],[0.204492343312061,0.445767039304898],[0.204509152618126,0.445680658635076],[0.201131513919117,0.442770160131631],[0.204137586383672,0.445514174658692],[0.203475538611878,0.444746906850275],[0.20882547201375,0.449820203485579],[0.187481107853227,0.418767090727934],[0.204866899205424,0.446031162114898],[0.205093243075847,0.446258243050209],[0.188971110077619,0.419511163394244],[0.191682480338622,0.428669011238462],[0.190073452019782,0.425389685002856],[0.202468522170128,0.443879536490159],[0.189969577494831,0.424730160269365],[0.190135108789742,0.42560448260145]],"C":[[0.530943470781229,-1.00010112607744],[0.62293950960941,-0.58323769739835],[0.119638510008304,-0.810221201175111],[0.00225825492671988,-1.24836855261244],[1.4856666974783,-1.43371212035915],[0.0997147297334176,-1.33548827035575],[0.00308777794268766,-1.24741924580042],[0.157643207935424,-1.00211089935526],[0.196037019206995,-0.854308555193846],[0.000508956564147733,-1.25347128427191],[0.000124970839192162,-1.25473583296428],[-0.0348144264401684,-0.761734079580021],[-0.0283175290499065,-0.763307769282569],[5.46783436531917e-05,-1.25536268953964],[7.1418825487557e-05,-1.25544597382536],[-9.49398139540314e-05,-1.25609615089356],[3.90845141420293e-05,-1.25564671559623],[-0.000151091701207862,-1.25643778492121],[-0.000172790797541678,-1.25653806491073],[-0.000246142328026666,-1.25677782525167],[-0.000226093784038706,-1.25668579559144],[-0.000275989125458342,-1.25693470546286],[-0.000110171540043336,-1.25606752668336],[-0.000286880587720528,-1.25698054470338],[-0.000206006068845521,-1.25658439758722],[-0.000302120327033528,-1.25705885042516],[-0.000307759445713263,-1.25709078038986],[0.0185304736175697,-1.28965097628606],[-0.000564148049278734,-1.26219501273292],[-0.00056804701983737,-1.25572543102075],[-0.000599038019483966,-1.25996261975359],[-0.000611878000128241,-1.26062015937629],[-0.000662547798187085,-1.26525066001628],[-0.00131392754043924,-1.25089210092107],[-0.00113320340423673,-1.26124636086941],[-0.00105693543815411,-1.25947462819609],[-0.00123162612711475,-1.25954475701402],[-5.94313296896076e-05,-1.26350069940561],[-0.000859958475782185,-1.25984496600363],[-0.000972849345031057,-1.26079789403372],[-0.00154733390336925,-1.25405370677443],[0.00182514476487716,-1.28948495792139],[-0.00126799327965382,-1.25908575603239],[-0.0012796281250137,-1.25879034215437],[-0.000203404179936251,-1.28830030334364],[-0.00063383748563367,-1.27950070553507],[-0.000163908358087106,-1.28291569873045],[-0.000624790848980428,-1.26197745461553],[-0.000314532774871035,-1.28351585058399],[-0.000149483591820487,-1.28270946479507]],"d":[[0.0894115967077425,0.0386963956400645],[0.670909060336616,0.369714786474838]],"df":{},"lambda":[[0,0],[0,0],[0,0],[0,0],[0,0],[0,0],[0,0],[0,0],[4631.57275314882,0],[0,0],[4052.89311152058,0],[12158.6793345618,0],[0,0],[0,0],[0,0],[0,0],[0,0],[0,0],[0,0],[0,0],[0,0],[0,0],[0,0],[0,0],[0,0],[0,0],[0,0],[0,0],[0,0],[0,0],[0,0],[0,0],[0,0],[0,0],[0,0],[0,0],[0,0],[0,0],[0,0],[0,0],[0,0],[0,0],[0,0],[0,0],[0,0],[0,0]],"rho":[3.45374417485325e-06,1.72687208742662e-06,8.63436043713312e-07,4.31718021856656e-07,2.15859010928328e-07,1.07929505464164e-07,5.3964752732082e-08,2.6982376366041e-08,1.34911881830205e-08,1.34911881830205e-08,6.74559409151025e-09,3.37279704575513e-09,3.37279704575513e-09,3.37279704575513e-09,3.37279704575513e-09,3.37279704575513e-09,3.37279704575513e-09,3.37279704575513e-09,3.37279704575513e-09,3.37279704575513e-09,3.37279704575513e-09,3.37279704575513e-09,3.37279704575513e-09,3.37279704575513e-09,3.37279704575513e-09,3.37279704575513e-09,3.37279704575513e-09,3.37279704575513e-09,3.37279704575513e-09,3.37279704575513e-09,3.37279704575513e-09,3.37279704575513e-09,3.37279704575513e-09,3.37279704575513e-09,3.37279704575513e-09,3.37279704575513e-09,3.37279704575513e-09,3.37279704575513e-09,3.37279704575513e-09,3.37279704575513e-09,3.37279704575513e-09,3.37279704575513e-09,3.37279704575513e-09,3.37279704575513e-09,3.37279704575513e-09,3.37279704575513e-09]}
