{"prog":[1.19467821004211,1.19467821004211,1.19467821004211,1.19467821004211,1.19467821004211,1.19467821004211,1.19467821004211,1.19467821004211,1.19467821004211,0.626684041525668,0.626684041525668,0.613926823800967,0.613926823800967,0.613926823800967,0.613926823800967,0.613926823800967,0.613926823800967,0.613926823800967,0.599860954883744,0.599860954883744,0.599841868258033,0.599841868258033,0.599841868258033,0.599841868258033,0.599841868258033,0.599841868258033,0.599841868258033,0.599841868258033,0.599841868258033,0.599841868258033,0.599841868258033,0.599841868258033,0.599841868258033,0.599841868258033,0.599841868258033,0.599841868258033,0.599841868258033,0.599841868258033,0.599841868258033,0.599841868258033,0.599841868258033,0.599841868258033,0.599841868258033,0.599841868258033,0.599841868258033,0.599841868258033,0.599841868258033,0.599841868258033,0.599841868258033,0.599841868258033],"mei":["Inf",0.0394184624321088,0.0603573763030487,0.0824947353922461,0.0109479851695701,0.162237411523661,0.0127121037019202,0.00109630757208422,0.000243589500278538,0.00020869276847949,3.50165477606568e-05,"Inf","Inf","Inf","Inf","Inf","Inf","Inf","Inf","Inf","Inf","Inf","Inf","Inf","Inf","Inf","Inf","Inf","Inf","Inf","Inf","Inf","Inf","Inf","Inf","Inf","Inf","Inf","Inf","Inf","Inf","Inf","Inf","Inf","Inf","Inf"],"obj":[1.19467821004211,0.604417516599506,1.04133357352608,1.68361683907072,0.348559325344059,0.22718112977801,0.43190573708626,0.4872853884906,0.559234820081991,0.626684041525668,0.587123926458372,0.613926823800967,0.298984688312656,0.475636393703269,0.550971612523108,0.592403589813445,0.599473220030927,0.599862046564415,0.599860954883744,0.599905686648016,0.599841868258033,0.599830690275314,0.599822086128474,0.599827655154111,0.599930533440241,0.600063845284228,0.600206649735165,0.60014087603928,0.600473238357134,0.600501241273282,0.600578563116269,0.602613071228069,0.602109864572094,0.600777061754654,0.600606746278754,0.600757833501351,0.600510319946929,0.600913177790149,0.602834678387208,0.601447378608642,0.600876401836507,0.601162069008204,0.601140308529522,0.600860338620375,0.601285336278173,0.603408166865883,0.602205340302877,0.600962154956026,0.604262858270956,0.60133657997623],"X":[[0.311075488098682,0.883602721943428],[0.00912895364433735,0.595288562955169],[0.905857546573006,0.135476026953076],[0.782645343351794,0.900971495718921],[0.0462265238273485,0.302332801516711],[0.0352823368336963,0.191898792944313],[0.0538449984517154,0.378060738634544],[0.0783535311179878,0.408931857372612],[0.147614047026131,0.41162077305586],[0.222173063325198,0.40451097820047],[0.204202683682871,0.3829212427755],[0.206116709787689,0.407810114013278],[0.298984688312656,0],[0.475636393703269,0],[0.437525844033304,0.113445768489803],[0.187159694076121,0.405243895737324],[0.193671530317349,0.405801689713578],[0.193934183533287,0.405927863031129],[0.193951079710505,0.405909875173239],[0.194034821500011,0.405870865148005],[0.194111907207159,0.405729961050874],[0.193979269127894,0.40585142114742],[0.193972978603069,0.405849107525406],[0.194239160384174,0.405588494769936],[0.19405717716516,0.405873356275081],[0.194124893588607,0.405938951695622],[0.193879346882422,0.406327302852744],[0.195708100444503,0.404432775594777],[0.194790162239816,0.405683076117318],[0.19534065711306,0.405160584160222],[0.195257198451384,0.405321364664885],[0.197743114514844,0.404869956713225],[0.197968328396827,0.404141536175267],[0.19524953182969,0.405527529924963],[0.195217555590843,0.405389190687911],[0.195212447779932,0.405545385721419],[0.194965901930346,0.405544418016583],[0.195413407592922,0.405499770197226],[0.197687681376748,0.40514699701046],[0.196024150067302,0.405423228541339],[0.195375854918377,0.40550054691813],[0.195719283899109,0.405442785109095],[0.195585804648231,0.405554503881291],[0.195370151716723,0.405490186903653],[0.195820317508178,0.405465018769995],[0.19811936869533,0.405288798170553],[0.1969371414911,0.405268198811778],[0.1955276313426,0.405434523613426],[0.199024327212815,0.405238531058141],[0.19581899389355,0.40551758608268]],"C":[[-1.01709473732478,-0.622478270478333],[0.765750989660148,-1.14554818902013],[0.476580545809696,-0.661068351437744],[-0.620386484280676,-0.0757166304317622],[0.548825633864487,-1.4064579856219],[1.4173037618262,-1.46193000997407],[0.19013599224661,-1.35417079404484],[0.140916069139997,-1.32663546018713],[0.0550451682881627,-1.30877843230946],[-0.0302741073472518,-1.287009998448],[0.0365386125576903,-1.31167258580798],[-0.0164632277721236,-1.29120681285477],[0.934717021330099,-1.41060815615458],[0.529929712002543,-1.27377002098495],[0.946072300525808,-1.2957011934147],[0.00873599488078147,-1.30074863388097],[0.000444007249499279,-1.29781632697014],[5.54097730809389e-07,-1.29761210247226],[-6.23945096756007e-07,-1.29762015191597],[-5.88189610077894e-05,-1.29761932886947],[-8.2889323532731e-07,-1.29770376618606],[2.74129318181271e-05,-1.29765666710123],[3.72954867797759e-05,-1.29766098549269],[5.00021548555107e-07,-1.29776912148351],[-8.79066748399882e-05,-1.29760863065669],[-0.00023701590084646,-1.29752909318547],[-0.000345937896260307,-1.29730892180886],[-0.000405859588424429,-1.29813246944511],[-0.000751276801438661,-1.29747803444658],[-0.000821633503426344,-1.29768692872159],[-0.000904071084748603,-1.29758921779911],[-0.00328535668463625,-1.296977978813],[-0.00265834323474495,-1.29747815968966],[-0.00112306377156046,-1.29742504279324],[-0.000932906803397082,-1.29754971006254],[-0.00109902491079128,-1.29742504035183],[-0.000807842345714072,-1.29752202210008],[-0.00128520581347569,-1.29738353650292],[-0.00354676965644546,-1.29677549144529],[-0.00191734926817932,-1.29720653834951],[-0.00124192104157683,-1.29739758176401],[-0.00158141593449673,-1.297310109913],[-0.00154817745366342,-1.2972717374017],[-0.00122379882913864,-1.29740821214303],[-0.0017247361604194,-1.29725252180484],[-0.00421486704712809,-1.29648970582523],[-0.00281093671574162,-1.29697344933317],[-0.00134723835565631,-1.29739179244391],[-0.00521025849962975,-1.29617105012333],[-0.00178149601924182,-1.29721040900819]],"d":[[0.200310684511662,0.0366353064552499],[0.647321935265606,0.675032707191676]],"df":{},"lambda":[[0,0],[0,0],[0,0],[2.00019645431326,0],[4.9650198790545,0],[7.28128097483391,0],[4.73345564379687,0],[2.18563031275983,0],[0.800108742550534,0],[0,0],[0,0],[0,0],[0.735208764168086,0],[0.809942787170818,0],[0.810129315443079,0],[0.809709232867706,0],[0.770108279595793,0],[0.769550211895902,0],[0.768992144196011,0],[0.76843407649612,0],[0.768770725250875,0],[0.769444022760386,0],[0.770790617779408,0],[0.773483807817451,0],[0.778870187893538,0],[0.789642948045712,0],[0.811188468350059,0],[0.854279508958755,0],[0.940461590176145,0],[1.11282575261093,0],[1.45755407748049,0],[2.14701072721961,0],[3.52592402669786,0],[6.28375062565435,0],[11.7994038235673,0],[22.8307102193933,0],[3.5527136788005e-15,0],[22.062612791652,0],[3.5527136788005e-15,0],[44.1252255833039,0],[0,0],[0,0],[0,0],[0,0],[0,0],[0,0]],"rho":[0.0950586587815399,0.0950586587815399,0.0950586587815399,0.04752932939077,0.023764664695385,0.0118823323476925,0.0118823323476925,0.0118823323476925,0.0118823323476925,0.0118823323476925,0.0118823323476925,0.0118823323476925,0.00594116617384625,0.00297058308692312,0.00148529154346156,0.00148529154346156,0.00148529154346156,0.00148529154346156,0.00148529154346156,0.00148529154346156,0.000742645771730781,0.00037132288586539,0.000185661442932695,9.28307214663476e-05,4.64153607331738e-05,2.32076803665869e-05,1.16038401832934e-05,5.80192009164672e-06,2.90096004582336e-06,1.45048002291168e-06,7.25240011455841e-07,3.6262000572792e-07,1.8131000286396e-07,9.06550014319801e-08,4.532750071599e-08,2.2663750357995e-08,2.2663750357995e-08,1.13318751789975e-08,1.13318751789975e-08,5.66593758949875e-09,5.66593758949875e-09,5.66593758949875e-09,5.66593758949875e-09,5.66593758949875e-09,5.66593758949875e-09,5.66593758949875e-09]}
