{"prog":["Inf","Inf",0.766067808667679,0.766067808667679,0.766067808667679,0.766067808667679,0.766067808667679,0.766067808667679,0.766067808667679,0.766067808667679,0.619246589757788,0.619246589757788,0.615963485104565,0.615680708438003,0.611764967459283,0.607086457543348,0.601935055831182,0.601008551639343,0.601008551639343,0.600942543076836,0.600942543076836,0.600881720178595,0.600881720178595,0.600728477404065,0.600728477404065,0.600613063424585,0.600613063424585,0.600613063424585,0.600542673881826,0.600542673881826,0.600542673881826,0.600357335014381,0.600357335014381,0.600357335014381,0.600357335014381,0.600247885368468,0.600247885368468,0.600247885368468,0.600181047833662,0.600040673153368,0.600040673153368,0.600040673153368,0.600040673153368,0.600040673153368,0.600040673153368,0.600040673153368,0.600040673153368,0.600040673153368,0.600040673153368,0.600040673153368],"mei":["Inf",6.40311779008414e-06,9.97740372136819e-06,3.2928410771845e-06,1.99030582574536e-05,4.22063533890989e-05,1.69632421799723e-05,5.53344185835623e-06,"Inf","Inf","Inf","Inf","Inf","Inf","Inf","Inf","Inf","Inf","Inf","Inf","Inf","Inf","Inf","Inf","Inf","Inf","Inf","Inf","Inf","Inf","Inf","Inf","Inf","Inf","Inf","Inf","Inf","Inf","Inf","Inf","Inf","Inf","Inf","Inf","Inf","Inf"],"obj":[0.505192512596304,1.73240964898663,0.766067808667679,0.848364763978954,0.235495137589866,0.409669995501999,0.340120842410208,0.561235490370692,0.408431680231791,0.593663131893158,0.619246589757788,0.538406353428293,0.615963485104565,0.615680708438003,0.611764967459283,0.607086457543348,0.601935055831182,0.601008551639343,0.605173221932115,0.600942543076836,0.601341319681466,0.600881720178595,0.600952078637121,0.600728477404065,0.60108568015869,0.600613063424585,0.600617407475057,0.615433827429127,0.600542673881826,0.600661126909456,0.600607744936067,0.600357335014381,0.600463661153376,0.608082320467636,0.600617982567329,0.600247885368468,0.601056282354362,0.600250224201744,0.600181047833662,0.600040673153368,0.600630172753653,0.600124983147635,0.600278777741856,0.600365842592322,0.600543364108314,0.600481020986501,0.600571992536208,0.599941471687866,0.600168125014903,0.600393458041642],"X":[[0.044868491465428,0.460324021130876],[0.904529615464744,0.827880033521885],[0.363298891872004,0.402768916795675],[0.782203677674337,0.0661610863046164],[0.187366989186818,0.0481281484030485],[0.0144685511166204,0.395201444385378],[0,0.340120842410208],[0.0104644623682059,0.550771028002486],[0.0714739452029572,0.336957735028833],[0.208267942562736,0.385395189330422],[0.229802350562668,0.38944423919512],[0.207886112667729,0.330520240760565],[0.226477281412193,0.389486203692371],[0.226047556914227,0.389633151523776],[0.220703836332629,0.391061131126654],[0.213254683764246,0.393831773779102],[0.20339096080822,0.398544095022962],[0.199834162484537,0.401174389154806],[0.210170252224894,0.395002969707221],[0.198676760384869,0.402265782691967],[0.202062424935635,0.399278894745831],[0.199196684567048,0.401685035611547],[0.200165662524149,0.400786416112972],[0.197490083085392,0.403238394318673],[0.200887705546013,0.400197974612677],[0.198048542768489,0.402564520656096],[0.197330928591086,0.403286478883972],[0.225954154057391,0.389479673371737],[0.199488257148176,0.40105441673365],[0.196678624327138,0.403982502582318],[0.197113355949394,0.403494388986673],[0.198133655182046,0.402223679832335],[0.199087561445303,0.401376099708074],[0.214215521223218,0.393866799244418],[0.1963118577283,0.404306124839028],[0.195424654580646,0.404823230787821],[0.201319386338118,0.399736896016244],[0.197747235729096,0.402502988472649],[0.198269597573719,0.401911450259943],[0.197003055299349,0.403037617854019],[0.196235319617476,0.404394853136177],[0.19681736717522,0.403307615972414],[0.198514214927903,0.401764562813954],[0.198317886413711,0.402047956178611],[0.195661307774839,0.404882056333474],[0.199490224905046,0.400990796081455],[0.195833650063788,0.404738342472419],[0.197043351199692,0.402898120488174],[0.197662496677448,0.402505628337455],[0.196848557709474,0.403544900332168]],"C":[[0.289857309645548,-1.28608861404352],[-1.48646813813046,0.00355917515699433],[-0.112255998625872,-1.20579111482781],[0.521313057402734,-0.883780117291735],[1.40379301453808,-1.46257729269436],[0.210988554662416,-1.3436064793843],[0.367022027021806,-1.38431781255817],[0.685515127785038,-1.19654176974043],[0.318275195439367,-1.38135095996136],[0.0259676159899386,-1.30809501214165],[-0.00305409271925045,-1.29552406423361],[0.293815352023891,-1.34753973460748],[-0.000541075724698803,-1.29700853813745],[-0.000617366740725156,-1.29708850924676],[-0.000112844328137074,-1.29836100835],[-0.00031572623588294,-1.29941897381462],[-0.000156233278180429,-1.29979472138384],[-0.000662466917282445,-1.29912541699037],[-4.94220517743837e-06,-1.2998011190022],[-0.000971797789588835,-1.29870978495819],[-3.08115748327564e-05,-1.29974714063968],[-0.000717970245341371,-1.29896981302325],[-0.000432323702521498,-1.29930395620559],[-0.000956149197072098,-1.29839646443022],[-0.000289097092764312,-1.29948571087637],[-0.000682701259212271,-1.29871858141621],[-0.000838179462652133,-1.29842052057075],[-0.000102596120482135,-1.29725030429445],[-0.000101441134763736,-1.29935979007842],[-0.00097844198808722,-1.29811565634011],[-0.000859709629140726,-1.29833860296264],[-0.00030534490193157,-1.29895916606634],[-0.000142770359857713,-1.2992613694609],[-0.00129294459909102,-1.29898065492002],[-0.000952305105632101,-1.29799821193291],[-0.000534563928432652,-1.29792735619655],[-3.81342526806216e-06,-1.29968091864774],[-0.00025952341026253,-1.29888737503209],[-1.53981854231211e-05,-1.2991563528279],[-0.000139230113319733,-1.29875047479728],[-0.00097079888012841,-1.2979565020916],[-0.000281308458004503,-1.29860589087686],[-7.65414644456341e-05,-1.29917734253847],[-0.000263445995163092,-1.299027456861],[-0.000878264198470757,-1.29778717309902],[-7.09261547471307e-06,-1.2994100316253],[-0.000911972225578761,-1.29783605563537],[2.66611144272844e-08,-1.29884702225509],[-0.000167894787865164,-1.29891875656391],[-0.000622172398614507,-1.2984021587436]],"d":[[0.169892164719263,0.0360583999006935],[0.588084938778999,0.564676152221452]],"df":{},"lambda":[[0,0],[0,0],[0,0],[0,0],[0,0],[0,0],[0,0],[0,0],[0,0],[0,0],[0,0],[0,0],[0,0],[0,0],[0,0],[0,0],[0,0],[0,0],[0,0],[0,0],[0,0],[0,0],[0,0],[0,0],[0,0],[0,0],[0,0],[0,0],[0,0],[0,0],[0,0],[0,0],[0,0],[0,0],[0,0],[0,0],[0,0],[0,0],[0,0],[0,0],[0,0],[0,0],[0,0],[0,0],[0.00322460694314975,0],[0.00967382082944925,0]],"rho":[8.26801991601562e-06,8.26801991601562e-06,8.26801991601562e-06,8.26801991601562e-06,8.26801991601562e-06,8.26801991601562e-06,8.26801991601562e-06,8.26801991601562e-06,8.26801991601562e-06,8.26801991601562e-06,8.26801991601562e-06,8.26801991601562e-06,8.26801991601562e-06,8.26801991601562e-06,8.26801991601562e-06,8.26801991601562e-06,8.26801991601562e-06,8.26801991601562e-06,8.26801991601562e-06,8.26801991601562e-06,8.26801991601562e-06,8.26801991601562e-06,8.26801991601562e-06,8.26801991601562e-06,8.26801991601562e-06,8.26801991601562e-06,8.26801991601562e-06,8.26801991601562e-06,8.26801991601562e-06,8.26801991601562e-06,8.26801991601562e-06,8.26801991601562e-06,8.26801991601562e-06,8.26801991601562e-06,8.26801991601562e-06,8.26801991601562e-06,8.26801991601562e-06,8.26801991601562e-06,8.26801991601562e-06,8.26801991601562e-06,8.26801991601562e-06,8.26801991601562e-06,8.26801991601562e-06,8.26801991601562e-06,4.13400995800781e-06,2.0670049790039e-06]}
