{"prog":[1.35441999438089,1.054554587145,1.054554587145,1.054554587145,1.054554587145,1.054554587145,1.054554587145,1.054554587145,1.054554587145,1.054554587145,1.054554587145,1.054554587145,1.054554587145,1.054554587145,0.603216483045554,0.600090050474662,0.600090050474662,0.600090050474662,0.600090050474662,0.600090050474662,0.600090050474662,0.600090050474662,0.600090050474662,0.600090050474662,0.600090050474662,0.600090050474662,0.600090050474662,0.600090050474662,0.600090050474662,0.600090050474662,0.600090050474662,0.600090050474662,0.600090050474662,0.600090050474662,0.600057988211081,0.600057988211081,0.600057988211081,0.600057988211081,0.600057988211081,0.600057988211081,0.600057988211081,0.600057988211081,0.600057988211081,0.600057988211081,0.600057988211081,0.600057988211081,0.600057988211081,0.600057988211081,0.600057988211081,0.600057988211081],"mei":["Inf",0.0118977406962823,0.0157507068585229,0.00113809834008739,0.00267336348484503,0.118366443154212,0.000326043560303496,3.84670866173227e-05,2.24844747782494e-05,8.4235554191113e-06,0.0595673172795406,"Inf","Inf","Inf","Inf","Inf",8.09132119785986e-06,"Inf","Inf","Inf","Inf","Inf","Inf","Inf","Inf","Inf","Inf","Inf","Inf","Inf","Inf","Inf","Inf","Inf","Inf","Inf","Inf","Inf","Inf","Inf","Inf","Inf","Inf","Inf","Inf","Inf"],"obj":[1.35441999438089,1.054554587145,0.534586732879883,0.957204172075075,1.84764278891209,0.546400631323501,0.56833837840888,0,0.578123671179768,0.597447492182376,0.361968981053861,0.431912071992855,0.352522929277901,0.636726881375688,0.603216483045554,0.600090050474662,0.600372340025152,0.599922804809916,0.600566897074009,0.600253433455353,0.525603929069832,0.600109005956087,0.600639639452581,0.600473216727687,0.600903971428011,0.600860218032141,0.600374939605454,0.600241530063201,0.600310562834546,0.600623764866969,0.600701515497759,0.600313021056065,0.60071032193382,0.600394319229053,0.600057988211081,0.600706626455929,0.600434095770428,0.600388985810718,0.600707690403654,0.600624876884766,0.6006172671901,0.600524854730955,0.600925262197072,0.600442727888755,0.600083859287492,0.600307152438996,0.600527955787824,0.600520537830685,0.600890455981192,0.600415579277708],"X":[[0.436593763291974,0.917826231088914],[0.106732463284101,0.947822123860899],[0.171369709375168,0.363217023504716],[0.866619651142186,0.0905845209328887],[0.963052067110094,0.884590721801992],[0.166991880647386,0.379408750676115],[0.158686289132932,0.409652089275948],[0,0],[0.16913116328994,0.408992507889828],[0.189798435062846,0.40764905711953],[0,0.361968981053861],[0,0.431912071992855],[0.338198056496862,0.0143248727810389],[0.333464579793621,0.303262301582066],[0.1963490762688,0.406867406776754],[0.192875074532945,0.407214975941717],[0.19432681067149,0.406045529353663],[0.193362513341656,0.40656029146826],[0.194367330259794,0.406199566814215],[0.194202577457207,0.406050855998146],[0,0.525603929069832],[0.194127329806952,0.405981676149135],[0.194534555513732,0.406105083938849],[0.194412440239844,0.406060776487844],[0.195037370896094,0.405866600531917],[0.194616106962019,0.406244111070121],[0.194499822880745,0.405875116724709],[0.193708550124996,0.406532979938205],[0.19395882294894,0.406351739885605],[0.194246411745105,0.406377353121864],[0.194674775693876,0.406026739803883],[0.194189348873997,0.406123672182067],[0.194700757979485,0.406009563954336],[0.19419293694305,0.406201382286003],[0.19426404000171,0.405793948209371],[0.194687614673337,0.406019011782592],[0.19430087916901,0.406133216601417],[0.194458483998807,0.40593050181191],[0.194843955188809,0.405863735214845],[0.194676453760024,0.405948423124742],[0.194529271815812,0.406087995374288],[0.194827670790131,0.405697183940825],[0.195785143037277,0.405140119159795],[0.194862629961654,0.405580097927102],[0.193866708825461,0.40621715046203],[0.194336839995363,0.405970312443633],[0.19441230820024,0.406115647587584],[0.194596006770497,0.405924531060188],[0.194911682200432,0.40597877378076],[0.194417159473315,0.405998419804393]],"C":[[-1.16739755948979,-0.46698089537967],[-0.834790673083006,-0.590241402801123],[0.129596486225318,-1.33870581654505],[0.664704550096975,-0.740764824821554],[-1.65149093753501,0.209970029063195],[0.0777750990091656,-1.32816271170824],[0.0411011757177864,-1.30700382739307],[1.5,-1.5],[0.0281112637708064,-1.30411977809418],[0.00333794209078131,-1.29779880027725],[0.282750800890472,-1.36897845675483],[0.258687653338531,-1.31345196206684],[0.876665089153807,-1.38541687260155],[0.574692582143625,-1.29683335046221],[-0.00383836509898045,-1.29590595355115],[-5.26669287365111e-06,-1.2969751689927],[-0.000587821833795243,-1.29736411874615],[3.74572231967019e-05,-1.29731966783544],[-0.000795748955541464,-1.29722325284762],[-0.000446022893927533,-1.29740806125215],[0.606905032298371,-1.22374050974636],[-0.00028463140364765,-1.29749345845316],[-0.000896328627287557,-1.2972349675101],[-0.00070528177367557,-1.29731844887808],[-0.0012401212762026,-1.2972327265266],[-0.00113733184719134,-1.29709029313179],[-0.000613597433278323,-1.29743520852306],[-0.000348968770274571,-1.29720793383104],[-0.000465390998707071,-1.2972582384922],[-0.000833961124178439,-1.29712577839382],[-0.000980641006878058,-1.29724401827277],[-0.000505910638388563,-1.29735405967725],[-0.000993373818238663,-1.29724784881982],[-0.000590378781572476,-1.29728954027037],[-0.000248672546843243,-1.29759275435886],[-0.000987735530860734,-1.29724529476389],[-0.00064821821373362,-1.29730297872714],[-0.000623203417948248,-1.29740632569962],[-0.00100845959506746,-1.29731046156384],[-0.000900151816072892,-1.29730695611396],[-0.00087224705606731,-1.2972509024197],[-0.000810733142594722,-1.29745197363698],[-0.00131839788797228,-1.29752966161306],[-0.000725141707975552,-1.29753333960987],[-0.000218678643923942,-1.29740332587969],[-0.000521009709201159,-1.29742129803504],[-0.000762260538751502,-1.29727393520477],[-0.000779689573771669,-1.29735766923254],[-0.00121067345648795,-1.29719067138127],[-0.000645658987579234,-1.29736725121866]],"d":[[0.228104016527276,0.0305318702518327],[0.596667847092444,0.587263441404116]],"df":{},"lambda":[[0,0],[0,0],[9.76681991963751,0],[1.4210854715202e-14,0],[10.322784203044,0],[1.4210854715202e-14,0],[1.67668468279276,0],[5.03005404837826,0],[11.7367927795493,0],[25.1502702418913,0],[51.9772251665753,0],[0,0],[0,0],[0,0],[0.602085483194552,0],[1.80625644958366,0],[4.21459838236186,0],[3.53734597483183,0],[4.44089209850063e-16,0],[4.81668386555642,0],[0,0],[0,0],[0,0],[0,0],[0,0],[0,0],[0,0],[0,0],[0,0],[0,0],[0,0],[0,0],[0,0],[0,0],[0,0],[0,0],[0,0],[0,0],[0,0],[0,0],[0,0],[0,0],[0,0],[0,0],[0,0],[0,0]],"rho":[0.00796319576372942,0.00796319576372942,0.00398159788186471,0.00398159788186471,0.00199079894093236,0.00199079894093236,0.000995399470466178,0.000497699735233089,0.000248849867616544,0.000124424933808272,6.22124669041361e-05,6.22124669041361e-05,6.22124669041361e-05,6.22124669041361e-05,3.11062334520681e-05,1.5553116726034e-05,7.77655836301701e-06,7.77655836301701e-06,7.77655836301701e-06,3.88827918150851e-06,3.88827918150851e-06,3.88827918150851e-06,3.88827918150851e-06,3.88827918150851e-06,3.88827918150851e-06,3.88827918150851e-06,3.88827918150851e-06,3.88827918150851e-06,3.88827918150851e-06,3.88827918150851e-06,3.88827918150851e-06,3.88827918150851e-06,3.88827918150851e-06,3.88827918150851e-06,3.88827918150851e-06,3.88827918150851e-06,3.88827918150851e-06,3.88827918150851e-06,3.88827918150851e-06,3.88827918150851e-06,3.88827918150851e-06,3.88827918150851e-06,3.88827918150851e-06,3.88827918150851e-06,3.88827918150851e-06,3.88827918150851e-06]}
