{"prog":["Inf","Inf",1.37605526615308,1.37605526615308,1.37605526615308,1.37605526615308,1.37605526615308,1.37605526615308,1.37605526615308,1.37605526615308,1.37605526615308,1.37605526615308,1.00346022475422,1.00346022475422,1.00346022475422,1.00346022475422,0.894878663870558,0.894878663870558,0.894878663870558,0.894878663870558,0.894878663870558,0.894878663870558,0.638056909489925,0.638056909489925,0.60305542119524,0.60305542119524,0.60305542119524,0.600983600228757,0.600983600228757,0.600527150668301,0.600527150668301,0.600387584292313,0.599854261797021,0.599812167899095,0.599812167899095,0.599812167899095,0.599812167899095,0.599812167899095,0.599812167899095,0.599812167899095,0.599812167899095,0.599812167899095,0.599812167899095,0.599812167899095,0.599812167899095,0.599812167899095,0.599812167899095,0.599812167899095,0.599812167899095,0.599812167899095],"mei":["Inf",0.0224985588416097,0.0200759813408769,0.0208089895715383,0.0212691232313571,0.0577468427136699,0.052584993573442,0.0895843912163273,0.035313623216582,0.0637603348405707,0.0339438838806426,0.00737959772295914,0.000550689105926768,0.0181516469201437,0.0240028449801509,0.0325644083453682,0.00667133613605199,0.0112582683428564,0.0211049907169641,0.00265879491296678,0.000733556365201133,2.38881518878653e-05,"Inf","Inf",1.60839070055793e-07,"Inf",0.000139886047740953,"Inf","Inf","Inf","Inf","Inf","Inf","Inf","Inf","Inf","Inf","Inf","Inf","Inf","Inf","Inf","Inf","Inf","Inf","Inf"],"obj":[1.05418003687034,1.8803426722112,1.37605526615308,0.951708446897498,1.47183111975711,0,0.994182992638965,0.228478625109811,0.365065069103891,0.620937555113966,1.17945326880534,0.695869098051417,1.00346022475422,0.861501815925096,0.898546198185319,0.260291074464187,0.894878663870558,0.372702318613466,0.411600728724127,0.839606503241074,0.472902195781313,0.587345485056763,0.638056909489925,0.583044371317158,0.60305542119524,0.549189112336059,0.601107317484858,0.600983600228757,0.59878535481445,0.600527150668301,0.598914137282811,0.600387584292313,0.599854261797021,0.599812167899095,0.599923511889351,0.599854908142421,0.599967379227416,0.60003331445788,0.599964934948522,0.599960688931678,0.599870011257646,0.599697858145857,0.600534357314728,0.599825645997464,0.600858546851835,0.607352695337586,0.616721094491736,0.60133966608592,0.600343182219314,0.600517536762523],"X":[[0.75060530218077,0.303574734689569],[0.967468472325119,0.912874199886079],[0.405721122442214,0.970334143710866],[0.278478351384047,0.673230095513451],[0.991712422294475,0.480118697462631],[0,0],[0.285389667540719,0.708793325098246],[0.228478625109811,0],[0.365065069103891,0],[0.620937555113966,0],[0.812851947906748,0.366601320898587],[0.488784011940938,0.207085086110478],[0.780640683507586,0.222819541246634],[0.745954684102338,0.115547131822758],[0.762983474107866,0.135562724077453],[0,0.260291074464187],[0.75518752045383,0.139691143416728],[0,0.372702318613466],[0,0.411600728724127],[0.704430134336576,0.135176368904499],[0.0723272673866818,0.400574928394632],[0.157553385879397,0.429792099177366],[0.200445951832662,0.437610957657263],[0.171203345117632,0.411841026199525],[0.189813065695491,0.413242355499749],[0,0.549189112336059],[0.190821075198761,0.410286242286096],[0.191401399898074,0.409582200330682],[0.192160130564114,0.406625224250335],[0.193690165429934,0.406836985238367],[0.193951689931962,0.404962447350849],[0.195035028531874,0.405352555760439],[0.194692912151407,0.405161349645614],[0.19484325014153,0.404968917757565],[0.194376864213968,0.405546647675383],[0.193323047356232,0.406531860786189],[0.194026120353468,0.405941258873949],[0.194462699151219,0.405570615306661],[0.193973864472046,0.405991070476476],[0.194680251018526,0.405280437913151],[0.194381304082576,0.40548870717507],[0.195027585198962,0.404670272946895],[0.192789110107918,0.40774524720681],[0.19402898363785,0.405796662359614],[0.191259928976478,0.409598617875357],[0.188759011883414,0.418593683454172],[0.19028159720978,0.426439497281956],[0.190763908036177,0.410575758049744],[0.193955088913074,0.406388093306239],[0.194805790725367,0.405711746037156]],"C":[[0.277938693073518,-0.844434060796273],[-1.61252600638238,0.269334549760748],[-1.33970237764374,-0.39384202035313],[0.371536354859019,-0.969211046305372],[-0.524751394609442,-0.285992507813611],[1.5,-1.5],[0.225561572947792,-0.91616475995717],[1.11044723527307,-1.44779751786793],[0.763490415383064,-1.36672749532017],[0.54973636970867,-1.11443655264909],[0.17384263492608,-0.704875182299617],[1.0429198236307,-1.21820595678154],[-0.154656015340529,-0.840951575291448],[0.0779539674463821,-0.930200469593315],[0.00219004297186742,-0.899478966078991],[0.914937203974799,-1.43224855655428],[-0.0181298039849921,-0.910178193401723],[0.254803768273325,-1.36109298170015],[0.228758603703978,-1.33058484011377],[0.0309532118357385,-0.985505535128349],[0.14718917798925,-1.33430849313401],[0.0521098843737723,-1.29045568208265],[-0.00596956219782968,-1.26831807013219],[0.0244206109501821,-1.30107638375946],[-0.000231333474774997,-1.2932017557123],[0.691377307693737,-1.19839131889153],[7.90591431334975e-05,-1.29525251665074],[-0.000158145638449125,-1.29560792528933],[0.00141349792236961,-1.29773041122495],[-0.000626090031250581,-1.29696778725788],[0.00102679764812336,-1.29838815820815],[-0.000678018776704592,-1.29765064318405],[-6.39504385544498e-05,-1.29793895071135],[-2.30712786480347e-05,-1.29803628352455],[-0.000116602778762409,-1.2977495512176],[0.000112763673268568,-1.29735804552662],[-0.000122405196420761,-1.29756555896442],[-0.000243695555884715,-1.2976967346386],[-0.000112493446658535,-1.29754539059515],[-0.000181668834266902,-1.29784736650829],[-5.89489348446492e-05,-1.29779481697665],[0.000104937181850007,-1.29820621120455],[-0.000383237700109895,-1.29657617240405],[2.63993938248164e-05,-1.29768182232626],[6.02032397395424e-06,-1.29564861180251],[6.00406386603858e-05,-1.28914936360507],[7.33774510238705e-05,-1.28194226892121],[-3.72856275670519e-05,-1.29503667829264],[-0.000497745671170835,-1.29723014110364],[-0.00080060898861728,-1.29744868302735]],"d":[[0.0844571727763919,0.0441134612643355],[0.832253545553981,0.771184785043054]],"df":{},"lambda":[[0,0],[0,0],[0,0],[0,0],[0,0],[0,0],[0,0],[0,0],[0,0],[0,0],[2.95746736328488,0],[3.123641858969,0],[3.45599085033724,0],[4.44089209850063e-16,0],[4.44089209850063e-16,0],[4.44089209850063e-16,0],[4.44089209850063e-16,0],[4.44089209850063e-16,0],[4.44089209850063e-16,0],[-8.241516010948e-17,0],[-8.241516010948e-17,0],[-1.48852303301499e-19,0],[-1.48852303301499e-19,0],[0.0479903395803239,0],[0,0],[1.71603795847007,0],[0.195845757204464,0],[2.68898524041444,0],[0,0],[0,0],[0,0],[0,0],[0,0],[0,0],[0,0],[0,0],[0,0],[0,0],[0.509590242644588,0],[0.285515262221008,0],[1.30469574751018,0],[0.856545786663025,0],[0.408395825815867,0],[0,0],[2.03836097057835,0],[1.14206104888403,0]],"rho":[0.0263583525600763,0.0263583525600763,0.0263583525600763,0.0263583525600763,0.0263583525600763,0.0263583525600763,0.0263583525600763,0.0263583525600763,0.0263583525600763,0.0263583525600763,0.0131791762800381,0.00658958814001907,0.00329479407000953,0.00329479407000953,0.00329479407000953,0.00329479407000953,0.00329479407000953,0.00329479407000953,0.00329479407000953,0.00329479407000953,0.00329479407000953,0.00164739703500477,0.00164739703500477,0.000823698517502383,0.000823698517502383,0.000411849258751192,0.000411849258751192,0.000205924629375596,0.000205924629375596,0.000205924629375596,0.000205924629375596,0.000205924629375596,0.000205924629375596,0.000205924629375596,0.000205924629375596,0.000205924629375596,0.000205924629375596,0.000205924629375596,0.000102962314687798,0.000102962314687798,5.1481157343899e-05,5.1481157343899e-05,5.1481157343899e-05,5.1481157343899e-05,2.57405786719495e-05,2.57405786719495e-05]}
