{"prog":["Inf",0.920409475364818,0.920409475364818,0.920409475364818,0.920409475364818,0.920409475364818,0.920409475364818,0.920409475364818,0.638847802068471,0.638847802068471,0.638847802068471,0.638847802068471,0.638847802068471,0.638847802068471,0.638847802068471,0.599891126659491,0.599891126659491,0.599891126659491,0.599891126659491,0.599891126659491,0.599891126659491,0.599891126659491,0.599891126659491,0.599891126659491,0.599891126659491,0.599891126659491,0.599891126659491,0.599891126659491,0.599891126659491,0.599891126659491,0.599891126659491,0.599891126659491,0.599891126659491,0.599891126659491,0.599891126659491,0.599891126659491,0.599891126659491,0.599891126659491,0.599891126659491,0.599891126659491,0.599891126659491,0.599891126659491,0.599891126659491,0.599891126659491,0.599891126659491,0.599891126659491,0.599891126659491,0.599891126659491,0.599891126659491,0.599891126659491],"mei":["Inf",0.04168826000945,0.044873323691789,0.0210569197119645,0.00870040893735287,0.00936543150339494,0.0454495356544523,0.00086549854702766,0.0028211835211245,0.00012965720671361,0.00028918733009742,0.00733203052926822,6.90000152900149e-07,"Inf","Inf","Inf","Inf",2.19425900122783e-06,"Inf","Inf","Inf","Inf","Inf","Inf","Inf","Inf","Inf","Inf","Inf","Inf","Inf","Inf","Inf","Inf","Inf","Inf","Inf","Inf","Inf","Inf","Inf","Inf","Inf","Inf","Inf","Inf"],"obj":[0.487158481117142,0.920409475364818,1.14269548981513,1.52722291832958,0.924230928342843,0.389907206534956,0,0.559382014695074,0.638847802068471,0.524021923598737,0.543383823815498,0.322564094790824,0.395545688243856,0.480594877128418,0.587270103602634,0.599891126659491,0.57365158257758,0.600056714739288,0.600057875365226,0.600014049113076,0.599998646863029,0.556081884979688,0.59994576266536,0.599898608078314,0.599891696324547,0.599854556397281,0.599834765020289,0.599798806001818,0.599778180538106,0.599761308711794,0.59973113647669,0.599704883733982,0.599666476953665,0.599641684595339,0.599611784612744,0.599576360492733,0.599551527075094,0.599813224031534,0.599776447001856,0.599752860128215,0.599722795535773,0.599692607334561,0.599657838797799,0.599871471170462,0.59984172540823,0.59981300021202,0.599765043584388,0.599874370964448,0.599844721343707,0.599841548937304],"X":[[0.145108172573407,0.342050308543735],[0.492903972592415,0.427505502772402],[0.370899952335958,0.771795537479174],[0.93770154843519,0.589521369894389],[0.881352928337025,0.0428780000058184],[0.0830055322840633,0.306901674250893],[0,0],[0.192240774929261,0.367141239765813],[0.245456491121029,0.393391310947442],[0.13469420688288,0.389327716715857],[0.125513580523158,0.41787024329234],[0.322564094790824,0],[0,0.395545688243856],[0.480594877128418,0],[0.184192885346265,0.40307721825637],[0.193975116781349,0.405916009878142],[0.44926820019029,0.12438338238729],[0.194061886932167,0.405994827807122],[0.194074462617935,0.405983412747291],[0.193911481885931,0.406102567227145],[0.193909704008251,0.406088942854778],[0.0184242510548735,0.537657633924814],[0.193885081822784,0.406060680842576],[0.193817804737525,0.406080803340789],[0.193828546898765,0.406063149425782],[0.193779951669134,0.406074604728148],[0.193760060715292,0.406074704304997],[0.193739516106154,0.406059289895664],[0.193715652457707,0.406062528080399],[0.19375404367587,0.406007265035924],[0.193729770072116,0.406001366404574],[0.193712083295517,0.405992800438465],[0.193703842284501,0.405962634669164],[0.19365602576916,0.40598565882618],[0.193630233379545,0.405981551233199],[0.193613505845798,0.405962854646935],[0.193581406284068,0.405970120791026],[0.193745282333005,0.406067941698529],[0.193810307088351,0.405966139913505],[0.193732125993734,0.406020734134482],[0.193722653119942,0.406000142415831],[0.193682368225485,0.406010239109076],[0.193655473240099,0.406002365557699],[0.193726851572846,0.406144619597616],[0.193702422654162,0.406139302754067],[0.193677302427415,0.406135697784606],[0.193835666042064,0.405929377542324],[0.193810043432782,0.406064327531665],[0.193723057637977,0.40612166370573],[0.1936315858151,0.406209963122204]],"C":[[0.243580272274661,-1.36194520467754],[-0.171578701525321,-1.07428471890193],[-0.136116631392409,-0.766764873684416],[-0.14098217238266,-0.27318036050009],[0.998957332570807,-0.721378492827252],[0.492010059760001,-1.39892144395224],[1.5,-1.5],[0.100611450842224,-1.32825079451782],[-0.026814099206693,-1.2849943874376],[0.0877407631749519,-1.33028139962901],[0.086314788594835,-1.30963080087506],[0.873352048634761,-1.39595240475178],[0.225481095762467,-1.34354360851169],[0.522974515967789,-1.26902856407792],[0.0145209155405729,-1.30360173711052],[-3.55289002961223e-05,-1.29760584699427],[0.947257228640738,-1.28268685848367],[-0.000220782097323458,-1.29750818383419],[-0.000223776645058682,-1.29751257153362],[-0.00015412889193156,-1.29747904208432],[-0.00013794265715239,-1.29749079718252],[0.633188029690924,-1.21058481565544],[-7.94737131356027e-05,-1.29752329852024],[-2.04093512214953e-05,-1.29753303972483],[-1.49163729900037e-05,-1.29754321308553],[3.0940915671851e-05,-1.29755274572599],[5.44576831801868e-05,-1.29756037339522],[9.47732511680233e-05,-1.29758085298838],[0.000119762127554934,-1.29758746928184],[0.000131401199903625,-1.2976174712973],[0.000166321282698667,-1.29763166666542],[0.000196195149828493,-1.29764547477744],[0.000237318812080611,-1.29767316073669],[0.000270110677511204,-1.29767298851077],[0.000304971669079168,-1.29768631277967],[0.000344227421971433,-1.29770797100101],[0.000374757204989196,-1.297714500166],[7.89891149412525e-05,-1.29757159229842],[0.000107422570510773,-1.29762905811005],[0.000143442102842006,-1.29761502681084],[0.000176035129710872,-1.2976354180265],[0.000213364399706983,-1.29764282597716],[0.000253438661751981,-1.29765963684571],[2.19360487297426e-05,-1.29751645495158],[5.64295471556231e-05,-1.29753023821635],[8.99868940159032e-05,-1.29754289750945],[0.000115715406153349,-1.29764907501813],[5.83240609491886e-06,-1.29754942897084],[5.00286532235106e-05,-1.29753657120828],[6.83637461333375e-05,-1.29750027483499]],"d":[[0.167552188805848,0.0412689903657195],[0.666766089484543,0.75736906761522]],"df":{},"lambda":[[0,0],[0,0],[0,0],[0,0],[3.12157853079563,0],[1.45770596548502,0],[0,0],[0,0],[0,0],[0,0],[0,0],[0.901054061332067,0],[0.896644771874108,0],[0.892235482416149,0],[0.887826192958189,0],[0.88341690350023,0],[0.879007614042271,0],[0.874598324584311,0],[0.870189035126352,0],[0.865779745668392,0],[0.861370456210433,0],[0.856961166752474,0],[0.852551877294514,0],[0.848142587836555,0],[0.843733298378596,0],[0.839324008920636,0],[0.834914719462677,0],[0.830505430004717,0],[0.826096140546758,0],[0.821686851088799,0],[0.817277561630839,0],[0.81286827217288,0],[0.808458982714921,0],[0.837911268813308,0],[0.829092689897389,0],[0.820274110981471,0],[0.811455532065552,0],[0.802636953149633,0],[0.793818374233714,0],[0.852722946430489,0],[0.835085788598652,0],[0.817448630766814,0],[0.799811472934977,0],[0.857254592899051,0],[0.821980277235377,0],[0.786705961571702,0]],"rho":[0.0322309529776848,0.0322309529776848,0.0322309529776848,0.0322309529776848,0.0161154764888424,0.0161154764888424,0.0161154764888424,0.0161154764888424,0.0161154764888424,0.0161154764888424,0.0161154764888424,0.0080577382444212,0.0080577382444212,0.0080577382444212,0.0080577382444212,0.0080577382444212,0.0080577382444212,0.0080577382444212,0.0080577382444212,0.0080577382444212,0.0080577382444212,0.0080577382444212,0.0080577382444212,0.0080577382444212,0.0080577382444212,0.0080577382444212,0.0080577382444212,0.0080577382444212,0.0080577382444212,0.0080577382444212,0.0080577382444212,0.0080577382444212,0.0080577382444212,0.0040288691222106,0.0040288691222106,0.0040288691222106,0.0040288691222106,0.0040288691222106,0.0040288691222106,0.0020144345611053,0.0020144345611053,0.0020144345611053,0.0020144345611053,0.00100721728055265,0.00100721728055265,0.00100721728055265]}
