{"prog":["Inf",0.872879280236754,0.872879280236754,0.872879280236754,0.872879280236754,0.872879280236754,0.872879280236754,0.872879280236754,0.872879280236754,0.872879280236754,0.872879280236754,0.609696344985134,0.609696344985134,0.609696344985134,0.609696344985134,0.609696344985134,0.609696344985134,0.600127505836238,0.600127505836238,0.600127505836238,0.600127505836238,0.600021142357711,0.600021142357711,0.600021142357711,0.599977076625112,0.599977076625112,0.599977076625112,0.599977076625112,0.599977076625112,0.599977076625112,0.599977076625112,0.599977076625112,0.599977076625112,0.599977076625112,0.599977076625112,0.599977076625112,0.599977076625112,0.599977076625112,0.599977076625112,0.599977076625112,0.599977076625112,0.599977076625112,0.599977076625112,0.599977076625112,0.599977076625112,0.599977076625112,0.599977076625112,0.599977076625112,0.599977076625112,0.599977076625112],"mei":["Inf",0.00893708391960124,0.0303437856671551,0.0585223089118858,0.127427048648779,0.00920859235245029,0.0148160152609064,0.0130597109250705,8.05515959993764e-05,0.00034106290830586,0.000316461767401084,0.000106084342225803,2.37918092706226e-06,"Inf","Inf","Inf","Inf","Inf","Inf","Inf","Inf",5.43404470027619e-06,"Inf","Inf","Inf","Inf","Inf","Inf","Inf","Inf","Inf","Inf","Inf","Inf","Inf","Inf","Inf","Inf","Inf","Inf","Inf","Inf","Inf","Inf","Inf","Inf"],"obj":[0.200671726386219,0.872879280236754,0.512906819906297,0.942192275501367,1.25344199153442,0.38908887723372,0.41840260828251,0.453537632465244,0.590441009157193,0.578840238028439,0.56379871284914,0.609696344985134,0.599865395152738,0,0.601221000971498,0.535511860319821,0.547962554089554,0.600127505836238,0.870483853120669,0.867154911933639,0.853217265437579,0.600021142357711,0.600185536973843,0.599768006066617,0.599977076625112,0.599089438705778,0.600451897897587,0.600158312557714,0.826753473965801,0.80246805566243,0.600198099675159,0.601126320131795,0.766909911865665,0.599993669003446,0.600052247226741,0.600229114639702,0.600412023572093,0.600447375394804,0.686990646149926,0.680281862056046,0.656377862732036,0.600083354058085,0.600819421825977,0.644321265136039,0.710130624633582,0.647338679557863,0.600096536043877,0.601925774450151,0.600317127037488,0.611254199453328],"X":[[0.0559632790079255,0.144708447378294],[0.357689177435285,0.51519010280147],[0.470895656196143,0.0420111637101535],[0.827389592204101,0.114802683297266],[0.547079071902456,0.706362919631964],[0,0.38908887723372],[0,0.41840260828251],[0.0550981244965601,0.398439507968684],[0.168094124911202,0.422346884245991],[0.578840238028439,0],[0.167168915529616,0.396629797319524],[0.208434397670031,0.401261947315103],[0.200080024584753,0.399785370567985],[0,0],[0.202065315010328,0.39915568596117],[0,0.535511860319821],[0.352745889961204,0.19521666412835],[0.196858591467691,0.403268914368547],[0.35599325613922,0.514490596981449],[0.353606799420532,0.513548112513108],[0.34364482324198,0.509572442195599],[0.196712502142563,0.403308640215148],[0.198304792715085,0.401880744258758],[0.196197721323502,0.403570284743115],[0.194901000875508,0.405076075749604],[0.195018105154657,0.404071333551121],[0.192528869408575,0.407923028489012],[0.196107368707575,0.40405094385014],[0.324630970954743,0.502122503011058],[0.307081440541434,0.495386615120996],[0.19767607103155,0.402522028643609],[0.201286409963989,0.399839910167806],[0.281261439006028,0.485648472859637],[0.195851817617335,0.40414185138611],[0.196630955043907,0.403421292182834],[0.197558958784367,0.402670155855335],[0.198539732424474,0.401872291147618],[0.199093410847399,0.401353964547405],[0.223849943445969,0.463140702703958],[0.220064386379084,0.460217475676961],[0.207476038613373,0.448901824118663],[0.193430415860689,0.406652938197396],[0.198440603564531,0.402378818261446],[0.201748245474268,0.442573019661771],[0.240906401910691,0.469224222722891],[0.203043536873592,0.444295142684271],[0.197807502272433,0.402289033771444],[0.202711871361331,0.39921390308882],[0.196584373008369,0.403732754029119],[0.18930958036614,0.421944619087188]],"C":[[1.64168167542318,-1.47592757666004],[-0.175729654755517,-1.10663761032108],[0.564429733000774,-1.27649234309932],[0.303413466677046,-0.802246806620079],[-0.132863999208353,-0.701755914855355],[0.229638123779948,-1.348609845613],[0.235738295621428,-1.32493925738239],[0.166874811421145,-1.33821015516663],[0.0301478291076129,-1.29336747453804],[0.490878364212408,-1.16494397883918],[0.0418843551157041,-1.31473935755893],[-0.010144979385991,-1.29554395150482],[0.00124697389201367,-1.30013964124198],[1.5,-1.5],[0.000175564454608146,-1.29984434683464],[0.644771527356997,-1.2132270474568],[1.254295134465,-1.33746079116208],[-0.000278016983525753,-1.29862087766937],[-0.173119305887563,-1.10856822720107],[-0.169339439006988,-1.11123056753779],[-0.153999308083629,-1.1222441616138],[-0.00016321938987246,-1.29864633222862],[-1.0685685229217e-05,-1.29916707658025],[8.95601491374132e-05,-1.29863747941983],[-0.000211846062417143,-1.29792697271303],[0.000825547444831931,-1.29869429606411],[-0.000223038830978906,-1.29653143727261],[-0.000405621676729584,-1.2982847347124],[-0.125659125832968,-1.14248772466689],[-0.10063558256089,-1.16029309043396],[-0.000205644397334837,-1.29890018739816],[-0.000137692827236302,-1.29961182740081],[-0.0659417493301029,-1.18503756373736],[-0.000222045518840697,-1.29831142949419],[-0.000215469271991453,-1.29858752853205],[-0.000275846408548219,-1.29882720338748],[-0.000259943611071456,-1.29908063625658],[-0.00011637931417291,-1.29927680889923],[-0.00107028650616575,-1.23539189231812],[-0.000639429818075687,-1.23977154092912],[-0.000823973374428688,-1.25544084570424],[-0.000135069738101401,-1.29721806207539],[-0.000865770862246817,-1.29871261347147],[-0.00141440563068435,-1.26342676771552],[-0.0206824592449784,-1.22179273432854],[-0.000954914519236461,-1.26137514832103],[-3.14410337802773e-05,-1.29903572535198],[-0.000608663034865731,-1.29953615678978],[-0.000558179468946651,-1.29835444761297],[-0.000306025488446271,-1.28612462120496]],"d":[[0.173893278628362,0.0326827626292474],[0.6951252011659,0.76325623919827]],"df":{},"lambda":[[0,0],[0,0],[0,0],[0,0],[3.16450118844836,0],[4.30790731700312,0],[0,0],[2.28681225710953,0],[0.747751973518546,0],[0.936926137294892,0],[1.31527446484759,0],[1.42181160761234,0],[1.63488589314186,0],[2.06103446420089,0],[0.71137014263788,0],[0,0],[0,0],[0,0],[0,0],[0,0],[0.4347796900452,0],[1.3043390701356,0],[0,0],[1.7391187601808,0],[0,0],[3.4782375203616,0],[0,0],[0,0],[0,0],[0,0],[0,0],[0,0],[0,0],[0,0],[0,0],[0,0],[0,0],[0,0],[0,0],[0,0],[0,0],[0,0],[0,0],[0,0],[0,0],[0,0]],"rho":[0.0527333698057382,0.0527333698057382,0.0527333698057382,0.0527333698057382,0.0263666849028691,0.0131833424514346,0.0131833424514346,0.00659167122571728,0.00659167122571728,0.00329583561285864,0.00164791780642932,0.000823958903214659,0.00041197945160733,0.000205989725803665,0.000205989725803665,0.000205989725803665,0.000205989725803665,0.000205989725803665,0.000205989725803665,0.000205989725803665,0.000102994862901832,5.14974314509162e-05,5.14974314509162e-05,2.57487157254581e-05,2.57487157254581e-05,1.28743578627291e-05,1.28743578627291e-05,1.28743578627291e-05,1.28743578627291e-05,1.28743578627291e-05,1.28743578627291e-05,1.28743578627291e-05,1.28743578627291e-05,1.28743578627291e-05,1.28743578627291e-05,1.28743578627291e-05,1.28743578627291e-05,1.28743578627291e-05,1.28743578627291e-05,1.28743578627291e-05,1.28743578627291e-05,1.28743578627291e-05,1.28743578627291e-05,1.28743578627291e-05,1.28743578627291e-05,1.28743578627291e-05]}
