{"prog":[1.12546657236886,1.12546657236886,0.963074482316867,0.963074482316867,0.963074482316867,0.963074482316867,0.963074482316867,0.963074482316867,0.963074482316867,0.963074482316867,0.963074482316867,0.963074482316867,0.963074482316867,0.603354220533241,0.603354220533241,0.603354220533241,0.603354220533241,0.603354220533241,0.603354220533241,0.603354220533241,0.600110731150502,0.600110731150502,0.600110731150502,0.600110731150502,0.599921708631292,0.599921708631292,0.599921708631292,0.599921708631292,0.599921708631292,0.599921708631292,0.599921708631292,0.599921708631292,0.599921708631292,0.599921708631292,0.599921708631292,0.599921708631292,0.599921708631292,0.599921708631292,0.599921708631292,0.599921708631292,0.599921708631292,0.599921708631292,0.599921708631292,0.599921708631292,0.599921708631292,0.599921708631292,0.599921708631292,0.599921708631292,0.599921708631292,0.599921708631292],"mei":["Inf",0.0237512829619356,0.0116176811138572,0.0364386357049582,0.0129831358630648,0.00398263304834439,0.00448607128626669,0.000641277017200347,0.000104011426924954,0.00497156869564911,2.98401861185574e-05,0.000385272403210524,3.75191580206364e-05,1.82016910167823e-05,"Inf","Inf","Inf","Inf","Inf","Inf","Inf","Inf","Inf","Inf","Inf","Inf","Inf","Inf","Inf","Inf","Inf","Inf","Inf","Inf","Inf","Inf","Inf","Inf","Inf","Inf","Inf","Inf","Inf","Inf","Inf","Inf"],"obj":[1.12546657236886,0.699453725083604,0.963074482316867,0.832409305719754,1.4256351464674,0,0.731037753616762,0.654953423601272,0.608764161876233,0.598691595927684,0.541160797397891,0.370630619211667,0.278835947162663,0.603354220533241,0.268552386578133,0.436854001322882,0.424093487145885,0.498023847584647,0.599688811354774,0.59957738649423,0.600110731150502,0.610875006598367,1.12455832263593,0.600289124946584,0.599921708631292,0.600407106310522,0.600354980962512,0.599930816946782,0.634237737241204,0.60039389704467,0.600214725202532,0.600420717201001,0.600339992962633,0.600212481554138,0.640332165524356,0.645052535262495,1.12431309640796,0.603115717556229,0.600319314878246,0.601214525057104,0.600267490647223,0.600234924285484,0.599987729012828,0.632688064132715,0.64600075883993,0.601987470514058,0.617447195669273,0.601192725755402,0.600345525538685,0.639567889821816],"X":[[0.542599426359544,0.582867146009316],[0.197892345720411,0.501561379363193],[0.168783220781196,0.794291261535671],[0.770226913753484,0.0621823919662699],[0.813535515231438,0.612099631235958],[0,0],[0.202722460092951,0.528315293523811],[0.191279282841757,0.463674140759515],[0.186288902149355,0.422475259726878],[0.190495790237655,0.408195805690029],[0.133043416134805,0.408117381263086],[0,0.370630619211667],[0.278835947162663,0],[0.19361548277497,0.409738737758271],[0,0.268552386578133],[0,0.436854001322882],[0.424093487145885,0],[0.371070086789651,0.126953760794995],[0.193679408867489,0.406009402487286],[0.195052750121886,0.404524636372344],[0.19438859465031,0.405722136500192],[0.189201262518756,0.421673744079611],[0.541813699081231,0.582744623554697],[0.194036699643683,0.406252425302902],[0.194510586250296,0.405411122380996],[0.195587998063401,0.404819108247121],[0.1930007905011,0.407354190461413],[0.194617906660632,0.40531291028615],[0.196785030777109,0.437452706464095],[0.195577818099942,0.404816078944728],[0.194401930616318,0.405812794586215],[0.193205144458364,0.407215572742637],[0.193531920314379,0.406808072648254],[0.193456000537088,0.40675648101705],[0.199714710365801,0.440617455158555],[0.201709743982458,0.443342791280038],[0.541619739869084,0.582693356538879],[0.190122135374086,0.412993582182142],[0.19504559700578,0.405273717872466],[0.191241323111839,0.409973201945265],[0.194765364186185,0.405502126461037],[0.193728422820484,0.406506501465],[0.193538798347253,0.406448930665575],[0.196449162758436,0.436238901374279],[0.202203705097634,0.443797053742296],[0.204451841858139,0.397535628655919],[0.190750846727813,0.42669634894146],[0.201668470033206,0.399524255722196],[0.195737173600427,0.404608351938258],[0.199465935066532,0.440101954755284]],"C":[[-0.569966443551442,-0.86585175261725],[0.186731275270621,-1.20927480223656],[-0.441704742884123,-0.840613616230798],[0.508278262998854,-0.902883851459136],[-0.728667834751416,-0.463494006897923],[1.5,-1.5],[0.289371604592173,-1.17978655480271],[0.0645050105181574,-1.24841852714647],[0.00415850869953688,-1.2868110998547],[0.00202968896202382,-1.2970875381188],[0.0737907553665418,-1.31573965253414],[0.259492273994892,-1.36263294410278],[0.986506754211708,-1.4222505145699],[-0.0030264312194957,-1.29462721161007],[0.847380238659844,-1.42787961566319],[0.26988019123835,-1.30915858152819],[0.623686746906658,-1.32014471416044],[1.20853072006123,-1.34618973330993],[0.00021774311577516,-1.29764465167266],[0.000245689953823458,-1.29831424323771],[-0.00031930838233174,-1.2976026222236],[-0.000214807628452995,-1.28639413581519],[-0.567616146442173,-0.866846619206007],[-0.000456966983479412,-1.2973087261269],[-0.000126373786400846,-1.29780745368635],[-0.000720060800343314,-1.29786682461156],[-0.000285922660930027,-1.29681325837948],[-0.000144420169654214,-1.2978453151624],[-0.000160865145907574,-1.26991078126929],[-0.000704696055794374,-1.29787325929508],[-0.000431710973193056,-1.29752386512278],[-0.000403896358888933,-1.29684724947071],[-0.000408245832414167,-1.29705258784764],[-0.000267030939944346,-1.29712394100682],[-0.000827701666670011,-1.2659702926731],[-0.000163832077410164,-1.26276034860256],[-0.567085185835926,-0.8671165096296],[-0.00052506639157518,-1.29328987471716],[-0.000602802686266446,-1.29771042869049],[-0.000235498172900916,-1.29534873002118],[-0.00052563862218169,-1.297634478349],[-0.000346300356348139,-1.29722176245817],[-6.24060867844278e-05,-1.29734200029511],[-0.00106967564927679,-1.27110334737927],[-0.000298708816102167,-1.26215783673445],[0.000582477103137857,-1.30016486830996],[-0.000480592131559487,-1.28154434027265],[-2.4329032583148e-05,-1.29971019728409],[-0.000647420476679816,-1.29797904041272],[-0.00112997932128062,-1.26652361016861]],"d":[[0.220171919941403,0.038134685258951],[0.704990500043129,0.725965422503857]],"df":{},"lambda":[[0,0],[0,0],[0,0],[0,0],[3.56327380794363,0],[4.02270804445133,0],[4.47119026054931,0],[5.36815469274528,0],[7.16208355713723,0],[10.7499412859211,0],[0.0503662823959985,0],[-6.45317133063372e-16,0],[-6.45317133063372e-16,0],[-6.45317133063372e-16,0],[-6.45317133063372e-16,0],[0.769803980255592,0],[2.50701715173798,0],[4.44089209850063e-16,0],[3.47442634296477,0],[-4.44089209850063e-16,0],[-4.44089209850063e-16,0],[3.2252345187278e-16,0],[3.2252345187278e-16,0],[3.2252345187278e-16,0],[3.2252345187278e-16,0],[3.2252345187278e-16,0],[3.2252345187278e-16,0],[3.2252345187278e-16,0],[3.2252345187278e-16,0],[3.2252345187278e-16,0],[3.2252345187278e-16,0],[3.2252345187278e-16,0],[3.2252345187278e-16,0],[3.2252345187278e-16,0],[3.2252345187278e-16,0],[3.2252345187278e-16,0],[3.2252345187278e-16,0],[3.2252345187278e-16,0],[3.2252345187278e-16,0],[3.2252345187278e-16,0],[3.2252345187278e-16,0],[3.2252345187278e-16,0],[3.2252345187278e-16,0],[3.2252345187278e-16,0],[3.2252345187278e-16,0],[3.2252345187278e-16,0]],