{"prog":["Inf",1.51454826110847,1.51454826110847,1.51454826110847,1.51454826110847,1.51454826110847,1.51454826110847,1.51454826110847,1.51454826110847,1.13077757994144,1.13077757994144,1.03194599373966,0.938296975636911,0.831494678399477,0.831494678399477,0.831494678399477,0.831494678399477,0.683831634329438,0.63482979359452,0.63482979359452,0.602367595171218,0.602367595171218,0.602367595171218,0.602367595171218,0.602367595171218,0.602367595171218,0.602367595171218,0.599832495333531,0.599832495333531,0.599832495333531,0.599832495333531,0.599832495333531,0.599832495333531,0.599832495333531,0.599832495333531,0.599832495333531,0.599832495333531,0.599832495333531,0.599832495333531,0.599832495333531,0.599832495333531,0.599832495333531,0.599832495333531,0.599832495333531,0.599832495333531,0.599832495333531,0.599832495333531,0.599832495333531,0.599832495333531,0.599832495333531],"mei":["Inf",0.0787850569254798,0.0419493990028334,0.0696264325811771,0.0106135648719459,0.0433476313564305,0.00454460194725861,0.00525063571409926,0.00617597844829755,0.0382937183190234,0.0229110056029029,0.015981332966614,0.00122281799204871,0.00155049314102028,0.000767276899906072,0.000283582901807678,0.00693180231821637,"Inf",0.000195816472114977,0.00114045965702577,1.20422895301913e-05,"Inf","Inf","Inf","Inf","Inf","Inf","Inf","Inf","Inf","Inf","Inf","Inf","Inf","Inf","Inf","Inf","Inf","Inf","Inf","Inf","Inf","Inf","Inf","Inf","Inf"],"obj":[0.940050021950167,1.51454826110847,0.976731456270612,0.409154027111166,0.87654528802646,0.93694865949179,1.04275455520835,1.01095041020301,1.10393575602758,1.13077757994144,0.606195409271595,1.03194599373966,0.938296975636911,0.831494678399477,0.74037830928515,0.50824536781102,0.305212234712287,0.683831634329438,0.63482979359452,0.601377351497347,0.602367595171218,0.598857513004669,0,0.598922133098057,0.430249851356909,0.599621578893734,0.599799052615419,0.599832495333531,0.600017001574066,0.616714985528587,0.604385702430879,0.600519296058011,0.6106351694053,0.601019088730021,0.600421689777364,0.600242242303898,0.601727542336304,0.60056533726166,0.602953412268686,0.804941516622451,0.616339622357134,0.599929345981741,0.600183193228318,0.600613746295236,0.600136887307141,0.805243029411457,0.7400537221108,0.60058320310902,0.600636806900435,0.601860210427225],"X":[[0.273890408751064,0.666159613199104],[0.575145036004285,0.939403225104186],[0.965637368165338,0.0110940881052739],[0.286449591062602,0.122704436048564],[0.511229196714989,0.365316091311471],[0.545055336464414,0.391893323027376],[0.32803975490895,0.7147148002994],[0.586448057494393,0.42450235270862],[0.360423370957184,0.743512385070397],[0.374895323415492,0.755882256525949],[0,0.606195409271595],[0.597706594363641,0.434239399376017],[0.489253429451566,0.449043546185344],[0.434512842902381,0.396981835497097],[0.358281705813231,0.382096603471919],[0.160430151932461,0.347815215878559],[0,0.305212234712287],[0.297408683402346,0.386422950927092],[0.247642876929412,0.387186916665108],[0.204679276287651,0.396698075209695],[0.203861027068797,0.398506568102421],[0.194564477408263,0.404293035596406],[0,0],[0.192476915193528,0.406445217904528],[0.430249851356909,0],[0.195035188432212,0.404586390461521],[0.195951376436193,0.403847676179227],[0.195716844100624,0.404115651232908],[0.19703248451028,0.402984517063786],[0.227308753283966,0.389406232244621],[0.206521345857433,0.397864356573446],[0.196007152748035,0.404512143309976],[0.218888953551955,0.391746215853345],[0.197785760545105,0.403233328184916],[0.197094418108898,0.403327271668466],[0.197956035528091,0.402286206775806],[0.199159904595888,0.402567637740416],[0.195457278251762,0.405108059009898],[0.205495842110185,0.397457570158502],[0.414551775034604,0.390389741587847],[0.226183416838945,0.390156205518189],[0.192588908641024,0.407340437340718],[0.197362585160957,0.402820608067361],[0.195492449700742,0.405121296594494],[0.197295389382426,0.402841497924715],[0.415423379671034,0.389819649740423],[0.356571281997143,0.383482440113657],[0.195382053592375,0.405201149516644],[0.195434477723476,0.405202329176959],[0.202520356953352,0.399339853473873]],"C":[[0.393264034642534,-0.981215413736596],[-1.10251618668264,-0.286729768223485],[0.779378318821565,-0.567421394411832],[1.39585974377564,-1.40289025315407],[0.354059778735206,-1.10518886185506],[0.212888433754137,-1.04933430355823],[0.19248082365324,-0.881572673432265],[0.048580038961807,-0.975876428405899],[0.0435128301117488,-0.81728432691479],[-0.0248055832311964,-0.788095510750434],[0.773713954646317,-1.13252712577804],[-0.00142250309975214,-0.954182971083774],[-0.307333054960998,-1.05899097539917],[-0.0353326675795598,-1.15360401163825],[0.000755590746036816,-1.22563640489478],[0.205948725991409,-1.35328674195428],[0.569837183282721,-1.40684549178193],[-0.0283724522669703,-1.26222537803368],[-0.00859984614872178,-1.28875929706949],[0.0019468551342991,-1.30073703098329],[-0.00058062921129981,-1.29963319682169],[0.00108505236422185,-1.29869180549909],[1.5,-1.5],[0.00120973644494793,-1.29775492196012],[0.610729554231987,-1.31488506540736],[0.000193799253720206,-1.29827112792653],[2.44931599803766e-05,-1.2985101125174],[-3.44947335038093e-05,-1.2983854573639],[-0.000102388141987764,-1.29878167905457],[-0.000973861619791905,-1.29669351696954],[-0.00215657791130713,-1.29905288747363],[-0.000846794480091007,-1.29795112198638],[-0.000330555182767311,-1.29862252837751],[-0.00128525674593022,-1.29828367596651],[-0.000622211495450331,-1.29848090227879],[-0.000193900706053518,-1.29897921583593],[-0.00193485123091591,-1.29827462944546],[-0.000898666089113653,-1.29768391290365],[-0.000339747137871771,-1.29979893879913],[-0.0114370022885933,-1.17574267547863],[-0.00221284665548299,-1.29661919724271],[0.0002244538411178,-1.29698328037553],[-0.000257335781320422,-1.29878356769483],[-0.000954799629815373,-1.2976594371556],[-0.000209415238072053,-1.29879325687821],[-0.0066106960068294,-1.17546405629895],[-0.00843569414275513,-1.22579813897939],[-0.00091579393139124,-1.29763788156442],[-0.000978502682570381,-1.29761643734652],[-0.000620282694768326,-1.29951318644695]],"d":[[0.181111385414788,0.0478596470900044],[0.680998897519867,0.773154930816214]],"df":{},"lambda":[[0,0],[0,0],[5.14413067052634,0],[-1.77635683940025e-15,0],[2.34772799998524,0],[7.04318399995573,0],[2.24806538314035,0],[0,0],[0,0],[0,0],[0,0],[0.146061764371577,0],[0.438185293114732,0],[1.02243235060104,0],[0,0],[0,0],[3.01074196456858,0],[1.21489726968937,0],[4.57088676183325,0],[0.97919737207483,0],[-1.11022302462516e-16,0],[-1.11022302462516e-16,0],[1.19881450981726,0],[1.50183689005968,0],[0.648318907036931,0],[1.25436366752177,0],[0,0],[1.21208952096969,0],[0,0],[2.42417904193937,0],[0,0],[0,0],[0,0],[0,0],[0,0],[0,0],[0,0],[0,0],[0,0],[0,0],[0,0],[0,0],[0,0],[0,0],[0,0],[0,0]],"rho":[0.0413847251147597,0.0413847251147597,0.0206923625573799,0.0206923625573799,0.0103461812786899,0.00517309063934496,0.00517309063934496,0.00517309063934496,0.00517309063934496,0.00517309063934496,0.00517309063934496,0.00258654531967248,0.00129327265983624,0.000646636329918121,0.000646636329918121,0.000646636329918121,0.00032331816495906,0.00032331816495906,0.00016165908247953,0.00016165908247953,0.00016165908247953,0.00016165908247953,8.08295412397651e-05,4.04147706198825e-05,4.04147706198825e-05,2.02073853099413e-05,2.02073853099413e-05,1.01036926549706e-05,1.01036926549706e-05,5.05184632748532e-06,5.05184632748532e-06,5.05184632748532e-06,5.05184632748532e-06,5.05184632748532e-06,5.05184632748532e-06,5.05184632748532e-06,5.05184632748532e-06,5.05184632748532e-06,5.05184632748532e-06,5.05184632748532e-06,5.05184632748532e-06,5.05184632748532e-06,5.05184632748532e-06,5.05184632748532e-06,5.05184632748532e-06,5.05184632748532e-06]}
