{"prog":[1.70031984736685,1.70031984736685,1.70031984736685,0.887758672951664,0.887758672951664,0.887758672951664,0.887758672951664,0.887758672951664,0.887758672951664,0.887758672951664,0.887758672951664,0.887758672951664,0.69195854560036,0.69195854560036,0.69195854560036,0.603659166515929,0.603659166515929,0.603659166515929,0.603659166515929,0.599810369712734,0.599810369712734,0.599810369712734,0.599810369712734,0.599810369712734,0.599810369712734,0.599810369712734,0.599810369712734,0.599810369712734,0.599810369712734,0.599810369712734,0.599810369712734,0.599810369712734,0.599810369712734,0.599810369712734,0.599810369712734,0.599810369712734,0.599810369712734,0.599810369712734,0.599810369712734,0.599810369712734,0.599810369712734,0.599810369712734,0.599810369712734,0.599810369712734,0.599810369712734,0.599810369712734,0.599810369712734,0.599810369712734,0.599810369712734,0.599810369712734],"mei":["Inf",0.00453180291213383,0.00275264978415056,0.00217148371551366,0.00308553510141018,0.0624089623308475,0.0145906236576109,0.146844520883731,0.0172513789972728,0.00344915509724298,0.00320179284297549,0.0730189429672714,0.000163189806293517,"Inf","Inf","Inf","Inf","Inf","Inf","Inf","Inf","Inf",2.09932985503661e-05,"Inf","Inf","Inf","Inf","Inf","Inf","Inf","Inf","Inf","Inf","Inf","Inf","Inf","Inf","Inf","Inf","Inf","Inf","Inf","Inf","Inf","Inf","Inf"],"obj":[1.70031984736685,1.0323383676662,0.752685055479567,0.887758672951664,0.657715379311171,0,0.254402409235269,0.185892619489021,0.327378919186757,0.383591457726452,0.5121361585865,0.64621190189504,0.69195854560036,0.637069915382639,0.593400281183621,0.603659166515929,0.477365596604331,0.598304150476848,0.599690549785444,0.599810369712734,0.599792740066068,0.599856470940177,0.599823663153056,0.599734812511247,0.599895598499506,0.600040440932089,0.599101918454241,0.59977361140428,0.600007409192407,0.620463914480333,0.60009177106413,0.599954646649539,0.637588556976275,0.600534688189967,0.644232762814857,0.642654938095133,0.606290211265765,0.638278965172903,0.600816950756491,0.600738335437181,0.65509790593655,0.600518009671613,0.600200050198123,0.639596216031233,0.601383228468168,0.603681232193567,0.652408713196991,0.600785666717935,0.600579640677747,0.600689278343499],"X":[[0.736323138814495,0.963996708552352],[0.744532745351208,0.287805622314989],[0.022713230453132,0.729971825026435],[0.388078835482727,0.499679837468937],[0.458302789614141,0.19941258969703],[0,0],[0.254402409235269,0],[0,0.185892619489021],[0,0.327378919186757],[0,0.383591457726452],[0.0837625935163043,0.428373565070196],[0.191570072028615,0.454641829866425],[0.228934659342605,0.463023886257755],[0.160523557165332,0.476546358217307],[0.177054769365087,0.416345511818534],[0.194901480008085,0.408757686507844],[0.477365596604331,0],[0.19320702202712,0.405097128449728],[0.194498822609543,0.405191727175901],[0.194963950361152,0.404846419351582],[0.194705022418146,0.405087717647922],[0.194848302585992,0.405008168354185],[0.194918568728977,0.404905094424079],[0.195164183017109,0.404570629494138],[0.193786531422772,0.406109067076735],[0.194577237636409,0.40546320329568],[0.195505693158899,0.403596225295343],[0.194852486750694,0.404921124653586],[0.195858914327874,0.404148494864534],[0.191331704029828,0.429132210450505],[0.194032451251984,0.406059319812146],[0.193754163997903,0.406200482651636],[0.198585239709714,0.439003317266561],[0.194892259423147,0.40564242876682],[0.201756143669146,0.442476619145711],[0.20121868735781,0.441436250737323],[0.188887766062258,0.417402445203507],[0.198668633429658,0.439610331743244],[0.194936529452931,0.405880421303561],[0.195412169319795,0.405326166117386],[0.207208497724103,0.447889408212447],[0.195089436570251,0.405428573101361],[0.194363129788089,0.405836920410034],[0.19952289287039,0.440073323160843],[0.192625706363647,0.408757522104521],[0.190542054192158,0.413139178001408],[0.206960682013784,0.445448031183207],[0.195198622436359,0.405587044281576],[0.199790947158574,0.400788693519173],[0.195790528695663,0.404898749647836]],"C":[[-0.835601280475992,-0.0285385811466012],[0.246517048105739,-0.862838914863676],[0.143428523489364,-0.966625243829959],[-0.294234529377045,-1.09971487747739],[1.10634010252024,-1.25019317210222],[1.5,-1.5],[1.04782956112957,-1.43527941417529],[1.48883694752555,-1.46544393401951],[0.432129970980959,-1.39282304327211],[0.235728281327567,-1.3528575935593],[0.154485549408097,-1.30947991667647],[0.0402680572298516,-1.25660171403866],[-0.0115513184502056,-1.23319780250645],[0.165920287490857,-1.24713575606481],[0.0160462888944989,-1.29530802343364],[-0.00383571752704426,-1.29493056681141],[0.527456685463826,-1.27212208717859],[0.00174989917218804,-1.2985673631612],[0.000129676188367567,-1.29798987223171],[-2.42134817744488e-05,-1.29808843479778],[4.39996642326301e-06,-1.29799389525595],[-7.34772727690736e-05,-1.29800252254575],[-3.8385835083421e-05,-1.29805861607408],[6.23447791938125e-05,-1.29823354741798],[-1.24201633014409e-05,-1.2975222058772],[-0.000261753329897529,-1.29773928936699],[0.000849328628536095,-1.29888761086981],[2.04894321725879e-05,-1.29807139121635],[-0.000238306252088927,-1.29830327977704],[0.000230725835548284,-1.27923772498691],[-0.000252969893530963,-1.29746723665484],[-6.77706408449552e-05,-1.29746049182705],[-0.00114506271573839,-1.26783998999839],[-0.000827715752156066,-1.2974712272011],[-0.00157348911412258,-1.26350890000114],[-0.00219562623363789,-1.26464507639298],[-6.19357800288323e-05,-1.29009661057014],[-0.000471162080802112,-1.26727353031579],[-0.00113567310771273,-1.29726083308729],[-0.0010911853532925,-1.29752478314231],[-0.00218086223034353,-1.25645971648202],[-0.000825965809007567,-1.2975677838517],[-0.000411437185381336,-1.29751936781108],[-0.00126482545129408,-1.2665260854628],[-0.00104116186152492,-1.29581262537088],[-0.00113379547062964,-1.29300974518455],[-0.00591140988768363,-1.25874332761539],[-0.00112833291910164,-1.29739664730988],[-2.6884476216904e-05,-1.29945200058067],[-0.00104813855303537,-1.29772307140669]],"d":[[0.283022160293683,0.0448527364596027],[0.660648723432295,0.715880681257654]],"df":{},"lambda":[[0,0],[0,0],[0,0],[0,0],[0,0],[0,0],[0,0],[0,0],[3.4754779811701,0],[1.481522688119,0],[0,0],[2.769864133946,0],[1.44564312858316,0],[0.121422123220331,0],[0.725547224909994,0],[0.815084544236031,0],[0.781647252826928,0],[0.748209961417826,0],[0.714772670008723,0],[0.681335378599621,0],[0.767429587154933,0],[0.939618004265559,0],[0.805868838629149,0],[0.672119672992739,0],[1.01649650721399,0],[0.74899817594117,0],[0.97535508594486,0],[0.44035842339922,0],[0.8930722434066,0],[1.08750668069125,0],[1.47637555526056,0],[2.25411330439918,0],[4.44089209850063e-16,0],[1.55547549827723,0],[4.6664264948317,0],[0,0],[6.22190199310893,0],[0,0],[0,0],[0,0],[0,0],[0,0],[0,0],[0,0],[0,0],[0,0]],"rho":[0.0115863364544449,0.0115863364544449,0.0115863364544449,0.0115863364544449,0.0115863364544449,0.0115863364544449,0.0115863364544449,0.0115863364544449,0.00579316822722244,0.00579316822722244,0.00579316822722244,0.00289658411361122,0.00289658411361122,0.00289658411361122,0.00144829205680561,0.000724146028402805,0.000724146028402805,0.000724146028402805,0.000724146028402805,0.000724146028402805,0.000362073014201402,0.000181036507100701,0.000181036507100701,0.000181036507100701,9.05182535503506e-05,9.05182535503506e-05,4.52591267751753e-05,4.52591267751753e-05,2.26295633875876e-05,1.13147816937938e-05,5.65739084689691e-06,2.82869542344846e-06,2.82869542344846e-06,1.41434771172423e-06,7.07173855862114e-07,7.07173855862114e-07,3.53586927931057e-07,3.53586927931057e-07,3.53586927931057e-07,3.53586927931057e-07,3.53586927931057e-07,3.53586927931057e-07,3.53586927931057e-07,3.53586927931057e-07,3.53586927931057e-07,3.53586927931057e-07]}
