{"prog":[1.42773444632714,1.42773444632714,1.42773444632714,1.42773444632714,1.23560862863334,1.23560862863334,1.23560862863334,1.23560862863334,1.23560862863334,1.23560862863334,1.23560862863334,1.23560862863334,0.621210853831319,0.621210853831319,0.621210853831319,0.621210853831319,0.600553974990631,0.600553974990631,0.600553974990631,0.600456124966436,0.600106675607942,0.600106675607942,0.600106675607942,0.600106675607942,0.600106675607942,0.600106675607942,0.600106675607942,0.600073387038902,0.600073387038902,0.600073387038902,0.600073387038902,0.600073387038902,0.600073387038902,0.600073387038902,0.600073387038902,0.600073387038902,0.600073387038902,0.600073387038902,0.600073387038902,0.600073387038902,0.600073387038902,0.600073387038902,0.600073387038902,0.600073387038902,0.600073387038902,0.600073387038902,0.600073387038902,0.600073387038902,0.600073387038902,0.600073387038902],"mei":["Inf",0.00217542155181097,0.00589725747723537,0.0387667063914343,0.0174812286352536,0.012505384933755,0.0217966191453515,0.265578775730258,0.24628040513404,0.0051475656339395,0.000256865372025044,6.39161471785924e-06,"Inf","Inf",5.27040454113546e-05,"Inf","Inf","Inf","Inf","Inf","Inf","Inf","Inf","Inf","Inf","Inf","Inf","Inf",4.67477085492631e-06,"Inf","Inf","Inf","Inf","Inf","Inf","Inf","Inf","Inf","Inf","Inf","Inf","Inf","Inf","Inf","Inf","Inf"],"obj":[1.42773444632714,1.80459589348747,0.388990621405884,0.336391040104532,1.23560862863334,0,0.418877548652624,0.443062517626275,0.464503787457922,0.671101384229778,0.481684409536501,0.562672242247771,0.621210853831319,0.603173343925999,0.576579323432373,0.51814828144295,0.600553974990631,0.599542421886413,0.598970659236524,0.600456124966436,0.600106675607942,0.600159124467292,0.600369341951426,1.23547793932703,0.600179978341079,1.23540132769464,0.600193488998725,0.600073387038902,1.23533523074546,0.839703369415611,0.600367564858707,0.599864684348173,0.5504921010728,0.600436246729387,0.600541625329897,0.601887715614973,0.60137214408823,0.601764378312043,0.601608715213971,0.606826785127803,0.600176814695139,0.600553726009167,0.601102100037012,0.600167314713641,0.600193519140184,0.600460864012629,0.600536836917055,1.23544849486853,0.600144551382663,0.6040315339045],"X":[[0.972893777096852,0.454840669230288],[0.876011598463173,0.9285842950243],[0.387659864259805,0.00133075714607974],[0.0776132401259647,0.258777799978568],[0.599379738322315,0.636228890311026],[0,0],[0.0176188539307947,0.401258694721829],[0.000672765032219877,0.442389752594056],[0.464503787457922,0],[0.629540429676475,0.0415609545533029],[0.0837236968471892,0.397960712689312],[0.153944370805303,0.408727871442468],[0.204349695026331,0.416861158804988],[0.189104058347362,0.414069285578637],[0.18075769926762,0.395821624164754],[0.379163512404159,0.138984769038791],[0.193594768079522,0.406959206911109],[0.19481404123268,0.404728380653734],[0.198517326802341,0.400453332434183],[0.194209439683084,0.406246685283351],[0.195630345304058,0.404476330303885],[0.195008817508663,0.405150306958629],[0.196226287025231,0.404143054926194],[0.599284016774132,0.636193922552894],[0.195221587527174,0.404958390813905],[0.599227658863696,0.636173668830948],[0.195483704739245,0.40470978425948],[0.194366588147119,0.405706798891783],[0.599178969876171,0.636156260869291],[0.791043796561852,0.0486595728537589],[0.1975986984,0.402768866458707],[0.196869387908795,0.402995296439378],[0,0.5504921010728],[0.194772991756792,0.405663254972595],[0.195441147655065,0.405100477674832],[0.196560179050791,0.405327536564183],[0.196188421144631,0.405183722943599],[0.190612867249741,0.411151511062302],[0.195096141437116,0.406512573776855],[0.194531914379388,0.412294870748415],[0.194682175563483,0.405494639131656],[0.192597806364847,0.40795591964432],[0.192244094065563,0.408858005971449],[0.195409441677421,0.40475787303622],[0.195070974353686,0.405122544786498],[0.195017344610691,0.405443519401938],[0.194716006822629,0.405820830094426],[0.599262918558774,0.636185576309754],[0.194416834780828,0.405727716601835],[0.197635316688716,0.406396217215784]],"C":[[-0.497283582933176,-0.346597664100364],[-0.965871128313667,0.12966511360778],[0.709612585285095,-1.34971805872749],[0.868634680002547,-1.4270102351954],[-0.631204634275076,-0.735956728422274],[1.5,-1.5],[0.206523682345696,-1.3386810358963],[0.283371443711989,-1.30429085418698],[0.5470200285376,-1.28423623143725],[0.326243005896459,-1.10195153445938],[0.135224408205399,-1.33461761374205],[0.0473781300156206,-1.30924265780347],[-0.0207927133946239,-1.28446797642241],[0.000377854261254917,-1.29278628185695],[0.0283929422136367,-1.31065189599905],[1.21626524138068,-1.33691826483658],[-0.000629725851339802,-1.29690526968252],[0.000286286988108009,-1.298242427232],[0.00188013689017236,-1.30022799950161],[-0.000656545720265689,-1.29724632423427],[-0.000367500868614146,-1.29812766622012],[-0.000421600791600529,-1.2978247898652],[-0.000655370330085725,-1.29816363543521],[-0.630918633903577,-0.736115960145824],[-0.000452987591288978,-1.29789723347278],[-0.630749131689238,-0.736209275938905],[-0.000471658879598602,-1.29799611170606],[-0.000276913463025941,-1.29762362274503],[-0.630602399557267,-0.736289773814933],[0.700481830994128,-0.871881957890701],[-0.000454279239107569,-1.29873199460219],[6.82077139292359e-05,-1.29883723515215],[0.695404238703408,-1.19695844665645],[-0.000709634459128139,-1.29750080524715],[-0.000871208365050447,-1.29769636079089],[-0.00243766347967861,-1.29707368411433],[-0.00183943987885582,-1.29733625407034],[-0.000200625227191331,-1.29462116979002],[-0.0019838048340805,-1.29668502295767],[-0.00585336085949018,-1.29217027384244],[-0.000419565768464858,-1.29767294815336],[-0.000335577456919423,-1.29647805261061],[-0.000651813682054525,-1.29587733924996],[-0.000441165586680836,-1.29798621431851],[-0.000463126650606882,-1.29782303867042],[-0.000757715492105682,-1.29758378787597],[-0.000811496596006156,-1.29739513054852],[-0.630857754687036,-0.736151866935846],[-0.000358624835465393,-1.29758711433487],[-0.00487907037059765,-1.29578239623005]],"d":[[0.087760483873541,0.0486873759639753],[0.629933971327487,0.727030035276979]],"df":{},"lambda":[[0,0],[0,0],[0,0],[0,0],[0,0],[0,0],[0,0],[0,0],[6.96374009485285,0],[0.851424057930882,0],[0.962499732223824,0],[1.18465108080971,0],[1.62895377798148,0],[0.148018280258962,0],[0.821283578679174,0],[2.1678141755196,0],[0,0],[2.69306119368085,0],[0,0],[0,0],[0,0],[0,0],[0,0],[0,0],[0,0],[0,0],[0,0],[0,0],[1.2832406300157,0],[3.84972189004711,0],[4.44089209850063e-16,0],[5.13296252006282,0],[0,0],[0,0],[0,0],[0,0],[0,0],[0,0],[0,0],[0,0],[0,0],[0,0],[0,0],[0,0],[0,0],[0,0]],"rho":[0.00680354656697189,0.00680354656697189,0.00680354656697189,0.00680354656697189,0.00680354656697189,0.00680354656697189,0.00680354656697189,0.00680354656697189,0.00340177328348595,0.00340177328348595,0.00170088664174297,0.000850443320871487,0.000425221660435743,0.000425221660435743,0.000212610830217872,0.000106305415108936,0.000106305415108936,5.31527075544679e-05,5.31527075544679e-05,5.31527075544679e-05,5.31527075544679e-05,5.31527075544679e-05,5.31527075544679e-05,5.31527075544679e-05,5.31527075544679e-05,5.31527075544679e-05,5.31527075544679e-05,5.31527075544679e-05,2.6576353777234e-05,1.3288176888617e-05,1.3288176888617e-05,6.64408844430849e-06,6.64408844430849e-06,6.64408844430849e-06,6.64408844430849e-06,6.64408844430849e-06,6.64408844430849e-06,6.64408844430849e-06,6.64408844430849e-06,6.64408844430849e-06,6.64408844430849e-06,6.64408844430849e-06,6.64408844430849e-06,6.64408844430849e-06,6.64408844430849e-06,6.64408844430849e-06]}
