{"prog":["Inf",1.08893031067423,1.08893031067423,1.00147113358636,1.00147113358636,1.00147113358636,1.00147113358636,1.00147113358636,1.00147113358636,1.00147113358636,1.00147113358636,0.632340810461683,0.632340810461683,0.605149013593751,0.605149013593751,0.605149013593751,0.600910232337769,0.600910232337769,0.600910232337769,0.600910232337769,0.600910232337769,0.599809232354467,0.599809232354467,0.599809232354467,0.599804272202261,0.599804272202261,0.599804272202261,0.599804272202261,0.599804272202261,0.599804272202261,0.599804272202261,0.599804272202261,0.599804272202261,0.599804272202261,0.599804272202261,0.599804272202261,0.599804272202261,0.599804272202261,0.599804272202261,0.599804272202261,0.599804272202261,0.599804272202261,0.599804272202261,0.599804272202261,0.599804272202261,0.599804272202261,0.599804272202261,0.599804272202261,0.599804272202261,0.599804272202261],"mei":["Inf",0.0609861290201565,0.0538096922206585,0.040382408732992,0.0392316037867734,0.138250432956232,0.0686943044190694,0.0085971478634368,0.00446983440252595,0.000399279548695049,0.00109859719639676,0.000188193527769188,"Inf",4.16051591512892e-05,"Inf","Inf","Inf","Inf","Inf","Inf","Inf","Inf","Inf","Inf","Inf","Inf","Inf","Inf","Inf","Inf","Inf","Inf","Inf","Inf","Inf","Inf","Inf","Inf","Inf","Inf","Inf","Inf","Inf","Inf","Inf","Inf"],"obj":[0.26564065838364,1.08893031067423,1.57131504311024,1.00147113358636,0.880696704518212,0,0.374856065582908,0.429086681527796,0.284210641135877,0.493715104572272,0.593030602517685,0.632340810461683,0.551416299863886,0.605149013593751,0.468308752033748,0.521825487252136,0.600910232337769,0.561242041994969,0.598722631633314,0.599693444324618,0.599770173314643,0.599809232354467,0.599829272080131,0.599783965396743,0.599804272202261,0.599873269631525,0.599785066267489,0.599763731047517,0.599965376319543,0.600249821912366,0.60000805235194,0.600425891007951,0.600270035324355,0.600552926027493,0.600380294776532,0.600398602332375,0.602705346906226,0.600660828910441,0.60306139160163,0.601566447818301,0.603728218981242,0.603618611712069,0.601715303464528,0.603896123334644,0.60024372372942,0.600583244561212,0.600789349155889,0.602619567902857,0.60073263941041,0.600369818020685],"X":[[0.0209755028553716,0.244665155528268],[0.308187981845855,0.780742328828373],[0.943339493322032,0.627975549788209],[0.573737094317036,0.427734039269326],[0.80920342717534,0.0714932773428721],[0,0],[0,0.374856065582908],[0,0.429086681527796],[0.284210641135877,0],[0.0983933870849118,0.395321717487361],[0.191780095459075,0.40125050705861],[0.229267900794486,0.403072909667198],[0.177455083305157,0.37396121655873],[0.198801065619053,0.406347947974698],[0.468308752033748,0],[0.395922221867366,0.12590326538477],[0.195483926399867,0.405426305937902],[0,0.561242041994969],[0.193907813699056,0.404814817934258],[0.195027634134848,0.40466581018977],[0.195204673172237,0.404565500142406],[0.195190496479718,0.404618735874749],[0.195121710475706,0.404707561604425],[0.194939873383269,0.404844092013474],[0.19497422996298,0.40483004223928],[0.195485778952144,0.404387490679381],[0.195668773618456,0.404116292649033],[0.195449496177058,0.404314234870459],[0.194256175701505,0.405709200618038],[0.195507618641112,0.404742203271254],[0.196362418956688,0.403645633395252],[0.195964478247039,0.404461412760912],[0.196184089898347,0.404085945426008],[0.196065170149462,0.404487755878031],[0.195756026904878,0.404624267871655],[0.195851311562364,0.404547290770011],[0.198760053104592,0.403945293801634],[0.1959961670616,0.404664661848841],[0.199653616934558,0.403407774667072],[0.198893384332505,0.402673063485795],[0.199713482380237,0.404014736601005],[0.198554943626953,0.405063668085116],[0.197499338750309,0.404215964714219],[0.199832121143266,0.404064002191378],[0.196604898863947,0.403638824865473],[0.195448291381745,0.405134953179467],[0.196415379389626,0.404373969766262],[0.199571739409007,0.40304782849385],[0.196021401964358,0.404711237446052],[0.19610092080786,0.404268897212825]],"C":[[1.02456787734308,-1.43969898995029],[-0.265219519526712,-0.795461583821427],[-0.326449145286779,-0.215757309207128],[-0.0114344053442743,-0.987869338254991],[0.584920895245787,-0.840078524742459],[1.5,-1.5],[0.250288686712936,-1.3594829300957],[0.252937580383541,-1.31588461973546],[0.97277992166862,-1.41922431146513],[0.120394934267231,-1.3340394810608],[0.00815630562734188,-1.30221842557092],[-0.0352870878398404,-1.28496845915771],[0.0857024096927297,-1.32866270191907],[-0.00620598884448781,-1.29535948148548],[0.540956564713221,-1.28068691276859],[1.13344836022406,-1.32739396199706],[-0.00128680689327343,-1.29741554497284],[0.725436405087927,-1.18500737029732],[0.00124457085053958,-1.29852472296731],[0.000110064206966298,-1.29820980398722],[2.13202059725637e-05,-1.29822189166624],[-2.45000580349486e-05,-1.29818434866312],[-4.78796167110995e-05,-1.29813930768124],[6.53778996834165e-06,-1.2980997069271],[-1.74108219035407e-05,-1.29809768655089],[-9.44249745574721e-05,-1.29825606760951],[2.01809169288469e-05,-1.29840375304625],[3.49857891910332e-05,-1.29832949392525],[-0.000149104275174006,-1.2976645827357],[-0.000537223028408529,-1.29796051994441],[-0.000194163924731316,-1.29851200306242],[-0.000736956732229455,-1.29800888885281],[-0.000536895982325147,-1.29822635157993],[-0.000884996269931659,-1.29794810439902],[-0.000688039795781969,-1.29795877977974],[-0.000707798582970265,-1.29798375328995],[-0.00331833077956073,-1.29732264090537],[-0.00101443949039226,-1.29783201394792],[-0.00363495324663604,-1.29740060058311],[-0.00178156153822073,-1.29829582561173],[-0.00449735313332678,-1.29688661756478],[-0.00445787851796947,-1.29649935915873],[-0.00221142508985761,-1.29760346506334],[-0.00469622511580375,-1.29679940549247],[-0.000463087586559996,-1.29842221280392],[-0.000918616712881792,-1.29766563510823],[-0.00115387137017464,-1.2979026913147],[-0.00305809217088299,-1.29772356877566],[-0.00109848392243916,-1.29778442425681],[-0.000663624606860147,-1.29811108760464]],"d":[[0.179221511828671,0.0434835921961203],[0.65838684676615,0.77641734110141]],"df":{},"lambda":[[0,0],[0,0],[0,0],[1.46526231054129,0],[1.33138168321886,0],[1.19750105589643,0],[2.60715453946918,0],[2.79815202139224,0],[1.14550553418509,0],[1.5275004980312,0],[0.94619406038804,0],[0.364887622744877,0],[1.1288775504371,0],[0.887810687505871,0],[0.646743824574641,0],[0.879898303466198,0],[0.921136554882281,0],[0.937112829792588,0],[0.900394642080094,0],[0.8636764543676,0],[0.826958266655106,0],[0.85891081647572,0],[0.785474441050732,0],[0.84937954069196,0],[0.977189739974416,0],[0.683444238274463,0],[0.939064636839376,0],[1.09583539971022,0],[1.40937692545191,0],[0,0],[0.627083051483381,0],[1.88124915445014,0],[0,0],[2.50833220593352,0],[0,0],[5.01666441186704,0],[0,0],[0,0],[0,0],[0,0],[0,0],[0,0],[0,0],[0,0],[0,0],[0,0]],"rho":[0.170814935259255,0.170814935259255,0.170814935259255,0.0854074676296273,0.0854074676296273,0.0854074676296273,0.0427037338148137,0.0213518669074068,0.0213518669074068,0.0106759334537034,0.0106759334537034,0.0106759334537034,0.00533796672685171,0.00533796672685171,0.00533796672685171,0.00266898336342585,0.00133449168171293,0.000667245840856463,0.000667245840856463,0.000667245840856463,0.000667245840856463,0.000333622920428232,0.000333622920428232,0.000166811460214116,8.34057301070579e-05,8.34057301070579e-05,4.1702865053529e-05,2.08514325267645e-05,1.04257162633822e-05,1.04257162633822e-05,5.21285813169112e-06,2.60642906584556e-06,2.60642906584556e-06,1.30321453292278e-06,1.30321453292278e-06,6.5160726646139e-07,6.5160726646139e-07,6.5160726646139e-07,6.5160726646139e-07,6.5160726646139e-07,6.5160726646139e-07,6.5160726646139e-07,6.5160726646139e-07,6.5160726646139e-07,6.5160726646139e-07,6.5160726646139e-07]}
