{"prog":[1.06547279953153,1.06547279953153,1.06547279953153,1.06547279953153,1.06547279953153,1.06547279953153,1.06547279953153,1.06547279953153,1.06547279953153,1.06547279953153,1.06547279953153,0.673154010179409,0.673154010179409,0.673154010179409,0.673154010179409,0.673154010179409,0.605621753784156,0.605621753784156,0.599980469042557,0.599855557586248,0.599855557586248,0.599852387133733,0.599852387133733,0.599852387133733,0.599852387133733,0.599852387133733,0.599852387133733,0.599852387133733,0.599852387133733,0.599852387133733,0.599852387133733,0.599852387133733,0.599852387133733,0.599852387133733,0.599852387133733,0.599852387133733,0.599852387133733,0.599852387133733,0.599852387133733,0.599852387133733,0.599852387133733,0.599852387133733,0.599852387133733,0.599852387133733,0.599852387133733,0.599852387133733,0.599852387133733,0.599852387133733,0.599852387133733,0.599852387133733],"mei":["Inf",0.0657830464541318,0.0156861575584533,0.0555415337127721,0.00495908068710881,0.167500264325697,0.0169292867230776,0.184670743048593,0.00319840296807129,0.00220390445942357,0.000466014589717591,7.88467924530095e-06,0.000102545119513705,0.000585520152368364,"Inf","Inf","Inf","Inf","Inf","Inf","Inf","Inf","Inf","Inf","Inf","Inf","Inf","Inf","Inf","Inf","Inf","Inf","Inf","Inf","Inf","Inf","Inf","Inf","Inf","Inf","Inf","Inf","Inf","Inf","Inf","Inf"],"obj":[1.06547279953153,1.0834393358844,0.866186988173562,1.20072038989997,0.323101488101087,0.365793046992114,0.418972527217446,0.573297273276856,0.459650317489682,0.593636729194654,0,0.673154010179409,0.37400195006666,0.627174406765378,0.601546172826644,0.507305633689848,0.605621753784156,0.599713982045259,0.599980469042557,0.599855557586248,0.599881689382167,0.599852387133733,0.599776905400918,0.599925590012684,0.600024969626469,0.600192183011856,0.60021653641051,0.616732779697494,0.600427628543141,0.600577071690805,0.600444706477812,0.600395371946491,0.630152899989271,0.623688286482504,0.600647497530639,0.621060616371548,0.60029243675853,0.600238689370771,0.625028988541344,0.600635559339217,0.629161689260088,0.600157177970826,0.60040965588816,0.628329123014989,0.600396249479847,0.600319190905171,0.600366946093684,0.600244807317122,0.600538048794473,0.614773551238383],"X":[[0.483747518952877,0.58172528057865],[0.890098615095508,0.193340720788888],[0.60261672776719,0.263570260406372],[0.366867350900282,0.833853038999683],[0.157022411487303,0.166079076613784],[0,0.365793046992114],[0,0.418972527217446],[0,0.573297273276856],[0.0515405873248337,0.408109730164848],[0.163516723028826,0.430120006165829],[0,0],[0.226854142191134,0.446299867988275],[0.37400195006666,0],[0.190724705224256,0.436449701541123],[0.183906784142391,0.417639388684253],[0.507305633689848,0],[0.194409598908676,0.411212154875481],[0.192879756641929,0.40683422540333],[0.194374526956168,0.405605942086389],[0.194481582419395,0.405373975166853],[0.194554124939248,0.405327564442918],[0.194587816420196,0.405264570713536],[0.19443278495513,0.405344120445788],[0.194913215543197,0.405012374469487],[0.194295934699177,0.405729034927293],[0.194246969188374,0.405945213823483],[0.194466738396378,0.405749798014132],[0.190750846655911,0.425981933041583],[0.193594180598582,0.406833447944558],[0.192089956914337,0.408487114776468],[0.193374795886285,0.407069910591527],[0.194721470733086,0.405673901213405],[0.195430606519032,0.434722293470239],[0.19303257804166,0.430655708440844],[0.194954823268808,0.405692674261832],[0.192165393576067,0.428895222795481],[0.193396820824709,0.406895615933821],[0.193750747317181,0.40648794205359],[0.193058916658011,0.431970071883333],[0.195067716433314,0.405567842905903],[0.19471559372508,0.434446095535009],[0.194838402164479,0.405318775806347],[0.193609996972936,0.406799658915225],[0.19430878898567,0.434020334029319],[0.195641007151631,0.404755242328216],[0.194128469958968,0.406190720946203],[0.198951114057464,0.40141583203622],[0.193879209686073,0.406365597631049],[0.195462558138348,0.405075490656126],[0.189825314530082,0.424948236708302]],"C":[[-0.36168138397994,-0.927584035842627],[-0.056276103408837,-0.670343821089892],[0.798995736118048,-1.06738379724448],[-0.637856483241426,-0.670097456194402],[1.47853910143076,-1.44776170260183],[0.271756680506804,-1.36619544677223],[0.236467076175742,-1.32446202143703],[0.751533386332356,-1.17133023645332],[0.171588490702991,-1.33079001600299],[0.0434962089030873,-1.28825906158582],[1.5,-1.5],[-0.0396932280555373,-1.24935362600437],[0.740986935011936,-1.36012254134634],[0.00846092455986125,-1.27313574484179],[0.00672062229802173,-1.29175563576585],[0.493228759210656,-1.24264099402654],[-0.00504506876416871,-1.29310947153483],[0.000348954871490836,-1.29728331251822],[-0.000177925840907089,-1.29770236301478],[-5.15299912879352e-05,-1.29784885435707],[-8.5692994816422e-05,-1.2978582579719],[-5.56061944957387e-05,-1.29789620942519],[3.86250674065391e-05,-1.29789203615462],[-0.000154126980242253,-1.2979738149332],[-0.000217245396522014,-1.29763303997634],[-0.000388200147448226,-1.29747659833494],[-0.000441167180623314,-1.29754978906897],[-0.000867868261841875,-1.28215350722221],[-0.000507550433552606,-1.29700783887191],[-0.00016320650214563,-1.29623972551424],[-0.000471005089812404,-1.29690027620694],[-0.000660362140671722,-1.29751223470984],[-0.00112094816750258,-1.27282340559558],[-0.00119447761608543,-1.27727408460191],[-0.00095583567631724,-1.29740607093451],[-0.00120847530893076,-1.27912134937497],[-0.000330846889522285,-1.29703362742873],[-0.000354409262190714,-1.29722820087907],[-9.8329402634767e-05,-1.27613011169594],[-0.000953265660853353,-1.29746331080615],[-0.000272640524865975,-1.27334242763468],[-0.000409774168242893,-1.29775468702084],[-0.000493663365000618,-1.2970292065786],[-7.11152601369225e-05,-1.273870444172],[-0.000707602643441663,-1.29789779012852],[-0.000502787385194214,-1.29732323536859],[-5.10153613487718e-05,-1.29928378400596],[-0.000384568933041174,-1.29727785311346],[-0.00086787155025464,-1.29770823523571],[-6.20438256299094e-06,-1.28338534608206]],"d":[[0.161149110794869,0.0422229486890702],[0.717652166644583,0.693240103722814]],"df":{},"lambda":[[0,0],[0,0],[0.90711775692493,0],[2.48576144161451,0],[0,0],[2.291034266541,0],[3.45254929185921,0],[5.77557934249563,0],[1.53573573749432,0],[2.22044604925031e-16,0],[0.903756097572464,0],[2.33948651647557,0],[5.21094735428179,0],[0.899823551173807,0],[1.19801327326028,0],[0.893930072900199,0],[0.805863018752933,0],[0.717795964605666,0],[0.62276249731443,0],[0.688774460788795,0],[0.820798387737524,0],[1.08484624163498,0],[0.324578503305097,0],[0.852674211100013,0],[1.90886562668985,0],[0,0],[2.11238283117967,0],[0,0],[0,0],[0,0],[0,0],[0,0],[0,0],[0,0],[0,0],[0,0],[0,0],[0,0],[0,0],[0,0],[0,0],[0,0],[0,0],[0,0],[0,0],[0,0]],"rho":[0.299582582781801,0.299582582781801,0.1497912913909,0.0748956456954502,0.0748956456954502,0.0374478228477251,0.0187239114238626,0.00936195571193128,0.00936195571193128,0.00936195571193128,0.00468097785596564,0.00234048892798282,0.00117024446399141,0.00117024446399141,0.000585122231995705,0.000585122231995705,0.000585122231995705,0.000585122231995705,0.000585122231995705,0.000292561115997852,0.000146280557998926,7.31402789994631e-05,7.31402789994631e-05,3.65701394997315e-05,1.82850697498658e-05,1.82850697498658e-05,9.14253487493289e-06,9.14253487493289e-06,9.14253487493289e-06,9.14253487493289e-06,9.14253487493289e-06,9.14253487493289e-06,9.14253487493289e-06,9.14253487493289e-06,9.14253487493289e-06,9.14253487493289e-06,9.14253487493289e-06,9.14253487493289e-06,9.14253487493289e-06,9.14253487493289e-06,9.14253487493289e-06,9.14253487493289e-06,9.14253487493289e-06,9.14253487493289e-06,9.14253487493289e-06,9.14253487493289e-06]}
