{"prog":[0.99407067481756,0.99407067481756,0.99407067481756,0.99407067481756,0.99407067481756,0.99407067481756,0.99407067481756,0.99407067481756,0.99407067481756,0.99407067481756,0.99407067481756,0.602916773562378,0.602916773562378,0.602916773562378,0.602916773562378,0.602916773562378,0.602916773562378,0.602916773562378,0.602916773562378,0.602916773562378,0.600114510149388,0.600052822377416,0.600052822377416,0.600052822377416,0.600025352440062,0.599926645932954,0.599926645932954,0.599926645932954,0.599926645932954,0.599926645932954,0.599926645932954,0.599926645932954,0.599926645932954,0.599926645932954,0.599926645932954,0.599926645932954,0.599926645932954,0.599926645932954,0.599926645932954,0.599926645932954,0.599926645932954,0.599926645932954,0.599926645932954,0.599926645932954,0.599926645932954,0.599846794802731,0.599846794802731,0.599846794802731,0.599846794802731,0.599846794802731],"mei":["Inf",0.00397018803878214,0.0101553973516213,0.00404383805528648,0.0030084175584101,0.0689427103229093,0.00301399173253286,0.00509023113032164,0.000241524753628208,0.00141241523221752,0.000389495054840813,0.00187217909613867,0.000128098269005299,9.66378833764754e-05,0.000161709864050997,"Inf","Inf","Inf","Inf","Inf","Inf","Inf","Inf","Inf","Inf","Inf","Inf","Inf","Inf","Inf","Inf","Inf","Inf","Inf","Inf","Inf","Inf","Inf","Inf","Inf","Inf","Inf","Inf","Inf","Inf","Inf"],"obj":[0.99407067481756,0.639902650536947,1.7020818687468,1.06989967769242,1.07564028465088,0,0.675211819729789,0.591704732068945,0.547964906486532,0.570815838087953,0.590281483412256,0.602916773562378,0.241760888723165,0.389345676101549,0.377541009614164,0.443793434831948,0.501115348372362,0.496152031212082,0.598739725387816,0.599355833006224,0.600114510149388,0.600052822377416,0.59984462092017,0.599653694794852,0.600025352440062,0.599926645932954,0.600265794610384,0.599968155431179,0.600097914399353,0.600122900611385,0.600072008766277,0.600192744276808,0.60008897038727,0.600067964619851,0.600308711992459,0.600258316881306,0.599977824078703,0.600116307499599,0.600024754943025,0.601824896557683,0.599857754469569,0.600007571734388,0.600431965756317,0.600356386418113,0.600245235634587,0.599846794802731,0.600489199140886,0.600429704754799,0.600194517830902,0.600208256032142],"X":[[0.215175158566603,0.778895516250957],[0.150617634903318,0.489285015633629],[0.918229745644664,0.783852123102139],[0.879985003573816,0.189914674118607],[0.639572554738161,0.436067729912714],[0,0],[0.153079193193732,0.522132626536057],[0.14733820547467,0.444366526594275],[0.145378216089728,0.402586690396804],[0.163223437556491,0.407592400531462],[0.184198681365569,0.406082802046687],[0.198532490527585,0.404384283034793],[0.241760888723165,0],[0,0.389345676101549],[0.377541009614164,0],[0,0.443793434831948],[0.501115348372362,0],[0.343765858245696,0.152386172966386],[0.194095270918979,0.404644454468838],[0.196678373248652,0.402677459757573],[0.19732679736108,0.402787712788308],[0.196644863693189,0.403407958684227],[0.197047756288009,0.402796864632161],[0.196354005408038,0.403299689386814],[0.197415882865361,0.402609469574701],[0.195991055772136,0.403935590160818],[0.197564432972237,0.402701361638147],[0.195374045113992,0.404594110317187],[0.195500566436311,0.404597347963042],[0.196239358831304,0.40388354178008],[0.197066423710907,0.40300558505537],[0.197020559759851,0.403172184516957],[0.197338321120669,0.402750649266601],[0.195241601611814,0.404826363008037],[0.196413351731746,0.403895360260713],[0.19666104452946,0.403597272351846],[0.195462195406999,0.404515628671704],[0.196887672391599,0.403228635108],[0.196844169075907,0.403180585867117],[0.191387889965013,0.41043700659267],[0.196865689486464,0.402992064983105],[0.194663256949576,0.405344314784812],[0.194567231876867,0.405864733879449],[0.195389407514186,0.404966978903927],[0.194183595702396,0.406061639932192],[0.194146354119154,0.405700440683577],[0.196824506370477,0.403664692770409],[0.194685356481373,0.405744348273425],[0.194365384907692,0.40582913292321],[0.194944159294251,0.405264096737891]],"C":[[-0.309033885104661,-0.847021425899993],[0.233986901417908,-1.23791450153253],[-1.47955922584621,-0.0424299833216053],[-0.0673979289495791,-0.689558810039614],[0.10323475846796,-0.900791882154474],[1.5,-1.5],[0.367914539506911,-1.20394428091771],[0.0931094948519307,-1.28082984325004],[0.0608400348947167,-1.31678913100192],[0.0361820942424644,-1.30722654446124],[0.0114841027444445,-1.3011676036651],[-0.00360890263885433,-1.29705820183935],[1.0787179140705,-1.44155167268379],[0.229411264676052,-1.34840994450103],[0.732170699613936,-1.35746278605952],[0.287896676237314,-1.30304738720006],[0.498896956788037,-1.24888340762565],[1.31230897801205,-1.35860348899326],[0.00122029485784259,-1.29858989127451],[0.000707687628480336,-1.29916848089945],[-0.000172720320425035,-1.29882419346998],[-0.000214207631822949,-1.29859281645331],[0.000130253875973763,-1.29892686758436],[0.000256751475176953,-1.29879446510072],[-3.22029011346481e-05,-1.29893258420127],[-0.000129857205832806,-1.29842354505875],[-0.000324332726158616,-1.29879990815914],[-0.000208967961936479,-1.29813258839244],[-0.000359724989471122,-1.29808051454435],[-0.000350864775632287,-1.29836819872466],[-0.000168739355837499,-1.29875132305997],[-0.00033599882039953,-1.29863508866374],[-0.000135847104174136,-1.29884950153261],[-0.000324875947973702,-1.29799633281374],[-0.000565418201314505,-1.29829033322137],[-0.000474600423662264,-1.29843367531473],[-0.000218977121385355,-1.29816163632701],[-0.000258689167311088,-1.29864191228916],[-0.000146548562465598,-1.29869778828066],[-0.000732415016052534,-1.29491213919399],[7.66695043228349e-05,-1.29884129586367],[-0.000232351180332602,-1.29780220286541],[-0.000682323777791705,-1.29741741007274],[-0.000658717842565826,-1.29782472542868],[-0.0004347240517103,-1.29740667573567],[-1.00497487452444e-05,-1.29771434561139],[-0.000747133545634993,-1.29831492950259],[-0.000693495960830404,-1.29746913581589],[-0.000405845854798692,-1.29752481202048],[-0.000473123241894302,-1.29775778665228]],"d":[[0.177687273922284,0.0364522977162058],[0.644310815755688,0.690216797100662]],"df":{},"lambda":[[0,0],[0,0],[0,0],[0,0],[0,0],[11.3497114495058,0],[0,0],[4.28471984381593,0],[1.59175599714899,0],[0,0],[0,0],[0,0],[0,0],[0,0],[0,0],[0.910584258789227,0],[1.96673754910687,0],[1.45120180316388,0],[0.811834698084567,0],[0.172467593005256,0],[0.938819594620278,0],[1.11022302462516e-16,0],[1.53270400323004,0],[0,0],[0,0],[0,0],[0,0],[0,0],[0,0],[0,0],[0,0],[0,0],[0,0],[0,0],[0,0],[0,0],[0,0],[0.915372783118644,0],[0,0],[0,0],[0,0],[0,0],[0,0],[0,0],[0,0],[0,0]],"rho":[0.0053604917768518,0.0053604917768518,0.0053604917768518,0.0053604917768518,0.0053604917768518,0.0026802458884259,0.0026802458884259,0.00134012294421295,0.00134012294421295,0.00134012294421295,0.00134012294421295,0.00134012294421295,0.00134012294421295,0.00134012294421295,0.00134012294421295,0.000670061472106475,0.000335030736053238,0.000335030736053238,0.000335030736053238,0.000335030736053238,0.000167515368026619,0.000167515368026619,8.37576840133094e-05,8.37576840133094e-05,8.37576840133094e-05,8.37576840133094e-05,8.37576840133094e-05,8.37576840133094e-05,8.37576840133094e-05,8.37576840133094e-05,8.37576840133094e-05,8.37576840133094e-05,8.37576840133094e-05,8.37576840133094e-05,8.37576840133094e-05,8.37576840133094e-05,8.37576840133094e-05,4.18788420066547e-05,4.18788420066547e-05,4.18788420066547e-05,4.18788420066547e-05,4.18788420066547e-05,4.18788420066547e-05,4.18788420066547e-05,4.18788420066547e-05,4.18788420066547e-05]}
