{"prog":["Inf",1.1811415357611,1.1811415357611,0.955973565083922,0.955973565083922,0.955973565083922,0.955973565083922,0.955973565083922,0.955973565083922,0.955973565083922,0.955973565083922,0.955973565083922,0.955973565083922,0.955973565083922,0.955973565083922,0.955973565083922,0.663297080738256,0.663297080738256,0.614217527992875,0.609089080059836,0.60496331750387,0.602310659952987,0.601187213920039,0.600770124394442,0.600185720037644,0.600185720037644,0.600185720037644,0.600103742125577,0.600103742125577,0.600103742125577,0.600103742125577,0.600103742125577,0.600103742125577,0.600103742125577,0.600103742125577,0.600103742125577,0.600103742125577,0.599898919672916,0.599898919672916,0.599898919672916,0.599898919672916,0.599898919672916,0.599898919672916,0.599898919672916,0.599898919672916,0.599898919672916,0.599898919672916,0.599898919672916,0.599898919672916,0.599898919672916],"mei":["Inf",0.000328588605208523,6.26009695343911e-05,0.000117880925563263,0.000135391420194171,0.00157888298952493,0.00347295019623228,0.00193120010923148,0.00124097623386209,0.0426149754869109,0.000753405990713107,0.00835723794398331,0.00399293531920503,0.000415577992443475,0.0148646306357901,"Inf","Inf","Inf","Inf","Inf","Inf","Inf","Inf","Inf","Inf",7.78946098974602e-08,"Inf","Inf","Inf","Inf","Inf","Inf","Inf","Inf","Inf","Inf","Inf","Inf","Inf","Inf","Inf","Inf","Inf","Inf","Inf","Inf"],"obj":[0.621024383725837,1.1811415357611,0.815397812229441,0.955973565083922,1.74350054793607,0,0.22730734031409,0.279193977617066,0.369636610811617,0.408421110867694,0.446802946845688,0.552346091800885,0.821839549186132,0.629161704896328,0.447337677495137,0.657186441545679,0.663297080738256,0.641105968459192,0.614217527992875,0.609089080059836,0.60496331750387,0.602310659952987,0.601187213920039,0.600770124394442,0.600185720037644,0.600276740833908,1.18080983949314,0.600103742125577,0.620430935413608,0.568534073569432,1.1807031128613,1.18058149560177,0.600118039207667,0.600302854352212,0.600172576578487,1.1804362196119,0.600187900519841,0.599898919672916,1.18026057111457,1.1800771275514,0.600341075526416,0.59992013292739,0.600078989202073,0.600132991001133,0.599935470022249,0.600087857001429,0.599988546222298,0.600043766913385,0.599946654851695,1.17966998436032],"X":[[0.341641894132281,0.279382489593556],[0.511926060531271,0.669215475229829],[0.601731210602851,0.21366660162659],[0.13782089582128,0.818152669262642],[0.947181389147225,0.796319158788845],[0,0],[0,0.22730734031409],[0.279193977617066,0],[0,0.369636610811617],[0,0.408421110867694],[0.046066984143632,0.400735962702056],[0.133187633250522,0.419158458550363],[0.0988395575447765,0.722999991641355],[0.188451913511716,0.440709791384612],[0.447337677495137,0],[0.206977793353817,0.450208648191862],[0.210906322638353,0.452390758099902],[0.188414048274707,0.452691920184486],[0.190090619030098,0.424126908962776],[0.189863396950073,0.419225683109763],[0.189726611541885,0.415236705961985],[0.191406874243502,0.410903785709485],[0.191773913555622,0.409413300364417],[0.192199729735936,0.408570394658506],[0.193516236554304,0.40666948348334],[0.192879788831876,0.407396952002032],[0.511680150610258,0.669129688882883],[0.194620802232383,0.405482939893194],[0.191316909613031,0.429114025800577],[0.516438856451379,0.0520952171180523],[0.511590694762271,0.669112418099026],[0.511495742100186,0.669085753501582],[0.194739428659966,0.405378610547702],[0.195103402959331,0.405199451392882],[0.192659444580508,0.407513131997979],[0.511383148935261,0.669053070676639],[0.19487926336769,0.40530863715215],[0.194202669734769,0.405696249938147],[0.511243213960503,0.669017357154068],[0.511089301066591,0.668987826484805],[0.192066515852208,0.408274559674208],[0.194896271024407,0.405023861902983],[0.192969918192204,0.407109071009869],[0.194244935653343,0.405888055347789],[0.19350222681308,0.406433243209169],[0.193670581982228,0.406417275019201],[0.195696506910651,0.404292039311648],[0.196069253473052,0.403974513440333],[0.195145974529011,0.404800680322684],[0.510759187156812,0.668910797203506]],"C":[[0.777664636412003,-1.30522624068221],[-0.119555800393741,-0.790082356261847],[0.670238022293623,-1.09226613353577],[-0.610192483171453,-0.811631610453433],[-1.51077480580544,0.0312767866010404],[1.5,-1.5],[1.1860429137952,-1.44833137303933],[0.985594661861682,-1.42205072286236],[0.261861982487384,-1.3633687759477],[0.226609651693392,-1.3331921961976],[0.176305544664855,-1.33728852116917],[0.076858013999007,-1.30656724097481],[0.150180062271157,-0.967501753950953],[0.0181937935146979,-1.2702607560715],[0.577026422826597,-1.29988900229326],[0.00254196207416119,-1.25447236615164],[-0.00034293938528529,-1.25086112505696],[0.0414684001674547,-1.25957017181242],[-0.000740483245419643,-1.28398192165043],[-0.00145580275310098,-1.28820171711973],[-0.000802475412754744,-1.29158229089467],[-0.00105536959897595,-1.29452148738195],[-0.000497043807311803,-1.29560351556428],[-0.00036598997692483,-1.29612949649803],[-0.000254040767139585,-1.29717139739325],[-0.00017896573506293,-1.29682511055962],[-0.118915001417018,-0.79044888292696],[-0.000334569454560785,-1.297706328794],[0.000239915475609032,-1.27925899295734],[0.45302000301937,-1.23057699590061],[-0.118632220276853,-0.790563532978331],[-0.118361893822033,-0.790696360274601],[-0.00035964277184608,-1.29774473703561],[-0.000587537114274672,-1.2977480667446],[-1.80497355891651e-05,-1.29681538566313],[-0.118045232810443,-0.790855263603216],[-0.000446494254851715,-1.29774698135913],[-7.20797470249446e-05,-1.29769587585401],[-0.117634298945834,-0.791046152005922],[-0.117147722509249,-0.7912430143504],[4.14619031001151e-05,-1.29642233741123],[-0.000147324732197252,-1.29797111482997],[-2.05630681931468e-05,-1.29702481497438],[-0.00032565390817263,-1.29752379149902],[-3.06757753743003e-06,-1.29736890703286],[-0.000187925348210216,-1.29731670424063],[-0.000224142270811023,-1.2982508241322],[-0.000267799775820921,-1.29836144033317],[-0.000183828473372394,-1.29805445783541],[-0.116153631819166,-0.791683398119482]],"d":[[0.287052182648059,0.0297249057173125],[0.652624092297337,0.785935464178604]],"df":{},"lambda":[[0,0],[0,0],[0,0],[0,0],[0,0],[0,0],[0,0],[0,0],[0,0],[0,0],[35.5594378270421,0],[0,0],[9.93643708903385,0],[7.25536197632692,0],[4.57428686361998,0],[0,0],[0,0],[0,0],[0,0],[0,0],[0,0],[0,0],[0,0],[0,0],[0,0],[0,0],[0,0],[0,0],[0,0],[0,0],[0,0],[0,0],[0,0],[0,0],[0,0],[0,0],[0,0],[0,0],[0,0],[0,0],[0,0],[0,0],[0,0],[0,0],[0,0],[0,0]],"rho":[0.000511644576699745,0.000511644576699745,0.000511644576699745,0.000511644576699745,0.000511644576699745,0.000511644576699745,0.000511644576699745,0.000511644576699745,0.000511644576699745,0.000511644576699745,0.000255822288349873,0.000255822288349873,0.000127911144174936,0.000127911144174936,0.000127911144174936,0.000127911144174936,0.000127911144174936,0.000127911144174936,0.000127911144174936,0.000127911144174936,0.000127911144174936,0.000127911144174936,0.000127911144174936,0.000127911144174936,0.000127911144174936,0.000127911144174936,0.000127911144174936,0.000127911144174936,0.000127911144174936,0.000127911144174936,0.000127911144174936,0.000127911144174936,0.000127911144174936,0.000127911144174936,0.000127911144174936,0.000127911144174936,0.000127911144174936,0.000127911144174936,0.000127911144174936,0.000127911144174936,0.000127911144174936,0.000127911144174936,0.000127911144174936,0.000127911144174936,0.000127911144174936,0.000127911144174936]}
