{"prog":["Inf","Inf","Inf","Inf",1.22017131545585,1.22017131545585,1.22017131545585,1.22017131545585,1.22017131545585,1.22017131545585,1.22017131545585,1.22017131545585,0.898937193134457,0.898937193134457,0.898937193134457,0.613238528195948,0.613238528195948,0.609812189808696,0.605291509565846,0.603563190932489,0.603009287380361,0.601887223878034,0.601138974509951,0.60060227929952,0.600357252760793,0.600211933555637,0.600035655299782,0.599883930046125,0.599883930046125,0.599883930046125,0.599883930046125,0.599883930046125,0.599883930046125,0.599883930046125,0.599883930046125,0.599883930046125,0.599883930046125,0.599883930046125,0.599883930046125,0.599883930046125,0.599883930046125,0.599883930046125,0.599883930046125,0.599883930046125,0.599883930046125,0.599883930046125,0.599883930046125,0.599883930046125,0.599883930046125,0.599883930046125],"mei":["Inf",0.000205554996111867,0.000229076475914181,8.90847480761953e-05,5.45514925452859e-05,0.000999139283847502,0.00144478738092357,0.00338332269530108,0.0139892313606493,0.00203207034504329,0.00493497922993902,0.00364777009248564,0.00104701456462583,"Inf","Inf","Inf","Inf","Inf","Inf","Inf","Inf","Inf","Inf","Inf","Inf","Inf","Inf","Inf","Inf","Inf","Inf","Inf","Inf","Inf","Inf","Inf","Inf","Inf","Inf","Inf","Inf","Inf","Inf","Inf","Inf","Inf"],"obj":[0.830796279700193,0.826759640031205,1.34111248313475,0.441423219195898,1.22017131545585,0.693591503784295,0,0.491482228968615,0.563389774104282,0.870919510720004,0.546598433133109,0.631816670016734,0.898937193134457,0.72504885497248,0.537095762340035,0.613238528195948,0.371891886872191,0.609812189808696,0.605291509565846,0.603563190932489,0.603009287380361,0.601887223878034,0.601138974509951,0.60060227929952,0.600357252760793,0.600211933555637,0.600035655299782,0.599883930046125,0.599889056370488,0.599972667280171,0.599885426031849,0.600103108659428,0.599947671806566,0.600043803215188,0.600005897215993,0.600045968607186,0.600019581800958,0.599826686087866,0.599996283442827,0.599991446071616,0.600427669482883,0.600391249132169,0.603641566207383,0.600615077458315,0.601142283436456,0.600384919982886,0.600529667509705,0.600180049899345,0.601701068952192,0.61973594047991],"X":[[0.108503907445936,0.722292372254257],[0.761432616315184,0.0653270237160211],[0.890735596560579,0.450376886574174],[0.412553378155584,0.0288698410403146],[0.516961415488497,0.703209899967352],[0.0260143760916151,0.66757712769268],[0,0],[0.288455894206265,0.20302633476235],[0.0797703098769389,0.483619464227343],[0.137235120409031,0.733684390310974],[0.546598433133109,0],[0.149711630552135,0.482105039464599],[0.158326911370377,0.74061028176408],[0.194934040516542,0.530114814455938],[0.130370037473456,0.406725724866579],[0.197080161574711,0.416158366621237],[0,0.371891886872191],[0.193716998416306,0.41609519139239],[0.189426306541289,0.415865203024558],[0.18968478095964,0.413878409972849],[0.19019679680397,0.412812490576392],[0.191287396600281,0.410599827277753],[0.191214860919861,0.409924113590091],[0.193375997926642,0.407226281372877],[0.192289805653182,0.408067447107611],[0.192688157885878,0.40752377566976],[0.1940348179135,0.406000837386282],[0.194376767268025,0.4055071627781],[0.194216688523356,0.405672367847132],[0.195243455760498,0.404729211519672],[0.195920468893964,0.403964957137884],[0.1948115290204,0.405291579639027],[0.19481488201731,0.405132789789256],[0.194888007077065,0.405155796138123],[0.194479753360791,0.405526143855202],[0.194735937635563,0.405310030971623],[0.193781171965833,0.406238409835125],[0.196142779361536,0.40368390672633],[0.193956263130665,0.406040020312161],[0.195040366404253,0.404951079667364],[0.194669306482814,0.405758363000069],[0.196024570588073,0.404366678544097],[0.190081229688368,0.413560336519015],[0.193507513101558,0.407107564356757],[0.194099939422593,0.407042344013863],[0.192586928350875,0.407797991632011],[0.193280889237869,0.407248778271837],[0.193849529235749,0.406330520663596],[0.190641663272898,0.411059405679293],[0.191928515674588,0.427807424805323]],"C":[[0.151775808946817,-0.966520631052281],[0.450794569206976,-0.91595275078382],[0.0207490098427005,-0.503750757059624],[0.705077029137875,-1.32896624245072],[-0.0397905221889261,-0.738246731484036],[0.570035631570141,-1.05366403081816],[1.5,-1.5],[1.25402613867857,-1.37557350449063],[0.331312123766587,-1.25974891148259],[0.0542742621665223,-0.942873737140334],[0.476693285762659,-1.20123015289643],[0.207275186709525,-1.24516115860026],[-0.00353444341002696,-0.926428999681247],[0.314448162772714,-1.18097900334224],[0.0773270829647573,-1.31757783806093],[-0.0108573334044601,-1.28797162380483],[0.256597553786664,-1.36169642447864],[-0.00634755652756602,-1.28933851622471],[-0.000553419706103675,-1.29117380730347],[-0.00031509001699398,-1.29272434563064],[-0.000540048144046124,-1.29341102610963],[-0.00071206308206806,-1.29481691374137],[-0.000168368055987578,-1.29539909806078],[-0.000619909869253144,-1.29677247918509],[-5.62419112976609e-05,-1.29650558925294],[-6.24465426716236e-05,-1.29679564607441],[-0.000194952000829363,-1.29751380947891],[-7.36652507923874e-05,-1.29778161328209],[-6.30841473767685e-05,-1.29770980786432],[-0.000214699285333519,-1.29807425832536],[-8.48284740021521e-05,-1.29842748327296],[-0.000348082422200746,-1.29778720363444],[-0.000174838655880749,-1.29791458438216],[-0.000286284140675164,-1.29786744555321],[-0.000215566049770077,-1.29772617218266],[-0.000279810322442842,-1.29780169338698],[-0.00013863434300232,-1.29741921176618],[9.23314111522799e-06,-1.2985673135545],[-0.000142530743333147,-1.29751246989729],[-0.000233041725421268,-1.29797387854913],[-0.000689563039682151,-1.297464011969],[-0.000693185776937388,-1.29806195700898],[-0.000710810223840286,-1.29283697417844],[-0.000666433305662739,-1.29681827341676],[-0.00131652859995468,-1.29664174369585],[-0.000184222134406609,-1.29661107304927],[-0.000526266869220582,-1.29679093045152],[-0.000313685186358215,-1.29731786799233],[-0.000182254503454882,-1.29468592122713],[-0.00157773046904014,-1.28014425215239]],"d":[[0.213883191844283,0.0372973633925584],[0.850812896759812,0.715594263909715]],"df":{},"lambda":[[0,0],[0,0],[0,0],[0,0],[0,0],[0,0],[0,0],[0,0],[0,0],[0,0],[0,0],[0,0],[0,0],[0,0],[0,0],[0,0],[0,0],[0,0],[0,0],[0,0],[0,0],[0,0],[0,0],[0,0],[0,0],[0,0],[0,0],[0,0],[0,0],[0,0],[0,0],[0,0],[0,0],[0,0],[0.0523366025150054,0],[0.157009807545016,0],[0.366356217605038,0],[0.785049037725081,0],[1.62243467796517,0],[3.29720595844534,0],[0,0],[3.34954256096034,0],[0,0],[6.69908512192069,0],[0,0],[0,0]],"rho":[0.000176418427477801,0.000176418427477801,0.000176418427477801,0.000176418427477801,0.000176418427477801,0.000176418427477801,0.000176418427477801,0.000176418427477801,0.000176418427477801,0.000176418427477801,0.000176418427477801,0.000176418427477801,0.000176418427477801,0.000176418427477801,0.000176418427477801,0.000176418427477801,0.000176418427477801,0.000176418427477801,0.000176418427477801,0.000176418427477801,0.000176418427477801,0.000176418427477801,0.000176418427477801,0.000176418427477801,0.000176418427477801,0.000176418427477801,0.000176418427477801,0.000176418427477801,0.000176418427477801,0.000176418427477801,0.000176418427477801,0.000176418427477801,0.000176418427477801,0.000176418427477801,8.82092137389007e-05,4.41046068694503e-05,2.20523034347252e-05,1.10261517173626e-05,5.51307585868129e-06,2.75653792934065e-06,2.75653792934065e-06,1.37826896467032e-06,1.37826896467032e-06,6.89134482335162e-07,6.89134482335162e-07,6.89134482335162e-07]}
