{"prog":["Inf","Inf",1.14724770178721,1.14724770178721,1.14724770178721,1.14724770178721,1.14724770178721,1.14724770178721,1.14724770178721,1.14724770178721,1.14724770178721,1.14724770178721,1.14724770178721,0.623974689536105,0.623974689536105,0.623974689536105,0.601712993455501,0.601712993455501,0.601712993455501,0.601712993455501,0.599856337401125,0.599856337401125,0.599856337401125,0.599856337401125,0.599856337401125,0.599856337401125,0.599856337401125,0.599856337401125,0.599856337401125,0.599856337401125,0.599839760368588,0.599839760368588,0.599839760368588,0.599839760368588,0.599839760368588,0.599839760368588,0.599839760368588,0.599839760368588,0.599839760368588,0.599839760368588,0.599839760368588,0.599839760368588,0.599839760368588,0.599839760368588,0.599839760368588,0.599839760368588,0.599839760368588,0.599839760368588,0.599839760368588,0.599839760368588],"mei":["Inf",0.0328081677167534,0.044334654730755,0.0423658306526044,0.0430730155562972,0.104466732441442,0.136515873406658,0.140528061926568,0.0203345385566159,0.0125874941584275,0.00654885305518664,0.00124876547004918,"Inf",0.000359827438526235,"Inf","Inf","Inf","Inf","Inf",2.53671844704101e-08,"Inf","Inf","Inf","Inf",6.58302764028114e-05,"Inf","Inf","Inf","Inf","Inf","Inf","Inf","Inf","Inf","Inf","Inf","Inf","Inf","Inf","Inf","Inf","Inf","Inf","Inf","Inf","Inf"],"obj":[0.47652695617092,0.556001559574157,1.14724770178721,1.41882030702169,1.2839577771034,0.635614866456487,0.362555041102546,0.109760217051112,0.744498346707636,0.360777978813962,0.443563426970489,0.539960398729894,0.597160975015778,0.623974689536105,0.353474876138023,0.580007611301288,0.601712993455501,0.539488038076893,0.598273407720635,0.599728156951054,0.599856337401125,0.599863906479412,0.599882813314168,0.598956173998436,0.599887157769035,0.599846210180385,0.599847475833286,0.599897994394939,0.599088057326505,0.599859816335234,0.599839760368588,0.599805322282107,0.599949582308614,0.599992031694038,0.600265856901494,0.600461640912536,0.600577594156663,0.600519048700895,0.600698877913024,0.600497457154808,0.600478547675558,0.601065438810218,0.601186162252043,0.600783075458928,0.600789915903374,0.600629493728787,0.600763492854767,0.600885609852581,0.600849522961468,0.60084687020462],"X":[[0.174432588856302,0.302094367314618],[0.433552681988467,0.122448877585691],[0.93163115465353,0.215616547133684],[0.53860789344148,0.880212413580206],[0.739460401907438,0.544497375195962],[0.635614866456487,0],[0.0483778566132665,0.31417718448928],[0,0.109760217051112],[0.744498346707636,0],[0,0.360777978813962],[0,0.443563426970489],[0.148876901352817,0.391083497377077],[0.192756726442438,0.404404248573339],[0.213908314148958,0.410066375387147],[0.353474876138023,0],[0.164035770143969,0.415971841157319],[0.198016328770161,0.40369666468534],[0,0.539488038076893],[0.194498424987639,0.403774982732995],[0.196335649648617,0.403392507302437],[0.196290396615649,0.403565940785476],[0.196310816157071,0.403553090322341],[0.19648721688006,0.403395596434108],[0.196369128051758,0.402587045946677],[0.19649123801359,0.403395919755445],[0.196343075009613,0.403503135170772],[0.196578372048415,0.403269103784871],[0.196350735173586,0.403547259221353],[0.196011282091111,0.403076775235395],[0.195884053775431,0.403975762559803],[0.195852631517426,0.403987128851162],[0.195811107012423,0.403994215269685],[0.196269607116301,0.403679975192312],[0.196528610805638,0.403463420888399],[0.196182064602884,0.404083792298611],[0.196525260476278,0.403936380436258],[0.196504215698148,0.404073378458515],[0.196334457509368,0.404184591191527],[0.196665143229801,0.404033734683224],[0.196313243100858,0.404184214053951],[0.196445589436677,0.404032958238881],[0.196833343691568,0.404232095118649],[0.197381455323354,0.40380470692869],[0.196695881949431,0.404087193509497],[0.196733360654758,0.404056555248616],[0.196557090083488,0.404072403645299],[0.196712007494035,0.404051485360732],[0.196893448390612,0.403992161461969],[0.196802638628943,0.404046884332525],[0.19687926022437,0.40396760998025]],"C":[[0.497855624801235,-1.37831226518167],[0.996610239148167,-1.29703834431861],[-0.0565153225556558,-0.585572896281078],[-0.70634940227477,-0.43512764410184],[-0.459461341987799,-0.656720922415599],[0.580766851113198,-1.0959937415395],[0.467469139038416,-1.3989522797359],[1.77133865323056,-1.48795269475289],[0.922734117168789,-0.945722211749597],[0.286407947988706,-1.36983925000291],[0.28725861187718,-1.3032514862542],[0.0699432650576318,-1.3248893663229],[0.00305517657742199,-1.29930204814703],[-0.0281881133775426,-1.2860888009148],[0.793095071295888,-1.37505551193921],[0.0336184305387282,-1.30005969347747],[-0.00215015167164273,-1.29781853646232],[0.659076934473683,-1.20895265677194],[0.00178490515752239,-1.2991361259963],[0.000158376902268331,-1.29872679772931],[-1.09556618998474e-05,-1.2986046116344],[-1.80156851914415e-05,-1.29860696675103],[-1.85080436495011e-05,-1.2986647663803],[0.00117832153643377,-1.29936283598412],[-2.35101778709446e-05,-1.29866292530855],[8.59159409433152e-06,-1.29863461680313],[4.06989198753482e-05,-1.29873097357534],[-5.6262034328014e-05,-1.29859599837173],[0.000935591424220283,-1.29910869055883],[-5.62042883968106e-05,-1.29843302074073],[-3.39926142258751e-05,-1.29843614645029],[5.12345149300542e-06,-1.2984466843992],[-0.000131144552908968,-1.29852071895115],[-0.000152654235088867,-1.29859377313984],[-0.00053192523363732,-1.29822888632972],[-0.000744951580102904,-1.29821322255479],[-0.00089012453633891,-1.29811079803398],[-0.000830781444560003,-1.29808759703784],[-0.00102639315856251,-1.29807956267633],[-0.000805855785583398,-1.29809623169281],[-0.000772855999645994,-1.29816649904762],[-0.00146404538272321,-1.29785304808718],[-0.00156193430632912,-1.29798231975667],[-0.0011277565169901,-1.29802427006575],[-0.00113306863971352,-1.29803428496611],[-0.000949787058433793,-1.29809080295022],[-0.00110224006825826,-1.29804678328545],[-0.00123730976091047,-1.29802330345814],[-0.00120079467494755,-1.29801483668986],[-0.00119046712016302,-1.29804872698035]],"d":[[0.123778600492166,0.0451297328725137],[0.784456529440119,0.67032983992031]],"df":{},"lambda":[[0,0],[0,0],[0,0],[0,0],[0,0],[0,0],[2.65133998455077,0],[1.60499098841535,0],[2.89995068907732,0],[3.01308039621661,0],[0.925532962934448,0],[1.15179237721303,0],[1.60431120577019,0],[0.967369876183924,0],[0.330428546597654,0],[0.859172578570578,0],[0.953004837975307,0],[0.94002321635481,0],[0.927041594734312,0],[0.914059973113815,0],[0.901078351493318,0],[0.88809672987282,0],[0.875115108252323,0],[0.862133486631826,0],[0.849151865011328,0],[0.836170243390831,0],[0.769572459332994,0],[0.729293810739614,0],[0.735364708991238,0],[0.747506505494486,0],[0.771790098500982,0],[0.820357284513975,0],[0.917491656539961,0],[1.11176040059193,0],[1.50029788869588,0],[2.27737286490376,0],[3.83152281731953,0],[0,0],[3.10829990483155,0],[0,0],[6.21659980966309,0],[0,0],[12.4331996193262,0],[0,0],[0,0],[0,0]],"rho":[0.108023848189063,0.108023848189063,0.108023848189063,0.108023848189063,0.108023848189063,0.108023848189063,0.0540119240945317,0.0540119240945317,0.0270059620472658,0.0135029810236329,0.0135029810236329,0.00675149051181646,0.00337574525590823,0.00337574525590823,0.00337574525590823,0.00168787262795411,0.000843936313977057,0.000843936313977057,0.000843936313977057,0.000843936313977057,0.000843936313977057,0.000843936313977057,0.000843936313977057,0.000843936313977057,0.000843936313977057,0.000843936313977057,0.000843936313977057,0.000843936313977057,0.000421968156988529,0.000210984078494264,0.000105492039247132,5.27460196235661e-05,2.6373009811783e-05,1.31865049058915e-05,6.59325245294576e-06,3.29662622647288e-06,1.64831311323644e-06,1.64831311323644e-06,8.2415655661822e-07,8.2415655661822e-07,4.1207827830911e-07,4.1207827830911e-07,2.06039139154555e-07,2.06039139154555e-07,2.06039139154555e-07,2.06039139154555e-07]}
