{"prog":[0.898047006744437,0.898047006744437,0.898047006744437,0.898047006744437,0.898047006744437,0.898047006744437,0.898047006744437,0.898047006744437,0.898047006744437,0.898047006744437,0.680548569914852,0.680548569914852,0.680548569914852,0.680548569914852,0.680548569914852,0.614873092353745,0.614873092353745,0.614873092353745,0.602231395214811,0.599862960203667,0.599802841326744,0.599802841326744,0.599802841326744,0.599802841326744,0.599802841326744,0.599802841326744,0.599802841326744,0.599802841326744,0.599802841326744,0.599802841326744,0.599802841326744,0.599802841326744,0.599802841326744,0.599802841326744,0.599802841326744,0.599802841326744,0.599802841326744,0.599802841326744,0.599802841326744,0.599802841326744,0.599802841326744,0.599802841326744,0.599802841326744,0.599802841326744,0.599802841326744,0.599802841326744,0.599802841326744,0.599802841326744,0.599802841326744,0.599802841326744],"mei":["Inf",0.0506526174244684,0.0125227340656216,0.0389843652780827,0.0272581532564323,0.139717711998381,0.0470080118899803,0.0152351343364876,0.0109516981816507,0.00210692277797924,0.00145214908230135,0.0675931577968396,0.0103537050839792,9.68169389243889e-06,0.00730673045000411,"Inf","Inf","Inf","Inf","Inf","Inf","Inf","Inf","Inf","Inf","Inf","Inf","Inf","Inf","Inf","Inf","Inf","Inf","Inf","Inf","Inf","Inf","Inf","Inf","Inf","Inf","Inf","Inf","Inf","Inf","Inf"],"obj":[0.898047006744437,1.09611186176914,1.30915847430685,0.883202471393906,1.21109623838009,0,0.171550830004385,0.313073743620425,0.367152726305849,0.463898772455945,0.680548569914852,0.570848927140635,0.583695572206698,0.319125917227477,0.476024723587747,0.614873092353745,0.594982269326901,0.55229371678094,0.602231395214811,0.599862960203667,0.599802841326744,0.599726696745028,0.599866301650018,0.599779443074636,0.59980727668854,0.599776832193294,0.599849167589533,0.599796248221949,0.599976046754448,0.600283739411832,0.599969370241283,0.600357558566076,0.600296681022831,0.600098388467295,0.600500192787463,0.600392000950864,0.895619570381537,0.602444784044987,0.895441344101641,0.600361065111833,0.600193018318197,0.600655301663401,0.895566583150032,0.658245459597682,0.600539769877464,0.89530419513325,0.895091564089335,0.599956283576352,0.600113823469011,0.60067184188579],"X":[[0.406441635905402,0.491605370839034],[0.982988212076711,0.113123649692424],[0.931814026891211,0.377344447415635],[0.183177106488304,0.700025364905602],[0.685070131194096,0.526026107185992],[0,0],[0,0.171550830004385],[0,0.313073743620425],[0,0.367152726305849],[0.0480598448283874,0.415838927627557],[0.230770096727809,0.449778473187043],[0.179637689427257,0.391211237713378],[0.197512000385306,0.386183571821392],[0.319125917227477,0],[0.476024723587747,0],[0.206642915072376,0.408230177281369],[0.190661706537683,0.404320562789218],[0.452365389810598,0.0999283269703412],[0.197251746755478,0.404979648459333],[0.194958936487077,0.40490402371659],[0.19482264720052,0.404980194126225],[0.19475013422189,0.404976562523138],[0.194836319965676,0.405029981684342],[0.194791393214101,0.404988049860535],[0.194856638358478,0.404950638330062],[0.194756394734743,0.405020437458551],[0.194897112777864,0.404952054811669],[0.194507537386682,0.405288710835267],[0.195586259833797,0.404389786920651],[0.194828623125521,0.405455116286311],[0.193422834996352,0.406546535244932],[0.195401526327331,0.404956032238745],[0.19535360692141,0.404943074101421],[0.193985922668616,0.406112465798678],[0.195363607850612,0.405136584936851],[0.194601409983597,0.405790590967267],[0.404401904839668,0.491217665541868],[0.194325233253391,0.408119550791596],[0.40425593998354,0.4911854041181],[0.195755113406542,0.404605951705291],[0.195117920151348,0.405075098166849],[0.195437338486028,0.405217963177373],[0.404362971602497,0.491203611547535],[0.217981758981741,0.440263700615941],[0.195567599892463,0.404972169985001],[0.404150438793077,0.491153756340172],[0.403960760021646,0.491130804067689],[0.194479749619623,0.40547653395673],[0.196874883212641,0.40323894025637],[0.192347575050796,0.408324266834994]],"C":[[-0.34468461220198,-1.09312935596476],[0.789781503792366,-0.520937214798496],[-0.513819599768137,-0.489333787293375],[0.288701284877275,-0.976410636147351],[-0.485482145072854,-0.753975449904456],[1.5,-1.5],[1.57376129019979,-1.47057031272481],[0.517759257727117,-1.40198483105549],[0.268123647281612,-1.36519887556618],[0.181156061623478,-1.32476823758463],[-0.0415542038101079,-1.24444448751377],[0.0379400655074241,-1.314684068024],[0.0328524196297705,-1.31185125855907],[0.882321249016455,-1.39815864895372],[0.529369961758294,-1.27340046253321],[-0.0175422864685275,-1.29064682800721],[0.00559247893581388,-1.30017299616595],[0.832770334479273,-1.28537988357041],[-0.00284373558151141,-1.29708323273567],[-8.42849221430186e-05,-1.29804374466194],[-1.17895787812294e-05,-1.29803517850327],[7.70771539969073e-05,-1.2980663690275],[-8.41443891629878e-05,-1.29798952235901],[1.58353925603927e-05,-1.29804099259987],[-1.79464367788817e-05,-1.29804587100371],[2.01101254799219e-05,-1.29802839195081],[-6.68374036106867e-05,-1.29802894873466],[1.19086095173304e-05,-1.29790787876926],[-0.000213531322713179,-1.2982149151985],[-0.000548590668649263,-1.29764795628827],[-2.10391117692055e-05,-1.29730752158232],[-0.000660337130159616,-1.2978288554624],[-0.000589576092981714,-1.29785807500009],[-0.000252757351452026,-1.29744212692932],[-0.000821395055349117,-1.2976974082733],[-0.000643821462976146,-1.29746428751483],[-0.340718672541535,-1.09516430442165],[-0.00258212139312064,-1.29567613598268],[-0.340437637535302,-1.09531403376936],[-0.000665423175559843,-1.29797395941985],[-0.000464486637999584,-1.29784316208093],[-0.000999447494874128,-1.29760264904388],[-0.340647177093744,-1.09520959919946],[-0.03202673963428,-1.25865182667118],[-0.000872638922537194,-1.29775085540994],[-0.340239832913557,-1.0954304104563],[-0.339862494636476,-1.09560623765856],[-0.000161580606451606,-1.29776640739833],[-0.000257565688189465,-1.29863863742093],[-0.000344033489258433,-1.29627370348574]],"d":[[0.186022390975827,0.0408327083364711],[0.729583867343392,0.79862018609371]],"df":{},"lambda":[[0,0],[0,0],[0,0],[0,0],[0,0],[0,0],[3.90377251751284,0],[2.11285084073022,0],[0.321929163947612,0],[1.95708709035866,0],[2.22044604925031e-16,0],[2.83177657396978,0],[0,0],[0.964108642183918,0],[2.89232592655175,0],[0.931356501945735,0],[0.87323571309591,0],[0.815114924246085,0],[0.868265415208136,0],[0.852005813809691,0],[0.835746212411247,0],[0.810995378309218,0],[0.832834765092894,0],[0.783333096888837,0],[0.827011870456187,0],[0.914369417590889,0],[0.716362744774661,0],[0.891077839044064,0],[0.630924216668949,0],[0.980354405207754,0],[0.460047160457526,0],[1.15890753753513,0],[0.118293048034678,0],[1.5160138021899,0],[2.22044604925031e-16,0],[2.79544150831043,0],[0,0],[0,0],[0,0],[0,0],[0,0],[0,0],[0,0],[0,0],[0,0],[0,0]],"rho":[0.0464053837181311,0.0464053837181311,0.0464053837181311,0.0464053837181311,0.0464053837181311,0.0464053837181311,0.0232026918590655,0.0232026918590655,0.0232026918590655,0.0116013459295328,0.0116013459295328,0.00580067296476638,0.00580067296476638,0.00290033648238319,0.0014501682411916,0.0014501682411916,0.0014501682411916,0.0014501682411916,0.000725084120595798,0.000725084120595798,0.000725084120595798,0.000725084120595798,0.000362542060297899,0.000362542060297899,0.00018127103014895,9.06355150744748e-05,9.06355150744748e-05,4.53177575372374e-05,4.53177575372374e-05,2.26588787686187e-05,2.26588787686187e-05,1.13294393843093e-05,1.13294393843093e-05,5.66471969215467e-06,5.66471969215467e-06,2.83235984607734e-06,2.83235984607734e-06,2.83235984607734e-06,2.83235984607734e-06,2.83235984607734e-06,2.83235984607734e-06,2.83235984607734e-06,2.83235984607734e-06,2.83235984607734e-06,2.83235984607734e-06,2.83235984607734e-06]}
