{"prog":["Inf",1.40632204562573,1.40632204562573,1.40632204562573,1.15040456106197,1.15040456106197,1.15040456106197,1.15040456106197,1.15040456106197,1.15040456106197,1.15040456106197,1.15040456106197,1.15040456106197,1.15040456106197,1.15040456106197,1.15040456106197,0.868061959820229,0.868061959820229,0.868061959820229,0.63811159870647,0.63811159870647,0.63811159870647,0.611255146362249,0.605740941538758,0.603230573483565,0.603230573483565,0.601189346040399,0.600260933880877,0.60002515137347,0.60002515137347,0.60002515137347,0.599927969927015,0.599927969927015,0.599896885126692,0.599896885126692,0.599896885126692,0.599896885126692,0.599896885126692,0.599896885126692,0.599896885126692,0.599896885126692,0.599896885126692,0.599896885126692,0.599896885126692,0.599896885126692,0.599896885126692,0.599896885126692,0.599896885126692,0.599896885126692,0.599896885126692],"mei":["Inf",0.0190999298561825,0.0065631587340653,0.0076894465966475,0.00459259060673894,0.136584535170806,0.0075915597194019,0.0142100101790212,0.139944164131744,0.0053665781162756,0.0174912743267312,0.0210282032826409,0.0524933414548824,0.000432921593826401,0.0411103870573493,0.0230635209174155,0.0130047955836538,3.04291802315222e-05,"Inf",0.00222974299220708,"Inf","Inf","Inf","Inf","Inf","Inf","Inf","Inf","Inf","Inf","Inf","Inf","Inf","Inf","Inf","Inf","Inf","Inf","Inf","Inf","Inf","Inf","Inf","Inf","Inf","Inf"],"obj":[0.79864697657494,1.40632204562573,1.6913420489224,0.545678817933816,1.15040456106197,0,0.300967474175424,0.799991534506623,0.387298696600881,0.797530470558604,0.28100920114723,0.807563351770386,0.843751416842539,0.560444812902017,0.439086138816268,0.488820876933405,0.868061959820229,0.55976335312247,0.629365230499771,0.63811159870647,0.609823208865935,0.54523959439654,0.611255146362249,0.605740941538758,0.603230573483565,1.15032388260399,0.601189346040399,0.600260933880877,0.60002515137347,1.15026988526499,1.15023197365428,0.599927969927015,1.15019561070338,0.599896885126692,1.1501599846889,0.59967999186902,1.15019126792759,1.15021287908074,1.15020623928378,0.60544994561168,0.600126975875783,1.15022039863725,1.15021747892678,0.608891086443357,0.600300971167775,0.600178026052956,0.600226767083145,1.15021571173784,0.600555020312291,0.600339851773302],"X":[[0.653950620068691,0.144696356506249],[0.468068030925483,0.938254014700245],[0.730405269574934,0.960936779347466],[0.305470359582796,0.24020845835102],[0.506528554867611,0.643876006194361],[0,0],[0,0.300967474175424],[0.675765022577369,0.124226511929254],[0,0.387298696600881],[0.700333549908171,0.0971969206504332],[0.177951814276543,0.103057386870687],[0.688758651811178,0.118804699959208],[0.712113905614392,0.131637511228147],[0.542673953362654,0.0177708595393629],[0.0148938750269013,0.424192263789367],[0.0824219592523708,0.406398917681035],[0.727084081882841,0.140977877937387],[0.142212259295887,0.417551093826583],[0.185935655436963,0.443429575062809],[0.198876421057374,0.439235177649096],[0.187476547559693,0.422346661306242],[0,0.54523959439654],[0.190377572308102,0.420877574054147],[0.188910292710922,0.416830648827836],[0.1898915956095,0.413338977874065],[0.506468691132924,0.643855191471064],[0.190907070682654,0.410282275357745],[0.193271903070662,0.406989030810215],[0.193793292457514,0.406231858915956],[0.506428448577418,0.643841436687568],[0.506400165686412,0.643831807967872],[0.194540857493031,0.405387112433985],[0.506372945849958,0.643822664853424],[0.194258867292253,0.405638017834439],[0.506346248328886,0.643813736360011],[0.194794321183785,0.404885670685235],[0.506370268978072,0.643820998949516],[0.50638691070003,0.643825968380711],[0.506381952659184,0.643824286624596],[0.188969749989494,0.416480195622186],[0.194351484706,0.405775491169782],[0.506392395383045,0.643828003254203],[0.506390309870046,0.64382716905673],[0.188894599440278,0.419996487003078],[0.193989311809496,0.406311659358279],[0.194092519112265,0.406085506940691],[0.193301776859077,0.406924990224068],[0.506388930072976,0.643826781664867],[0.194086805361487,0.406468214950804],[0.192712662159984,0.407627189613317]],"C":[[0.174910032491313,-1.05141155092559],[-1.26234230412807,-0.400591722324414],[-0.829666058959303,-0.0431086482744865],[1.03977989040481,-1.34898775595298],[-0.196948527058078,-0.828852511750929],[1.5,-1.5],[0.599276397952107,-1.40941857948847],[0.0929232669448344,-1.0279094079949],[0.231362154334831,-1.34999971961126],[0.126077345021822,-1.00008567748909],[1.56064659742427,-1.45771232680707],[0.0753560913853623,-1.01149696282285],[0.0249866047200674,-0.975565351068277],[0.4225752821282,-1.20518917689298],[0.2288474042319,-1.31983909582794],[0.13541810137177,-1.32804654034068],[-0.00893206871803737,-0.951473975804857],[0.0636559852894421,-1.30542675735018],[0.0269616013584818,-1.26879814399684],[-0.00132148009074817,-1.26752062786298],[0.00241857619017738,-1.28647584179857],[0.6787040572064,-1.2027137847023],[-0.00202631983424978,-1.28661844762037],[-2.79335716092954e-05,-1.29056511150564],[-0.000373747364241339,-1.2930920712869],[-0.196788448125608,-0.828939957317862],[-2.62603912747905e-05,-1.29522294489064],[-0.000270302091702423,-1.29700590028361],[-0.000146371705616322,-1.29741983660016],[-0.196679861344853,-0.828998430875558],[-0.196603392415167,-0.829039475241595],[-0.000135629585840957,-1.29781514383831],[-0.196529287764941,-0.829078815932271],[-7.6024670942032e-05,-1.29772129096568],[-0.196456446779291,-0.829117349677425],[0.000128819957361581,-1.29812276610832],[-0.196525192029672,-0.829083672006722],[-0.19657308039444,-0.82906041911032],[-0.196559650508217,-0.829067605973402],[-5.62396295622491e-05,-1.29083468024341],[-0.000332405120822998,-1.2975737511585],[-0.196587210680876,-0.829052244123927],[-0.196582089350097,-0.829055430454116],[-5.59193425184734e-05,-1.28792178120737],[-0.00046099436327568,-1.2972789823732],[-0.000351422265241819,-1.29742265507738],[-0.000244943761904703,-1.29704647539427],[-0.196578016191301,-0.829057326710607],[-0.000735620835485284,-1.29711390221928],[-0.000185179738269092,-1.29670190413116]],"d":[[0.144020663100747,0.0228614135105501],[0.665977896254943,0.769138677908719]],"df":{},"lambda":[[0,0],[0,0],[0,0],[0,0],[6.98836564001911,0],[0,0],[0,0],[0,0],[0,0],[3.75827358696121,0],[11.2748207608836,0],[0,0],[15.0330943478448,0],[4.28520496759239,0],[0,0],[0,0],[0,0],[2.91025407106929,0],[8.73076221320787,0],[0,0],[0,0],[0,0],[0,0],[0,0],[0,0],[0,0],[0,0],[0,0],[0,0],[0,0],[0,0],[0,0],[0.620032243547422,0],[1.86009673064226,0],[0.396418330040627,0],[2.87654730423031,0],[0,0],[0,0],[0,0],[0,0],[0,0],[0,0],[0,0],[0,0],[0,0],[0,0]],"rho":[0.0132968524733031,0.0132968524733031,0.0132968524733031,0.0132968524733031,0.00664842623665154,0.00664842623665154,0.00664842623665154,0.00664842623665154,0.00664842623665154,0.00332421311832577,0.00166210655916289,0.00166210655916289,0.000831053279581443,0.000831053279581443,0.000831053279581443,0.000831053279581443,0.000831053279581443,0.000415526639790721,0.000207763319895361,0.000207763319895361,0.000207763319895361,0.000207763319895361,0.000207763319895361,0.000207763319895361,0.000207763319895361,0.000207763319895361,0.000207763319895361,0.000207763319895361,0.000207763319895361,0.000207763319895361,0.000207763319895361,0.000207763319895361,0.00010388165994768,5.19408299738402e-05,5.19408299738402e-05,2.59704149869201e-05,2.59704149869201e-05,2.59704149869201e-05,2.59704149869201e-05,2.59704149869201e-05,2.59704149869201e-05,2.59704149869201e-05,2.59704149869201e-05,2.59704149869201e-05,2.59704149869201e-05,2.59704149869201e-05]}
