{"prog":[1.26877267103846,1.26877267103846,1.26877267103846,0.807084804933305,0.807084804933305,0.807084804933305,0.807084804933305,0.807084804933305,0.807084804933305,0.671920386637169,0.671920386637169,0.671920386637169,0.671920386637169,0.671920386637169,0.671920386637169,0.601905730443783,0.601905730443783,0.601905730443783,0.599814752284763,0.599814752284763,0.599814752284763,0.599814752284763,0.599814752284763,0.599814752284763,0.599814752284763,0.599792316446901,0.599792316446901,0.599792316446901,0.599792316446901,0.599792316446901,0.599792316446901,0.599792316446901,0.599792316446901,0.599792316446901,0.599792316446901,0.599792316446901,0.599792316446901,0.599792316446901,0.599792316446901,0.599792316446901,0.599792316446901,0.599792316446901,0.599792316446901,0.599792316446901,0.599792316446901,0.599792316446901,0.599792316446901,0.599792316446901,0.599792316446901,0.599792316446901],"mei":["Inf",0.00273909328541149,0.00128608920874472,0.0146339081484876,0.0138449888887128,0.000937135648303749,0.00200391440846977,0.0190391583136082,0.000109833502905339,0.000477780645061143,2.58345971598766e-05,0.0142992763367271,4.7458399028338e-06,"Inf","Inf",2.20656092757194e-05,"Inf","Inf","Inf","Inf","Inf","Inf","Inf","Inf","Inf","Inf","Inf","Inf","Inf","Inf","Inf","Inf","Inf","Inf","Inf","Inf","Inf","Inf","Inf","Inf","Inf","Inf","Inf","Inf","Inf","Inf"],"obj":[1.26877267103846,1.79255517369429,0.769671688869053,0.807084804933305,0.37211730178262,0,0.500363988981509,0.599039513187014,0.665939899439132,0.671920386637169,0.595449495250502,0.584294817679877,0.372151558803041,0.596754580393195,0.383356227315318,0.601905730443783,0.453704761404396,0.598856065403076,0.599814752284763,0.556122212058064,0.599950004223816,0.599876246448894,0.599915125982831,0.599840593540939,0.59984442262643,0.599792316446901,0.599812768894995,0.599770371828016,0.599720950531338,0.599796340342659,0.600239091529312,0.599978711603313,0.59988726373401,0.600079492980254,0.600041550225004,0.600238756314853,0.599805490400201,0.599856496082111,0.600148289666099,0.5998243324626,0.601690549098096,0.600044855877628,0.600134209775515,0.631671424467906,0.600001241376943,0.600116888080906,0.600216589580765,0.600154437770065,0.600260659734453,0.601837646267817],"X":[[0.96150643605774,0.307266234980725],[0.953376216602832,0.839178957091453],[0.731191417610085,0.0384802712589689],[0.372209451117602,0.434875353815704],[0.118980365916849,0.253136935865771],[0,0],[0.189893687349188,0.310470301632321],[0.24736433792404,0.351675175262974],[0.287163861630741,0.378776037808391],[0.290550869804143,0.381369516833025],[0.22307177015542,0.372377725095082],[0.198281253252625,0.386013564427252],[0,0.372151558803041],[0.196726071985441,0.400028508407754],[0.383356227315318,0],[0.19775995792985,0.404145772513933],[0.0082694525432916,0.445435308861105],[0.194394154344084,0.404461911058993],[0.194961432334611,0.404853319950153],[0,0.556122212058064],[0.195262496632557,0.404687507591259],[0.195272690157465,0.404603556291428],[0.19480037634775,0.405114749635081],[0.193557551832861,0.406283041708078],[0.195040924842937,0.404803497783493],[0.19487028659417,0.404922029852732],[0.194939393188707,0.404873375706288],[0.194567834668525,0.40520253715949],[0.195018819768809,0.404702130762528],[0.195284005258176,0.404512335084484],[0.198347819025049,0.401891272504262],[0.19642254853465,0.403556163068662],[0.195129153937513,0.404758109796497],[0.196321426078699,0.403758066901555],[0.196347722884921,0.403693827340082],[0.198337034805669,0.401901721509184],[0.195268095105191,0.40453739529501],[0.196117072168652,0.403739423913459],[0.195124507057957,0.405023782608141],[0.196073898626663,0.403750433835936],[0.203017983173442,0.398672565924654],[0.195551594676957,0.404493261200671],[0.196694882108015,0.4034393276675],[0.246283670865259,0.385387753602647],[0.196442779678972,0.403558461697971],[0.196854438144521,0.403262449936385],[0.196875831404945,0.40334075817582],[0.19352673103315,0.406627706736915],[0.195540193945982,0.404720465788471],[0.202759695862164,0.399077950405653]],"C":[[-0.540970901592364,-0.481092834260314],[-1.62801208294863,0.11314753240903],[0.560458094339316,-0.963878379537191],[-0.238479909273319,-1.1723435511424],[0.89949910485841,-1.42176536422678],[1.5,-1.5],[0.434966885596045,-1.36754857930926],[0.159736413403348,-1.31513545542716],[0.00965394491143912,-1.2740656297555],[-0.00342999780042691,-1.2701374836866],[0.0617383170222123,-1.31157381521274],[0.0326386073135926,-1.31167807268674],[0.256017160965465,-1.36150321728047],[0.00448911377010114,-1.30127604506225],[0.717818547971022,-1.35303800297857],[-0.00242417898777775,-1.2975571935987],[0.28409389386723,-1.30151900177445],[0.00108407444412911,-1.29862147525936],[-2.91871706182278e-05,-1.29808382922738],[0.711868640031228,-1.19072808525565],[-0.000188400614330009,-1.2981005786084],[-0.000102278300580128,-1.298164538715],[-0.000137601651815311,-1.29793485300288],[8.22057883844707e-05,-1.2974695641489],[-6.46480069973476e-05,-1.29809316581866],[-1.32720912371376e-06,-1.29806372114265],[-2.64419166785546e-05,-1.29807618262741],[3.67237194220937e-05,-1.29795426159191],[7.81795648313599e-05,-1.29818384529225],[-8.32005180889661e-06,-1.29823392805482],[-7.36328641091077e-05,-1.29914154777291],[-0.000149679164328786,-1.29856060567645],[-0.000115082214904305,-1.2980954858376],[-0.000288571809193727,-1.29843732107435],[-0.000238064611102984,-1.29847886548542],[-7.65739204313109e-05,-1.29913742687245],[-1.9337693787258e-05,-1.29821986684192],[-3.0880601087302e-05,-1.29853257158202],[-0.000414036894944125,-1.29788216226718],[4.87501796492262e-06,-1.29854061345463],[7.56678932406496e-06,-1.29984388368724],[-0.000296245756683911,-1.29814477546255],[-0.000311553722813551,-1.29854783224371],[-0.00144426631120076,-1.29082063283824],[-0.000175730358052295,-1.29855080230397],[-0.000264889961480552,-1.29862772665411],[-0.000390801719504397,-1.29855613980277],[-0.000225486149635579,-1.2972013124895],[-0.00054981395378545,-1.29796537712353],[-0.000425910696729426,-1.29962529523391]],"d":[[0.15207926561727,0.0490128229404079],[0.63393357057479,0.737463327634282]],"df":{},"lambda":[[0,0],[0,0],[0,0],[0,0],[0,0],[1.21720522721551,0],[0.352271505236157,0],[5.55111512312578e-17,0],[-5.38490378988075e-17,0],[-5.38490378988075e-17,0],[1.13200827157355,0],[3.39602481472065,0],[0.950828897240144,0],[0,0],[1.09347305557641,0],[1.03459262570854,0],[0.97571219584068,0],[0.916831765972816,0],[0.857951336104953,0],[0.79907090623709,0],[0.740190476369227,0],[0.681310046501364,0],[0.678632615216537,0],[0.67595518393171,0],[0.673277752646883,0],[0.830992470677077,0],[0.797423733683791,0],[0.763854996690505,0],[0.730286259697219,0],[1.04571569575761,0],[0.810193976286153,0],[0.743056502299582,0],[0.67591902831301,0],[0.608781554326438,0],[0.598071829187132,0],[0.587362104047825,0],[1.2182209761686,0],[0.906135440303528,0],[0.771860492330385,0],[0.637585544357242,0],[0.616166094078629,0],[0.594746643800015,0],[0.573327193521402,0],[0.551907743242789,0],[0.530488292964176,0],[0.509068842685563,0]],