{"prog":["Inf","Inf",1.08509200814764,1.08509200814764,1.08509200814764,1.08509200814764,1.08509200814764,1.08509200814764,0.609149064183181,0.603909622573319,0.603909622573319,0.603909622573319,0.603909622573319,0.603909622573319,0.603909622573319,0.603909622573319,0.60030377781502,0.60030377781502,0.600109914749824,0.600109914749824,0.600109914749824,0.600109914749824,0.600109914749824,0.600109914749824,0.600109914749824,0.600109914749824,0.600109914749824,0.600109914749824,0.600109914749824,0.600109914749824,0.600109914749824,0.600109914749824,0.600109914749824,0.600109914749824,0.600109914749824,0.600109914749824,0.600109914749824,0.600109914749824,0.600109914749824,0.600109914749824,0.600109914749824,0.600109914749824,0.600109914749824,0.600109914749824,0.600109914749824,0.600109914749824,0.600109914749824,0.600109914749824,0.600109914749824,0.600109914749824],"mei":["Inf",0.00195843124575853,0.00491979188529669,0.00274679121626536,0.0450497197987142,0.000428650447521013,8.62946535675959e-05,0.000256408056519776,6.87219511420343e-06,1.98922575058746e-06,9.86555744668898e-06,5.28277478298848e-06,"Inf","Inf","Inf","Inf","Inf",8.55529923357487e-07,"Inf","Inf","Inf","Inf","Inf","Inf","Inf","Inf","Inf","Inf","Inf","Inf","Inf","Inf","Inf","Inf","Inf","Inf","Inf","Inf","Inf","Inf","Inf","Inf","Inf","Inf","Inf","Inf"],"obj":[0.578992951321181,0.287431249420026,1.08509200814764,0.85360616286602,1.28279069030257,0.582884182807156,0.566848549626529,0.599499850196342,0.609149064183181,0.603909622573319,0.327963230598709,0.595378649943474,0.0444699706557194,0.412429878199641,0.414064827901301,0.599368866006033,0.60030377781502,0.59982502683808,0.600109914749824,0.600154819490239,0.600490471548081,0.533719332508712,0.600352408951349,0.600640085795637,0.604820668131274,0.600244418459446,0.600315962937973,0.600803833851434,0.600548535777374,0.600424523521556,0.600490871768356,0.603634046724163,0.602848084868356,0.600312871839655,0.602659262360191,0.600445210798106,0.600535460650379,0.600418574194865,0.600460680783373,0.601878738387053,0.600372306236491,0.600656811689308,0.600182158012167,0.60049913301302,0.600528396892569,0.601549452584292,0.600347859922262,0.602217198004618,0.600271812728758,0.600286149312238],"X":[[0.165706484030398,0.413286467290783],[0.203958920758208,0.0834723286618181],[0.18489427623453,0.900197731913113],[0.617186581142523,0.236419581723497],[0.766475060918945,0.516315629383623],[0.165207413801807,0.417676769005349],[0.160842341368127,0.406006208258403],[0.182095265247662,0.41740458494868],[0.192091016080709,0.417058048102471],[0.189255259121653,0.414654363451666],[0,0.327963230598709],[0.190457335061591,0.404921314881883],[0.00191714813667085,0.0425528225190486],[0.412429878199641,0],[0,0.414064827901301],[0.194497512733427,0.404871353272606],[0.194897576925901,0.40540620088912],[0.193655190698968,0.406169836139111],[0.194462890955652,0.405647023794172],[0.195479766995488,0.404675052494751],[0.195069096083052,0.405421375465029],[0.531030767177246,0.00268856533146661],[0.194925548912036,0.405426860039314],[0.195064660749278,0.405575425046359],[0.189262290881644,0.415558377249631],[0.192752743006684,0.407491675452762],[0.194173492611878,0.406142470326095],[0.195409941923652,0.405393891927781],[0.195057489430468,0.405491046346906],[0.195223264867267,0.40520125865429],[0.19517194424786,0.405318927520496],[0.190271109827781,0.413362936896383],[0.190575561959297,0.412272522909058],[0.195456234236818,0.404856637602837],[0.189894922094435,0.412764340265756],[0.194294385742168,0.406150825055938],[0.195011749152968,0.405523711497411],[0.19553381214266,0.404884762052205],[0.194565628126409,0.405895052656964],[0.190767978487454,0.411110759899599],[0.195034835129574,0.405337471106916],[0.195226322671012,0.405430489018297],[0.193248424939659,0.406933733072508],[0.192213130606657,0.408286002406363],[0.195275478479759,0.405252918412811],[0.194555272860203,0.406994179724089],[0.195259427659665,0.405088432262597],[0.191204414262763,0.411012783741856],[0.194326800582807,0.405945012145951],[0.193554930655292,0.406731218656947]],"C":[[0.0313398445549707,-1.30173565710459],[1.4834163005985,-1.45143312899092],[-0.982698740644696,-0.655458150074196],[0.682960604426366,-1.06318650543529],[-0.130172652692896,-0.645934151843494],[0.0323418464982524,-1.29825262705817],[0.03998215978657,-1.30928870007885],[0.00919514688915446,-1.2926147268382],[-0.00436416017963792,-1.28916362605404],[-1.16832250383059e-05,-1.29224420576529],[0.428904287928248,-1.39244011937526],[0.00517239623247978,-1.29976473227556],[1.66777359847145,-1.49818558183868],[0.649267933008361,-1.32990159556823],[0.230916607160024,-1.32855031829507],[0.000491664080460752,-1.29824990483972],[-0.000575863889734518,-1.29766074678906],[8.12845562251363e-05,-1.29752373132607],[-0.000326401376932128,-1.2976346761281],[-0.000426560299490175,-1.29802576258376],[-0.000794126377219484,-1.29758155606939],[0.470567848368565,-1.2179990959276],[-0.000631487648871387,-1.29763309154],[-0.00095794470539512,-1.29745835272523],[-0.0002651448441921,-1.29149102034789],[-0.000111602064221283,-1.2967969145001],[-0.000506523140934967,-1.29734494856432],[-0.0011639738889771,-1.29747074698504],[-0.000857157220846894,-1.29752958714957],[-0.000729964635867497,-1.29769981683954],[-0.000801348625027232,-1.29762447917215],[-0.000877514680355018,-1.2929279871653],[-0.000768069469338661,-1.2937123220381],[-0.000609929098481454,-1.29788796348689],[-0.00012765706819895,-1.29356551796772],[-0.000658738218277055,-1.29729119897545],[-0.000839156799428142,-1.29752093710566],[-0.000732778748922913,-1.29783485776689],[-0.000712560450312205,-1.29739342258038],[-0.000373065578651299,-1.29459552147858],[-0.000661066280109868,-1.29766294760263],[-0.000988902099446631,-1.29751280151074],[-0.000189232612082479,-1.29705998314601],[-0.000147501085231871,-1.29635665266142],[-0.000849060889744291,-1.2976375596224],[-0.001816625647514,-1.29650398347301],[-0.000645067361789819,-1.29777711795705],[-0.000866608620517129,-1.2945093635672],[-0.000482546129777273,-1.29744574168907],[-0.00036088874323853,-1.29710620458886]],"d":[[0.204359866260087,0.0316926173615245],[0.740175055091945,0.641101987083387]],"df":{},"lambda":[[0,0],[0,0],[0,0],[0,0],[20.3170924012007,0],[1.03147430456632,0],[0.979845077647225,0],[0.92821585072813,0],[0.876586623809035,0],[0.82495739688994,0],[0.773328169970846,0],[0.721698943051751,0],[2.89440693205725,0],[-4.44089209850063e-16,0],[0.718407594582124,0],[2.15522278374637,0],[-4.44089209850063e-16,0],[2.8736303783285,0],[-4.44089209850063e-16,0],[5.74726075665699,0],[-8.88178419700125e-16,0],[-8.88178419700125e-16,0],[-8.88178419700125e-16,0],[-8.88178419700125e-16,0],[-8.88178419700125e-16,0],[-8.88178419700125e-16,0],[-8.88178419700125e-16,0],[-8.88178419700125e-16,0],[-8.88178419700125e-16,0],[-8.88178419700125e-16,0],[-8.88178419700125e-16,0],[-8.88178419700125e-16,0],[-8.88178419700125e-16,0],[-8.88178419700125e-16,0],[-8.88178419700125e-16,0],[-8.88178419700125e-16,0],[-8.88178419700125e-16,0],[-8.88178419700125e-16,0],[-8.88178419700125e-16,0],[-8.88178419700125e-16,0],[-8.88178419700125e-16,0],[-8.88178419700125e-16,0],[-8.88178419700125e-16,0],[-8.88178419700125e-16,0],[-8.88178419700125e-16,0],[-8.88178419700125e-16,0]],