{"prog":["Inf",1.66312438828943,0.965522853421402,0.965522853421402,0.965522853421402,0.965522853421402,0.965522853421402,0.965522853421402,0.965522853421402,0.965522853421402,0.965522853421402,0.965522853421402,0.63267725966147,0.63267725966147,0.605839323395585,0.60024784517463,0.599807045718977,0.599807045718977,0.599807045718977,0.599807045718977,0.599807045718977,0.599807045718977,0.599807045718977,0.599807045718977,0.599807045718977,0.599807045718977,0.599807045718977,0.599807045718977,0.599807045718977,0.599807045718977,0.599807045718977,0.599807045718977,0.599807045718977,0.599807045718977,0.599807045718977,0.599807045718977,0.599807045718977,0.599807045718977,0.599807045718977,0.599807045718977,0.599807045718977,0.599807045718977,0.599807045718977,0.599807045718977,0.599807045718977,0.599807045718977,0.599807045718977,0.599807045718977,0.599807045718977,0.599807045718977],"mei":["Inf",0.0395893461788949,0.0375464046609821,0.0602765009298884,0.0394982365625802,0.11937873865188,0.0246316205163802,0.031027449207945,0.0397451959405318,0.0103439877255353,0.013808719195201,"Inf","Inf",0.000644339487352414,"Inf","Inf","Inf","Inf","Inf","Inf","Inf","Inf","Inf","Inf","Inf","Inf","Inf","Inf","Inf","Inf","Inf","Inf","Inf","Inf","Inf","Inf","Inf","Inf","Inf","Inf","Inf","Inf","Inf","Inf","Inf","Inf"],"obj":[0.53797639499837,1.66312438828943,0.965522853421402,1.07095748143991,1.06951540539263,0,0.351011373974907,0.207597576290883,0.361917994387609,0.419291375740617,0.455908131819569,0.592187449726299,0.63267725966147,0.564067404926363,0.605839323395585,0.60024784517463,0.599807045718977,0.496473479657336,0.59977311429632,0.599673904523086,0.59978331318089,0.957374147878038,0.5999073708904,0.600044223702127,0.600069423502696,0.601764009082554,0.600499822939282,0.959456736454021,0.959737917825226,0.959724720956718,0.600333588295232,0.959614975189143,0.959613671333357,0.95964824760619,0.600464949119612,0.959587561588262,0.959638839702269,0.600540028294188,0.959407243140546,0.601149968727632,0.601087434964301,0.600704479867651,0.602167177714812,0.959196021657416,0.959621433270642,0.959114173035325,0.959038582067952,0.958985123590714,0.95926111209265,0.59985758061044],"X":[[0.429710070609513,0.108266324388857],[0.904507553904435,0.758616834384998],[0.395418844538605,0.570104008882796],[0.709740140538136,0.361217340901777],[0.140765328565791,0.928750076826836],[0,0],[0.351011373974907,0],[0,0.207597576290883],[0,0.361917994387609],[0,0.419291375740617],[0.060125146041298,0.395782985778271],[0.183178667181023,0.409008782545276],[0.220208221889019,0.41246903777245],[0.180074618066831,0.383992786859532],[0.201165790043485,0.4046735333521],[0.196055899022372,0.404191946152257],[0.195678693977429,0.404128351741548],[0.496473479657336,0],[0.195665496655162,0.404107617641158],[0.195292036930898,0.404381867592188],[0.195264631896237,0.404518681284653],[0.390537507385685,0.566836640492354],[0.194922251982678,0.404985118907722],[0.194631674708024,0.405412548994103],[0.194837919516106,0.40523150398659],[0.203673505018828,0.398090504063726],[0.195797371687161,0.404702451252121],[0.391788685868923,0.567668050585098],[0.39195457192645,0.567783345898776],[0.391954941757802,0.567769779198916],[0.195913064317837,0.404420523977396],[0.391884877603163,0.56773009758598],[0.39188229147062,0.567731379862737],[0.391901779280768,0.567746468325422],[0.19661742874051,0.403847520379103],[0.391866191064424,0.567721370523838],[0.391896126631023,0.567742713071246],[0.196205875376139,0.404334152918049],[0.391761060527654,0.567646182612893],[0.196754077639617,0.404395891088015],[0.196657748308406,0.404429686655895],[0.196114989601056,0.404589490266595],[0.197081211241837,0.405085966472974],[0.391634806776254,0.567561214881162],[0.391885847561873,0.567735585708768],[0.391585735977701,0.567528437057624],[0.391541435995791,0.567497146072161],[0.391509320732056,0.567475802858658],[0.391673655991864,0.567587456100786],[0.195536178358717,0.404321402251723]],"C":[[0.9532487078381,-1.30362765822009],[-1.39638791415691,-0.106366583517499],[-0.0862704463036452,-1.01862535643952],[0.558189367753591,-0.865790965540755],[-0.924281149300092,-0.61760841706791],[1.5,-1.5],[0.799436173324958,-1.37679101534025],[1.33879765182951,-1.45690324631815],[0.282905100910295,-1.36901536533845],[0.236884330544474,-1.32419474222954],[0.162456587045932,-1.33974079498195],[0.0104802448182507,-1.29915739169062],[-0.038259238221258,-1.28137763189155],[0.0539967120760327,-1.32012267156794],[-0.00699914268279284,-1.29577165632051],[-0.000518384837921437,-1.29819095512418],[-5.90709686726365e-06,-1.29839012404195],[0.503648393027343,-1.25351408399694],[3.45007529657937e-05,-1.29841204678308],[0.0001366934687273,-1.29833632547403],[6.69418736676253e-06,-1.29823636002215],[-0.0832798013872176,-1.02617667832032],[-0.000133779229897324,-1.2979923691453],[-0.000270313451877613,-1.29775917631845],[-0.000312228206463705,-1.2978256132954],[0.000363315425861377,-1.30004105392763],[-0.000827817642837791,-1.29787931519092],[-0.0840594894350526,-1.02425460997002],[-0.0841420331434979,-1.02399368566594],[-0.0842008674366811,-1.02400880146005],[-0.00062862284195131,-1.29806211101544],[-0.0841277374789436,-1.02410877900097],[-0.0841133846378899,-1.02410934995089],[-0.0841165336779639,-1.02407694310058],[-0.000740054293458803,-1.29824876699912],[-0.0841003629811855,-1.0241333337512],[-0.0841129840665967,-1.0240856376861],[-0.000863692504157687,-1.29801714725193],[-0.0840570743600725,-1.02430108281926],[-0.00157180028068132,-1.29775179620331],[-0.00150125310154353,-1.29776235858168],[-0.00106360855074022,-1.29784625521959],[-0.00276910819416082,-1.29706435594211],[-0.0839825680905142,-1.02449644548395],[-0.0841077966266957,-1.02410178720063],[-0.0839525884092872,-1.02457208450973],[-0.0839327454223958,-1.02464229309831],[-0.0839126781065872,-1.02469166494985],[-0.0840050775265081,-1.02443622687901],[-7.38916724071226e-05,-1.29828980663407]],"d":[[0.193036361744602,0.0435714322841619],[0.672981690764183,0.667761681155009]],"df":{},"lambda":[[0,0],[0,0],[0,0],[0,0],[0,0],[1.75335643532356,0],[0.684002494952612,0],[2.69771169596138,0],[2.95752468111745,0],[1.06057531314998,0],[1.58020128346213,0],[0.886145682477322,0],[0.834741115299473,0],[0.834155350177644,0],[0.833569585055815,0],[0.836990781325034,0],[0.864100635170839,0],[0.86675589650584,0],[0.872066419175841,0],[0.882687464515844,0],[0.90392955519585,0],[0.946413736555861,0],[1.03138209927588,0],[1.20131882471593,0],[1.54119227559602,0],[2.22093917735621,0],[1.02129220785058,0],[2.38078601137095,0],[0,0],[2.71898760704074,0],[0,0],[5.43797521408148,0],[0,0],[0,0],[0,0],[0,0],[0,0],[0,0],[0,0],[0,0],[0,0],[0,0],[0,0],[0,0],[0,0],[0,0]],"rho":[0.16135059318848,0.16135059318848,0.16135059318848,0.16135059318848,0.16135059318848,0.0806752965942399,0.0806752965942399,0.04033764829712,0.02016882414856,0.02016882414856,0.01008441207428,0.01008441207428,0.01008441207428,0.01008441207428,0.01008441207428,0.00504220603713999,0.00252110301857,0.001260551509285,0.000630275754642499,0.00031513787732125,0.000157568938660625,7.87844693303124e-05,3.93922346651562e-05,1.96961173325781e-05,9.84805866628905e-06,4.92402933314453e-06,4.92402933314453e-06,2.46201466657226e-06,2.46201466657226e-06,1.23100733328613e-06,1.23100733328613e-06,6.15503666643066e-07,6.15503666643066e-07,6.15503666643066e-07,6.15503666643066e-07,6.15503666643066e-07,6.15503666643066e-07,6.15503666643066e-07,6.15503666643066e-07,6.15503666643066e-07,6.15503666643066e-07,6.15503666643066e-07,6.15503666643066e-07,6.15503666643066e-07,6.15503666643066e-07,6.15503666643066e-07]}
