{"prog":["Inf","Inf","Inf","Inf",1.61175014915684,1.61175014915684,1.61175014915684,0.804684038746758,0.804684038746758,0.804684038746758,0.804684038746758,0.804684038746758,0.804684038746758,0.804684038746758,0.804684038746758,0.601131346965473,0.601131346965473,0.601131346965473,0.600416120770402,0.600416120770402,0.600237703264368,0.600237703264368,0.600206010247553,0.600206010247553,0.600206010247553,0.600206010247553,0.600165589535987,0.600165589535987,0.600165589535987,0.600165589535987,0.600165589535987,0.600165589535987,0.600165589535987,0.600165589535987,0.600165589535987,0.600165589535987,0.600165589535987,0.600165589535987,0.600165589535987,0.600165589535987,0.600165589535987,0.600165589535987,0.600165589535987,0.599922352890475,0.599922352890475,0.599922352890475,0.599922352890475,0.599922352890475,0.599922352890475,0.599922352890475],"mei":["Inf",0.00598316363073828,0.0062488964590454,0.00530901601949766,0.0028341145706906,0.00255120128062496,0.00311748629615965,0.000187751425660368,0.000138100542134833,"Inf","Inf","Inf",2.33989171951279e-05,"Inf","Inf","Inf","Inf","Inf","Inf","Inf","Inf","Inf","Inf","Inf","Inf","Inf","Inf","Inf","Inf","Inf","Inf","Inf","Inf","Inf","Inf","Inf","Inf","Inf","Inf","Inf","Inf","Inf","Inf","Inf","Inf","Inf"],"obj":[0.434381704990375,0.790073541400506,1.10887028023807,0.46214509550532,1.61175014915684,0.454087579102922,0.383919511330577,0.804684038746758,0.464810832861465,0.561264534531658,0.605166835976281,0,0.571862966324911,0.600130955167232,0.805154008753811,0.601131346965473,0.598679747965483,0.599759155059815,0.600416120770402,0.599706299142348,0.600237703264368,0.600903047220915,0.600206010247553,0.600344698914886,0.600309731921112,0.600245634882886,0.600165589535987,0.599743754358868,0.600398643911106,0.60052401364946,0.602748627519978,0.603482753347921,0.601778730823408,0.600501285554205,0.600324365660806,0.602412677862808,0.602299572149186,0.603566646181686,0.601854984325352,0.602360357898465,0.60288047382777,0.601302141706946,0.600221844607344,0.599922352890475,0.601716854544343,0.603855961269261,0.599779946241428,0.60076175867293,0.600590250132525,0.60044632183024],"X":[[0.0265462599523706,0.407835445038005],[0.0553795466188759,0.73469399478163],[0.989648747916717,0.119221532321354],[0.302912290651098,0.159232804854222],[0.922466480006107,0.689283669150733],[0.0161999867897013,0.43788759231322],[0.042648767475944,0.341270743854633],[0.0601023623405233,0.744581676406235],[0.0578604453780724,0.406950387483393],[0.147910041485002,0.413354493046656],[0.18846243755425,0.416704398422031],[0,0],[0.173481854837598,0.398381111487313],[0.191550760821059,0.408580194346173],[0.0602790499401641,0.744874958813647],[0.192127720406533,0.40900362655894],[0.194908065203221,0.403771682762262],[0.193872271737136,0.405886883322679],[0.19304125736905,0.407374863401352],[0.19470360289462,0.405002696247728],[0.195605796207488,0.40463190705688],[0.191768398153555,0.409134649067359],[0.192873168094467,0.407332842153086],[0.194840779103707,0.40550391981118],[0.193481751077196,0.406827980843916],[0.193578793263629,0.406666841619257],[0.193818066899331,0.406347522636655],[0.195836739326942,0.403907015031926],[0.194934074683042,0.405464569228064],[0.195575725861305,0.404948287788155],[0.190024016090722,0.412724611429256],[0.196311692036546,0.407171061311375],[0.194145331058493,0.407633399764915],[0.195536212759471,0.404965072794734],[0.194559763231013,0.405764602429793],[0.191970649725715,0.410442028137094],[0.196772898843628,0.405526673305558],[0.190358870473256,0.41320777570843],[0.198139828562417,0.403715155762934],[0.190133170878351,0.412227187020114],[0.19308682032745,0.40979365350032],[0.197156505881235,0.404145635825711],[0.195138337614311,0.405083506993033],[0.194769637043239,0.405152715847236],[0.193446134939261,0.408270719605082],[0.194799419311566,0.409056541957694],[0.196385976354018,0.40339396988741],[0.19361696453856,0.40714479413437],[0.195805335208887,0.404784914923637],[0.195432679798936,0.405013642031304]],"C":[[0.198863358737774,-1.33296554585319],[0.0802499836288786,-0.957157839848098],[0.771102126093927,-0.506381581977822],[1.3732780221557,-1.38288905803076],[-0.887378792880845,-0.173943616707246],[0.255612303941334,-1.30799201692614],[0.321434356244467,-1.38171536202169],[-0.00393535640653597,-0.941985833201169],[0.163992819209349,-1.33104355098777],[0.0547616500564984,-1.30726068270605],[0.000594614877903799,-1.29083935396684],[1.5,-1.5],[0.0324948439225788,-1.31119653605224],[0.000423263643489713,-1.29637053081692],[-0.00646750382770256,-0.94152773187068],[-0.000622872454088264,-1.29580297251302],[0.0013176373697103,-1.29897927431807],[0.000116831555539265,-1.29766938019808],[-0.000353855128702119,-1.29678079362211],[0.000101894735971553,-1.29806332305192],[-0.0005225220385911,-1.29801139228155],[-0.000280103100569362,-1.29583372040215],[-0.000112070818238108,-1.29687989673269],[-0.000616339811754518,-1.29760364181603],[-0.00036740820836223,-1.29705580600256],[-0.00032631459127791,-1.29714933072602],[-0.000293425295460614,-1.29731624779046],[8.28798056498603e-05,-1.29850709473779],[-0.000682964128498054,-1.29759918962817],[-0.000854726125295413,-1.29776701967127],[-0.000276226322333928,-1.29354926842932],[-0.00409663684846473,-1.29567344640032],[-0.00192655952622056,-1.29614260182429],[-0.000827876621203927,-1.29776887931604],[-0.000566865172313191,-1.29750158594648],[-0.00146789400530528,-1.2946846111826],[-0.00291138544892972,-1.2968285435184],[-0.000925805965072524,-1.29302283452624],[-0.00231490944472984,-1.29775468134457],[-0.000176844466812598,-1.29391812361323],[-0.00240952976366121,-1.29478664136669],[-0.00172998313857115,-1.29779561723173],[-0.000497876458795343,-1.29782838155535],[-0.000144180608150524,-1.29791606532765],[-0.00164170557937843,-1.29589361239021],[-0.00395798138147302,-1.29472593171749],[9.90791084413689e-05,-1.29870585334995],[-0.000833458120636954,-1.29674558765216],[-0.000933357074307917,-1.297809443354],[-0.000762544080293082,-1.29777001743515]],"d":[[0.276858023267898,0.0391670925382024],[0.600291786599821,0.63444057708986]],"df":{},"lambda":[[0,0],[0,0],[0,0],[0,0],[0,0],[0,0],[0,0],[0.297627859720478,0],[0.892883579161434,0],[2.08339501804335,0],[3.77827426833639,0],[7.16803276892247,0],[0,0],[0,0],[1.8713195173615,0],[5.61395855208449,0],[0,0],[6.52829134251763,0],[0,0],[0,0],[0,0],[0,0],[0,0],[0,0],[0,0],[0,0],[0,0],[0,0],[0,0],[0,0],[0,0],[0,0],[0,0],[0,0],[0,0],[0,0],[0,0],[0,0],[0,0],[0,0],[0,0],[0,0],[0,0],[0,0],[0,0],[0,0]],"rho":[0.00199784683618745,0.00199784683618745,0.00199784683618745,0.00199784683618745,0.00199784683618745,0.00199784683618745,0.00199784683618745,0.000998923418093724,0.000499461709046862,0.000249730854523431,0.000124865427261715,6.24327136308577e-05,6.24327136308577e-05,6.24327136308577e-05,3.12163568154289e-05,1.56081784077144e-05,1.56081784077144e-05,7.80408920385722e-06,7.80408920385722e-06,7.80408920385722e-06,7.80408920385722e-06,7.80408920385722e-06,7.80408920385722e-06,7.80408920385722e-06,7.80408920385722e-06,7.80408920385722e-06,7.80408920385722e-06,7.80408920385722e-06,7.80408920385722e-06,7.80408920385722e-06,7.80408920385722e-06,7.80408920385722e-06,7.80408920385722e-06,7.80408920385722e-06,7.80408920385722e-06,7.80408920385722e-06,7.80408920385722e-06,7.80408920385722e-06,7.80408920385722e-06,7.80408920385722e-06,7.80408920385722e-06,7.80408920385722e-06,7.80408920385722e-06,7.80408920385722e-06,7.80408920385722e-06,7.80408920385722e-06]}
