{"prog":["Inf",1.30342501655301,1.30342501655301,1.00010915484748,0.970859847914162,0.970859847914162,0.970859847914162,0.970859847914162,0.970859847914162,0.970859847914162,0.970859847914162,0.970859847914162,0.970859847914162,0.970859847914162,0.970859847914162,0.862768082370839,0.862768082370839,0.862768082370839,0.862768082370839,0.862768082370839,0.862768082370839,0.862768082370839,0.862768082370839,0.862768082370839,0.862768082370839,0.631302418910745,0.631302418910745,0.631302418910745,0.631302418910745,0.631302418910745,0.631302418910745,0.614903822744361,0.603746591127572,0.603746591127572,0.603007066728891,0.603007066728891,0.603007066728891,0.602451753987176,0.602451753987176,0.602451753987176,0.602451753987176,0.602451753987176,0.602451753987176,0.602451753987176,0.602451753987176,0.602451753987176,0.602451753987176,0.602451753987176,0.602428468897625,0.602428468897625],"mei":["Inf",0.0087823306033711,0.00332687116976312,0.0131467651456515,0.00610818946208094,0.0114808793407846,0.000823867964774504,0.0031314959488701,0.00136222596365777,0.000760818779998468,0.000975062670039328,0.00431074220250556,0.000294262194990229,4.30997121060407e-05,1.1952768269985e-05,0.00706791127509369,0.00541109392702196,0.0134145915166748,0.00246510279837908,0.00197280682584835,0.0082212421358866,0.00353609207021092,0.00192732169918605,0.00816854071650792,0.000139735024072919,"Inf","Inf","Inf","Inf","Inf","Inf","Inf","Inf","Inf","Inf","Inf","Inf","Inf","Inf","Inf","Inf","Inf","Inf","Inf","Inf","Inf"],"obj":[0.781458495632154,1.30342501655301,0.629304204808852,1.00010915484748,0.970859847914162,0,0.756949504281178,0.629699761584222,0.447381069612856,0.855856190793655,0.696470525302482,0.784201437004203,0.116657751328959,0.565629077489756,0.640356312163588,0.862768082370839,0.763931372059547,0.384318390327307,0.832272477245302,0.291326008050672,0.410842379441852,0.492582758618534,0.588433192214169,0.417336588463332,0.627932060451758,0.631302418910745,0.58500907829967,0.601414835310142,0.600388753263528,0.608758541605876,0.632206137753667,0.614903822744361,0.603746591127572,0.624330333561977,0.603007066728891,0.622913794970537,0.610163453972114,0.602451753987176,0.603161051028342,0.970834143879179,0.615366571542089,0.606602896382779,0.608684790226165,0.607218682667341,0.602831177713392,0.620260066580065,0.603270397071366,0.610077565443869,0.602428468897625,0.628732426995812],"X":[[0.662584291687837,0.118874203944317],[0.901761281611808,0.401663734941199],[0.00355486865238167,0.62574933615647],[0.24025173310662,0.759857421740856],[0.473584657668505,0.497275190245657],[0,0],[0.644641553366781,0.112307950914397],[0.550339733067278,0.0793600285169441],[0.411297568195339,0.036083501417517],[0.715450703719126,0.14040548707453],[0.696470525302482,0],[0.637686891090271,0.146514545913932],[0,0.116657751328959],[0.0218075843305101,0.543821493159246],[0.09746838601679,0.542887926146798],[0.72051420198891,0.142253880381929],[0.20345604530468,0.560475326754867],[0.196232919283109,0.188085471044198],[0.712783875779676,0.119488601465627],[0,0.291326008050672],[0.0354627772869498,0.375379602154902],[0.0845068457113879,0.408075912907146],[0.160236723445912,0.428196468768258],[0,0.417336588463332],[0.193262112684222,0.434669947767536],[0.196153830811233,0.435148588099512],[0.173184704728431,0.411824373571239],[0.189995172690443,0.411419662619698],[0.191251911153015,0.409136842110513],[0.188797624235616,0.41996091737026],[0.196036683158693,0.436169454594974],[0.189986505154641,0.424917317589721],[0.190540845894347,0.413205745233225],[0.193665650154017,0.43066468340796],[0.189764172651384,0.413242894077507],[0.192413312646673,0.430500482323864],[0.189080645028707,0.421082808943407],[0.19079234172308,0.411659412264096],[0.18963659540483,0.413524455623511],[0.473563403378156,0.497270740501024],[0.190587869650726,0.424778701891363],[0.189385855162235,0.417217041220543],[0.188840940061354,0.41984385016481],[0.188789891857617,0.418428790809724],[0.189954364019776,0.412876813693616],[0.191803713142127,0.428456353437938],[0.190691850703865,0.412578546367501],[0.189122321386768,0.420955244057101],[0.190151010771843,0.412277458125782],[0.19444025788772,0.434292169108092]],"C":[[0.122921711499713,-1.04685098004513],[-0.236000955190144,-0.525492835018915],[0.744924664138904,-1.1084251312086],[-0.141698605281307,-0.864895803364604],[-0.464086180610743,-1.02843495718715],[1.5,-1.5],[0.164767527940143,-1.07182419183427],[0.397497710241882,-1.19082816408123],[0.730322749008356,-1.32953229132205],[0.00727507756014845,-0.968416589747172],[0.756697988332055,-1.01492880738489],[0.241903237857596,-1.07188891676726],[1.763939586564,-1.48639096905487],[0.65090726533982,-1.20378261284372],[0.54731477880888,-1.19577261337131],[-0.00269310439968806,-0.960623118248568],[0.415247673835647,-1.144473045728],[1.35364747704179,-1.42611649697171],[0.0518289858585364,-0.977661620548293],[0.669203928078405,-1.41512915703326],[0.213780470078182,-1.35783254571312],[0.133317631153475,-1.32633264233291],[0.0463068006432996,-1.29097197659371],[0.234434061625896,-1.32583017192979],[0.00229009616566189,-1.2737117923086],[-0.00181992231209183,-1.27216938093308],[0.0218586890637084,-1.30040774338078],[0.000429544092424072,-1.29463569556422],[0.000357283265277064,-1.29602975090816],[7.5920286096931e-05,-1.28798828496452],[-0.000481954594206468,-1.27132582573446],[-0.000256419668084207,-1.28335040107148],[-0.00116124698388059,-1.29295519815212],[-0.00216480565917471,-1.27702154641554],[-0.000168001747280488,-1.29321986927238],[-0.000365859979105765,-1.27764645183525],[-0.000163215925391702,-1.28693777768786],[-0.00072035294490902,-1.2941348106342],[-0.000116646646146634,-1.29303548628454],[-0.464051544319511,-1.02845951362246],[-0.00119809336148352,-1.28323931836149],[-0.000719990415786353,-1.29006293837964],[4.11965507685075e-06,-1.28807024083553],[1.85944331448362e-05,-1.2892757237539],[-0.00025560453181428,-1.29345007630405],[-0.00096388649980772,-1.27963648882356],[-0.00106905706907656,-1.29341556115241],[-0.000244463043976517,-1.28702943005411],[-0.00022493560150838,-1.29386989062379],[3.74508633010917e-06,-1.27358329796394]],"d":[[0.10248415150597,0.0320446114730622],[0.759777450577453,0.816310228033218]],"df":{},"lambda":[[0,0],[0,0],[0,0],[0,0],[0,0],[0,0],[0.934903889488458,0],[2.80471166846537,0],[6.54432722641921,0],[14.0235583423269,0],[0,0],[14.9584622318153,0],[3.88374856285272,0],[-4.44089209850063e-16,0],[-4.44089209850063e-16,0],[-4.44089209850063e-16,0],[-4.44089209850063e-16,0],[-4.44089209850063e-16,0],[-4.44089209850063e-16,0],[-4.44089209850063e-16,0],[-4.44089209850063e-16,0],[9.41744379164516,0],[0,0],[0,0],[3.532783825493,0],[9.40973365649667,0],[21.163633318504,0],[26.1588822529998,0],[36.1493801219914,0],[0,0],[0,0],[0,0],[0,0],[0,0],[0,0],[0,0],[0,0],[0,0],[0,0],[0,0],[0,0],[0,0],[0,0],[0,0],[0,0],[0,0]],"rho":[0.00778163150452725,0.00778163150452725,0.00778163150452725,0.00778163150452725,0.00778163150452725,0.00778163150452725,0.00389081575226362,0.00194540787613181,0.000972703938065906,0.000486351969032953,0.000486351969032953,0.000243175984516477,0.000243175984516477,0.000243175984516477,0.000243175984516477,0.000243175984516477,0.000243175984516477,0.000243175984516477,0.000243175984516477,0.000243175984516477,0.000243175984516477,0.000121587992258238,0.000121587992258238,0.000121587992258238,6.07939961291191e-05,3.03969980645596e-05,1.51984990322798e-05,7.59924951613989e-06,3.79962475806995e-06,3.79962475806995e-06,3.79962475806995e-06,3.79962475806995e-06,3.79962475806995e-06,3.79962475806995e-06,3.79962475806995e-06,3.79962475806995e-06,3.79962475806995e-06,3.79962475806995e-06,3.79962475806995e-06,3.79962475806995e-06,3.79962475806995e-06,3.79962475806995e-06,3.79962475806995e-06,3.79962475806995e-06,3.79962475806995e-06,3.79962475806995e-06]}
