{"prog":[1.3592289590275,1.3592289590275,1.3592289590275,1.3592289590275,1.3592289590275,1.3592289590275,1.3592289590275,1.3592289590275,1.3592289590275,1.3592289590275,0.679520342983565,0.677206203270002,0.677206203270002,0.677206203270002,0.677206203270002,0.677206203270002,0.677206203270002,0.677206203270002,0.677206203270002,0.677206203270002,0.677206203270002,0.677206203270002,0.601582100286361,0.601582100286361,0.601582100286361,0.601582100286361,0.601582100286361,0.600388642830709,0.600355848350791,0.600068519179715,0.600068519179715,0.600068519179715,0.600029346462844,0.600029346462844,0.600029346462844,0.600029346462844,0.600029346462844,0.600029346462844,0.600029346462844,0.600029346462844,0.599958476666631,0.599958476666631,0.599958476666631,0.599958476666631,0.599958476666631,0.599958476666631,0.599958476666631,0.599958476666631,0.599958476666631,0.599958476666631],"mei":["Inf",0.00577806983335873,0.0197250261096904,0.0168346935622189,0.00305071409097108,0.00573557434447096,0.00462572029187946,0.0018991393455827,0.00117013366525844,0.000709318577223771,0.00317121790048205,0.00238852619535176,0.00360806206193536,0.00269136131722302,0.0022862772289426,0.000849146718547908,3.36499912230936e-05,3.68702838729192e-05,"Inf",6.96434507028492e-06,4.73955403711259e-06,5.36846178464317e-06,3.04437441999608e-06,"Inf","Inf","Inf","Inf",1.0636242013284e-06,"Inf","Inf","Inf","Inf","Inf","Inf","Inf","Inf","Inf","Inf","Inf","Inf","Inf","Inf","Inf","Inf","Inf","Inf"],"obj":[1.3592289590275,0.998020699452148,1.52633093813116,0.851083269284825,0.653823600428604,0.552363858236441,0.843413922262555,0.858935025478813,0.666319267687905,0.675667187765039,0.679520342983565,0.677206203270002,0.517032522987119,0.299594390348816,0.487450179462085,0.439386027790456,0.544741605493854,0.593606088913647,0.600200905732851,0.0827013780400268,0.284082825630785,0.497409077539116,0.601582100286361,0.404343693080615,0.508735713001152,0.596652849296787,0.526662162646815,0.600388642830709,0.600355848350791,0.600068519179715,0.600084020448703,0.572779061549118,0.600029346462844,0.600178837593725,0.600553501725913,0.600091505192699,0.600542775045695,0.600142502344819,0.600536985944943,0.600399631985749,0.599958476666631,0.600445102782868,0.600252014798107,0.600435459991134,0.600399440909919,0.600550068980566,0.600391529877034,0.600524230145566,0.600433143333966,0.600101989122591],"X":[[0.391821705026511,0.967407254000988],[0.991519872199632,0.00650082725251578],[0.880105736777211,0.646225201353949],[0.688907227262134,0.16217604202269],[0.33462931590961,0.319194284518993],[0.245299826890842,0.307064031345599],[0.672778005515682,0.170635916746872],[0.70572841415618,0.153206611322633],[0.303654278344004,0.362664989343901],[0.297768785377281,0.377898402387757],[0.295651378398167,0.383868964585397],[0.29666620034083,0.380540002929171],[0.161056313733363,0.355976209253756],[0.157233219976233,0.142361170372584],[0.103522649568899,0.383927529893186],[0.0111766939447098,0.428209333845746],[0.152654713563224,0.392086891930631],[0.194105160381992,0.399500928531655],[0.199465707729433,0.400735198003417],[0.0827013780400268,0],[0,0.284082825630785],[0,0.497409077539116],[0.200845131453468,0.400736968832894],[0.391607244275792,0.0127364488048228],[0.425512073296702,0.0832236397044497],[0.190582383731499,0.406070465565287],[0.526662162646815,0],[0.197482596475031,0.402906046355678],[0.19787439711911,0.402481451231681],[0.197703842647674,0.402364676532041],[0.197863405610381,0.402220614838322],[0,0.572779061549118],[0.196863974658246,0.403165371804599],[0.197969720647531,0.402209116946194],[0.196549663490975,0.404003838234938],[0.197144961181197,0.402946544011502],[0.196328786413564,0.404213988632131],[0.197381408175766,0.402761094169053],[0.196174221018716,0.404362764926227],[0.19573887606267,0.404660755923079],[0.197069606557109,0.402888870109522],[0.192349662644613,0.408095440138255],[0.196513977318248,0.403738037479859],[0.195224080401336,0.405211379589798],[0.195224864743656,0.405174576166263],[0.195782906462421,0.404767162518145],[0.195471277521431,0.404920252355604],[0.195682488324425,0.404841741821141],[0.196083631142247,0.404349512191719],[0.196708791529249,0.403393197593342]],"C":[[-1.31700416273897,-0.410598956376387],[0.588829646534759,-0.516846082278258],[-0.728560704693403,-0.307806881226891],[0.0817874749226302,-0.999105763619852],[0.444387353797017,-1.28613822966427],[0.474292523457282,-1.34553967558111],[0.163961592050117,-1.01825313921029],[0.0210988865190049,-0.978475139699639],[0.0998835766421931,-1.27626818474757],[0.0126948738551432,-1.26852654792772],[-0.016240868961953,-1.2652348804794],[-0.000462901327075882,-1.267178471746],[0.166859014586669,-1.34734180225195],[1.55705779258784,-1.45501101170605],[0.129125090023611,-1.34188271281635],[0.239831277377897,-1.31651184791985],[0.0643372802941953,-1.32296440760311],[0.00815829059316936,-1.30272219481543],[0.000410608981144978,-1.29962473252116],[1.39581825562018,-1.49316048207028],[0.72417304340698,-1.41929694818163],[0.488905474981468,-1.25258420958169],[-0.00109581594690666,-1.29907111498206],[0.723019673462906,-1.34648154910256],[0.862196262359588,-1.31201330127309],[0.00384169719032662,-1.29878513200681],[0.48071475248331,-1.22262696643618],[-0.000507466707765747,-1.29866734189952],[-0.000372787982494183,-1.29885440437919],[-2.01538048841821e-05,-1.29901585768161],[1.3397016068728e-06,-1.29906864971934],[0.750591620064393,-1.17192414665091],[-0.000149174802708651,-1.29870225845942],[-0.000101551003949374,-1.2990358159521],[-0.000856610559308468,-1.29814912847302],[-0.00017941017075479,-1.29876794695005],[-0.000860054484268735,-1.29806605901948],[-0.00019855707514993,-1.2988240807303],[-0.000861558440625243,-1.29800642934892],[-0.000710977184932959,-1.29793596501348],[-1.73650140077863e-05,-1.2988441285133],[-0.000153207520643961,-1.29645971901887],[-0.000484163760977652,-1.29837785381047],[-0.000742280579857146,-1.29769129628238],[-0.000701848624007351,-1.29772081501431],[-0.000886581607766335,-1.29783259768414],[-0.000700690793602521,-1.29783056889641],[-0.000856326410097363,-1.29781152784239],[-0.000740864470604508,-1.29805268158839],[-0.000268123908261086,-1.29857957947052]],"d":[[0.071924837144618,0.0389973163982282],[0.70439480854088,0.723152663950659]],"df":{},"lambda":[[0,0],[0,0],[0,0],[0,0],[8.57449498075696,0],[25.7234849422709,0],[46.3600492565477,0],[0,0],[0,0],[0,0],[0,0],[0,0],[0,0],[0,0],[0,0],[1.3349575181458,0],[4.00487255443741,0],[9.34470262702063,0],[20.0243627721871,0],[0,0],[0,0],[0,0],[0,0],[0,0],[0,0],[0,0],[0,0],[0,0],[0,0],[0,0],[0,0],[0,0],[0,0],[0,0],[0,0],[0,0],[0,0],[0,0],[0,0],[0,0],[0,0],[0,0],[0,0],[0,0],[0,0],[0,0]],"rho":[0.002460656466224,0.002460656466224,0.002460656466224,0.002460656466224,0.001230328233112,0.000615164116556001,0.000307582058278,0.000307582058278,0.000307582058278,0.000307582058278,0.000307582058278,0.000307582058278,0.000307582058278,0.000307582058278,0.000307582058278,0.000153791029139,7.68955145695001e-05,3.844775728475e-05,1.9223878642375e-05,1.9223878642375e-05,1.9223878642375e-05,1.9223878642375e-05,1.9223878642375e-05,1.9223878642375e-05,1.9223878642375e-05,1.9223878642375e-05,1.9223878642375e-05,1.9223878642375e-05,1.9223878642375e-05,1.9223878642375e-05,1.9223878642375e-05,1.9223878642375e-05,1.9223878642375e-05,1.9223878642375e-05,1.9223878642375e-05,1.9223878642375e-05,1.9223878642375e-05,1.9223878642375e-05,1.9223878642375e-05,1.9223878642375e-05,1.9223878642375e-05,1.9223878642375e-05,1.9223878642375e-05,1.9223878642375e-05,1.9223878642375e-05,1.9223878642375e-05]}
