{"prog":[1.18291372733258,1.18291372733258,1.14435416603562,1.14435416603562,1.14435416603562,1.14435416603562,1.14435416603562,1.14435416603562,1.14435416603562,1.14435416603562,1.14435416603562,1.14435416603562,1.14435416603562,1.10435863673857,1.10435863673857,0.685536214204996,0.685536214204996,0.637978633730719,0.637978633730719,0.637978633730719,0.599859623419733,0.599799301365485,0.599799301365485,0.599797824557267,0.599797824557267,0.599797824557267,0.599797824557267,0.599797824557267,0.599797824557267,0.599797824557267,0.599797824557267,0.599797824557267,0.599797824557267,0.599797824557267,0.599797824557267,0.599797824557267,0.599797824557267,0.599797824557267,0.599797824557267,0.599797824557267,0.599797824557267,0.599797824557267,0.599797824557267,0.599797824557267,0.599797824557267,0.599797824557267,0.599797824557267,0.599797824557267,0.599797824557267,0.599797824557267],"mei":["Inf",0.0867093095489994,0.0477837554783632,0.0271118953878987,0.0684166262601392,0.560903897786702,0.0178256110190801,0.0458820013313495,0.00679021502677664,0.153543528310548,0.310641087927488,0.26575584624279,0.000576276526475198,"Inf",6.52493803410222e-05,"Inf","Inf","Inf","Inf","Inf","Inf","Inf","Inf","Inf","Inf","Inf","Inf","Inf","Inf",4.51023026451589e-09,"Inf","Inf","Inf","Inf","Inf","Inf","Inf","Inf","Inf","Inf","Inf","Inf","Inf","Inf","Inf","Inf"],"obj":[1.18291372733258,1.10868720542842,1.14435416603562,0.553665285393052,1.59851591817069,0,0.291962122703679,0.508578819505472,0.383469271947883,0.459708307694002,0.449461052812428,1.1769983790623,0.600100749086228,1.10435863673857,0.588911651051232,0.685536214204996,0.644764855592877,0.637978633730719,0.600055425417337,0.599097053710715,0.599859623419733,0.599799301365485,0.599834107952779,0.599797824557267,0.599758434213727,0.599736147991751,0.599943844719443,0.599963003758526,0.599955635711474,0.599931514352819,0.599948818790047,0.599957716239758,0.600530295270545,0.598677510998865,0.600310723145388,0.602627638159477,0.600262342922525,0.600145411736849,0.610846189065128,0.599816143009559,0.599863032629515,0.600069159075997,0.609203813481841,0.624994737097292,0.59982653109022,0.600176524792517,0.600284635963374,0.600370978317441,0.600257354589898,0.600305882024518],"X":[[0.556168513255233,0.626745214077352],[0.723985087774691,0.384702117653727],[0.257207656394971,0.887146509640651],[0.383865575721456,0.169799709671596],[0.98084361451232,0.617672303658368],[0,0],[0,0.291962122703679],[0.508578819505472,0],[0,0.383469271947883],[0,0.459708307694002],[0.0472692329773081,0.40219181983512],[0.552255319418799,0.624743059643496],[0.600100749086228,0],[0.504225266412038,0.600133370326534],[0.1572914365751,0.431620214476132],[0.228855920296666,0.45668029390833],[0.20032308348348,0.444441772109397],[0.200202587153442,0.437776046577277],[0.189210476074911,0.410844949342426],[0.193778988368726,0.405318065341988],[0.194754488429669,0.405105134990064],[0.194697252974587,0.405102048390899],[0.194956741727104,0.404877366225674],[0.19497552924099,0.404822295316277],[0.19478471974527,0.404973714468457],[0.195201980258874,0.404534167732877],[0.19533133876386,0.404612505955583],[0.195160277356818,0.404802726401709],[0.195131640897757,0.404823994813717],[0.194807798391384,0.405123715961434],[0.194805326537285,0.405143492252762],[0.195908757429431,0.404048958810327],[0.199107474832442,0.401422820438103],[0.18851191780963,0.410165593189235],[0.197328965657436,0.402981757487951],[0.204445955167671,0.398181682991806],[0.194104333257133,0.406158009665392],[0.194460597461787,0.405684814275062],[0.189152595970872,0.421693593094256],[0.195641419334419,0.40417472367514],[0.194032804203903,0.405830228425612],[0.193153087939975,0.406916071136022],[0.189120213818589,0.420083599663252],[0.19331049153921,0.431684245558082],[0.195109017334089,0.404717513756131],[0.193787127322675,0.406389397469842],[0.192819272778149,0.407465363185225],[0.193500346343583,0.406870631973858],[0.194182981516232,0.406074373073666],[0.194088524910666,0.406217357113852]],"C":[[-0.481487766878268,-0.797867021494598],[0.506387994371277,-0.827849873352612],[-1.01430377863655,-0.646815291924216],[1.24397507715771,-1.32381527837148],[-0.221532374930448,-0.156426729163773],[1.5,-1.5],[0.66446978748787,-1.41475811890636],[0.492159879521692,-1.24134758435042],[0.235890514549428,-1.35295131747176],[0.338102112328614,-1.28866827183712],[0.174948677347655,-1.33600735967145],[-0.472586956887757,-0.804710171600923],[0.514884864262374,-1.13987909094615],[-0.370831799386552,-0.885596818532224],[0.0547976572970983,-1.28896339443572],[-0.0254921544278474,-1.23906807690097],[0.00399683102321668,-1.26234217342793],[-0.00537055904042993,-1.26827105714024],[0.00175830719715764,-1.29540582334332],[0.000835727053843438,-1.29816696957422],[-7.30777684375683e-05,-1.29796051884118],[-2.60120455969348e-06,-1.29798531007365],[-5.12507603068757e-05,-1.29806618717331],[-1.00290340799836e-05,-1.29810345221206],[3.98841464082089e-05,-1.29805520354338],[6.12173831017193e-05,-1.29824829403968],[-0.000180903758453532,-1.29813438812106],[-0.000202854564855082,-1.29804721883975],[-0.000193981567201351,-1.29804117594361],[-0.00015636018235643,-1.2979246964515],[-0.000175650906752089,-1.29790963543794],[-0.00017440896473081,-1.29836419764675],[-0.000233938735167083,-1.29921593269737],[0.00305805026815448,-1.29622744300746],[-0.000434565477289428,-1.29866698244449],[-0.000603640757332602,-1.29965319874539],[-0.000440411660357187,-1.29735917899545],[-0.00036431939819348,-1.29760490750141],[-0.000141222911448025,-1.28639580898074],[-1.90730000623751e-05,-1.29836722778294],[-1.35972013134977e-05,-1.29765309658879],[-5.77824968220897e-05,-1.29711119567048],[-0.0003621755365113,-1.28776331401918],[-0.000747864028275702,-1.27627976599782],[-4.46439309613189e-05,-1.29813620541398],[-0.000298851411372203,-1.29729420690812],[-0.000168229151794486,-1.29679270584964],[-0.000431002959733251,-1.29701390480211],[-0.000447229735391019,-1.2973965732223],[-0.000482674810660721,-1.29731710327744]],"d":[[0.178459186007034,0.0426270734393827],[0.661461529727442,0.697364321864413]],"df":{},"lambda":[[0,0],[0,0],[0,0],[0,0],[0,0],[2.10539761653228,0],[4.44089209850063e-16,0],[3.12294480349736,0],[1.33226762955019e-15,0],[6.24588960699472,0],[0,0],[3.91269169208374,0],[0.272282748965075,0],[0.843050490163039,0],[0,0],[0.502190371033546,0],[0.979574618713199,0],[0.89608761097009,0],[0.893115889339016,0],[0.834564941300204,0],[0.823107365846093,0],[0.811649790391982,0],[0.881587012700466,0],[0.858671861792244,0],[0.835756710884022,0],[0.8128415599758,0],[0.789926409067578,0],[0.929800853684545,0],[0.883970551868101,0],[0.838140250051657,0],[0.792309948235213,0],[0.746479646418769,0],[1.0262285356527,0],[0.934567932019816,0],[0.842907328386928,0],[0.751246724754039,0],[0.659586121121151,0],[0.567925517488263,0],[1.12742329595613,0],[0.944102088690356,0],[0.76078088142458,0],[0.577459674158803,0],[0.394138466893027,0],[1.12318274094836,0],[0.75654032641681,0],[0.389897911885257,0]],"rho":[0.112040838603188,0.112040838603188,0.112040838603188,0.112040838603188,0.112040838603188,0.0560204193015938,0.0560204193015938,0.0280102096507969,0.0280102096507969,0.0140051048253984,0.0140051048253984,0.00700255241269922,0.00700255241269922,0.00350127620634961,0.00350127620634961,0.0017506381031748,0.000875319051587402,0.000875319051587402,0.000875319051587402,0.000875319051587402,0.000875319051587402,0.000875319051587402,0.000437659525793701,0.000437659525793701,0.000437659525793701,0.000437659525793701,0.000437659525793701,0.000218829762896851,0.000218829762896851,0.000218829762896851,0.000218829762896851,0.000218829762896851,0.000109414881448425,0.000109414881448425,0.000109414881448425,0.000109414881448425,0.000109414881448425,0.000109414881448425,5.47074407242127e-05,5.47074407242127e-05,5.47074407242127e-05,5.47074407242127e-05,5.47074407242127e-05,2.73537203621063e-05,2.73537203621063e-05,2.73537203621063e-05]}
