{"prog":["Inf",1.2598497463483,1.2598497463483,1.2598497463483,1.2598497463483,1.2598497463483,1.2598497463483,1.2598497463483,1.2598497463483,0.608876713942124,0.608876713942124,0.608876713942124,0.608876713942124,0.608876713942124,0.608876713942124,0.608876713942124,0.608876713942124,0.601485508648873,0.601485508648873,0.601401234744357,0.601401234744357,0.601372067631798,0.601199083592662,0.601199083592662,0.600870604547504,0.600526158320616,0.600526158320616,0.600526158320616,0.600526158320616,0.600526158320616,0.600524652955396,0.600272989896471,0.600272989896471,0.600272989896471,0.600272989896471,0.600272989896471,0.600272989896471,0.600272989896471,0.600272989896471,0.600272989896471,0.600272989896471,0.600272989896471,0.600272989896471,0.600272989896471,0.600272989896471,0.600272989896471,0.600272989896471,0.600272989896471,0.600272989896471,0.600272989896471],"mei":["Inf",0.00300026440746809,0.00306906113791573,0.0075547411368636,0.00584594701605468,0.00122433842805409,6.24751010290696e-05,0.000450080158831517,8.83208772908807e-05,0.000105802235878628,7.62232652102025e-06,3.27139413819288e-05,7.30565477510064e-06,"Inf","Inf","Inf","Inf","Inf","Inf","Inf","Inf","Inf","Inf","Inf","Inf","Inf","Inf","Inf","Inf","Inf","Inf","Inf","Inf","Inf","Inf","Inf","Inf","Inf","Inf","Inf","Inf","Inf","Inf","Inf","Inf","Inf"],"obj":[1.01515385185256,1.2598497463483,1.46146613592782,0.924215678853033,0.410426457009843,0.182817082054562,0.508902662977884,0.559215009056835,0.586563302285795,0.608876713942124,0.344513430207726,0.59997801810908,0.595397853039853,0.427623082064112,0.50784168129011,0.460030689881059,0.503866761588141,0.601485508648873,0.60159550931887,0.601401234744357,0.601466112348689,0.601372067631798,0.601199083592662,0.601274830700631,0.600870604547504,0.600526158320616,0.601011708517804,0.600904046841524,0.600665842112857,0.600636865604224,0.600524652955396,0.600272989896471,0.600024227805992,0.600602432105115,0.600715986705897,0.600488819296225,0.60086971095624,0.601299469603289,0.601159513578179,0.600835733049599,0.600846295010857,0.60054810188202,0.601012853644216,0.601424494986382,0.600794954237439,0.601547138750271,0.600725513711682,0.601125278360403,0.601030556696299,0.600905680354975],"X":[[0.590740293997978,0.424413557854577],[0.290524894932873,0.969324851415429],[0.567833469260445,0.893632666667372],[0.215379771589157,0.708835907263876],[0.155336081179636,0.255090375830208],[0.0902530326592113,0.0925640493953505],[0.175838687933169,0.333063975044715],[0.184502339445876,0.374712669610959],[0.188750046555501,0.397813255730294],[0.192000589519591,0.416876124422532],[0.344513430207726,0],[0.190660669115211,0.409317348993869],[0.188493297839946,0.406904555199907],[0.0191968733765362,0.408426208687575],[0.456040106937234,0.0518015743528767],[0,0.460030689881059],[0.503866761588141,0],[0.190684667336038,0.410800841312835],[0.19070647926768,0.41088903005119],[0.191049817228438,0.410351417515919],[0.190864236718415,0.410601875630274],[0.191476551246214,0.409895516385584],[0.191863927904833,0.40933515568783],[0.191200747715418,0.410074082985214],[0.19182671705166,0.409043887495844],[0.192201995115313,0.408324163205303],[0.191904603296413,0.409107105221391],[0.191473868780632,0.409430178060893],[0.191739547039403,0.408926295073454],[0.191753871957928,0.408882993646296],[0.192356350296798,0.408168302658598],[0.192867194077216,0.407405795819255],[0.193007146931367,0.407017080874625],[0.193442825207252,0.407159606897864],[0.191998256589132,0.408717730116764],[0.192098617037021,0.408390202259203],[0.191816955509244,0.409052755446996],[0.191961307964363,0.409338161638926],[0.192482194488029,0.40867731909015],[0.191890214248104,0.408945518801495],[0.191554750952397,0.40929154405846],[0.192035751218165,0.408512350663855],[0.191925542304465,0.409087311339751],[0.191680937813084,0.409743557173297],[0.192191375392054,0.408603578845386],[0.192287167406787,0.409259971343484],[0.191792653031952,0.40893286067973],[0.191535070186899,0.409590208173504],[0.191881941924995,0.409148614771303],[0.191937074401584,0.408968605953391]],"C":[[0.060894339139355,-0.970899036956402],[-1.12570143137816,-0.476004617852701],[-0.745507520777428,-0.378985808252608],[0.228660936287971,-0.9511632105636],[0.878247742053172,-1.41079960204256],[1.67291502686557,-1.48328628685535],[0.282544548090585,-1.35814914435336],[0.0778520459117102,-1.32554930197203],[0.0166100642348479,-1.30611803349056],[-0.00421112870746521,-1.28935007051058],[0.816225783254535,-1.38131049640651],[0.000955568589414368,-1.29610781706517],[0.00556980422112269,-1.29889895962699],[0.206944738976381,-1.33281951210966],[0.635470910018238,-1.28934401775924],[0.339230779497036,-1.28837176436756],[0.496281943270355,-1.24611828656668],[-7.89823331862616e-05,-1.29488202641961],[-0.000160946141637086,-1.29480124374892],[-0.000251242897946036,-1.29511168147966],[-0.00018035385564108,-1.2949769428708],[-0.000475249483089246,-1.29532239596985],[-0.000550322152600757,-1.29563296348695],[-0.000254140586612439,-1.2952815205369],[-0.00028242570946041,-1.29588560872747],[-0.00016576004150648,-1.29632977081638],[-0.000427408125406148,-1.29580399969102],[-0.000137073557422651,-1.2957046868672],[-8.34852259452568e-05,-1.29601523129862],[-6.72825921420594e-05,-1.29604515009599],[-0.000223393553773044,-1.29639767120529],[-0.000171835841442092,-1.29682276298166],[2.14396390201266e-05,-1.29708533710971],[-0.000637762271137876,-1.29680092788661],[-0.000237370611231802,-1.29608648655493],[-9.40127440868799e-05,-1.29631556403115],[-0.000277213355088457,-1.29588209884039],[-0.000673297424416575,-1.29559312567068],[-0.000799865701241964,-1.29593345366636],[-0.000284397087375265,-1.29594170832799],[-0.000134347151468983,-1.29578720934981],[-0.000117349901079755,-1.29623992960917],[-0.000438052530531197,-1.29581215791195],[-0.000622452305412413,-1.29536863543407],[-0.000382727331856125,-1.29610559057965],[-0.00101774047108366,-1.2955319211066],[-0.000154134599520406,-1.29598949369926],[-0.000330246901102615,-1.29555017825689],[-0.000431229144424117,-1.29577873139382],[-0.00036024621263403,-1.2959048388147]],"d":[[0.155342889213349,0.0439611581968864],[0.720222042554947,0.67225102599307]],"df":{},"lambda":[[0,0],[0,0],[0,0],[0,0],[0,0],[11.2866801344655,0],[5.56368447903539,0],[0,0],[1.29863399235207,0],[3.8959019770562,0],[9.09043794646447,0],[0,0],[10.3890719388165,0],[0,0],[0,0],[0,0],[0,0],[0,0],[0,0],[0,0],[0,0],[0,0],[0,0],[0,0],[0,0],[0,0],[0,0],[0,0],[0,0],[0.466189354882125,0],[1.39856806464637,0],[3.26332548417487,0],[6.99284032323187,0],[0,0],[7.45902967811399,0],[0,0],[14.918059356228,0],[0,0],[0,0],[0,0],[0,0],[0,0],[0,0],[0,0],[0,0],[0,0]],"rho":[0.00147165189736587,0.00147165189736587,0.00147165189736587,0.00147165189736587,0.00147165189736587,0.000735825948682936,0.000735825948682936,0.000735825948682936,0.000367912974341468,0.000183956487170734,9.1978243585367e-05,9.1978243585367e-05,4.59891217926835e-05,4.59891217926835e-05,4.59891217926835e-05,4.59891217926835e-05,4.59891217926835e-05,4.59891217926835e-05,4.59891217926835e-05,4.59891217926835e-05,4.59891217926835e-05,4.59891217926835e-05,4.59891217926835e-05,4.59891217926835e-05,4.59891217926835e-05,4.59891217926835e-05,4.59891217926835e-05,4.59891217926835e-05,4.59891217926835e-05,2.29945608963417e-05,1.14972804481709e-05,5.74864022408544e-06,2.87432011204272e-06,2.87432011204272e-06,1.43716005602136e-06,1.43716005602136e-06,7.1858002801068e-07,7.1858002801068e-07,7.1858002801068e-07,7.1858002801068e-07,7.1858002801068e-07,7.1858002801068e-07,7.1858002801068e-07,7.1858002801068e-07,7.1858002801068e-07,7.1858002801068e-07]}
