{"prog":["Inf","Inf","Inf",1.24627387739864,1.24627387739864,1.24627387739864,1.24627387739864,1.24627387739864,0.706358166265393,0.706358166265393,0.706358166265393,0.706358166265393,0.706358166265393,0.706358166265393,0.706358166265393,0.706358166265393,0.706358166265393,0.611404206788724,0.611404206788724,0.611404206788724,0.60051907630689,0.60051907630689,0.599835330819022,0.599835330819022,0.599835330819022,0.599835330819022,0.599835330819022,0.599835330819022,0.599835330819022,0.599835330819022,0.599835330819022,0.599835330819022,0.599835330819022,0.599835330819022,0.599835330819022,0.599835330819022,0.599835330819022,0.599835330819022,0.599835330819022,0.599835330819022,0.599835330819022,0.599835330819022,0.599835330819022,0.599835330819022,0.599835330819022,0.599835330819022,0.599835330819022,0.599835330819022,0.599835330819022,0.599835330819022],"mei":["Inf",0.00542693575004982,0.0754579031913961,0.00596159280769993,0.00495392201006613,0.00099809971085361,0.00121332865886858,0.000873790116036524,0.00127682986487316,0.00142722451651759,0.00243576271535818,0.00479449137412425,0.0200723234969599,0.00480746322799352,0.000169539467002755,"Inf","Inf","Inf","Inf","Inf","Inf","Inf","Inf","Inf","Inf","Inf","Inf","Inf","Inf","Inf","Inf","Inf","Inf","Inf","Inf","Inf","Inf","Inf","Inf","Inf","Inf","Inf","Inf","Inf","Inf","Inf"],"obj":[0.69221826336631,0.699581565591409,1.79388852015461,1.24627387739864,0.7315044422847,0.67991332813865,0.703929348649417,0.738448187275473,0.706358166265393,0,0.19458389790488,0.376510041974945,0.270100281772725,0.379922318157637,0.561096798073629,0.440662269980451,0.599524751539855,0.611404206788724,0.46630944490075,0.598483084474688,0.60051907630689,0.599761045119674,0.599835330819022,0.599945501588643,0.608647341985868,0.600433516282458,0.600391011137474,0.600692767128195,0.600318012313292,0.600354183671972,0.599940308202298,0.600546376751776,0.600536444673925,0.600556881701576,0.600504748141723,0.599974526973032,0.600544162724861,0.600041569096722,0.600035366455792,0.600016657148901,0.600516087388267,0.600518595522126,0.605582455689802,0.600280062365346,0.604220289575255,0.599840251411832,0.60006980671744,0.600127331799559,0.600493201034073,0.600087083698095],"X":[[0.351814382893921,0.340403880472389],[0.114046495895378,0.585535069696031],[0.9673970179277,0.82649150222691],[0.301717555430186,0.944556321968454],[0.665431621034032,0.066072821250668],[0.372025752585696,0.307887575552953],[0.330708205083943,0.373221143565474],[0.689721836262768,0.0487263510127058],[0.325525668534701,0.380832497730693],[0,0],[0.152568955376924,0.0420149425279552],[0.152040356853716,0.224469685121229],[0,0.270100281772725],[0,0.379922318157637],[0.195290078250344,0.365806719823285],[0,0.440662269980451],[0.210837771391888,0.388686980147967],[0.216091814045081,0.395312392743642],[0.0720151838125739,0.394294261088176],[0.196786278886748,0.40169680558794],[0.19709111367055,0.40342796263634],[0.195567428232302,0.404193616887372],[0.19548975984316,0.404345570975862],[0.197285654602866,0.402659846985778],[0.21579370660532,0.392853635380548],[0.196428593716145,0.404004922566314],[0.196252266918538,0.404138744218936],[0.19881438946002,0.401878377668175],[0.197768362022456,0.402549650290837],[0.196104221539151,0.404249962132821],[0.19631953843894,0.403620769763358],[0.193368295581235,0.407178081170541],[0.195989569870844,0.404546874803081],[0.196038527100087,0.404518354601489],[0.196388207333191,0.404116540808532],[0.197478242344404,0.402496284628628],[0.196380989619048,0.404163173105813],[0.197406897045135,0.402634672051587],[0.196365293183648,0.403670073272145],[0.197354960877368,0.402661696271534],[0.195685307087153,0.404830780301115],[0.196018096459858,0.404500499062268],[0.20987720679296,0.395705248896842],[0.19476673737165,0.405513324993696],[0.206914887033234,0.397305402542022],[0.195387106329542,0.404453145082289],[0.196423055773919,0.403646750943521],[0.197029593059758,0.403097738739802],[0.195632599819845,0.404860601214228],[0.197222470198686,0.402864613499409]],"C":[[0.292009483729758,-1.26035183814831],[0.633756414270238,-1.14414207893005],[-1.60975181911825,0.118945193548702],[-1.1681885412336,-0.516779871374659],[0.238294297963999,-1.05283514002],[0.583047831069484,-1.26680208023317],[0.0435162964993373,-1.25133806108584],[0.366595583931722,-1.0219095312993],[-0.0019595850753843,-1.24899964779724],[1.5,-1.5],[1.44965969543066,-1.47495745845957],[1.12370849234714,-1.42649709034937],[0.834844298208927,-1.42704583778629],[0.24111158984895,-1.35565903216573],[0.104300292136666,-1.3280472290691],[0.279447083871578,-1.30581676381568],[0.0146642610115729,-1.30446986561796],[-0.0063528928092097,-1.297032440046],[0.150367610003019,-1.33934584897337],[0.00194227805049013,-1.29991483682235],[-0.000748786528639689,-1.29840097187519],[4.35474426872529e-05,-1.29838090108211],[-4.90561455873118e-05,-1.29828841302867],[4.62067814362421e-05,-1.29894341811331],[-0.00033748606260503,-1.29909909735782],[-0.000718705888197335,-1.29819583011288],[-0.000680054255884133,-1.29815692315048],[-0.000574064912841621,-1.29896660810644],[-0.000347275976493311,-1.29884145403368],[-0.000644524173532668,-1.29812510241014],[-0.000113678987572752,-1.29854891304276],[-0.000565379508679853,-1.29681471247828],[-0.00086764772834319,-1.2979299145889],[-0.000890541767949449,-1.29793379668293],[-0.000809540913745244,-1.2981214934654],[5.20762711764267e-05,-1.29899908466071],[-0.0008582895648378,-1.29808663642128],[-5.63218398191845e-05,-1.29891583786092],[-0.0002282791422481,-1.29849114357736],[-3.44349890656903e-05,-1.29891457777282],[-0.00084691070378845,-1.297819299911],[-0.00084562819244105,-1.29795625211863],[-0.0012190260565012,-1.29936891406427],[-0.000539483060524371,-1.29762486126616],[-0.00149382021292327,-1.29933464663495],[-5.80266786304184e-05,-1.29824153211321],[-0.000264993423507054,-1.29848728361317],[-0.000248550203924947,-1.29869155248156],[-0.000820026915785976,-1.29781577947218],[-0.000157909595421668,-1.2988034004387]],"d":[[0.262144090525824,0.0214098129312749],[0.689659565134676,0.680401756268184]],"df":{},"lambda":[[0,0],[0,0],[0,0],[7.66657908837566,0],[-1.95399252334028e-14,0],[1.96726844807758e-17,0],[1.96726844807758e-17,0],[1.96726844807758e-17,0],[1.96726844807758e-17,0],[1.96726844807758e-17,0],[1.96726844807758e-17,0],[1.96726844807758e-17,0],[1.96726844807758e-17,0],[10.3340335333472,0],[1.38015481115014,0],[-2.22044604925031e-16,0],[2.73748080302292,0],[0.626775029257873,0],[0.749528090640628,0],[0.995034213406136,0],[0.441909466795626,0],[0.932921712326643,0],[1.11022302462516e-16,0],[0.982024491062034,0],[0,0],[1.96404898212407,0],[0,0],[0,0],[0,0],[0,0],[0,0],[0,0],[0,0],[0,0],[0,0],[0,0],[0,0],[0,0],[0,0],[0,0],[0,0],[0,0],[0,0],[0,0],[0,0],[0,0]],"rho":[0.00567610351340642,0.00567610351340642,0.00567610351340642,0.00283805175670321,0.00283805175670321,0.00141902587835161,0.00141902587835161,0.00141902587835161,0.00141902587835161,0.00141902587835161,0.00141902587835161,0.00141902587835161,0.00141902587835161,0.000709512939175803,0.000709512939175803,0.000709512939175803,0.000354756469587901,0.000354756469587901,0.000177378234793951,8.86891173969754e-05,8.86891173969754e-05,4.43445586984877e-05,4.43445586984877e-05,2.21722793492438e-05,2.21722793492438e-05,1.10861396746219e-05,1.10861396746219e-05,1.10861396746219e-05,1.10861396746219e-05,1.10861396746219e-05,1.10861396746219e-05,1.10861396746219e-05,1.10861396746219e-05,1.10861396746219e-05,1.10861396746219e-05,1.10861396746219e-05,1.10861396746219e-05,1.10861396746219e-05,1.10861396746219e-05,1.10861396746219e-05,1.10861396746219e-05,1.10861396746219e-05,1.10861396746219e-05,1.10861396746219e-05,1.10861396746219e-05,1.10861396746219e-05]}
