{"prog":["Inf",1.68166833949314,1.31816698021678,1.31816698021678,1.31816698021678,1.31816698021678,1.31816698021678,1.31816698021678,1.31816698021678,1.31816698021678,0.846052602784356,0.846052602784356,0.846052602784356,0.846052602784356,0.846052602784356,0.72672234934159,0.662688189891076,0.619239115484578,0.606642846857531,0.606642846857531,0.602034146102682,0.600812224435694,0.600812224435694,0.600261456641016,0.600261456641016,0.600261456641016,0.600261456641016,0.600226075826608,0.600226075826608,0.600226075826608,0.600226075826608,0.600226075826608,0.600226075826608,0.600226075826608,0.6002033560574,0.6002033560574,0.6002033560574,0.6002033560574,0.6002033560574,0.6002033560574,0.6002033560574,0.6002033560574,0.6002033560574,0.6002033560574,0.6002033560574,0.6002033560574,0.6002033560574,0.6002033560574,0.6002033560574,0.6002033560574],"mei":["Inf",0.00873804611232677,0.0273379155658532,0.000566233397889053,0.000226938403969053,0.000117868216435822,8.75068951259859e-05,0.00211646184346286,0.000477273382217204,0.000217586138552264,0.00053414070300418,0.000393058867332853,0.00250841763939019,0.00183784809597287,"Inf",1.45942600369771e-05,"Inf","Inf","Inf","Inf","Inf","Inf","Inf","Inf","Inf","Inf","Inf","Inf","Inf","Inf","Inf","Inf","Inf","Inf","Inf","Inf","Inf","Inf","Inf","Inf","Inf","Inf","Inf","Inf","Inf","Inf"],"obj":[0.603312634668153,1.68166833949314,1.31816698021678,0.812146349314634,0.712897036339365,0,0.845023146446448,0.292845342816668,0.528997516189748,0.415380293285653,0.846052602784356,0.542788553128364,0.677943890840809,0.63872850524463,0.74785901617903,0.72672234934159,0.662688189891076,0.619239115484578,0.606642846857531,0.454563287045817,0.602034146102682,0.600812224435694,0.599909474012091,0.600261456641016,0.600398782932168,0.600378501616958,0.600513693552828,0.600226075826608,0.600410113970174,0.600537276256145,0.600353232203444,0.60045502211456,0.600518212929126,0.600397635292656,0.6002033560574,0.600406339317181,0.600549619408901,0.600480317924884,0.601178851053727,0.600271256275106,0.600451436223177,0.617949001829733,0.600374789591163,0.599938548231886,0.621157253805547,0.624786485910022,0.60032473932697,0.619795773200616,0.714548644614691,0.61498067938871],"X":[[0.307528682213167,0.295783952454986],[0.839066077358803,0.842602262134338],[0.444097170504764,0.87406980971202],[0.0841359018031824,0.728010447511452],[0.587811533079439,0.125085503259926],[0,0],[0.103667064514184,0.741356081932264],[0,0.292845342816668],[0.528997516189748,0],[0,0.415380293285653],[0.104299669226027,0.741752933558329],[0.0874163587200401,0.455372194408324],[0.196220986579828,0.48172290426098],[0.63872850524463,0],[0.24586937655849,0.501989639620539],[0.268210094516164,0.458512254825426],[0.214346543737667,0.448341646153409],[0.194251135347313,0.424987980137265],[0.190802390940736,0.415840455916795],[0.379653063771056,0.0749102232747609],[0.190826235876863,0.411207910225818],[0.191745630114908,0.409066594320786],[0.192907266315137,0.407002207696954],[0.192560969772649,0.407700486868367],[0.192680601671316,0.407718181260851],[0.193898293404648,0.40648020821231],[0.192816647823992,0.407697045728836],[0.19463862691999,0.405587448906618],[0.194357727876075,0.406052386094099],[0.194492955935557,0.406044320320588],[0.193067725277877,0.407285506925566],[0.192699622385646,0.407755399728914],[0.194538693575622,0.405979519353504],[0.194870445784783,0.405527189507873],[0.194007123620806,0.406196232436595],[0.194262809825872,0.406143529491309],[0.194996501929306,0.405553117479596],[0.194458332537982,0.406021985386902],[0.191372355614654,0.409806495439073],[0.194107031782038,0.406164224493068],[0.194317844362967,0.40613359186021],[0.190969896995031,0.426979104834703],[0.194318660551606,0.406056129039557],[0.197232819879495,0.402705728352391],[0.191941102655228,0.429216151150318],[0.19343897957066,0.431347506339362],[0.194083002800494,0.406241736526476],[0.191893259467979,0.427902513732637],[0.257318019262597,0.457230625352095],[0.190589893205462,0.424390786183248]],"C":[[0.610346433307926,-1.31793796308634],[-1.08328063588055,-0.0859895456718065],[-0.84948351142811,-0.538779670899655],[0.117509255291272,-0.962921938341941],[0.380063417968919,-1.13883121845301],[1.5,-1.5],[0.00123961846760307,-0.939644299517054],[0.6579233254568,-1.41424160519059],[0.479763965318119,-1.22016162786508],[0.232242200127746,-1.32745921194993],[-0.00223543551974111,-0.938924164556954],[0.21588797780505,-1.28499454478788],[0.113178788431622,-1.22944036793601],[0.58800618662953,-1.09202589658796],[0.0764372703222117,-1.18755465138438],[-0.098619690960052,-1.21782985737453],[-0.0141696295473612,-1.25304532751217],[-0.0064758846358588,-1.28165171315513],[-0.0023880810484988,-1.29067116283421],[0.988379499451649,-1.35025200961818],[-0.000504669666379576,-1.29449340226878],[-0.000199739637339269,-1.29589813474263],[0.000155697157712742,-1.29713598953263],[-6.64702328962985e-05,-1.29670058592751],[-0.000227439110959238,-1.29664007040892],[-0.00052276536363538,-1.29717729214644],[-0.000373778566524596,-1.2966048592259],[-0.000469238079401191,-1.29761462620012],[-0.000631640997550753,-1.29734653336214],[-0.000783563613085514,-1.29730050002684],[-0.000303255468333152,-1.29684336930441],[-0.000283549362846858,-1.29660238952434],[-0.000769801280253057,-1.29733532656739],[-0.000676678414892551,-1.29757320792949],[-0.00036421193480568,-1.2973658567387],[-0.000613691998030796,-1.2973093941709],[-0.000853359763513972,-1.29750303313792],[-0.00071914604744705,-1.29733210428903],[-0.00028251566296239,-1.29543525780244],[-0.0004500248325367,-1.29735308295471],[-0.000668749479087627,-1.29729608092485],[-0.00064434210755776,-1.28121934247626],[-0.000589209385284728,-1.29735867823084],[4.37879794517593e-05,-1.29892731111455],[-0.000636315780442098,-1.2789321087032],[-0.00124240373366946,-1.27652068995748],[-0.00050110400877762,-1.2972994395279],[-0.0014642457371723,-1.28007641571205],[-0.0794971539082206,-1.22472759220291],[-0.00136283302831502,-1.2835679532107]],"d":[[0.147711507740281,0.0357022838520216],[0.692778487428524,0.772256947936773]],"df":{},"lambda":[[0,0],[0,0],[0,0],[0.236670601129365,0],[0.710011803388094,0],[1.65669420790555,0],[3.55005901694047,0],[0,0],[0,0],[0,0],[0,0],[0,0],[0,0],[0,0],[0,0],[0,0],[0,0],[0,0],[0,0],[0.475616533609855,0],[1.42684960082956,0],[0.614648730298452,0],[2.51711486473787,0],[0.892713123675646,0],[0,0],[3.80493226887884,0],[0,0],[0,0],[0,0],[0,0],[0,0],[0,0],[0,0],[0,0],[0,0],[0,0],[0,0],[0,0],[0,0],[0,0],[2.14018416845341,0],[6.42055250536025,0],[0,0],[8.56073667381366,0],[0,0],[0,0]],"rho":[0.0052377374362838,0.0052377374362838,0.0052377374362838,0.0026188687181419,0.00130943435907095,0.000654717179535476,0.000327358589767738,0.000327358589767738,0.000327358589767738,0.000327358589767738,0.000327358589767738,0.000327358589767738,0.000327358589767738,0.000327358589767738,0.000327358589767738,0.000327358589767738,0.000327358589767738,0.000327358589767738,0.000327358589767738,0.000163679294883869,8.18396474419344e-05,8.18396474419344e-05,4.09198237209672e-05,4.09198237209672e-05,4.09198237209672e-05,2.04599118604836e-05,2.04599118604836e-05,2.04599118604836e-05,2.04599118604836e-05,2.04599118604836e-05,2.04599118604836e-05,2.04599118604836e-05,2.04599118604836e-05,2.04599118604836e-05,2.04599118604836e-05,2.04599118604836e-05,2.04599118604836e-05,2.04599118604836e-05,2.04599118604836e-05,2.04599118604836e-05,1.02299559302418e-05,5.1149779651209e-06,5.1149779651209e-06,2.55748898256045e-06,2.55748898256045e-06,2.55748898256045e-06]}
