{"prog":["Inf",1.19077063477849,1.16679607717013,1.16679607717013,1.16679607717013,1.16679607717013,1.16679607717013,1.16679607717013,1.16679607717013,0.742144657007132,0.680581500291399,0.680581500291399,0.680581500291399,0.680581500291399,0.604244974090065,0.604244974090065,0.604244974090065,0.604244974090065,0.604244974090065,0.604244974090065,0.604244974090065,0.600307170975346,0.599906658041574,0.599906658041574,0.599906658041574,0.599906658041574,0.599906658041574,0.599906658041574,0.599906658041574,0.599898450651983,0.599898450651983,0.599898450651983,0.599898450651983,0.599898450651983,0.599898450651983,0.599898450651983,0.599898450651983,0.599898450651983,0.599898450651983,0.599898450651983,0.599898450651983,0.599898450651983,0.599898450651983,0.599898450651983,0.599898450651983,0.599898450651983,0.599898450651983,0.599898450651983,0.599898450651983,0.599898450651983],"mei":["Inf",0.0271813111070933,0.0216630116825484,0.0209865383238615,0.00144000882148181,0.00198974864797539,0.0158324928377158,0.00591346988827021,0.000803368328291503,0.0108360407499808,0.0116159283135374,0.00357833348668914,9.27495498900755e-05,2.79499588704951e-05,5.0225646815835e-06,"Inf","Inf","Inf","Inf","Inf","Inf","Inf","Inf","Inf","Inf","Inf","Inf","Inf","Inf","Inf","Inf","Inf","Inf","Inf","Inf","Inf","Inf","Inf","Inf","Inf","Inf","Inf","Inf","Inf","Inf","Inf"],"obj":[1.20200371162547,1.19077063477849,1.16679607717013,0.717026008469291,0.113760167358853,0.772138250642258,0.784079492007848,0.766166696941501,0.239989558434036,0.742144657007132,0.680581500291399,0.614465538333843,0.422218661764723,0.60048115839103,0.604244974090065,0.381146085723172,0.455950355088119,0.55115812751293,0.553101260868769,0.599023168437007,1.16643688165841,0.600307170975346,0.599906658041574,0.599664851087386,0.599917207574035,0.600059478054386,0.60013533718012,0.610267036786965,0.600438179575919,0.599898450651983,0.600163227376065,0.600382494929047,0.60084784060762,0.600030842591482,0.600018276403638,0.600268780850832,0.600154089778073,0.599990011586887,0.60011686767554,0.600067864742108,0.600189797685434,0.59991881083436,0.606139477384263,0.599983354906029,0.60003231996879,0.599982097031289,0.600330298909069,0.610769179145529,0.600398942037758,0.600182910457127],"X":[[0.770579627219257,0.431424084406212],[0.259081455888013,0.931689178890476],[0.944297186672757,0.222498890497372],[0.374702104072716,0.342323904396576],[0.00419636051733893,0.109563806841514],[0.415339626229422,0.356798624412836],[0.452367758344979,0.331711733662869],[0.386718461585118,0.379448235356383],[0.239989558434036,0],[0.35689098497429,0.385253672032842],[0.293238070701877,0.387343429589522],[0.227261622000815,0.387203916333027],[0.422218661764723,0],[0.207276866127515,0.393204292263515],[0.204754700810265,0.3994902732798],[0,0.381146085723172],[0,0.455950355088119],[0.55115812751293,0],[0,0.553101260868769],[0.19532479020643,0.403698378230578],[0.943967316635517,0.222469565022896],[0.195727439945064,0.404579731030281],[0.19516273177706,0.404743926264514],[0.194311568478702,0.405353282608684],[0.194916515955839,0.405000691618196],[0.19431074876475,0.405748729289636],[0.194521815656537,0.405613521523583],[0.218481321634042,0.391785715152923],[0.195406115756718,0.405032063819202],[0.196489614334339,0.403408836317644],[0.195661734447473,0.404501492928592],[0.195290874834231,0.405091620094816],[0.199467497623731,0.401380342983889],[0.19659960520327,0.403431237388212],[0.196690851142712,0.403327425260926],[0.19483112346299,0.405437657387842],[0.196762452174834,0.403391637603239],[0.196978692236276,0.40301131935061],[0.196596304048139,0.403520563627401],[0.1967975619237,0.403270302818408],[0.194696565602916,0.405493232082517],[0.194889305786297,0.405029505048063],[0.211691503679317,0.394447973704946],[0.196650997724878,0.403332357181151],[0.196183498750512,0.403848821218278],[0.196032287015597,0.403949810015692],[0.196683763844272,0.403646535064797],[0.219291377282459,0.39147780186307],[0.195559541306624,0.404839400731135],[0.194539437660951,0.405643472796176]],"C":[[0.362992820452389,-0.720080297508893],[-1.10149162111267,-0.564832073153338],[-0.053631185375423,-0.558797066969355],[0.303430368159548,-1.24241267768216],[1.76728805581653,-1.4879781627888],[0.243403628995952,-1.20018773650071],[0.512241469743105,-1.18533073696031],[0.0372605518167067,-1.20646786815417],[1.0829939014841,-1.44240501184264],[-0.0188600117865566,-1.22420843302929],[-0.0312922199467294,-1.26397650144487],[0.00563611196789937,-1.29842528234192],[0.62771050314041,-1.32173140165761],[0.00673858164789726,-1.3024266853139],[-0.00324394028994984,-1.29848303405093],[0.239198359745717,-1.3547276613379],[0.325246576798728,-1.29210927369502],[0.477112112687589,-1.19622471847644],[0.703227303344955,-1.19407899522538],[0.000929400613587983,-1.29887584574482],[-0.0549157342319715,-0.559432997762464],[-0.000602400710743523,-1.29800601049202],[-0.000137775210590552,-1.2980938622773],[0.000171020460254134,-1.29793173063371],[-0.000144743449653428,-1.29798199159642],[-0.000255756889340986,-1.29761130159433],[-0.000359766759446489,-1.29763893439092],[-7.44040988014949e-05,-1.29876986549915],[-0.000752512523355786,-1.29776547720323],[-3.82323994062017e-05,-1.29865314223959],[-0.000433714313076206,-1.29809502789155],[-0.000685452316670054,-1.29776225353544],[-0.0005679580198652,-1.29910653765786],[-0.000192463757790584,-1.29859183193333],[-0.000162848309323615,-1.29863969710915],[-0.000532365410704061,-1.29766113930201],[-0.000327294663552635,-1.29855972412592],[-7.68769527927926e-05,-1.29878127128017],[-0.000302951469539292,-1.29852104796444],[-0.000210368111267623,-1.29864378248564],[-0.00043496367715512,-1.2976684860777],[-0.000145565707185769,-1.29796925853066],[-0.000241906939142722,-1.29959750331005],[-0.000123813459703082,-1.29865139474451],[-0.000243560926798891,-1.29841816441862],[-0.000194823182746606,-1.29839589343572],[-0.000563091115449221,-1.29838497177023],[1.15630880745399e-05,-1.29865642249802],[-0.000710399537843021,-1.2978615254196],[-0.000412862081684173,-1.29760778017242]],"d":[[0.125058591499733,0.0326259717272598],[0.712643583723517,0.692914102718025]],"df":{},"lambda":[[0,0],[0,0],[0,0],[0,0],[0.94440037379269,0],[2.83320112137807,0],[0.921108968950805,0],[1.11022302462516e-16,0],[0.571408204087308,0],[1.71422461226192,0],[4.44694593465664,0],[1.81589232067025,0],[0,0],[0,0],[0,0],[0,0],[0.75380636653446,0],[2.26141909960338,0],[0.307069234434656,0],[0,0],[0.554836353075061,0],[1.66450905922518,0],[0,0],[2.21934541230024,0],[0,0],[0,0],[0,0],[0,0],[0,0],[0,0],[0,0],[0,0],[0,0],[0,0],[0,0],[0,0],[0,0],[0,0],[0,0],[0,0],[0,0],[0,0],[0,0],[0,0],[0,0],[0,0]],"rho":[0.0394541900349629,0.0394541900349629,0.0394541900349629,0.0394541900349629,0.0197270950174814,0.00986354750874071,0.00986354750874071,0.00986354750874071,0.00493177375437036,0.00246588687718518,0.00123294343859259,0.00123294343859259,0.00123294343859259,0.00123294343859259,0.00123294343859259,0.00123294343859259,0.000616471719296295,0.000308235859648147,0.000308235859648147,0.000308235859648147,0.000154117929824074,7.70589649120368e-05,7.70589649120368e-05,3.85294824560184e-05,3.85294824560184e-05,3.85294824560184e-05,3.85294824560184e-05,3.85294824560184e-05,3.85294824560184e-05,3.85294824560184e-05,3.85294824560184e-05,3.85294824560184e-05,3.85294824560184e-05,3.85294824560184e-05,3.85294824560184e-05,3.85294824560184e-05,3.85294824560184e-05,3.85294824560184e-05,3.85294824560184e-05,3.85294824560184e-05,3.85294824560184e-05,3.85294824560184e-05,3.85294824560184e-05,3.85294824560184e-05,3.85294824560184e-05,3.85294824560184e-05]}
