{"prog":["Inf",1.34958895485606,0.872497847288032,0.872497847288032,0.872497847288032,0.872496714665503,0.872496714665503,0.872496714665503,0.872496457460238,0.872496457460238,0.872496457460238,0.872496457460238,0.853689662435323,0.853689662435323,0.853689662435323,0.853689662435323,0.853689662435323,0.853689662435323,0.853689662435323,0.853689662435323,0.853689662435323,0.853689662435323,0.853689662435323,0.604608780495159,0.604608780495159,0.603933994725701,0.603795049337924,0.603348387613603,0.603348387613603,0.603291620747388,0.602697309408162,0.602697309408162,0.602697309408162,0.602697309408162,0.602697309408162,0.602697309408162,0.602697309408162,0.602697309408162,0.602697309408162,0.602242112795428,0.600962843376651,0.600962843376651,0.600962843376651,0.60074133646031,0.60074133646031,0.60074133646031,0.600727410380294,0.600727410380294,0.600727410380294,0.600727410380294],"mei":["Inf","Inf",6.83308227713045e-06,1.38612063860337e-06,"Inf",7.69991792093367e-06,6.67599062634491e-06,8.83655850188046e-06,1.31156140638817e-05,7.25477938357388e-06,"Inf","Inf","Inf","Inf","Inf",1.79747226907269e-05,0.000686176928421068,0.000162590947013566,0.000857235965977352,0.0193725422136851,3.85445015585293e-05,"Inf","Inf","Inf","Inf","Inf","Inf","Inf","Inf","Inf","Inf","Inf","Inf",2.79972618079714e-07,"Inf","Inf","Inf","Inf","Inf","Inf","Inf","Inf","Inf","Inf","Inf","Inf"],"obj":[1.73223841521708,1.34958895485606,0.872497847288032,0.736680519202882,1.19395717035838,0.872496714665503,0.281817701105763,0.133172112026815,0.872496457460238,0.56694172531016,0.825564249769659,0.510317632839919,0.853689662435323,0.668804403498765,0.854972010783435,1.19395172229257,0.8551213976503,0.494495243111605,0.47595179293595,0.507309233088649,0.459355079203313,0.560829461609054,0.598825636904708,0.604608780495159,0.578164166275858,0.603933994725701,0.603795049337924,0.603348387613603,0.60351623196743,0.603291620747388,0.602697309408162,0.603080581620534,0.603067855797548,0.602864471082736,0.602849004460101,0.602783178250421,0.602708705237851,0.599232304179108,0.602819636484059,0.602242112795428,0.600962843376651,0.601156613642969,0.602952985716409,0.60074133646031,0.601172015785337,0.600777802611618,0.600727410380294,0.601176221036686,0.60396274308331,0.604090347648691],"X":[[0.823245992996554,0.908992422220528],[0.72560610054657,0.623982854309488],[0.119852524972486,0.752645322315545],[0.712941416342031,0.0237391028608519],[0.92069289781635,0.273264272542033],[0.119852066460258,0.752644648205245],[0.247375562861793,0.0344421382439694],[0.0233166536463401,0.109855458380475],[0.119851981129667,0.752644476330571],[0.00350761259705469,0.563434112713105],[0.100100308518797,0.725463941250862],[0.474590135519795,0.0357274973201241],[0.111849866737882,0.741839795697441],[0.515505981571168,0.153298421927598],[0.112399358406953,0.742572652376482],[0.920689825539312,0.273261896753255],[0.112463438684403,0.742657958965897],[0.494495243111605,0],[0.47595179293595,0],[0.121695799162204,0.385613433926445],[0.0654111042929447,0.393943974910368],[0.161264367037284,0.39956509457177],[0.185836952702923,0.412988684201785],[0.189432286324791,0.415176494170368],[0.160908190995945,0.417255975279913],[0.190233767211552,0.413700227514149],[0.190353786560129,0.413441262777795],[0.190544098748407,0.412804288865195],[0.190527685996724,0.412988545970706],[0.190614681396346,0.412676939351041],[0.189994906035554,0.412702403372607],[0.190482537721844,0.412598043898689],[0.190782757568519,0.412285098229029],[0.190402210186587,0.412462260896149],[0.190848733430196,0.412000271029905],[0.190863800793984,0.411919377456437],[0.190961076671857,0.411747628565994],[0.194528436211334,0.404703867967774],[0.191753502136588,0.411066134347471],[0.191081858986272,0.411160253809156],[0.191470748558515,0.409492094818136],[0.191356180809636,0.409800432833333],[0.190106466566997,0.412846519149412],[0.192289769636878,0.408451566823431],[0.191130631447509,0.410041384337828],[0.193184053456652,0.407593749154966],[0.192839245008624,0.40788816537167],[0.192500026070094,0.408676194966592],[0.189337573528998,0.414625169554311],[0.189214921881579,0.414875425767112]],"C":[[-0.755472302133676,0.00400118863922572],[-0.965555061778049,-0.584141184377385],[-0.0966518521449147,-0.919160391054249],[0.617693421844095,-0.991150991859581],[-0.441623979750037,-0.577651225262606],[-0.0966461614586024,-0.919161515693209],[1.20788837705597,-1.43761907001199],[1.74761911465672,-1.48738811192675],[-0.0966447183674406,-0.919161794868374],[0.727276243351082,-1.18252969728506],[0.130379409402775,-0.963681998179207],[0.542579600151756,-1.27348774920254],[-0.00544938107299932,-0.937163324830297],[0.804828089157954,-1.21075317679886],[-0.0116162884584577,-0.935952240172261],[-0.44161705458388,-0.577658180931204],[-0.0123344511828771,-0.935811130943887],[0.505800516340227,-1.25547445453999],[0.529474893427033,-1.27346989080105],[0.107483687446587,-1.33649241204173],[0.157808159389631,-1.340529532067],[0.0448736320110077,-1.31434153912392],[0.00504056592697311,-1.29490497373137],[-0.000395375502092121,-1.29174388758617],[0.0381137155696165,-1.30000600516362],[-0.000965202267537324,-1.29266323556724],[-0.00101763961116302,-1.29283175817492],[-0.000985298328577022,-1.29328556552666],[-0.00104826332505598,-1.29313966176574],[-0.00101667107883124,-1.29336378696403],[-0.00022832715794574,-1.29357866193101],[-0.000808545533631855,-1.29347925699402],[-0.00104064224602685,-1.29362293719283],[-0.000639347188031603,-1.2936218816925],[-0.000977485070787987,-1.29383253761937],[-0.000953615624619819,-1.29389343602238],[-0.000984501258841142,-1.29399775756661],[0.000647265872267544,-1.2983734667571],[-0.00159420745201277,-1.29425522761098],[-0.000800563584615166,-1.29443496885394],[-0.000178712959321037,-1.2956551767279],[-0.000258052271331244,-1.29544641731556],[-0.000438740619575106,-1.29341728299563],[-0.00037899333715119,-1.29619196205248],[-0.000144009932232236,-1.29533514485279],[-0.000726447593804136,-1.29654725713986],[-0.000570310300879728,-1.29644027013424],[-0.000820866812258569,-1.29592750763064],[-0.000111458644384999,-1.29223725202221],[-2.36899066546337e-05,-1.29207609443191]],"d":[[0.160117250924955,0.0383071224498224],[0.691062687527011,0.626897041241844]],"df":{},"lambda":[[0,0],[0,0],[0,0],[0,0],[0,0],[0,0],[0,0],[0,0],[0,0],[0,0],[0,0],[0,0],[0,0],[0,0],[0,0],[0,0],[0,0],[0,0],[0,0],[0,0],[0,0],[0,0],[0,0],[0,0],[0,0],[0,0],[0,0],[0,0],[0,0],[0,0],[0,0],[0,0],[0,0],[0,0],[0,0],[0,0],[0,0],[0,0],[0,0],[0,0],[0,0],[0,0],[0,0],[0,0],[0,0],[0,0]],"rho":[9.17452723604476e-06,9.17452723604476e-06,9.17452723604476e-06,9.17452723604476e-06,9.17452723604476e-06,9.17452723604476e-06,9.17452723604476e-06,9.17452723604476e-06,9.17452723604476e-06,9.17452723604476e-06,9.17452723604476e-06,9.17452723604476e-06,9.17452723604476e-06,9.17452723604476e-06,9.17452723604476e-06,9.17452723604476e-06,9.17452723604476e-06,9.17452723604476e-06,9.17452723604476e-06,9.17452723604476e-06,9.17452723604476e-06,9.17452723604476e-06,9.17452723604476e-06,9.17452723604476e-06,9.17452723604476e-06,9.17452723604476e-06,9.17452723604476e-06,9.17452723604476e-06,9.17452723604476e-06,9.17452723604476e-06,9.17452723604476e-06,9.17452723604476e-06,9.17452723604476e-06,9.17452723604476e-06,9.17452723604476e-06,9.17452723604476e-06,9.17452723604476e-06,9.17452723604476e-06,9.17452723604476e-06,9.17452723604476e-06,9.17452723604476e-06,9.17452723604476e-06,9.17452723604476e-06,9.17452723604476e-06,9.17452723604476e-06,9.17452723604476e-06]}
