{"prog":["Inf",1.23294351599481,1.23294351599481,1.23294351599481,1.23294351599481,1.23294351599481,1.23294351599481,1.23294351599481,1.23294351599481,1.23294351599481,1.23294351599481,1.23294351599481,1.23294351599481,0.612134063516712,0.612134063516712,0.612134063516712,0.612134063516712,0.612134063516712,0.612134063516712,0.599870196318396,0.599844997627456,0.599844997627456,0.599844997627456,0.599844997627456,0.599844997627456,0.599844997627456,0.599844997627456,0.599844997627456,0.599844997627456,0.599844997627456,0.599844997627456,0.599844997627456,0.599844997627456,0.599844997627456,0.599844997627456,0.599844997627456,0.599844997627456,0.599844997627456,0.599844997627456,0.599844997627456,0.599844997627456,0.599844997627456,0.599844997627456,0.599844997627456,0.599844997627456,0.599844997627456,0.599844997627456,0.599844997627456,0.599844997627456,0.599844997627456],"mei":["Inf",0.0342713252109946,0.0273392441411411,0.038760833268502,0.0431661660852967,0.166277806945135,0.0617482164230307,0.220905772730705,0.0163224451197046,0.0507733914942807,0.00126245106832009,0.000633154850188509,0.000218158282150491,4.69773550399761e-06,"Inf","Inf","Inf","Inf","Inf","Inf","Inf","Inf","Inf","Inf","Inf","Inf","Inf","Inf","Inf","Inf","Inf","Inf","Inf","Inf","Inf","Inf","Inf","Inf","Inf","Inf","Inf","Inf","Inf","Inf","Inf","Inf"],"obj":[0.745644889004912,1.23294351599481,0.855366740090625,1.3088402553063,0.897135932044391,0,0.179483538967578,0.332242070961453,0.37698966083892,0.482466833284366,0.525506265442104,0.584974827715408,0.506242767834515,0.612134063516712,0.274066313811392,0.595798196984183,0.42942327338642,0.543061980368476,0.597601031053921,0.599870196318396,0.599844997627456,0.59979378150037,0.599806460807424,0.600029650567237,0.599969593789306,0.599763711238562,0.600181178059725,0.600313359294254,0.600593548495652,0.600392261850015,0.600519581142934,0.600577840180388,0.600313215161087,0.601654006657264,0.60060704390136,0.600475675741526,0.600753235417642,0.600791605537902,0.600292904181351,0.600863379658245,0.600955542993363,0.600724503755087,0.600605154641732,0.600812588432318,0.600629690305869,0.600840633964938,0.600343168490673,0.601276790885226,0.600519601221499,0.600836561335058],"X":[[0.731238446699278,0.0144064423056334],[0.281476582754747,0.951466933240058],[0.489670875898951,0.365695864191674],[0.621186324539871,0.687653930766427],[0.266613060689208,0.630522871355182],[0,0],[0,0.179483538967578],[0.0023323461772844,0.329909724784169],[0,0.37698966083892],[0.0867410461534601,0.395725787130906],[0.139803734152415,0.385702531289689],[0.223869153634765,0.361105674080643],[0,0.506242767834515],[0.205328358274645,0.406805705242067],[0.274066313811392,0],[0.182873070422838,0.412925126561345],[0.42942327338642,0],[0.441557840066327,0.101504140302149],[0.192502921893294,0.405098109160626],[0.194639289814975,0.40523090650342],[0.194662242747068,0.405182754880389],[0.194735166053292,0.405058615447078],[0.194420601537597,0.405385859269827],[0.194976358227023,0.405053292340214],[0.194202320023762,0.405767273765544],[0.195159963771325,0.404603747467237],[0.195247627895193,0.404933550164532],[0.195098923212789,0.405214436081465],[0.194534816267007,0.406058732228645],[0.195229638332117,0.405162623517898],[0.196348974664254,0.40417060647868],[0.194791669765575,0.405786170414814],[0.19448944171059,0.405823773450497],[0.190448191134959,0.411205815522306],[0.194525377273659,0.4060816666277],[0.194576668477652,0.405899007263874],[0.195272093703852,0.40548114171379],[0.194827527979934,0.405964077557969],[0.194231669596531,0.406061234584819],[0.194932237461698,0.405931142196547],[0.194927639007411,0.406027903985952],[0.194823025459769,0.405901478295319],[0.19486180998459,0.405743344657142],[0.194938124717676,0.405874463714642],[0.19463230757658,0.405997382729289],[0.194194122746252,0.406646511218686],[0.194184051653959,0.406159116836714],[0.195498965149031,0.405777825736195],[0.194127005018231,0.406392596203268],[0.19496236195916,0.405874199375898]],"C":[[0.758469715440306,-0.965082788488921],[-1.13174622229756,-0.515481608311468],[0.305270095636285,-1.12648896820946],[-0.529659450917194,-0.641259621706128],[0.43718688951436,-1.03135838456795],[1.5,-1.5],[1.52834986916638,-1.46778565923967],[0.415997616329527,-1.39115413365414],[0.246176955376358,-1.35787879562056],[0.13312512391905,-1.33587709231183],[0.0888253469734907,-1.33168847327377],[0.11263503203861,-1.31948529419762],[0.526698711076581,-1.24371826001525],[-0.0144049011759683,-1.29234938347074],[0.998624020844694,-1.42488765563384],[0.00892152773219401,-1.29605027996842],[0.612445807361943,-1.31559565227409],[0.880665711852624,-1.29472358337748],[0.00257580472432878,-1.29883814701703],[-7.86295296431594e-05,-1.29790345927474],[-5.19145259063047e-05,-1.29793354639622],[1.86844864563662e-06,-1.29800573315429],[7.11778994721968e-06,-1.29786293480182],[-0.000274267653006421,-1.29791605009688],[-0.000147371317406997,-1.29763837843827],[2.84999347384129e-05,-1.29820839607624],[-0.000454991420974327,-1.29790718375245],[-0.000599080247033923,-1.29773767095239],[-0.000848264592185066,-1.29727251124083],[-0.000693984497870337,-1.2977286368208],[-0.000830458124225275,-1.29809320100695],[-0.000863843194976843,-1.29739378929002],[-0.000546837700907743,-1.2974809219655],[-2.36402342942976e-05,-1.29463926377406],[-0.000861025084693878,-1.29725755762541],[-0.000729809397644832,-1.29738591598634],[-0.00109857529438862,-1.297453853135],[-0.00109552153427345,-1.29723540207374],[-0.000491336803706721,-1.2973883322932],[-0.00118453602628166,-1.29722133059318],[-0.00128142934521092,-1.29714455673577],[-0.00102385960924034,-1.29728797866838],[-0.00090070968107725,-1.29740121327597],[-0.00113120994827914,-1.29726504723591],[-0.000899476364498053,-1.29728439006438],[-0.00104215672152608,-1.29692725760448],[-0.000536258400851863,-1.29732732589367],[-0.00168964820897249,-1.29712451076646],[-0.000707175072598432,-1.29715976367382],[-0.00115957793717264,-1.29725581170028]],"d":[[0.142355496452671,0.0461331427248924],[0.648563327036239,0.770669867863154]],"df":{},"lambda":[[0,0],[0,0],[0,0],[0,0],[0,0],[6.51406439345893,0],[5.32907051820075e-15,0],[4.7007976767936,0],[2.66453525910038e-15,0],[9.40159535358719,0],[6.35226187886889,0],[3.3029284041506,0],[0.2535949294323,0],[2.14216832726945,0],[-4.44089209850063e-16,0],[1.09052987927983,0],[1.0239504133291,0],[0.957370947378372,0],[0.958953054171423,0],[0.962117267757525,0],[0.968445694929729,0],[0.981102549274137,0],[1.00641625796295,0],[1.05704367534058,0],[1.15829851009584,0],[1.36080817960637,0],[1.76582751862741,0],[2.57586619666951,0],[4.19594355275369,0],[7.43609826492206,0],[13.9164076892588,0],[-2.30926389122033e-14,0],[12.9606188486735,0],[-2.30926389122033e-14,0],[25.9212376973469,0],[-2.48689957516035e-14,0],[51.8424753946939,0],[-2.1316282072803e-14,0],[-2.1316282072803e-14,0],[-2.1316282072803e-14,0],[-2.1316282072803e-14,0],[-2.1316282072803e-14,0],[-2.1316282072803e-14,0],[-2.1316282072803e-14,0],[-2.1316282072803e-14,0],[-2.1316282072803e-14,0]],"rho":[0.0377916060552848,0.0377916060552848,0.0377916060552848,0.0377916060552848,0.0377916060552848,0.0188958030276424,0.0188958030276424,0.0094479015138212,0.0094479015138212,0.0047239507569106,0.0047239507569106,0.0047239507569106,0.0047239507569106,0.0023619753784553,0.0023619753784553,0.00118098768922765,0.00118098768922765,0.00118098768922765,0.000590493844613825,0.000295246922306912,0.000147623461153456,7.38117305767281e-05,3.69058652883641e-05,1.8452932644182e-05,9.22646632209101e-06,4.61323316104551e-06,2.30661658052275e-06,1.15330829026138e-06,5.76654145130688e-07,2.88327072565344e-07,1.44163536282672e-07,1.44163536282672e-07,7.20817681413361e-08,7.20817681413361e-08,3.6040884070668e-08,3.6040884070668e-08,1.8020442035334e-08,1.8020442035334e-08,1.8020442035334e-08,1.8020442035334e-08,1.8020442035334e-08,1.8020442035334e-08,1.8020442035334e-08,1.8020442035334e-08,1.8020442035334e-08,1.8020442035334e-08]}
