{"prog":[0.903582027122281,0.903582027122281,0.903582027122281,0.903582027122281,0.894368445606522,0.894368445606522,0.894368445606522,0.894368445606522,0.894368445606522,0.894368445606522,0.894368445606522,0.894368445606522,0.894368445606522,0.606746513301043,0.606746513301043,0.606746513301043,0.606746513301043,0.599943139913245,0.599943139913245,0.599943139913245,0.599943139913245,0.599806167749895,0.599806167749895,0.599806167749895,0.599806167749895,0.599794234515527,0.599794234515527,0.599794234515527,0.599794234515527,0.599794234515527,0.599794234515527,0.599794234515527,0.599794234515527,0.599794234515527,0.599794234515527,0.599794234515527,0.599794234515527,0.599794234515527,0.599794234515527,0.599794234515527,0.599794234515527,0.599794234515527,0.599794234515527,0.599794234515527,0.599794234515527,0.599794234515527,0.599794234515527,0.599794234515527,0.599794234515527,0.599794234515527],"mei":["Inf",0.158692913356996,0.195979444022042,0.000138517112795583,0.0274210154784593,0.190439539496683,0.0405105643063909,0.0525704861747868,0.01255805604588,0.0141109453642742,0.00171351655795878,1.31778160629674e-06,"Inf","Inf","Inf",0.000134577163735814,"Inf","Inf","Inf","Inf","Inf","Inf","Inf","Inf","Inf","Inf","Inf","Inf","Inf","Inf","Inf","Inf","Inf","Inf","Inf","Inf","Inf","Inf","Inf","Inf","Inf","Inf","Inf","Inf","Inf","Inf"],"obj":[0.903582027122281,1.32913926041898,0.231482183549433,1.27391410709217,0.894368445606522,0,0.389537891986225,0.250781248079945,0.419302135394013,0.457774908478278,0.456329230334028,0.648498285419228,0.532232812596377,0.606746513301043,0.592485823976356,0.574197866848678,0.59938200682715,0.599943139913245,0.600207481076608,0.566133573305621,0.599534621619002,0.599806167749895,0.599777253873174,0.599823883668339,0.599848076478806,0.599794234515527,0.599836421090509,0.890470384955084,0.599916711837836,0.600106323286393,0.600024680557296,0.599930838773745,0.600076291009213,0.600259274662378,0.600281728267449,0.600283210814719,0.600346380275048,0.891568790099363,0.60016105530017,0.600161123489297,0.60064089786405,0.602077308335248,0.600272368993794,0.891739678043074,0.602518932830382,0.600385306660823,0.601936263031769,0.59997524897924,0.600158065897658,0.600046292374235],"X":[[0.742644033148569,0.160937993973712],[0.608757915908647,0.720381344510331],[0.0260548887322785,0.205427294817154],[0.879413413028096,0.394500694064074],[0.428459449491571,0.465908996114952],[0,0],[0,0.389537891986225],[0.250781248079945,0],[0.419302135394013,0],[0,0.457774908478278],[0.0680910849906976,0.38823814534333],[0.648498285419228,0],[0.142347094385993,0.389885718210384],[0.208799523398066,0.397946989902977],[0.178403927174025,0.414081896802331],[0.448293087753034,0.125904779095644],[0.195236467393488,0.404145539433662],[0.195671929726937,0.404271210186307],[0.195853151454221,0.404354329622387],[0,0.566133573305621],[0.194996849034591,0.404537772584412],[0.195167060563911,0.404639107185983],[0.195129838636647,0.404647415236528],[0.195236773127395,0.404587110540944],[0.19495335477053,0.404894721708276],[0.195047853034153,0.404746381481374],[0.195382085323942,0.404454335766567],[0.425627563438681,0.464842821516403],[0.195929513099711,0.403987198738124],[0.196425895951245,0.403680427335148],[0.195972458081955,0.404052222475342],[0.19631448819274,0.403616350581005],[0.196172869362588,0.403903421646625],[0.195554450815122,0.404704823847256],[0.194319407120298,0.40596232114715],[0.19487263764326,0.40541057317146],[0.194766533325204,0.405579846949844],[0.42642932980479,0.465139460294573],[0.196192552150243,0.403968503149927],[0.196239976864016,0.403921146625281],[0.195773630611927,0.404867267252123],[0.200872613241711,0.401204695093537],[0.196554703946341,0.403717665047453],[0.426553126511516,0.465186551531558],[0.201751286116301,0.400767646714081],[0.196509190729176,0.403876115931647],[0.201262007726518,0.400674255305251],[0.19614467427521,0.40383057470403],[0.19624676037342,0.403911305524238],[0.197412946841139,0.402633345533095]],"C":[[-0.0604360262683289,-0.922578802124544],[-0.336129403318221,-0.610464518300048],[1.33053761964459,-1.45712076931725],[-0.119379852717172,-0.571001251369239],[-0.360246887049164,-1.09935130748054],[1.5,-1.5],[0.229244811170953,-1.34826023070693],[1.05674207551057,-1.43710876561146],[0.634039067841818,-1.32418571925402],[0.331417751457257,-1.2904421331677],[0.160132855587059,-1.34463474664516],[0.612140534304807,-1.07944997380832],[0.0787735754941074,-1.32772643145544],[-0.00464144185275245,-1.2980409522559],[0.0144731605962685,-1.29670822150947],[0.956922013918133,-1.28318129407373],[0.000483832156894015,-1.29854910475559],[-0.000170692246706294,-1.29827728453143],[-0.000480069841030661,-1.29813911918108],[0.737055676072433,-1.17949277717621],[0.000295215815859673,-1.29832541941902],[-2.10265288390077e-05,-1.29817701140657],[1.25757314309305e-05,-1.29818481541603],[-4.12917718920491e-05,-1.29819187240293],[-6.71432191731158e-05,-1.29805345379649],[-6.8365811990434e-06,-1.2981367017045],[-5.36145620309569e-05,-1.29824253101409],[-0.355291787031527,-1.10276232852592],[-0.000122584594892228,-1.29840596915223],[-0.000310735064148637,-1.29845897998626],[-0.000251790683441333,-1.29833659718605],[-0.000102314633285916,-1.29855446326929],[-0.000299122179354017,-1.2983782313082],[-0.000548156366669772,-1.29797246232116],[-0.000491969957790883,-1.29743456182523],[-0.000551374059380105,-1.29766692225875],[-0.000611681049313473,-1.29757098524462],[-0.356684137823319,-1.10180330915911],[-0.000402234421518766,-1.29831793094358],[-0.000398210277207822,-1.29833757878933],[-0.000992045546330367,-1.29775518146482],[-0.0018473184298472,-1.29868498588435],[-0.000505190862847504,-1.2983782952852],[-0.356901763564658,-1.10165390253743],[-0.00212906538152652,-1.29868171189768],[-0.000651519229064812,-1.29826822093893],[-0.00145078059180498,-1.29895374538147],[-0.000176281296783376,-1.29844813368768],[-0.000393812491751688,-1.29834286631264],[-6.13376368454599e-05,-1.29891451748432]],"d":[[0.144188656321659,0.0372998189816408],[0.711251309474996,0.794951808500317]],"df":{},"lambda":[[0,0],[0,0],[0,0],[0.231628322460947,0],[0.694884967382841,0],[1.62139825722663,0],[-2.22044604925031e-16,0],[1.29438235120102,0],[-2.22044604925031e-16,0],[1.27348164106322,0],[1.12341124117424,0],[0.973340841285264,0],[0.823270441396285,0],[0.838914046889516,0],[0.870201257875979,0],[0.848125485274436,0],[0.826049712672893,0],[0.864230223768461,0],[0.858791466259476,0],[0.862044326219131,0],[0.868550046138443,0],[0.846795016102502,0],[0.859806455941125,0],[0.885829335618372,0],[0.857535549141847,0],[0.90958130849634,0],[0.852993735543291,0],[0.796406162590242,0],[0.900497681299228,0],[0.78732253539313,0],[0.995505572811103,0],[0.769155280998907,0],[1.18552135583485,0],[0.73282077221046,0],[0.280120188586067,0],[1.11285233825796,0],[0.207451171009174,0],[1.87291547035296,0],[0.0621131358553872,0],[8.32667268468867e-17,0],[8.32667268468867e-17,0],[8.32667268468867e-17,0],[8.32667268468867e-17,0],[8.32667268468867e-17,0],[8.32667268468867e-17,0],[8.32667268468867e-17,0]],