{"prog":[1.52591938160963,1.52591938160963,1.52591938160963,1.52591938160963,1.1705163935643,1.1705163935643,1.1705163935643,1.1705163935643,1.1705163935643,1.1705163935643,1.14913967412324,1.14913967412324,1.09368770245383,1.09368770245383,0.655227515834266,0.643063353287861,0.643063353287861,0.617794899140641,0.617794899140641,0.603444160961716,0.603444160961716,0.603444160961716,0.599881395392065,0.599881395392065,0.599881395392065,0.599881395392065,0.599881395392065,0.599881395392065,0.599881395392065,0.599881395392065,0.599881395392065,0.599881395392065,0.599881395392065,0.599881395392065,0.599881395392065,0.599881395392065,0.599881395392065,0.599881395392065,0.599881395392065,0.599881395392065,0.599881395392065,0.599881395392065,0.599881395392065,0.599881395392065,0.599881395392065,0.599881395392065,0.599881395392065,0.599881395392065,0.599881395392065,0.599881395392065],"mei":["Inf",0.197338175890803,0.0717053856683381,0.0605691660545603,0.0931571745595166,0.0171188060446793,0.096045392733337,0.124149868221311,0.00902863851391839,0.0681078700719817,0.0965428667460972,0.000411991493335498,0.00123791096862944,0.00017293885585101,0.00513521960521311,"Inf",1.02337434680973e-06,"Inf","Inf","Inf","Inf","Inf","Inf","Inf","Inf","Inf","Inf","Inf","Inf","Inf","Inf","Inf","Inf","Inf","Inf","Inf","Inf","Inf","Inf","Inf","Inf","Inf","Inf","Inf","Inf","Inf"],"obj":[1.52591938160963,0.918092615785564,0.700228555249103,1.62154220742675,1.1705163935643,0,0.314277376156366,0.436639304367758,0.354934789524338,0.400297661431941,1.14913967412324,0.467657764727089,1.09368770245383,0.56899190209302,0.655227515834266,0.643063353287861,0.465835423447966,0.617794899140641,0.586978184393718,0.603444160961716,0.557981067695267,0.596193880741877,0.599881395392065,0.599779787101542,0.59979820955879,0.599889466212915,0.599987205377302,0.600017326227635,0.600083883725663,0.600204491073245,0.600373309294715,0.600576932240351,0.619927009015262,0.620819557160194,0.617779200143033,0.619284323634034,0.618929315868655,0.619667711753596,0.620047797379101,0.600107848778492,0.620108149181325,0.620245756644946,0.620058412684592,0.600558742116389,0.619915711076574,0.619392307845926,0.600255660657418,0.600730483421222,0.600813834219269,0.602913384700773],"X":[[0.907932245388611,0.617987136221022],[0.569910400246715,0.34818221553885],[0.113991900457533,0.58623665479157],[0.692057800966329,0.929484406460422],[0.381219512829841,0.789296880734455],[0,0],[0.314277376156366,0],[0,0.436639304367758],[0,0.354934789524338],[-2.77555756156289e-17,0.400297661431941],[0.368329662971611,0.780810011151633],[0.0613705380488065,0.406287226678282],[0.335592110490633,0.758095591963195],[0.144206995567543,0.424784906525477],[0.21313719154101,0.442090324293256],[0.202897801299842,0.44016555198802],[0.465835423447966,0],[0.193477808779913,0.424317090360728],[0.189095814679371,0.397882369714347],[0.197654210006997,0.405789950954719],[0.475334177372768,0.0826468903224991],[0.191890247938971,0.404303632802906],[0.194811864039183,0.405069531352881],[0.194716594689159,0.405063192412383],[0.194603524023467,0.405194685535323],[0.194766357633707,0.405123108579208],[0.195621329637106,0.404365875740196],[0.196147557442691,0.403869768784944],[0.196361811750944,0.403722071974719],[0.195983321117577,0.404221169955668],[0.194651085508539,0.405722223786176],[0.195642184692014,0.404934747548337],[0.191643094529492,0.42828391448577],[0.192474530638415,0.428345026521779],[0.190901508265506,0.426877691877526],[0.191500931039462,0.427783392594572],[0.191345544925113,0.427583770943542],[0.192180381260485,0.427487330493111],[0.191834853132083,0.428212944247017],[0.194639976778396,0.405467872000097],[0.192095699102323,0.428012450079002],[0.192259955408373,0.427985801236572],[0.191973979858881,0.428084432825712],[0.195055310394513,0.405503431721877],[0.192117377585048,0.427798333491526],[0.191884494661111,0.427507813184815],[0.194725189742899,0.405530470914519],[0.195110699175361,0.405619784245862],[0.19517800006521,0.405635834154059],[0.195963438231245,0.406949946469528]],"C":[[-0.380339563617084,-0.293750937248934],[0.594822871746305,-1.05397128047309],[0.634819731526243,-1.14333243120887],[-0.708809889988836,-0.157114738268566],[-0.256250131171043,-0.731682117100638],[1.5,-1.5],[0.894964225525245,-1.40122973083627],[0.269364784771516,-1.30934611788124],[0.305940898563413,-1.37402129518531],[0.224457687040296,-1.33976178225212],[-0.205626897842241,-0.754668985860606],[0.159801397460729,-1.33116434649767],[-0.0670350844175199,-0.812669008822416],[0.0662275825785967,-1.29876212561752],[-0.0215676506400476,-1.25912868274829],[-0.00679500852910769,-1.26508676907077],[0.544872415947808,-1.28299735826105],[-0.00559862385955068,-1.28252134433753],[0.0161275641266635,-1.30593239274124],[-0.00424031076797143,-1.29626732897068],[0.673416170468887,-1.26722691134138],[0.00417932686424294,-1.29971670524829],[-0.000100174270713294,-1.29796701239914],[1.84445558591984e-05,-1.29800925790535],[3.61890451938685e-06,-1.29794673525158],[-0.000107153010836636,-1.29794133282922],[-0.000225606894636077,-1.29822053392788],[-0.000228302759778198,-1.29841534557086],[-0.000289716271673401,-1.29845052748633],[-0.000470055618431553,-1.2981957836034],[-0.000629303157270167,-1.29750043203635],[-0.000916687715235454,-1.2977519857969],[-0.000837235625390231,-1.27984581291191],[-0.00205369398534538,-1.27947409330958],[-0.000601263438802735,-1.28133205031927],[-0.000949484740134066,-1.2803287624313],[-0.000841563367682485,-1.28055900126301],[-0.00215416714239675,-1.28032128332645],[-0.00117425149583061,-1.27983306350309],[-0.000340670464906379,-1.29771108421542],[-0.00169883785253866,-1.27990458496376],[-0.00196359177234179,-1.27986426348626],[-0.00146864171275041,-1.27988970942943],[-0.000868183766648323,-1.29752039274868],[-0.00186769470313086,-1.28007949909172],[-0.00169765168469888,-1.28041741037459],[-0.000509275382668539,-1.29762713763944],[-0.00106050221098375,-1.29740440569564],[-0.00115724405661599,-1.29736511834069],[-0.00346022835882714,-1.29599007194504]],"d":[[0.159474311679912,0.0406469674237325],[0.739935456555999,0.77379488637412]],"df":{},"lambda":[[0,0],[0,0],[0,0],[0,0],[1.78226794164254,0],[0,0],[2.97027497641523,0],[0,0],[4.22934138128737,0],[0.681008750531974,0],[4.18659831399144,0],[1.90334024995559,0],[1.18398707244866,0],[0.464633894941732,0],[0,0],[1.70734362587851,0],[0.809543126735458,0],[0,0],[0.884888384394131,0],[0.842468611330794,0],[0.85027913860721,0],[0.865900193160042,0],[0.897142302265705,0],[0.959626520477031,0],[1.08459495689968,0],[1.33453182974499,0],[1.43260929884818,0],[1.62876423705456,0],[2.02107411346731,0],[2.80569386629283,0],[4.37493337194386,0],[7.51341238324592,0],[13.79037040585,0],[0,0],[12.5539160452082,0],[0,0],[25.1078320904165,0],[0,0],[0,0],[0,0],[0,0],[0,0],[0,0],[0,0],[0,0],[0,0]],"rho":[0.151135964732256,0.151135964732256,0.151135964732256,0.151135964732256,0.0755679823661278,0.0755679823661278,0.0377839911830639,0.0377839911830639,0.0188919955915319,0.0188919955915319,0.00944599779576597,0.00944599779576597,0.00944599779576597,0.00944599779576597,0.00944599779576597,0.00472299889788299,0.00472299889788299,0.00472299889788299,0.00236149944894149,0.00236149944894149,0.00118074972447075,0.000590374862235373,0.000295187431117687,0.000147593715558843,7.37968577794217e-05,3.68984288897108e-05,1.84492144448554e-05,9.22460722242771e-06,4.61230361121385e-06,2.30615180560693e-06,1.15307590280346e-06,5.76537951401732e-07,2.88268975700866e-07,2.88268975700866e-07,1.44134487850433e-07,1.44134487850433e-07,7.20672439252165e-08,7.20672439252165e-08,7.20672439252165e-08,7.20672439252165e-08,7.20672439252165e-08,7.20672439252165e-08,7.20672439252165e-08,7.20672439252165e-08,7.20672439252165e-08,7.20672439252165e-08]}
