{"prog":["Inf","Inf",1.36266854250866,0.641852648486815,0.641852648486815,0.641852648486815,0.641852648486815,0.641852648486815,0.641852648486815,0.641852648486815,0.641852648486815,0.641852648486815,0.641852648486815,0.619749094826516,0.601404571420156,0.600730879406955,0.599902504338216,0.599893418532543,0.599893418532543,0.599893418532543,0.599893418532543,0.599893418532543,0.599867408960704,0.599867408960704,0.599867408960704,0.599867408960704,0.599867408960704,0.599867408960704,0.599867408960704,0.599867408960704,0.599867408960704,0.599867408960704,0.599867408960704,0.599858830223586,0.599858830223586,0.599858830223586,0.599858830223586,0.599858830223586,0.599858830223586,0.599858830223586,0.599858830223586,0.599858830223586,0.599858830223586,0.599858830223586,0.599858830223586,0.599858830223586,0.599858830223586,0.599858830223586,0.599858830223586,0.599858830223586],"mei":["Inf",0.0332040428780522,0.0321900476105623,0.0465530590335635,0.0748371307793704,0.00644583409225983,0.0128499531753639,0.000913393570518096,0.000601273639600096,0.00418278186275747,4.74909792126345e-05,"Inf","Inf","Inf",2.90926583144267e-05,"Inf",0.000212523154945793,"Inf","Inf",7.00925476063858e-06,"Inf","Inf","Inf","Inf","Inf","Inf","Inf","Inf","Inf","Inf","Inf","Inf","Inf","Inf","Inf","Inf","Inf","Inf","Inf","Inf","Inf","Inf","Inf","Inf","Inf","Inf"],"obj":[0.654736956491772,0.103270585621537,1.36266854250866,0.641852648486815,1.56166953564195,0.178625449669623,0.311560170224231,0.322387411481446,0.410371967121738,0.547936158242551,0.539414392452139,0.5424988395423,0.565413240053958,0.619749094826516,0.601404571420156,0.600730879406955,0.599902504338216,0.599893418532543,0.598990314764178,0.600251898398798,0.598994016315189,0.600276075503733,0.599867408960704,0.599759022581211,0.600111016621091,0.600036589507814,0.599983173458185,0.599972953363705,0.600022994710448,0.599954319309654,0.599883653840408,0.600115545062095,0.599915920769067,0.599858830223586,0.600143948650387,0.600289555240647,0.600101100278642,0.600199825856874,0.600001454861858,0.600099642319739,0.600590370321912,0.600504463117034,0.600364665237653,0.600205710235379,0.600543727115394,0.600012390455729,0.600267433861748,0.60008737069597,0.602986605799959,0.600337002444635],"X":[[0.0245579958578008,0.630178960633971],[0.00438094671451974,0.0988896389070176],[0.450081955080405,0.912586587428252],[0.222931728824724,0.41892091966209],[0.74663535708716,0.815034178554787],[0.178625449669623,0],[0.311560170224231,0],[0,0.322387411481446],[0,0.410371967121738],[0.179367517816125,0.368568640426426],[0.131498403925371,0.407915988526768],[0.5424988395423,0],[0.420694039726511,0.144719200327446],[0.211256050246938,0.408493044579578],[0.195000772518541,0.406403798901614],[0.194513046426674,0.406217832980281],[0.193779796387469,0.406122707950747],[0.193759803752427,0.406133614780116],[0.192832615683249,0.406157699080929],[0.194514734810718,0.40573716358808],[0.193423347805753,0.405570668509436],[0.194535493056353,0.40574058244738],[0.194177010978733,0.405690397981971],[0.194154137320388,0.405604885260822],[0.194347635433853,0.405763381187239],[0.194190293951591,0.405846295556223],[0.193989029027609,0.405994144430576],[0.194272514633652,0.405700438730053],[0.19397816732852,0.406044827381928],[0.193840304963675,0.406114014345979],[0.19370693201121,0.406176721829197],[0.193867968551083,0.406247576511012],[0.19436411912871,0.405551801640357],[0.194512955377037,0.405345874846549],[0.194554351444679,0.405589597205708],[0.196924504584839,0.403365050655809],[0.194818202455125,0.405282897823517],[0.195197363700607,0.405002462156267],[0.195670091036029,0.404331363825829],[0.195237456048672,0.404862186271066],[0.194898244523698,0.405692125798215],[0.194356643953444,0.40614781916359],[0.195486281069491,0.404878384168163],[0.19524166527125,0.404964044964129],[0.194661891087698,0.405881836027696],[0.195232987902129,0.4047794025536],[0.195413852990848,0.4048535808709],[0.19410547653724,0.40598189415873],[0.200115884091602,0.402870721708358],[0.194009115471197,0.406327886973438]],"C":[[0.714145218525774,-1.10227138241374],[1.77114649007059,-1.49020164662272],[-1.12343573206745,-0.464611954157057],[-0.0464827803860922,-1.27480670735269],[-0.656440765769508,-0.278254931334853],[1.22180570166746,-1.46809294873032],[0.902044148173625,-1.40293026032985],[0.460581645478572,-1.39606635691829],[0.227842583364067,-1.33159484860063],[0.10337942008458,-1.3319844508467],[0.0757441514298868,-1.31631271606931],[0.476749738566818,-1.20569500909526],[1.11448389315287,-1.30207287799517],[-0.0233170810299512,-1.28850431376417],[-0.00175906968493905,-1.29681065095551],[-0.000987739333698723,-1.29715174693862],[-1.84629424205829e-05,-1.29751373659878],[-5.92322014969504e-06,-1.29751262539546],[0.00107235389026367,-1.29785150580604],[-0.000484340127605232,-1.29754137202502],[0.000982142930446295,-1.29809984136842],[-0.000512511739902688,-1.29753052169658],[-3.55266317523251e-05,-1.29771058939259],[8.31312512787341e-05,-1.29778884801393],[-0.00031495702230061,-1.29758507508877],[-0.000216909374363472,-1.29757891411829],[-0.000133679181800295,-1.29753701130501],[-0.000159032434758843,-1.29766534407216],[-0.000173511977689278,-1.29750006875625],[-8.13967125339321e-05,-1.29749734352338],[1.27101124583473e-05,-1.29749809513489],[-0.000251265562032754,-1.29737811734881],[-0.000107165570746304,-1.29775032538158],[-5.75040125310733e-05,-1.29785943193538],[-0.000372252045618249,-1.29764568297245],[-0.00047766679027611,-1.29851737540345],[-0.000346276743129592,-1.29779164072393],[-0.000474935607955751,-1.29787099485169],[-0.000240759490261366,-1.2982293637007],[-0.00036127770566774,-1.29796894588346],[-0.000888517987660931,-1.29742857334691],[-0.000729557519306534,-1.29726944393981],[-0.000670020840803531,-1.297858607947],[-0.000482885196949889,-1.2978848144284],[-0.000812426536331456,-1.29736668334095],[-0.000260635538403775,-1.29803771570316],[-0.000557008930378688,-1.29790700411528],[-0.000258955145770956,-1.29750176559354],[-0.00342806400617451,-1.29764881452442],[-0.000501077387382143,-1.29725811138178]],"d":[[0.25467684172888,0.0484100871955205],[0.784787943603315,0.64823651193556]],"df":{},"lambda":[[0,0],[0,0],[0,0],[0,0],[1.15930816527652,0],[0.925308971538094,0],[0.691309777799667,0],[1.07261378366542,0],[0.604615396188562,0],[1.36722340792006,0],[0.897700877983392,0],[0.862279512515452,0],[0.842389978732022,0],[0.842018201174434,0],[0.841646423616847,0],[0.841274646059259,0],[0.831521769969368,0],[0.851298612228064,0],[0.831792860048282,0],[0.871346544565672,0],[0.878042407631389,0],[0.891434133762822,0],[0.918217586025688,0],[0.895325452659178,0],[0.94889235718491,0],[0.90310809045189,0],[0.85732382371887,0],[0.964457632770334,0],[0.872889099304294,0],[0.596673942750704,0],[0.810941560853632,0],[0.514512778491591,0],[0.943048014697448,0],[0.350190449973366,0],[1.20726092238508,0],[0.0215457929369147,0],[1.73568673776034,0],[0,0],[0,0],[0,0],[0,0],[0,0],[0,0],[0,0],[0,0],[0,0]],"rho":[0.397290090136399,0.397290090136399,0.397290090136399,0.397290090136399,0.198645045068199,0.198645045068199,0.198645045068199,0.0993225225340996,0.0993225225340996,0.0496612612670498,0.0496612612670498,0.0496612612670498,0.0496612612670498,0.0496612612670498,0.0496612612670498,0.0496612612670498,0.0496612612670498,0.0248306306335249,0.0248306306335249,0.0124153153167625,0.00620765765838123,0.00310382882919061,0.00155191441459531,0.00155191441459531,0.000775957207297653,0.000775957207297653,0.000775957207297653,0.000387978603648827,0.000387978603648827,0.000387978603648827,0.000193989301824413,0.000193989301824413,9.69946509122067e-05,9.69946509122067e-05,4.84973254561033e-05,4.84973254561033e-05,2.42486627280517e-05,2.42486627280517e-05,2.42486627280517e-05,2.42486627280517e-05,2.42486627280517e-05,2.42486627280517e-05,2.42486627280517e-05,2.42486627280517e-05,2.42486627280517e-05,2.42486627280517e-05]}
