{"prog":["Inf","Inf",1.23137459736582,1.23137459736582,1.23137459736582,1.23137459736582,1.23137459736582,1.23137459736582,1.23137459736582,1.23137459736582,1.23137459736582,1.23137459736582,0.602356987267019,0.602356987267019,0.602356987267019,0.602356987267019,0.600180049161902,0.600180049161902,0.600134340588098,0.600134340588098,0.600134340588098,0.600134340588098,0.600134340588098,0.600134340588098,0.600134340588098,0.600134340588098,0.600134340588098,0.600134340588098,0.600134340588098,0.600134340588098,0.600134340588098,0.600134340588098,0.600134340588098,0.600134340588098,0.600134340588098,0.600134340588098,0.600134340588098,0.600134340588098,0.600134340588098,0.600134340588098,0.600134340588098,0.600134340588098,0.600134340588098,0.600134340588098,0.600134340588098,0.600134340588098,0.600134340588098,0.600134340588098,0.600134340588098,0.600134340588098],"mei":["Inf",0.0160844608107931,0.00281268093190816,0.0784206156165118,0.00502787270445567,0.0247983178192473,0.0166430621441383,0.00169748229002471,"Inf",2.32669408822409e-05,"Inf",1.10117016791922e-05,"Inf","Inf","Inf","Inf","Inf","Inf","Inf","Inf","Inf","Inf","Inf","Inf","Inf","Inf","Inf","Inf","Inf","Inf","Inf","Inf","Inf","Inf","Inf","Inf","Inf","Inf","Inf","Inf","Inf","Inf","Inf","Inf","Inf","Inf"],"obj":[0.749429263782089,0.446958527566623,1.23137459736582,1.9020192415691,0.648287416661225,0.419105700120057,0.491096853132392,0.50619190787347,0.551483883259531,0.0647318694289002,0.600987824521441,0.603028433533238,0.602356987267019,0.405213128823213,0.600185032856809,0.538828159869304,0.600180049161902,0.599789158981515,0.600134340588098,0.600216963493021,0.600515474668174,0.600285620040566,0.600786225332481,0.600660308060285,0.600838782438268,0.601134176731525,0.600883138544482,0.600283216872528,0.600707832452348,0.601128642256166,0.600507563023016,0.601727809010397,0.600534848843964,0.60058583306869,0.600655480931843,0.600485805704513,0.601243713928793,0.600670647596568,0.600899636374118,0.600630007409,0.600862191953211,0.60112434400933,0.60093459141968,0.600525046087662,0.600762069327071,0.600835688127207,0.601019629047282,0.600659697061874,0.600558640551944,0.60094625371202],"X":[[0.56923831394623,0.180190949835859],[0.0833445961222389,0.363613931444384],[0.974942004120662,0.25643259324516],[0.954065685824972,0.947953555744131],[0.0238946895403542,0.624392727120871],[0.0885202600653036,0.330585440054754],[0.0744323777506788,0.416664475381713],[0.102755775458001,0.403436132415469],[0.140228444234201,0.41125543902533],[0.059480183061494,0.00525168636740626],[0.185158967396696,0.415828857124745],[0.18909342399782,0.413935009535418],[0.19045232123512,0.411904666031899],[0.405213128823213,0],[0.191625731316858,0.408559301539951],[0.538828159869304,0],[0.193586661700633,0.406593387461269],[0.194633001326362,0.405156157655153],[0.194648299721274,0.405486040866824],[0.193503922681239,0.406713040811781],[0.194923944800158,0.405591529868017],[0.192591888212794,0.407693731827772],[0.193236464413413,0.407549760919068],[0.193427884354416,0.40723242370587],[0.193490721552238,0.40734806088603],[0.193462920430495,0.40767125630103],[0.192919405622989,0.407963732921494],[0.192935934103809,0.407347282768719],[0.192937897470972,0.407769934981376],[0.193647118887225,0.407481523368942],[0.192729029092388,0.407778533930628],[0.19075906184119,0.410968747169207],[0.192865403746817,0.407669445097147],[0.192770006330361,0.407815826738329],[0.192778834463376,0.407876646468467],[0.192685208370389,0.407800597334124],[0.193598463944224,0.407645249984568],[0.193190793048718,0.407479854547849],[0.193159731302105,0.407739905072013],[0.193113954108305,0.407516053300695],[0.192873621089465,0.407988570863746],[0.193546361087716,0.407577982921615],[0.1929475324636,0.40798705895608],[0.192241378448801,0.408283667638861],[0.193176282548405,0.407585786778667],[0.193131995410884,0.407703692716323],[0.193213657495816,0.407805971551465],[0.192982912140405,0.407676784921469],[0.192688736210301,0.407869904341642],[0.193261446376281,0.407684807335739]],"C":[[0.683585346421174,-1.1434989635329],[0.198118947700401,-1.36083858715678],[-0.178722963370114,-0.483730413722749],[-1.39494422573784,0.308857276716615],[0.72728839207931,-1.10956276613033],[0.339731188739205,-1.38287743038178],[0.150781091221766,-1.32085053609726],[0.111392721131961,-1.32668053767167],[0.0645720934334233,-1.31120494729974],[1.4518921616947,-1.49643452761327],[0.00517044879046369,-1.29280251837492],[0.000439029800612389,-1.29290148488169],[-0.000419284772172568,-1.2940624594373],[0.665704391859252,-1.3358023202293],[0.000347977289027246,-1.29635887622247],[0.477143680792139,-1.20966421413186],[-0.000263267324704941,-1.29720602168438],[1.20534314050902e-05,-1.29796648270881],[-0.000370313284158263,-1.29769311007777],[-0.000282010082314932,-1.29714073434061],[-0.000809792865116954,-1.29750016664287],[-9.80073216584887e-05,-1.29669418562298],[-0.000749999264688272,-1.29656286119581],[-0.000688218520760453,-1.29674740663682],[-0.000871936522125361,-1.29662889796559],[-0.00113448067273758,-1.29637624520444],[-0.000733990296085063,-1.29634769555483],[-0.000201200965591564,-1.29684391655243],[-0.000585857746188523,-1.29649864784477],[-0.00118434708805165,-1.2964596014596],[-0.000339747653259281,-1.29657218861049],[-0.000276161257584895,-1.29471566917564],[-0.000408282438876195,-1.29660855957176],[-0.000422480489474908,-1.29652597612113],[-0.000486717361859679,-1.29647296224858],[-0.000305978754066683,-1.29657108328919],[-0.00127517849703462,-1.29634498492346],[-0.000630970346739812,-1.29663748561887],[-0.000828435354540413,-1.29643748801516],[-0.00057101864124981,-1.29663766703088],[-0.000699882816166897,-1.2963450923324],[-0.00115087485923043,-1.29641999394725],[-0.000788579249492605,-1.29631780944058],[-0.000180106314720097,-1.29634769915147],[-0.000709822397969351,-1.29655675027679],[-0.000762372198006456,-1.29647773129408],[-0.000952811418632848,-1.29636277212405],[-0.000557404710012532,-1.2965572346579],[-0.000371205127726204,-1.29651319207002],[-0.000902432081420101,-1.29644311121217]],"d":[[0.183056852289046,0.0407292182251063],[0.595293830935739,0.612823454112453]],"df":{},"lambda":[[0,0],[0,0],[0,0],[9.46052075012967,0],[0,0],[8.10294745655786,0],[0,0],[1.29764648002769,0],[1.51801631579231,0],[1.09709857283549,0],[0.676180829878674,0],[1.02551337143183,0],[1.72417845453815,0],[0.667007810969203,0],[0.715409312560844,0],[0.812212315744127,0],[1.00581832211069,0],[1.39303033484382,0],[2.16745436031008,0],[3.7163024112426,0],[6.81399851310764,0],[13.0093907168377,0],[25.4001751242979,0],[-2.48689957516035e-14,0],[24.7815688149203,0],[-2.48689957516035e-14,0],[49.5631376298406,0],[-2.1316282072803e-14,0],[-2.1316282072803e-14,0],[-2.1316282072803e-14,0],[-2.1316282072803e-14,0],[-2.1316282072803e-14,0],[-2.1316282072803e-14,0],[-2.1316282072803e-14,0],[-2.1316282072803e-14,0],[-2.1316282072803e-14,0],[-2.1316282072803e-14,0],[-2.1316282072803e-14,0],[-2.1316282072803e-14,0],[-2.1316282072803e-14,0],[-2.1316282072803e-14,0],[-2.1316282072803e-14,0],[-2.1316282072803e-14,0],[-2.1316282072803e-14,0],[-2.1316282072803e-14,0],[-2.1316282072803e-14,0]],