{"prog":[1.31225764883502,1.31225764883502,1.31225764883502,1.31225764883502,1.14713112794029,1.14713112794029,1.14713112794029,1.14713112794029,1.14713112794029,0.603875373116148,0.603875373116148,0.603875373116148,0.603875373116148,0.603875373116148,0.603875373116148,0.600249708943668,0.599950600133553,0.599840455287218,0.599821150549402,0.599821150549402,0.599821150549402,0.599821150549402,0.599821150549402,0.599821150549402,0.599821150549402,0.599821150549402,0.599821150549402,0.599821150549402,0.599821150549402,0.599821150549402,0.599821150549402,0.599821150549402,0.599821150549402,0.599821150549402,0.599821150549402,0.599821150549402,0.599821150549402,0.599821150549402,0.599821150549402,0.599821150549402,0.599821150549402,0.599821150549402,0.599821150549402,0.599821150549402,0.599821150549402,0.599821150549402,0.599821150549402,0.599821150549402,0.599821150549402,0.599821150549402],"mei":["Inf",0.0530848309648021,0.0277752063495635,0.0417446523375313,0.0664599155619771,0.159961079617376,0.0243693772428993,0.00199733639002813,0.000170531926969166,3.62284931226191e-05,"Inf","Inf","Inf","Inf","Inf","Inf","Inf","Inf","Inf","Inf","Inf","Inf","Inf","Inf","Inf","Inf","Inf","Inf","Inf","Inf","Inf","Inf","Inf","Inf","Inf","Inf","Inf","Inf","Inf","Inf","Inf","Inf","Inf","Inf","Inf","Inf"],"obj":[1.31225764883502,0.556280713927997,0.785567296614304,0.847099303916818,1.14713112794029,0,0.245327763999838,0.537430917365638,0.590860656642379,0.603875373116148,0.381760773880517,0.46919055957782,0.565051199992063,0.467207837835022,0.61963878614663,0.600249708943668,0.599950600133553,0.599840455287218,0.599821150549402,0.599932676287533,0.599915456593765,0.599898505523026,0.599883684712359,0.599868516499264,0.599853685432058,0.599839159826051,0.599824288766651,0.599800634739426,0.599796232645063,0.59976660181039,0.599752745439107,0.599738332809421,0.599719082765377,0.599803454498963,0.599859522801166,0.599846104018395,0.599832544301248,0.59979341542225,0.599862098793749,0.59984703448799,0.599834335018134,0.599821483718958,0.599807478843667,0.599794098462518,0.599854177786637,0.599846400205609,0.599824622069995,0.599814466920713,0.599801266860093,0.599774838561286],"X":[[0.554591382321574,0.757666266513445],[0.267955994342443,0.288324719585554],[0.156976005709026,0.628591290905278],[0.76519813478114,0.0819011691356779],[0.170278857389996,0.976852270550293],[0,0],[0,0.245327763999838],[0.333318122086128,0.20411279527951],[0.226379308097038,0.364481348545341],[0.207161178039252,0.396714195076896],[0,0.381760773880517],[0.46919055957782,0],[0.159893367556658,0.405157832435405],[0,0.467207837835022],[0.212138323292751,0.407500462853879],[0.194823131978039,0.405426576965628],[0.194612227029001,0.405338373104552],[0.194525277932376,0.405315177354842],[0.194513011454639,0.405308139094763],[0.19458525283127,0.405347423456263],[0.194567090859742,0.405348365734023],[0.194549582147661,0.405348923375365],[0.194534963037392,0.405348721674966],[0.194520065366983,0.405348451132282],[0.19450558467018,0.405348100761878],[0.194491640321001,0.40534751950505],[0.194477250967214,0.405347037799437],[0.194463228562809,0.405337406176617],[0.194450833275158,0.405345399369905],[0.194444438387352,0.405322163423038],[0.194431873656151,0.405320871782956],[0.194418826234542,0.40531950657488],[0.194421589947587,0.40529749281779],[0.194471694951545,0.405331759547418],[0.194460164328062,0.405399358473104],[0.194447300914177,0.405398803104218],[0.194434875265958,0.40539766903529],[0.194472739817861,0.405320675604389],[0.194373760995303,0.405488337798446],[0.194374161781874,0.405472872706116],[0.194362531956478,0.405471803061656],[0.19436108428277,0.405460399436188],[0.194338582389493,0.405468896454174],[0.194326571810425,0.405467526652093],[0.194206969518726,0.405647208267912],[0.194458952341197,0.405387447864413],[0.19419678943596,0.405627832634034],[0.19417119687556,0.405643270045153],[0.194160391182796,0.405640875677297],[0.194361414909584,0.405413423651702]],"C":[[-0.0874295468031255,-0.618370227242224],[0.640163264155548,-1.34506844117186],[0.582836047782573,-1.08023152262968],[0.334888013779558,-0.907764013021673],[-0.851791006846559,-0.516764752246695],[1.5,-1.5],[1.03868413308482,-1.43981428821084],[1.2366982242656,-1.34723699629216],[0.0953473171058504,-1.31590575542808],[-0.000586974501272208,-1.29970209373788],[0.238281849132254,-1.35425871152615],[0.539583718690202,-1.27986021880305],[0.041661706855095,-1.31028124182764],[0.365326990669193,-1.28171683626552],[-0.0231972857310325,-1.28894070456441],[-0.000510795611900927,-1.2976732379362],[-0.000165858322158818,-1.29782688437977],[-3.81486032946521e-05,-1.29787952325114],[-1.59761608200526e-05,-1.29789000075839],[-0.000144148147629974,-1.29783004567796],[-0.000123849187866953,-1.29783634955113],[-0.000103892957809271,-1.2978427104046],[-8.64949270008575e-05,-1.29784856199251],[-6.86934793378002e-05,-1.29785457733429],[-5.12937726797058e-05,-1.29786049474085],[-3.42699361798315e-05,-1.29786639027635],[-1.68325577052375e-05,-1.29787237780346],[1.02416251229198e-05,-1.29788563989094],[1.60109991108048e-05,-1.29788398064825],[4.91002535921159e-05,-1.2979053042183],[6.52827860717631e-05,-1.29791123740366],[8.21133270522134e-05,-1.29791741759548],[0.000103132412542839,-1.29793418767787],[6.51168232501664e-06,-1.29788692456487],[-5.41942820780905e-05,-1.2978366046391],[-3.84603978139109e-05,-1.29784205760886],[-2.26071539426997e-05,-1.29784780922106],[1.74952217226187e-05,-1.29789550339534],[-4.96663014524223e-05,-1.29779804894599],[-3.33102007143427e-05,-1.29781043473104],[-1.84558677804869e-05,-1.2978158230934],[-4.33251842657523e-06,-1.29782563340547],[1.29000994818496e-05,-1.29782748940308],[2.85292274301852e-05,-1.29783326831904],[-2.46501685866041e-05,-1.2977339954148],[-3.97124528322412e-05,-1.29784673296834],[8.15708650220293e-06,-1.29775366836538],[2.1789366797198e-05,-1.29775108377099],[3.71089594475849e-05,-1.2977572224755],[4.65451873687406e-05,-1.29786359631735]],"d":[[0.300536070845522,0.0441064349873268],[0.733029948098888,0.687929221688966]],"df":{},"lambda":[[0,0],[0,0],[0,0],[0,0],[0,0],[1.95052863475069,0],[1.92651305450466,0],[1.90249747425862,0],[1.87848189401258,0],[1.85446631376655,0],[1.83045073352051,0],[0.881352815712474,0],[0.860454032238332,0],[0.853668075034663,0],[0.852107256222753,0],[0.851453604707456,0],[0.850799953192158,0],[0.850146301676861,0],[0.849492650161563,0],[0.848838998646266,0],[0.848185347130968,0],[0.847531695615671,0],[0.846878044100373,0],[0.846224392585076,0],[0.845570741069778,0],[0.844917089554481,0],[0.844263438039183,0],[0.843609786523886,0],[0.842956135008588,0],[0.847175713072067,0],[0.855614869199026,0],[0.853000263137836,0],[0.850385657076646,0],[0.847771051015456,0],[0.864649363269374,0],[0.859420151146994,0],[0.854190939024614,0],[0.848961726902234,0],[0.843732514779854,0],[0.838503302657474,0],[0.872259927165309,0],[0.861801502920549,0],[0.85134307867579,0],[0.84088465443103,0],[0.83042623018627,0],[0.81996780594151,0]],"rho":[0.0488828081819149,0.0488828081819149,0.0488828081819149,0.0488828081819149,0.0488828081819149,0.0244414040909574,0.0244414040909574,0.0244414040909574,0.0244414040909574,0.0244414040909574,0.0244414040909574,0.0244414040909574,0.0244414040909574,0.0244414040909574,0.0244414040909574,0.0244414040909574,0.0244414040909574,0.0244414040909574,0.0244414040909574,0.0244414040909574,0.0244414040909574,0.0244414040909574,0.0244414040909574,0.0244414040909574,0.0244414040909574,0.0244414040909574,0.0244414040909574,0.0244414040909574,0.0244414040909574,0.0122207020454787,0.00611035102273936,0.00611035102273936,0.00611035102273936,0.00611035102273936,0.00305517551136968,0.00305517551136968,0.00305517551136968,0.00305517551136968,0.00305517551136968,0.00305517551136968,0.00152758775568484,0.00152758775568484,0.00152758775568484,0.00152758775568484,0.00152758775568484,0.00152758775568484]}
