{"prog":["Inf","Inf","Inf","Inf",1.54326588687097,1.54326588687097,1.54326588687097,1.54326588687097,1.54326588687097,1.54326588687097,1.54326588687097,1.54326588687097,1.06624373332406,1.06624373332406,1.06624373332406,1.06624373332406,0.610610978890109,0.610610978890109,0.610610978890109,0.610610978890109,0.610610978890109,0.600194718994593,0.599959412305532,0.599959412305532,0.599959412305532,0.599959412305532,0.599959412305532,0.599959412305532,0.599831923743955,0.599831923743955,0.599831923743955,0.599831923743955,0.599831923743955,0.599831923743955,0.599831923743955,0.599831923743955,0.599831923743955,0.599831923743955,0.599831923743955,0.599831923743955,0.599831923743955,0.599831923743955,0.599831923743955,0.599831923743955,0.599831923743955,0.599831923743955,0.599831923743955,0.599831923743955,0.599831923743955,0.599831923743955],"mei":["Inf",0.0216246960977993,0.0235620067566771,0.0314656142174932,0.0149127984549635,0.0630753498474733,0.0386605466025743,0.117157646887814,0.0349349940586214,0.0422444372408223,0.000619190755428061,0.00143044352075536,0.0161130157094572,4.71854170604732e-05,4.9933686927154e-05,0.00438814757708681,"Inf","Inf","Inf","Inf","Inf","Inf","Inf","Inf","Inf","Inf","Inf","Inf","Inf","Inf","Inf","Inf","Inf","Inf","Inf","Inf","Inf","Inf","Inf","Inf","Inf","Inf","Inf","Inf","Inf","Inf"],"obj":[1.10936110225724,0.484919547942681,0.57637458266606,0.754439898197176,1.54326588687097,0.631334955527663,1.13836891522769,0.514531970951697,0.463806735515013,0.433052851699743,0.524618093642017,0.586677450211906,1.06624373332406,0.601758734087953,0.412334402626857,0.034078267842217,0.610610978890109,0.283584921123736,0.527520339699547,0.597190514415564,0.599570765922865,0.600194718994593,0.599959412305532,0.599841860489421,0.600185467857638,0.600078132222576,0.602840062497896,0.600204244479339,0.599831923743955,0.603793915633708,0.600018332240926,0.599880940931038,0.600163285257668,0.605287760423949,0.600074672179069,0.600094673372251,0.600296046158542,0.608149021214216,0.600119307112377,0.600230875963833,0.60017068040024,0.599978054057369,0.600048385645333,0.601802893880423,0.600069472054774,0.600180160035398,0.602546040900729,0.599982493646199,0.603601453174325,0.600135643203097],"X":[[0.788305859805156,0.321055242452085],[0.238894903263751,0.24602464467893],[0.55755197302847,0.0188226096375898],[0.116198951675603,0.638240946521573],[0.598065039454509,0.945200847416464],[0.631334955527663,0],[0.790266336337629,0.348102578890059],[0.45383371581511,0.0606982551365873],[0.122981732800592,0.340825002714422],[0.0763379983804863,0.356714853319257],[0.124743241097468,0.399874852544549],[0.152954541442734,0.433722908769172],[0.784717091953974,0.281526641370089],[0.181396822437439,0.420361911650514],[0,0.412334402626857],[0,0.034078267842217],[0.193790470659886,0.416820508230224],[0.283584921123736,0],[0,0.527520339699547],[0.189413162708973,0.407777351706591],[0.192785430495091,0.406785335427774],[0.193016226768609,0.407178492225985],[0.194510546594587,0.405448865710945],[0.193377732028458,0.406464128460963],[0.194126579218576,0.406058888639062],[0.194832802807737,0.405245329414839],[0.189850325429209,0.412989737068687],[0.194212125585277,0.405992118894062],[0.194811420732455,0.4050205030115],[0.189331038184538,0.414462877449171],[0.195574518981121,0.404443813259806],[0.193667886002012,0.406213054929026],[0.195477173023571,0.404686112234097],[0.188961863745383,0.416325896678566],[0.19277511828463,0.40729955389444],[0.193104437986951,0.4069902353853],[0.195342248863779,0.404953797294763],[0.188789175933233,0.419359845280983],[0.19330852391348,0.406810783198897],[0.194128200986791,0.406102674977042],[0.194494295758934,0.405676384641306],[0.194428200860672,0.405549853196697],[0.193849771011002,0.406198614634331],[0.190325332694218,0.411477561186205],[0.194236301665717,0.405833170389057],[0.193130656936872,0.407049503098526],[0.189833389054054,0.412712651846675],[0.194101470955798,0.4058810226904],[0.1893586019889,0.414242851185426],[0.194039478892444,0.406096164310653]],"C":[[0.134382701746806,-0.775497402690887],[0.967691697968923,-1.38240109940521],[0.410114289867185,-1.18878150673849],[0.60565731948286,-1.07914629781274],[-1.09053677806199,-0.248913566625474],[0.571184750078364,-1.10141617392888],[0.23119385948065,-0.754303712221592],[0.671416734675913,-1.29035068021282],[0.262577476108739,-1.36871381092208],[0.227868949504249,-1.36692702342468],[0.0869991035038573,-1.32453922610297],[0.064390456083342,-1.28848934666085],[-0.0104054881147472,-0.804961835794176],[0.0105125372962236,-1.29039105604313],[0.229356530020298,-1.32998034041035],[1.63947871857538,-1.49883867166087],[-0.00661506387495397,-1.28870591740012],[0.974381702291551,-1.41957959251124],[0.614448517965718,-1.22172229120328],[0.00369958586222136,-1.29784028522774],[0.000509168162771079,-1.29735946866974],[-0.000141454905990546,-1.29695041167258],[-0.000167624098326047,-1.29777686455718],[0.000114709640129829,-1.29739196503],[-0.000364215210840901,-1.2974310501981],[-0.000321630728683686,-1.29781640193754],[-0.000171087126078828,-1.29339633101036],[-0.000396060737502535,-1.29745204967156],[-4.43113383950533e-05,-1.29800690249251],[-5.19007595995991e-05,-1.29237428119652],[-0.000264206146514456,-1.29817580944117],[2.20213933946889e-05,-1.29748370393674],[-0.00043645659091146,-1.29801782539156],[-1.9752336626766e-05,-1.29096616180466],[3.70465672585585e-05,-1.29694482716774],[-7.00958424053044e-05,-1.29706962433076],[-0.000588593344521327,-1.29785382786539],[4.01018871376002e-05,-1.28849596721636],[-0.00014297485096032,-1.29713680125549],[-0.000411569453742267,-1.29739485895812],[-0.00039503176180139,-1.2975986398616],[-0.000180560793173357,-1.29772699128222],[-0.000179562467981065,-1.29742495174813],[-2.34345995315799e-05,-1.29446248437509],[-0.000257455659592842,-1.29757169692719],[-0.000157886753908099,-1.29701125137838],[-2.43838677375652e-05,-1.29363155140594],[-0.000148414386755502,-1.29758521439259],[-1.58980728372504e-05,-1.29254618009458],[-0.000299496392743015,-1.29743458596332]],"d":[[0.0948795582051729,0.0407507786355026],[0.772747506144279,0.773972799233958]],"df":{},"lambda":[[0,0],[0,0],[0,0],[0,0],[0,0],[0,0],[0,0],[14.8695831202293,0],[2.8421709430404e-14,0],[-4.16072276651248e-17,0],[3.59353236608415,0],[10.7805970982524,0],[25.154726562589,0],[7.06474849657036,0],[0,0],[0,0],[0,0],[1.39240392391645,0],[0.618740601816624,0],[0,0],[0.627384682335795,0],[0,0],[1.25476936467159,0],[0,0],[0,0],[0,0],[0,0],[0,0],[0,0],[0,0],[0,0],[0,0],[0,0],[0,0],[0,0],[0,0],[0,0],[0,0],[0,0],[0,0],[0,0],[0,0],[0,0],[0,0],[0,0],[0,0]],"rho":[0.00585080985797776,0.00585080985797776,0.00585080985797776,0.00585080985797776,0.00585080985797776,0.00585080985797776,0.00585080985797776,0.00292540492898888,0.00292540492898888,0.00292540492898888,0.00146270246449444,0.00073135123224722,0.00036567561612361,0.00036567561612361,0.00036567561612361,0.00036567561612361,0.00036567561612361,0.000182837808061805,0.000182837808061805,0.000182837808061805,9.14189040309025e-05,9.14189040309025e-05,4.57094520154513e-05,4.57094520154513e-05,4.57094520154513e-05,4.57094520154513e-05,4.57094520154513e-05,4.57094520154513e-05,4.57094520154513e-05,4.57094520154513e-05,4.57094520154513e-05,4.57094520154513e-05,4.57094520154513e-05,4.57094520154513e-05,4.57094520154513e-05,4.57094520154513e-05,4.57094520154513e-05,4.57094520154513e-05,4.57094520154513e-05,4.57094520154513e-05,4.57094520154513e-05,4.57094520154513e-05,4.57094520154513e-05,4.57094520154513e-05,4.57094520154513e-05,4.57094520154513e-05]}
