{"prog":[1.47979893409642,1.47979893409642,1.47979893409642,1.47979893409642,1.20741108906628,1.20741108906628,1.20741108906628,1.20741108906628,0.819651238764033,0.819651238764033,0.819651238764033,0.819651238764033,0.819651238764033,0.819651238764033,0.819651238764033,0.616617998632083,0.616617998632083,0.616617998632083,0.604107846132116,0.604107846132116,0.604107846132116,0.60009786472345,0.60009786472345,0.60009786472345,0.600013913789485,0.600013913789485,0.600013913789485,0.600013913789485,0.600013913789485,0.600013913789485,0.600013913789485,0.600013913789485,0.600013913789485,0.600013913789485,0.600013913789485,0.600013913789485,0.600013913789485,0.600013913789485,0.600013913789485,0.600013913789485,0.600013913789485,0.59986044867903,0.59986044867903,0.59986044867903,0.59986044867903,0.59986044867903,0.59986044867903,0.59986044867903,0.59986044867903,0.59986044867903],"mei":["Inf",0.0160560535450059,0.138770048676501,0.000765575356043487,0.000581806187595724,0.000181654561018341,0.00616786458240432,0.00721229124316942,0.00888041583690021,0.00339314340757974,0.0121821893402194,0.000703391198721588,6.69416900630371e-05,0.000100968212964999,"Inf",1.92013581346114e-05,"Inf","Inf",9.86377559278185e-07,1.48687249923806e-07,"Inf","Inf","Inf","Inf","Inf","Inf","Inf","Inf","Inf","Inf","Inf","Inf","Inf","Inf","Inf","Inf","Inf","Inf","Inf","Inf","Inf","Inf","Inf","Inf","Inf","Inf"],"obj":[1.47979893409642,1.68217672148304,0.228913701430176,0.792965715027639,1.20741108906628,0.747183042700487,0.817421625030484,0.00833144638906357,0.819651238764033,0.268764119569439,0.366845923509845,0.413828499115091,0.464883348852565,0.56204848676766,0.610937181799384,0.616617998632083,0.594506835468886,0.430375166488202,0.604107846132116,0.555308984771017,0.599347402816375,0.60009786472345,0.577128302790612,0.598660935270591,0.600013913789485,0.599898964414772,0.600072088316806,0.600736614096116,0.600313311928797,0.600500021829964,0.600175589158745,0.600591053566524,0.600643703448124,0.607380818206737,0.600475670569067,0.600272753185407,0.600377688302033,0.60002438485275,0.600481625670267,0.60155538905495,0.606996677081495,0.59986044867903,0.600512086704052,0.600714005549054,0.605060172516514,0.601161428220702,0.605229001368825,0.601910718677798,0.600223076531118,0.600349071003889],"X":[[0.984984517685367,0.494814416411057],[0.705912913271671,0.976263808211373],[0.223181320122253,0.00573238130792332],[0.42932660081641,0.363639114211229],[0.450006486598869,0.757404602467409],[0.431025253612319,0.316157789088168],[0.427846740764924,0.38957488426556],[0.00833144638906357,0],[0.427519738936559,0.392131499827473],[0,0.268764119569439],[0,0.366845923509845],[0,0.413828499115091],[0.0615820506460174,0.403301298206547],[0.144337899852523,0.417710586915137],[0.185883899792346,0.425053282007038],[0.19065311202646,0.425964886605623],[0.184689034382065,0.409817801086821],[0.430375166488202,0],[0.195905069615692,0.408202776516424],[0,0.555308984771017],[0.192626440529297,0.406720962287078],[0.193601977401071,0.406495887322378],[0.545998187852192,0.03113011493842],[0.195722528699241,0.402938406571349],[0.194543650222453,0.405470263567032],[0.193388044788764,0.406510919626008],[0.193214252146049,0.406857836170757],[0.192159602901038,0.408577011195077],[0.194359858107617,0.40595345382118],[0.194758940436327,0.405741081393637],[0.193359259656299,0.406816329502446],[0.194379089947557,0.406211963618967],[0.194448335487911,0.406195367960213],[0.189936520202502,0.417444298004235],[0.193708444435273,0.406767226133794],[0.194186825604343,0.406085927581064],[0.194917429534676,0.405460258767356],[0.194344561651394,0.405679823201355],[0.194036646207419,0.406444979462848],[0.190323087732748,0.411232301322202],[0.191122572894864,0.415874104186631],[0.194163534244174,0.405696914434856],[0.194722539493659,0.405789547210394],[0.194887052358261,0.405826953190793],[0.188991141584298,0.416069030932216],[0.1964326948115,0.404728733409202],[0.18964605080452,0.415582950564305],[0.190375590390811,0.411535128286987],[0.19681178474461,0.403411291786508],[0.194165465464872,0.406183605539017]],"C":[[-0.413710208991955,-0.28496419323191],[-1.01657717516433,-0.0485959356529291],[1.1460511706853,-1.45015723815303],[0.210074677013194,-1.1834452644471],[-0.00263987867338583,-0.723832430180127],[0.601489568664507,-1.21426148314732],[0.00911827828273254,-1.16517857596631],[1.49145048625034,-1.49993058700107],[-0.00944909510187614,-1.16345975966267],[0.845662816126299,-1.42776584803206],[0.268930736184063,-1.36542406840421],[0.230691196124425,-1.32874597332015],[0.159089285043429,-1.33355571390315],[0.0608507918101974,-1.30468443624517],[0.00582588772071596,-1.28477688325303],[-0.000732035379345797,-1.28220530625368],[0.00807981950470282,-1.29793933049138],[0.610470007965259,-1.31477721607025],[-0.00457807073653033,-1.29499169694315],[0.709587500098171,-1.19163193143258],[0.000761944431689088,-1.29747311324529],[-0.00018472151485377,-1.29727936793639],[0.393715340401222,-1.20091689480604],[0.00144418897630116,-1.29933333226932],[-0.00022994269440002,-1.29774663352101],[5.58551847710254e-05,-1.2973499363576],[-7.52987974095287e-05,-1.29713495391409],[-0.000322107905179281,-1.29613951293581],[-0.000530572845547195,-1.29742603888704],[-0.000776858033264438,-1.29744312998964],[-0.000209200458683945,-1.29711267075533],[-0.000822509716468467,-1.29720861000398],[-0.000887651660775202,-1.29719516787365],[-0.0014927555107111,-1.28966437635712],[-0.000579996403535898,-1.29701746229789],[-0.000463790325517022,-1.29738569618234],[-0.000658659562058406,-1.2976091742239],[-0.000222013746558836,-1.29765407240384],[-0.000652394739508899,-1.29715225859802],[0.000119746656658704,-1.29466511662512],[-0.00282401435300383,-1.29052089159701],[-2.65742154782478e-05,-1.29771053558785],[-0.000785804056861239,-1.29741797598792],[-0.00102014093943498,-1.29732352088699],[-1.19849336839284e-05,-1.29116890990179],[-0.00159686037952711,-1.29760884876208],[-0.000782876994982251,-1.29132518661452],[-0.000119748796398811,-1.29439597276916],[-0.00040885245871547,-1.29852445104478],[-0.000539427932465641,-1.29731465061213]],"d":[[0.20595809787125,0.0359157898374518],[0.605285057193922,0.83146671571032]],"df":{},"lambda":[[0,0],[0,0],[0,0],[0.498942603919748,0],[1.49682781175925,0],[0,0],[0,0],[0,0],[0,0],[0,0],[0,0],[1.27514581125375,0],[0.954696158802286,0],[0.634246506350821,0],[4.17120035476519,0],[0.163084851576187,0],[-1.94289029309402e-16,0],[0.667084775438863,0],[0.343636226883198,0],[0.0201876783275318,0],[1.35435722920526,0],[0.54909498551326,0],[0.744700553795855,0],[1.13591169036104,0],[-2.22044604925031e-16,0],[0.782422273130379,0],[2.34726681939114,0],[-4.44089209850063e-16,0],[3.12968909252152,0],[-4.44089209850063e-16,0],[-4.44089209850063e-16,0],[-4.44089209850063e-16,0],[-4.44089209850063e-16,0],[-4.44089209850063e-16,0],[-4.44089209850063e-16,0],[-4.44089209850063e-16,0],[-4.44089209850063e-16,0],[-4.44089209850063e-16,0],[-6.44002285108326e-17,0],[-6.44002285108326e-17,0],[-6.44002285108326e-17,0],[-6.44002285108326e-17,0],[-6.44002285108326e-17,0],[-6.44002285108326e-17,0],[-6.44002285108326e-17,0],[-6.44002285108326e-17,0]],