{"prog":[1.15386313293918,1.15386313293918,1.15386313293918,1.15386313293918,1.15386313293918,1.15386313293918,1.15386313293918,1.15386313293918,1.15386313293918,1.15386313293918,1.15386313293918,0.875756343719253,0.875756343719253,0.875756343719253,0.875756343719253,0.673231882593792,0.630858626718452,0.630858626718452,0.630858626718452,0.600534719339319,0.600534719339319,0.599973419799199,0.599874197168983,0.599822911062595,0.599799370866159,0.599795462896877,0.599795462896877,0.599795462896877,0.599795462896877,0.599795462896877,0.599789721362043,0.599789721362043,0.599789721362043,0.599789721362043,0.599789721362043,0.599789721362043,0.599789721362043,0.599789721362043,0.599789721362043,0.599789721362043,0.599789721362043,0.599789721362043,0.599789721362043,0.599789721362043,0.599789721362043,0.599789721362043,0.599789721362043,0.599789721362043,0.599789721362043,0.599789721362043],"mei":["Inf",0.0194612826263308,0.00886397755143157,0.0147395733328842,0.024740138881505,0.0628148956149823,0.0370073417350572,0.105826118029816,0.065696858246703,0.000359913016985368,0.000587158550186123,0.0181822439280512,0.000459339810277328,3.11635346338643e-05,0.000130723802482497,"Inf","Inf","Inf","Inf","Inf","Inf","Inf","Inf","Inf","Inf","Inf","Inf","Inf","Inf","Inf","Inf","Inf","Inf","Inf","Inf","Inf","Inf","Inf","Inf","Inf","Inf","Inf","Inf","Inf","Inf","Inf"],"obj":[1.15386313293918,0.791091786797878,0.330573223859671,1.91447748976165,0.799556797472657,0,0.249962916344387,0.70515569739425,0.347249901186388,0.414771509556434,0.516243139308183,0.875756343719253,0.605602158320882,0.645974313155143,0.469236081303538,0.673231882593792,0.630858626718452,0.590984219195558,0.592790026116976,0.600534719339319,0.601248565678638,0.599973419799199,0.599874197168983,0.599822911062595,0.599799370866159,0.599795462896877,0.599798899756091,0.599798845811805,0.599798042255512,0.599795548964845,0.599789721362043,0.599782984675946,0.599846592995455,0.599939716355415,0.600056124115496,0.600011167245923,0.60203347029451,0.635306676530818,0.622521835429663,0.600381737844486,0.600101521127786,0.600593575699995,0.629237793567322,0.600395870533098,0.602593128761892,0.600398990818637,0.608206921887979,0.600289131150035,0.599820801069083,0.600758509715127],"X":[[0.294560404013507,0.859302728925669],[0.0804792095815016,0.710612577216377],[0.125995549374725,0.204577674484946],[0.939163162731371,0.975314327030283],[0.601219872138747,0.19833692533391],[0,0],[0.249962916344387,0],[0.0298086237998587,0.675347073594392],[0,0.347249901186388],[0,0.414771509556434],[0.0935760569204882,0.422667082387695],[0.130924398757896,0.744831944961357],[0.165558049737137,0.440044108583744],[0.197176728410421,0.448797584744722],[0.469236081303538,0],[0.218110353059249,0.455121529534543],[0.200251568678265,0.430607058040187],[0.590984219195558,0],[0.185946935593135,0.406843090523841],[0.196355840812476,0.404178878526844],[0.196673003309498,0.40457556236914],[0.195757850963769,0.404215568835429],[0.195480085914956,0.404394111254027],[0.195430400531046,0.404392510531549],[0.195409122565465,0.404390248300694],[0.195405882119907,0.40438958077697],[0.195415495518428,0.404383404237664],[0.195417450618608,0.404381395193197],[0.195418012159811,0.4043800300957],[0.194946212002745,0.404849336962101],[0.194944699240865,0.404845022121177],[0.195016898457935,0.404766086218011],[0.195176054259439,0.404670538736016],[0.194915887531549,0.405023828823865],[0.1950168161077,0.405039308007796],[0.193811141832791,0.406200025413132],[0.190069215924213,0.411964254370298],[0.197604272343099,0.437702404187719],[0.192154682402043,0.43036715302762],[0.192610769890055,0.407770967954432],[0.194329681262135,0.405771839865652],[0.195634985835518,0.404958589864477],[0.194956211954863,0.434281581612459],[0.194688831419516,0.405707039113582],[0.189704895005451,0.412888233756441],[0.19501307358518,0.405385917233456],[0.189384874357691,0.418822047530288],[0.194651694264603,0.405637436885432],[0.195510972965575,0.404309828103507],[0.19261175334083,0.408146756374297]],"C":[[-0.881581981114693,-0.674832988448297],[0.2534967791487,-0.988552861927036],[1.27555312534845,-1.44227309664009],[-1.18088654587351,0.333265482742125],[0.611817100210777,-1.09919712939456],[1.5,-1.5],[1.05874918156638,-1.43751854045261],[0.524364412519353,-1.04301777613465],[0.335594434228836,-1.37941750612604],[0.231613819355171,-1.32796459486028],[0.133262905843102,-1.31259605903709],[-0.0346939660657923,-0.928084175574966],[0.0548488264978306,-1.27895171466797],[0.0174138078200552,-1.25970206570067],[0.539513182927867,-1.2798175000029],[-0.0082074209952927,-1.24529226724251],[-0.0123788065167185,-1.27447687080787],[0.503149497197682,-1.15073765266182],[0.00870697177197566,-1.29990243683653],[-0.000848471421343477,-1.29808381793161],[-0.00169391103784527,-1.29763834410292],[-0.000202908181757833,-1.2982886376971],[-9.57110301215702e-05,-1.29825293879375],[-3.62517790900019e-05,-1.29827365597427],[-8.91225363663928e-06,-1.2982838018975],[-4.36458500191472e-06,-1.29828560819197],[-8.15358755285045e-06,-1.29828684648845],[-8.02761724760792e-06,-1.29828770721533],[-7.05349332291716e-06,-1.29828859178331],[-6.8681508650914e-06,-1.29809298878713],[-1.57378007792364e-07,-1.29809707230159],[6.46613936700069e-06,-1.2981328247636],[-6.80988425794671e-05,-1.29814806292282],[-0.000170222797085728,-1.29796349487264],[-0.000305753050380608,-1.29791160040378],[-0.0001350682046663,-1.29743878065584],[3.98233728075015e-05,-1.29415914627908],[-0.00119377783994939,-1.26936915692005],[-7.57807103451968e-05,-1.27786069162587],[-0.000189367106879557,-1.29662392901587],[-0.000302751009214619,-1.2975851889526],[-0.000935688764111431,-1.29773549281211],[-0.000829711426752089,-1.27339158329239],[-0.000657537287078125,-1.29749805733419],[6.22591705835562e-05,-1.29353535923646],[-0.0006891606684028,-1.29763215923965],[-0.00080203578921606,-1.28872146186706],[-0.000538724749219732,-1.29756898771694],[-3.08761372071475e-05,-1.29830902234897],[-0.000516934957717319,-1.29631693773611]],"d":[[0.213233117955375,0.0453265772652816],[0.658131221701529,0.713070473435447]],"df":{},"lambda":[[0,0],[0,0],[0,0],[0,0],[0,0],[0,0],[0,0],[4.78573537343848,0],[2.29387704879081,0],[4.44089209850063e-16,0],[1.25072878372945,0],[3.75218635118836,0],[1.39422816419707,0],[0,0],[0,0],[2.50147706391658,0],[2.01395238703392,0],[1.04064508331135,0],[0.924055716527851,0],[0.869060948453942,0],[0.848230975348555,0],[0.843110067955329,0],[0.840602213430994,0],[0.838094358906659,0],[0.835586504382323,0],[0.833078649857988,0],[0.829132267048791,0],[0.82904183894424,0],[0.832757229264145,0],[0.840188009903954,0],[0.855049571183572,0],[0.884772693742809,0],[0.944218938861281,0],[1.06311142909823,0],[0.810542929309607,0],[1.0483279097835,0],[1.03675311240103,0],[1.02517831501856,0],[1.01360351763608,0],[1.00202872025361,0],[0.990453922871142,0],[0.978879125488671,0],[0.967304328106199,0],[0.955729530723728,0],[0.944154733341257,0],[0.932579935958785,0]],"rho":[0.0278458576257121,0.0278458576257121,0.0278458576257121,0.0278458576257121,0.0278458576257121,0.0278458576257121,0.0278458576257121,0.013922928812856,0.013922928812856,0.013922928812856,0.00696146440642802,0.00348073220321401,0.00348073220321401,0.00348073220321401,0.00348073220321401,0.001740366101607,0.001740366101607,0.001740366101607,0.001740366101607,0.001740366101607,0.001740366101607,0.001740366101607,0.001740366101607,0.001740366101607,0.001740366101607,0.001740366101607,0.001740366101607,0.001740366101607,0.000870183050803502,0.000435091525401751,0.000217545762700876,0.000108772881350438,5.43864406752189e-05,2.71932203376094e-05,2.71932203376094e-05,1.35966101688047e-05,1.35966101688047e-05,1.35966101688047e-05,1.35966101688047e-05,1.35966101688047e-05,1.35966101688047e-05,1.35966101688047e-05,1.35966101688047e-05,1.35966101688047e-05,1.35966101688047e-05,1.35966101688047e-05]}
