{"prog":["Inf",1.341453058245,1.341453058245,1.341453058245,1.341453058245,1.341453058245,1.30886475617482,1.30886475617482,0.793393548241547,0.793393548241547,0.793393548241547,0.793393548241547,0.793393548241547,0.617863174495909,0.617863174495909,0.617863174495909,0.605376441717741,0.605376441717741,0.599807144522407,0.599807144522407,0.599807144522407,0.599803750587019,0.599803750587019,0.599803750587019,0.599803750587019,0.599803750587019,0.599803750587019,0.599803750587019,0.599803750587019,0.599803750587019,0.599803750587019,0.599803750587019,0.599803750587019,0.599803750587019,0.599803750587019,0.599803750587019,0.599803750587019,0.599803750587019,0.599803750587019,0.599803750587019,0.599803750587019,0.599803750587019,0.599803750587019,0.599803750587019,0.599803750587019,0.599803750587019,0.599803750587019,0.599803750587019,0.599803750587019,0.599803750587019],"mei":["Inf",0.0853272978749459,0.0747875785018358,0.102819667649932,0.109575448505173,0.017651078310662,0.0312521330579519,0.00727622780617793,0.00329143054058436,0.0624594832802245,0.00293593951493005,0.000305333091176479,"Inf","Inf","Inf","Inf","Inf","Inf","Inf","Inf","Inf","Inf","Inf","Inf","Inf","Inf","Inf","Inf","Inf","Inf","Inf","Inf","Inf","Inf","Inf","Inf","Inf","Inf","Inf","Inf","Inf","Inf","Inf","Inf","Inf","Inf"],"obj":[0.918585205929956,1.341453058245,0.534411261983777,0.768482110181004,0.609239128462327,0.696268670276272,1.30886475617482,0,0.793393548241547,0.343798844285324,0.406496795080264,0.553742235196145,0.510959241559051,0.617863174495909,0.594621001735074,0.382602363592658,0.605376441717741,0.59943165646385,0.599807144522407,0.599771415154164,0.599779694087789,0.599803750587019,0.599769829648256,0.599846127021626,0.599836795773794,0.599899859928625,0.5999060652876,0.600189432114908,0.599904346183476,0.599910326100584,0.600260157430214,0.600285061854498,0.600545140698047,0.600449601508119,0.600453000536282,0.600326749430332,0.600625827171422,0.601175339353175,0.600186760876276,0.600461560308691,0.600385799515822,0.600650204068038,0.600456040168805,0.600522439205663,0.600623681771244,0.600481749247367,0.601023926054203,0.600525453432062,0.600685704205464,0.600383735032955],"X":[[0.611512576144075,0.307072629785881],[0.944258840648518,0.397194217596481],[0.315241673862385,0.219169588121392],[0.738297370364493,0.0301847398165112],[0.0394778153252503,0.569761313137077],[0,0.696268670276272],[0.923274608483423,0.385590147691401],[0,0],[0,0.793393548241547],[0,0.343798844285324],[0,0.406496795080264],[0.143846316107441,0.409895919088704],[0.115727663257809,0.395231578301242],[0.193990909396465,0.423872265099445],[0.192510508217068,0.402110493518006],[0.382602363592658,0],[0.19937293237488,0.406003509342861],[0.194717376010457,0.404714280453392],[0.194949158828653,0.404857985693754],[0.19495221618501,0.404819198969155],[0.194920309876306,0.404859384211483],[0.194775811607874,0.405027938979145],[0.194843023008267,0.404926806639989],[0.195164600551948,0.404681526469679],[0.194887383623291,0.404949412150502],[0.195458746089762,0.404441113838863],[0.195069103465669,0.404836961821932],[0.195032878812428,0.40515655330248],[0.195616385293608,0.404287960889868],[0.194068231368158,0.405842094732426],[0.194647634286473,0.405612523143741],[0.197652833640988,0.40263222821351],[0.19532397832838,0.405221162369667],[0.195112815997086,0.405336785511033],[0.195101186239694,0.405351814296588],[0.194956662057746,0.405370087372586],[0.195351160588813,0.405274666582609],[0.194216428468155,0.40695891088502],[0.195276147060246,0.40491061381603],[0.195886773358286,0.404574786950404],[0.19565509068733,0.404730708828491],[0.195292477228192,0.405357726839847],[0.195242803461788,0.405213236707018],[0.195094150021058,0.405428289184605],[0.195175787501801,0.405447894269442],[0.195646743936776,0.404835005310591],[0.195622648745115,0.405401277309087],[0.195278088517758,0.405247364914304],[0.195392898273182,0.405292805932282],[0.194627810093527,0.405755924939428]],"C":[[0.77339412846715,-1.03175876925402],[-0.525471780296898,-0.450611995365036],[1.17032166629601,-1.35258737870314],[0.653383084149025,-0.954005874395084],[0.702147884870178,-1.17381354814946],[0.41999242765306,-1.01520993879171],[-0.438781168286783,-0.498884235333105],[1.5,-1.5],[-0.346124146721654,-0.870526677608688],[0.350345187534132,-1.38180235466808],[0.22566227573338,-1.33476035558947],[0.059967542381141,-1.31129357285674],[0.101024199329327,-1.3303991074704],[-0.00649397338128666,-1.282699829951],[0.00617218307121753,-1.30124685522871],[0.719669120906409,-1.35361543137331],[-0.00649856972627844,-1.29541158423752],[0.000415154180540278,-1.2982914946767],[-2.02159257494672e-05,-1.298084836892],[2.07101490333206e-05,-1.29811504955053],[1.18380369243387e-05,-1.29809495181362],[-1.10726927528004e-05,-1.2980147518588],[2.50702614671416e-05,-1.29807047764934],[-6.75549205610415e-05,-1.29814364082557],[-5.24668593390176e-05,-1.29803488130343],[-0.000126821101815333,-1.2982232640138],[-0.000135985447947184,-1.29805507921589],[-0.000456792856267263,-1.29781034349819],[-0.000126594962525206,-1.29828547448418],[-6.80421299026901e-05,-1.29762971571683],[-0.000507005923460035,-1.29759077953565],[-0.000330044504349924,-1.29882064615751],[-0.000870277620165005,-1.29764435305775],[-0.000751825099085557,-1.29763307934527],[-0.000754856612715071,-1.29762543377433],[-0.00060541059480651,-1.29766699218284],[-0.000962104480553339,-1.29759036868296],[-0.00137577713373505,-1.29666442376435],[-0.000462000963513065,-1.29791462120843],[-0.000781460094989583,-1.29794761378731],[-0.000695399271798625,-1.29791213881932],[-0.000985927465523895,-1.29754596162931],[-0.000766296421985169,-1.2976824804938],[-0.000831190794362391,-1.29756617495641],[-0.00094874228006836,-1.29751841700553],[-0.000806892273064463,-1.29783097006211],[-0.00142182264853802,-1.29738158365411],[-0.000845900256470633,-1.29764104137486],[-0.00103132118572724,-1.29755935676394],[-0.000637950042402413,-1.29748214491475]],"d":[[0.171908320880075,0.0337608426030693],[0.643005486413595,0.611260610414197]],"df":{},"lambda":[[0,0],[0,0],[2.63943616322145,0],[0,0],[0,0],[0,0],[0,0],[2.83634242919043,0],[4.44089209850063e-16,0],[1.50746051175044,0],[1.18097027893654,0],[1.49128222042044,0],[2.11190610338825,0],[0.805020830957613,0],[0.888509799636696,0],[0.880378811821425,0],[0.872247824006154,0],[0.880577591909403,0],[0.864315616278861,0],[0.880975152085359,0],[0.848451200824274,0],[0.881770272437271,0],[0.816722369915102,0],[0.883360513141095,0],[0.753264708096757,0],[0.886540994548742,0],[1.03890393482686,0],[0.518520714649506,0],[0.823246595205737,0],[1.4326983563182,0],[0.292598499968345,0],[1.51150202219327,0],[0,0],[2.43780704444985,0],[0,0],[0,0],[0,0],[0,0],[0,0],[0,0],[0,0],[0,0],[0,0],[0,0],[0,0],[0,0]],"rho":[0.159122025190584,0.159122025190584,0.0795610125952918,0.0795610125952918,0.0795610125952918,0.0795610125952918,0.0795610125952918,0.0397805062976459,0.0397805062976459,0.0198902531488229,0.0198902531488229,0.00994512657441147,0.00497256328720574,0.00497256328720574,0.00248628164360287,0.00248628164360287,0.00248628164360287,0.00124314082180143,0.00124314082180143,0.000621570410900717,0.000621570410900717,0.000310785205450358,0.000310785205450358,0.000155392602725179,0.000155392602725179,7.76963013625896e-05,3.88481506812948e-05,3.88481506812948e-05,1.94240753406474e-05,9.7120376703237e-06,9.7120376703237e-06,4.85601883516185e-06,4.85601883516185e-06,2.42800941758093e-06,2.42800941758093e-06,2.42800941758093e-06,2.42800941758093e-06,2.42800941758093e-06,2.42800941758093e-06,2.42800941758093e-06,2.42800941758093e-06,2.42800941758093e-06,2.42800941758093e-06,2.42800941758093e-06,2.42800941758093e-06,2.42800941758093e-06]}
