{"prog":["Inf",0.87229777248397,0.87229777248397,0.87229777248397,0.87229777248397,0.87229777248397,0.87229777248397,0.87229777248397,0.87229777248397,0.87229777248397,0.87229777248397,0.87229777248397,0.61163089781009,0.61163089781009,0.61163089781009,0.61163089781009,0.61163089781009,0.603336195284708,0.603336195284708,0.599811181859544,0.599811181859544,0.599811181859544,0.599811181859544,0.599811181859544,0.599790842702256,0.599790842702256,0.599790842702256,0.599790842702256,0.599790842702256,0.599790842702256,0.599790842702256,0.599790842702256,0.599790842702256,0.599790842702256,0.599790842702256,0.599790842702256,0.599790842702256,0.599790842702256,0.599790842702256,0.599790842702256,0.599790842702256,0.599790842702256,0.599790842702256,0.599790842702256,0.599790842702256,0.599790842702256,0.599790842702256,0.599790842702256,0.599790842702256,0.599790842702256],"mei":["Inf",0.0238295747120546,0.0183518826743447,0.0136580549182046,0.212419499978689,0.0467554253467559,0.0537984555271099,0.00328625422217019,0.011905875973676,0.0019683004126981,0.000168679657635903,0.0015481496279472,"Inf","Inf","Inf","Inf",0.000146686095456165,"Inf","Inf","Inf","Inf","Inf","Inf","Inf","Inf","Inf","Inf","Inf","Inf","Inf","Inf","Inf","Inf","Inf","Inf","Inf","Inf","Inf","Inf","Inf","Inf","Inf","Inf","Inf","Inf","Inf"],"obj":[1.15091746013866,0.87229777248397,0.978976273918286,1.70070094855984,0.407379707132322,0,0.2147477519445,0.36380648386579,0.418317397544137,0.448234648029876,0.562768754143732,0.523963489352543,0.61163089781009,0.539966398107424,0.540872831280994,0.594469369724182,0.965097238079438,0.603336195284708,0.599664151610529,0.599811181859544,0.496081248083275,0.599732173361768,0.599769745069202,0.599749431059106,0.599790842702256,0.599902587034831,0.599811338375092,0.599900590349609,0.599959953305757,0.599952683690517,0.59983475537508,0.59977391754497,0.599851314532848,0.599910046691568,0.600092396639247,0.60003369905306,0.600337310961846,0.599953485871237,0.599964073754111,0.600102643873,0.600068489743745,0.59989993821303,0.600058004528357,0.600773450691304,0.600186239036245,0.599956083132591,0.599944400809954,0.932561611114737,0.599901556916579,0.600243592983313],"X":[[0.761268936679994,0.389648523458663],[0.00676424711168843,0.865533525372281],[0.417900808844227,0.561075465074059],[0.722848210484453,0.97785273807539],[0.368279167052423,0.0391005400798983],[0,0],[0,0.2147477519445],[0,0.36380648386579],[0,0.418317397544137],[0.0522845682611455,0.39595007976873],[0.15735051374594,0.405418240397791],[0.148504154859443,0.3754593344931],[0.19196335089289,0.4196675469172],[0,0.539966398107424],[0.327978434444197,0.212894396836797],[0.1903027736488,0.404166596075381],[0.409078889596279,0.556018348483159],[0.197504197919334,0.405831997365374],[0.194711423583501,0.404952728027028],[0.195286029711234,0.404525152148309],[0.496081248083275,0],[0.195037911967819,0.404694261393949],[0.195214465362222,0.40455527970698],[0.195068977583821,0.404680453475285],[0.195185736284514,0.404605106417742],[0.194984755121552,0.40491783191328],[0.195520981689095,0.404290356685997],[0.193944306989797,0.405956283359811],[0.195099007471766,0.404860945833991],[0.195166548882365,0.404786134808152],[0.19492812083671,0.40490663453837],[0.19545051740247,0.4043234001425],[0.194770520587741,0.405080793945107],[0.195147747623899,0.404762299067669],[0.195433223194958,0.404659173444289],[0.196032788468418,0.404000910584643],[0.198856148510379,0.401481162451467],[0.195235930957574,0.404717554913662],[0.194108690983844,0.405855382770267],[0.195248374418081,0.404854269454919],[0.195221948831032,0.404846540912714],[0.196642447392499,0.403257490820531],[0.194018382917269,0.406039621611088],[0.199649157707424,0.40112429298388],[0.196373637178662,0.403812601857583],[0.195713966818355,0.404242116314236],[0.196980274529472,0.402964126280481],[0.388464541042391,0.544097070072345],[0.194094676748031,0.405806880168547],[0.195385905651808,0.404857687331505]],"C":[[0.434735228934874,-0.768643634212595],[-0.734280563586732,-0.750805961417643],[-0.201981188955844,-1.01055323645927],[-0.97479112590025,-0.0212944872378875],[0.876992575471881,-1.36284160288063],[1.5,-1.5],[1.28482714959235,-1.45388340303478],[0.27732532246146,-1.36764484229721],[0.235631214649343,-1.3250105549119],[0.170879124343503,-1.34048985825288],[0.0446040872058009,-1.31087686617665],[0.10497926039943,-1.33697680413148],[-0.00435621766670741,-1.28702922197847],[0.6607590074392,-1.2084362889149],[1.2010003105336,-1.34710612233503],[0.00618455764774994,-1.30043421695841],[-0.191397119099456,-1.02349805823674],[-0.00411069109306011,-1.29629248171867],[0.000149342159720345,-1.29810074958955],[-2.57583102515335e-05,-1.29822276787901],[0.504069122555829,-1.25390339530014],[6.50794665945087e-05,-1.29818276769004],[2.1933431380905e-05,-1.29822633817455],[4.49507925979198e-05,-1.29818182455944],[-3.04193042988121e-06,-1.29819723621176],[-0.000130189439531692,-1.29802249466884],[-1.91302085913447e-05,-1.29832085321004],[-4.11568427265419e-05,-1.29758510178694],[-0.000198399161294105,-1.29802399182194],[-0.000191018627677786,-1.29805820326442],[-5.129447836838e-05,-1.29805364501388],[2.28478205717142e-05,-1.29832168334431],[-6.44768885190716e-05,-1.29797399468678],[-0.000141581068568986,-1.29808483785077],[-0.00035389925810092,-1.29805680861901],[-0.000258317008316689,-1.29835441009208],[-4.24278375577014e-05,-1.29926910839624],[-0.000192413513339151,-1.29808663200784],[-0.000129941715150406,-1.29760322436094],[-0.000364903588208176,-1.29797109279122],[-0.000325203555007925,-1.29798766900562],[-1.71957728368199e-05,-1.29871514398062],[-0.000215821728999255,-1.29748869277209],[-0.000383698224830642,-1.2992395154049],[-0.000416683314316213,-1.29837277720223],[-0.000184249015461435,-1.29828435459001],[-1.62199532606211e-05,-1.2988186843773],[-0.168611368831842,-1.05305367869141],[-6.21124889513269e-05,-1.29764803246595],[-0.000529167255807927,-1.29791460088121]],"d":[[0.202173573723643,0.0408751020502568],[0.699388698270193,0.682985462890087]],"df":{},"lambda":[[0,0],[0,0],[0,0],[0,0],[2.55996846855706,0],[8.88178419700125e-16,0],[3.1547437959965,0],[8.88178419700125e-16,0],[1.6469474305793,0],[1.32525218053976,0],[1.00355693050021,0],[0.681861680460664,0],[1.13857504308303,0],[2.05200176832777,0],[0.837746742346185,0],[0.881860849664421,0],[0.866643380399206,0],[0.851425911133991,0],[0.889873494575128,0],[0.859438556044698,0],[0.885354178200057,0],[0.878165743497375,0],[0.870977308794694,0],[0.863788874092013,0],[0.856600439389331,0],[0.84941200468665,0],[0.842223569983969,0],[0.835035135281287,0],[0.827846700578606,0],[0.820658265875924,0],[0.872489510186642,0],[0.858112640781279,0],[0.843735771375916,0],[0.829358901970553,0],[0.81498203256519,0],[0.800605163159827,0],[0.786228293754465,0],[0.889890782375899,0],[0.861137043565174,0],[0.832383304754448,0],[0.803629565943722,0],[0.774875827132997,0],[0.746122088322271,0],[0.953447065565141,0],[0.89593958794369,0],[0.838432110322238,0]],"rho":[0.108331538402805,0.108331538402805,0.108331538402805,0.108331538402805,0.0541657692014027,0.0541657692014027,0.0270828846007014,0.0270828846007014,0.0135414423003507,0.0135414423003507,0.0135414423003507,0.0135414423003507,0.00677072115017534,0.00338536057508767,0.00338536057508767,0.00169268028754383,0.00169268028754383,0.00169268028754383,0.000846340143771917,0.000846340143771917,0.000423170071885959,0.000423170071885959,0.000423170071885959,0.000423170071885959,0.000423170071885959,0.000423170071885959,0.000423170071885959,0.000423170071885959,0.000423170071885959,0.000423170071885959,0.000211585035942979,0.000211585035942979,0.000211585035942979,0.000211585035942979,0.000211585035942979,0.000211585035942979,0.000211585035942979,0.00010579251797149,0.00010579251797149,0.00010579251797149,0.00010579251797149,0.00010579251797149,0.00010579251797149,5.28962589857448e-05,5.28962589857448e-05,5.28962589857448e-05]}
