{"prog":["Inf","Inf",0.73447755179705,0.73447755179705,0.73447755179705,0.73447755179705,0.73447755179705,0.73447755179705,0.73447755179705,0.73447755179705,0.73447755179705,0.73447755179705,0.617827777474809,0.617827777474809,0.617827777474809,0.617827777474809,0.617827777474809,0.599933012512583,0.599933012512583,0.599899455120781,0.599899455120781,0.599891229386161,0.599891229386161,0.599891229386161,0.599891229386161,0.599891229386161,0.599891229386161,0.599891229386161,0.599891229386161,0.599891229386161,0.599891229386161,0.599891229386161,0.599891229386161,0.599891229386161,0.599891229386161,0.599891229386161,0.599891229386161,0.599891229386161,0.599891229386161,0.599891229386161,0.599891229386161,0.599891229386161,0.599891229386161,0.599891229386161,0.599891229386161,0.599891229386161,0.599891229386161,0.599891229386161,0.599891229386161,0.599891229386161],"mei":["Inf",0.00739597994856994,0.0061812133162714,0.000336384462531179,0.0077668581909396,0.00932133809526602,0.0412286180055488,0.0152548241232831,0.0687098120082059,0.00118689566759512,0.000587216721816254,"Inf","Inf","Inf","Inf","Inf","Inf","Inf","Inf","Inf","Inf","Inf","Inf","Inf","Inf","Inf","Inf","Inf","Inf","Inf","Inf","Inf","Inf","Inf","Inf","Inf","Inf","Inf","Inf","Inf","Inf","Inf","Inf","Inf","Inf","Inf"],"obj":[0.371090195973192,0.415733138754902,0.73447755179705,1.3889441806937,1.0576280097006,0,0.625824554852162,0.257731974913462,0.490288259763082,0.38951670497054,0.439286215382427,0.48023355401273,0.617827777474809,0.643234735831001,0.602684299110287,0.592787491659284,0.599511138049439,0.599933012512583,0.599813724924487,0.599899455120781,0.59983618394806,0.599891229386161,0.599921634240409,0.599909017997361,0.600147164307423,0.600318171380689,0.600532343789472,0.600623525650711,0.600329270675675,0.600524379513281,0.600778132594261,0.612928225853854,0.600829416078435,0.600627462526697,0.600746196847341,0.611045454081429,0.600689402784979,1.38893491378241,0.611601499026193,0.600782123253418,0.600273759707149,0.613001385997116,0.603358966914613,0.614468472538879,1.38893222857966,0.61636021618182,0.600677805913236,0.610190802705962,0.600002268157215,0.612290473913004],"X":[[0.202210904402242,0.16887929157095],[0.408332730994637,0.00740040776026445],[0.344519550484726,0.389958001312324],[0.686357108626132,0.702587072067565],[0.383856171603281,0.673771838097314],[0,0],[0.300377970929877,0.325446583922285],[0,0.257731974913462],[0.490288259763082,0],[0,0.38951670497054],[0,0.439286215382427],[0.0778074586179109,0.402426095394819],[0.196855642955907,0.420972134518903],[0.217526637692586,0.425708098138415],[0.174968193044507,0.42771610606578],[0.186747457843773,0.406040033815511],[0.193235960481042,0.406275177568396],[0.193719373073764,0.406213639438818],[0.193694509696549,0.406119215227938],[0.194079152007361,0.40582030311342],[0.194005467281399,0.40583071666666],[0.193892288539097,0.405998940847064],[0.194069859014182,0.405851775226228],[0.193852497657445,0.406056520339915],[0.192657220907226,0.407489943400197],[0.193010414684929,0.40730775669576],[0.194480226227855,0.406052117561616],[0.194320424871223,0.406303100779488],[0.194473011069385,0.40585625960629],[0.194072313620493,0.406452065892788],[0.194579120661063,0.406199011933198],[0.193321490152015,0.419606735701839],[0.194573576594606,0.406255839483829],[0.194120132550449,0.406507329976248],[0.194142623526296,0.406603573321045],[0.189744451839452,0.421301002241976],[0.194806814491263,0.405882588293716],[0.686349407396458,0.702585506385955],[0.190853957083765,0.420747541942428],[0.194795690593645,0.405986432659773],[0.194605347002436,0.405668412704714],[0.190870228684163,0.422131157312953],[0.189440576325955,0.413918390588657],[0.192723446406527,0.421745026132353],[0.68634713040415,0.702585098175508],[0.193952855845447,0.422407360336373],[0.194992452460107,0.405685353453129],[0.189603750595249,0.420587052110713],[0.193544734041293,0.406457534115922],[0.193294309570222,0.418996164342782]],"C":[[1.43850584781668,-1.43059053501932],[0.668815160970439,-1.33320961476344],[-0.0486445738962307,-1.2292390365463],[-0.792731229283341,-0.535285325601902],[0.244320373710669,-0.898685949709039],[1.5,-1.5],[0.362722123168788,-1.30385759559336],[0.936031022747324,-1.43357422910721],[0.510624349690947,-1.25961742233849],[0.229263017829473,-1.34827673654889],[0.275898520456269,-1.30702762097498],[0.140658937291371,-1.3319992371287],[-0.0111338028852365,-1.28403031779502],[-0.0403351702095717,-1.27145477707353],[0.0238375348854538,-1.28644506403467],[0.00845956189610603,-1.30025687792799],[0.000473257535830496,-1.29760034366874],[-3.98292896996999e-05,-1.29746328362978],[8.64684721068043e-05,-1.29754961993606],[-5.79469825346401e-05,-1.29764316433704],[1.8234360835534e-05,-1.29766330807475],[-2.3945492507782e-05,-1.29757064047613],[-8.01801871993524e-05,-1.29762122636794],[-3.64882098385366e-05,-1.29753931144141],[5.62269932802284e-06,-1.29683514126001],[-0.000254679012558934,-1.29684737115862],[-0.000776622945640404,-1.29729911943009],[-0.000846359719952283,-1.29715736277484],[-0.00056189871929041,-1.297460944504],[-0.000702071280978933,-1.29713265521747],[-0.00104677270893505,-1.29714132850726],[-0.00624492429309531,-1.28655698879905],[-0.00109888212727988,-1.29709731617647],[-0.000814708953034371,-1.29706916481418],[-0.000937861620343261,-1.29698217589288],[-0.00106145660625118,-1.28650250850605],[-0.000984614220968461,-1.29730962954776],[-0.792698998445554,-0.535298097182922],[-0.00271504639554515,-1.28654627301487],[-0.00108144033780677,-1.29722965542234],[-0.000517473735249296,-1.2975618978517],[-0.00248612526547443,-1.28537384182768],[-9.9041980333725e-06,-1.29278383397379],[-0.00520281555766738,-1.28498880613781],[-0.792689263585292,-0.535301796407701],[-0.00682520624963479,-1.28395431164305],[-0.000992294048824893,-1.2973973374772],[-0.000978840228184341,-1.28715694935703],[-7.80912528551281e-05,-1.29733270888529],[-0.00619992015154647,-1.28707952415381]],"d":[[0.143739620233188,0.0364219843553753],[0.735511312730197,0.772283776826742]],"df":{},"lambda":[[0,0],[0,0],[0,0],[0,0],[0,0],[0,0],[0,0],[0,0],[3.46143743593095,0],[2.91345999698014,0],[0.928265585069517,0],[0.380288146118711,0],[0.796646250376233,0],[0.843231313022248,0],[0.835390127978884,0],[0.852413160408497,0],[0.829597136513291,0],[0.836776727138025,0],[0.851135908387495,0],[0.879854270886433,0],[0.937290995884309,0],[1.05216444588006,0],[1.28191134587157,0],[1.74140514585458,0],[0.534584084880082,0],[1.4535716848461,0],[3.29154688477814,0],[-4.44089209850063e-16,0],[3.67595039986408,0],[-4.44089209850063e-16,0],[-4.44089209850063e-16,0],[-4.44089209850063e-16,0],[-4.44089209850063e-16,0],[-4.44089209850063e-16,0],[-4.44089209850063e-16,0],[-4.44089209850063e-16,0],[-4.44089209850063e-16,0],[-4.44089209850063e-16,0],[-4.44089209850063e-16,0],[-4.44089209850063e-16,0],[-4.44089209850063e-16,0],[-4.44089209850063e-16,0],[-4.44089209850063e-16,0],[-4.44089209850063e-16,0],[-4.44089209850063e-16,0],[-4.44089209850063e-16,0]],"rho":[0.0406359900748981,0.0406359900748981,0.0406359900748981,0.0406359900748981,0.0406359900748981,0.0406359900748981,0.0406359900748981,0.0406359900748981,0.020317995037449,0.020317995037449,0.020317995037449,0.020317995037449,0.0101589975187245,0.00507949875936226,0.00507949875936226,0.00253974937968113,0.00253974937968113,0.00126987468984056,0.000634937344920282,0.000317468672460141,0.000158734336230071,7.93671681150353e-05,3.96835840575176e-05,1.98417920287588e-05,1.98417920287588e-05,9.92089601437941e-06,4.96044800718971e-06,4.96044800718971e-06,2.48022400359485e-06,2.48022400359485e-06,2.48022400359485e-06,2.48022400359485e-06,2.48022400359485e-06,2.48022400359485e-06,2.48022400359485e-06,2.48022400359485e-06,2.48022400359485e-06,2.48022400359485e-06,2.48022400359485e-06,2.48022400359485e-06,2.48022400359485e-06,2.48022400359485e-06,2.48022400359485e-06,2.48022400359485e-06,2.48022400359485e-06,2.48022400359485e-06]}
