{"prog":[1.56478034086637,1.56478034086637,1.06597489101951,1.06597489101951,1.06597489101951,1.06597489101951,1.06597489101951,1.06597489101951,1.06597489101951,1.06597489101951,1.06597489101951,1.06597489101951,0.619362813811696,0.619362813811696,0.615252853694319,0.615252853694319,0.615252853694319,0.615252853694319,0.615252853694319,0.604304013176916,0.600827312922573,0.600827312922573,0.600827312922573,0.600827312922573,0.600156692361677,0.600156692361677,0.600127865825081,0.599903293050665,0.599903293050665,0.599903293050665,0.599903293050665,0.599903293050665,0.599903293050665,0.599903293050665,0.599903293050665,0.599903293050665,0.599856889710683,0.599856889710683,0.599856889710683,0.599856889710683,0.599856889710683,0.599856889710683,0.599856889710683,0.599856889710683,0.599856889710683,0.599856889710683,0.599856889710683,0.599856889710683,0.599856889710683,0.599856889710683],"mei":["Inf",0.0102763920195837,0.0384919151584309,0.00788459992592044,0.0305256966433914,0.0253164754806478,0.0143924392831929,0.000478408902501151,0.000872892709892931,0.000217938290816261,0.0012749806286264,2.28673394957896e-05,"Inf",4.10848628015299e-07,"Inf","Inf","Inf","Inf","Inf","Inf","Inf","Inf","Inf","Inf","Inf","Inf","Inf","Inf","Inf","Inf","Inf","Inf","Inf","Inf","Inf","Inf","Inf","Inf","Inf","Inf","Inf","Inf","Inf","Inf","Inf","Inf"],"obj":[1.56478034086637,1.04904648540286,1.06597489101951,1.13487723516181,0.415654096029618,0,0.472119165800814,0.525478003161401,0.519769491741824,0.457980834483957,0.585678521122791,0.431612247345032,0.619362813811696,1,0.615252853694319,0.518731201697815,1.06539755911799,0.586503834563499,0.603647776026417,0.604304013176916,0.600827312922573,1.06539697761031,0.599717614860132,1.17596296814748,0.600156692361677,0.599790943945611,0.600127865825081,0.599903293050665,1.56475253269687,0.600120576342588,0.600078473373693,0.5997376913848,0.600171641267068,1.22995574859931,1.25162354738851,0.605099710705804,0.599856889710683,0.600238246390455,0.600123229500173,0.600280843414902,0.600171616793052,0.600145262685498,1.06556923340849,1.25306663592334,0.600699356494011,0.601588698499868,1.56474598015371,0.600281386273769,0.600052769633914,0.600105191421671],"X":[[0.798019395181448,0.766760945684919],[0.621370205353333,0.427676280049532],[0.206542113918472,0.859432777101042],[0.426629568377191,0.70824766678462],[0.0833162014100971,0.332337894619521],[0,0],[0.0998304387067081,0.372288727094106],[0.115267716474752,0.410210286686648],[0.101828467648958,0.417941024092866],[-6.93889390390723e-18,0.457980834483957],[0.18828564702441,0.397392874098381],[0.431612247345032,0],[0.226626082852349,0.392736730959347],[1,0],[0.222710820181651,0.392542033512668],[0.402920236425733,0.115810965272082],[0.206029715546377,0.859367843571618],[0.586503834563499,0],[0.208080088866258,0.395567687160158],[0.207606676182828,0.396697336994088],[0.200527907058739,0.400299405863834],[0.20603166103467,0.85936531657564],[0.19668053048556,0.403037084374572],[0.453785690147473,0.722177278000007],[0.197750458140279,0.402406234221397],[0.196427925125038,0.403363018820573],[0.197540873833301,0.402586991991779],[0.196631109029495,0.40327218402117],[0.79799440907088,0.766758123625989],[0.19701020677342,0.403110369569168],[0.197723248733498,0.402355224640195],[0.195589834139789,0.404147857245011],[0.196855226547405,0.403316414719663],[0.490851819861577,0.739103928737738],[0.506179889708118,0.745443657680391],[0.209841445916634,0.39525826478917],[0.196202165048115,0.403654724662568],[0.197154577843309,0.403083668547146],[0.197614006430131,0.402509223070042],[0.197710061385666,0.402570782029236],[0.197643081146652,0.402528535646399],[0.197466439744712,0.402678822940786],[0.206185143613519,0.859384089794969],[0.50719902980543,0.745867606117907],[0.198797968737882,0.401901387756129],[0.201844756907804,0.399743941592064],[0.797985200024197,0.76676078012951],[0.197400386089056,0.402881000184714],[0.197216068814295,0.402836700819619],[0.19663531435002,0.403469877071651]],"C":[[-1.13379011939699,-0.275242697086604],[0.119276283460022,-0.930992067382151],[-0.872618057737673,-0.71871565682248],[0.154500464096203,-0.816372453880434],[0.333700832001589,-1.38260993438246],[1.5,-1.5],[0.157927516963195,-1.35143498718628],[0.09618441769641,-1.31844087423515],[0.11752021928804,-1.31495626355647],[0.332122703438111,-1.29025355524538],[0.0177882818658541,-1.30662741874043],[0.60791708996719,-1.31371086794177],[-0.00961089453999769,-1.29439847872637],[0.5,-0.5],[-0.00571664999718124,-1.29631064249976],[1.07629069940136,-1.32424310340138],[-0.872090289256485,-0.719038665746947],[0.498175033143709,-1.15601325204231],[0.000830666869432728,-1.30022888149217],[-0.00100049625789378,-1.29953069082612],[-6.21914938696566e-05,-1.2995489441557],[-0.872078961669594,-0.719042207318145],[0.00022734152624404,-1.29887787754676],[0.100539850042439,-0.772538526557882],[-0.000129904053349728,-1.29896397896506],[9.09641810260542e-05,-1.29871434527903],[-0.000142345904528163,-1.29890131704419],[-2.33344513382305e-05,-1.29870775255663],[-1.13367380752597,-0.275286902945169],[-0.000243153588274481,-1.2986890083729],[-2.88423286667894e-05,-1.29901579011501],[7.29969155282006e-05,-1.29840912626544],[-0.000335816784824194,-1.29858388939865],[0.0293423665839319,-0.71278987346302],[0.000614911523096617,-0.688095672479158],[-0.000235907217638553,-1.29973747169147],[-2.2111218556442e-05,-1.29856757368802],[-0.000371831156638913,-1.298653628586],[-0.000118307735725742,-1.29893502980618],[-0.000310618478737035,-1.29884749708325],[-0.000177462912292259,-1.29890799046522],[-0.000183315595992939,-1.29885677072957],[-0.872233880201862,-0.718946672760346],[-0.0013083220598421,-0.686430658308373],[-0.000588896794013472,-1.29895464214539],[-0.000577779567372705,-1.29946347526927],[-1.13361982246503,-0.275297526597527],[-0.000381000539394161,-1.29871998726206],[-0.000113331603039446,-1.2988284146742],[-0.00028273059375572,-1.29854661144626]],"d":[[0.113737534218673,0.0390574010436203],[0.617471117461278,0.710199237496608]],"df":[0.616754506171309,0.649214618848905],"lambda":[[0,0],[0,0],[0,0],[0,0],[0,0],[0,0],[0,0],[2.66564785403061,0],[7.99694356209184,0],[2.23601384463838,0],[4.44089209850063e-16,0],[-7.58218131420466e-17,0],[-7.58218131420466e-17,0],[-7.58218131420466e-17,0],[-7.58218131420466e-17,0],[0.49791550968576,0],[-5.55111512312578e-17,0],[-6.76949282574759e-18,0],[-6.76949282574759e-18,0],[0.545089137790428,0],[1.63526741337128,0],[0.389401079917107,0],[1.26180812009997,0],[3.00662220046569,0],[2.11145052314598,0],[1.21627884582627,0],[0.321107168506556,0],[0,0],[2.8003560214628,0],[1.01001266682338,0],[0,0],[0,0],[0,0],[0,0],[0,0],[0,0],[0,0],[0,0],[0,0],[0,0],[0,0],[0,0],[0,0],[0,0],[0,0],[0,0]],"rho":[0.00667315521026426,0.00667315521026426,0.00667315521026426,0.00667315521026426,0.00667315521026426,0.00667315521026426,0.00667315521026426,0.00333657760513213,0.00166828880256606,0.00166828880256606,0.00166828880256606,0.00166828880256606,0.00166828880256606,0.00166828880256606,0.00166828880256606,0.000834144401283032,0.000834144401283032,0.000417072200641516,0.000417072200641516,0.000208536100320758,0.000104268050160379,0.000104268050160379,5.21340250801895e-05,2.60670125400948e-05,2.60670125400948e-05,2.60670125400948e-05,2.60670125400948e-05,2.60670125400948e-05,1.30335062700474e-05,1.30335062700474e-05,1.30335062700474e-05,1.30335062700474e-05,1.30335062700474e-05,1.30335062700474e-05,1.30335062700474e-05,1.30335062700474e-05,1.30335062700474e-05,1.30335062700474e-05,1.30335062700474e-05,1.30335062700474e-05,1.30335062700474e-05,1.30335062700474e-05,1.30335062700474e-05,1.30335062700474e-05,1.30335062700474e-05,1.30335062700474e-05]}
