{"prog":[0.954870276687404,0.954870276687404,0.954870276687404,0.954870276687404,0.954870276687404,0.954870276687404,0.954870276687404,0.954870276687404,0.954870276687404,0.946376113932848,0.946376113932848,0.603845497939357,0.603845497939357,0.603845497939357,0.603845497939357,0.603845497939357,0.603845497939357,0.602298504867876,0.602298504867876,0.59993708452284,0.59993708452284,0.599884565645063,0.599884565645063,0.599884565645063,0.599884565645063,0.599884565645063,0.599884565645063,0.599884565645063,0.599884565645063,0.599884565645063,0.599884565645063,0.599884565645063,0.599884565645063,0.599884565645063,0.599884565645063,0.599884565645063,0.599884565645063,0.599884565645063,0.599884565645063,0.599884565645063,0.599884565645063,0.599884565645063,0.599884565645063,0.599884565645063,0.599884565645063,0.599884565645063,0.599884565645063,0.599884565645063,0.599884565645063,0.599884565645063],"mei":["Inf",0.0597022177010685,0.0880481693861397,0.0342056803253047,0.0692535798036743,0.0474665268190179,0.146694385316298,0.0226063846395448,0.00602742516699673,"Inf",0.000454048747967343,9.93982761356974e-06,5.18708735069576e-06,"Inf","Inf","Inf","Inf","Inf","Inf","Inf","Inf","Inf","Inf","Inf","Inf","Inf","Inf","Inf","Inf","Inf","Inf","Inf","Inf","Inf","Inf","Inf","Inf","Inf","Inf","Inf","Inf","Inf","Inf","Inf","Inf","Inf"],"obj":[0.954870276687404,0.0539608461162916,0.471457006528847,1.01424445273221,1.21843069211543,2,0.38266000881443,0.427934189583175,0.425262043677889,0.946376113932848,0.556570192115992,0.603845497939357,0.592549231061578,0.605638867313256,0.534602111794963,0.577095174182082,1,0.602298504867876,0.599685077208328,0.59993708452284,0.600028548490943,0.599884565645063,0.599767571235193,0.913933717327265,0.5999394489803,0.600029091386841,0.600227605689083,0.600361504924173,0.910867110694622,0.600179133517721,0.600385428032252,0.600365664720774,1.21841318266389,0.600153422627747,1.21841153443864,0.600850935238876,0.600656214727855,0.600184387378897,0.947582424080779,0.600135836193819,0.599962189652303,1.21841491155719,0.600302126552279,0.600632429276282,0.600730511978651,0.601900192684619,0.600207020141606,0.601825089607658,0.60073864308393,0.601017349758364],"X":[[0.0556733430911958,0.899196933596208],[0.00370433627248377,0.0502565098438078],[0.373957884920286,0.0974991216085616],[0.70749277458235,0.306751678149857],[0.566998971860623,0.651431720254811],[1,1],[0,0.38266000881443],[0,0.427934189583175],[0.0495753100007071,0.375686733677182],[0.0486498775954714,0.897726236337377],[0.163609347764467,0.392960844351525],[0.204346192958743,0.399499304980614],[0.178333508823867,0.414215722237711],[0.202768330283999,0.402870537029257],[0.534602111794963,0],[0,0.577095174182082],[1,0],[0.198339560781956,0.40395894408592],[0.195952501900036,0.403732575308292],[0.196029702790862,0.403907381731978],[0.196085774101072,0.403942774389871],[0.195759977202156,0.404124588442907],[0.195598315950392,0.404169255284801],[0.0219336883243107,0.892000029002954],[0.196010098711468,0.403929350268832],[0.196766009815282,0.403263081571559],[0.197086199127473,0.40314140656161],[0.196982906808288,0.403378598115885],[0.0194156123688468,0.891451498325776],[0.195256510223239,0.404922623294482],[0.197499458435978,0.402885969596274],[0.197348327238655,0.403017337482119],[0.566986503477514,0.651426679186377],[0.196259080519072,0.403894342108675],[0.566985969859726,0.651425564578918],[0.197816597451849,0.403034337787026],[0.197151354413029,0.403504860314826],[0.198082211973152,0.402102175405745],[0.0496505771854311,0.897931846895348],[0.196227513747006,0.403908322446813],[0.197336222089349,0.402625967562954],[0.566988843680548,0.651426067876646],[0.197466867730525,0.402835258821754],[0.19672015027279,0.403912279003492],[0.196357207785392,0.404373304193259],[0.197956611739787,0.403943580944831],[0.197151760500162,0.403055259641444],[0.199688181853582,0.402136907754077],[0.196325827807969,0.404412815275961],[0.199118308972016,0.401899040786348]],"C":[[-0.833955244744584,-0.688345353480227],[1.6909428375279,-1.4974605611111],[1.10086719785313,-1.35064942159151],[0.504819060816608,-0.905357381866015],[-0.428239223851842,-0.754148879754855],[-1.5,0.5],[0.236994619485987,-1.35357131765414],[0.250732054875827,-1.31687232938579],[0.199062825159611,-1.3564017667773],[-0.825892292193651,-0.691720794001473],[0.05129570654211,-1.31881375613062],[-0.0028273735036885,-1.29864293874327],[0.0145407500505916,-1.29662249508166],[-0.00639956267190545,-1.2965803346276],[0.477993515240954,-1.21420058206437],[0.757914881016118,-1.16696115993575],[0.5,-0.5],[-0.00285442110320577,-1.29747859012181],[0.000166445776973723,-1.29860262463405],[-0.000139457689170785,-1.29843118260614],[-0.000247662466104359,-1.2983806042134],[-9.51143340690019e-05,-1.29836134834166],[3.73098068126576e-05,-1.2983885118799],[-0.794885960157851,-0.703854861575221],[-0.000144058110204071,-1.29842112119452],[-0.000165083842632363,-1.29866202442278],[-0.000370192949993298,-1.29863403642901],[-0.000561717661300754,-1.29848344100742],[-0.791913424305693,-0.704937260129072],[-0.00045284926387601,-1.29791256435976],[-0.000499660808584546,-1.29867685941997],[-0.000503742398813789,-1.29863066342493],[-0.428204015573904,-0.754169586518552],[-0.000386929623857502,-1.29835173372641],[-0.428206320141092,-0.754171643795264],[-0.00105663991063415,-1.29843191633715],[-0.000916521068154041,-1.29831517115542],[-7.70583352392995e-05,-1.29907727783379],[-0.827040447001927,-0.691253218516263],[-0.000367996019447647,-1.29835282990687],[3.51322271808785e-05,-1.2989507456955],[-0.428217227809502,-0.754167729232566],[-0.000394822436266706,-1.29873059039871],[-0.000938809234285243,-1.29815605334686],[-0.00108582064685442,-1.29792607780655],[-0.00239631447288841,-1.29764276328197],[-0.000331148543777082,-1.29867764100706],[-0.00191727317136059,-1.29841053745],[-0.00109707392972225,-1.29790644417609],[-0.000941580424011657,-1.29882906004714]],"d":[[0.28322225398919,0.0400227979717437],[0.581428045977884,0.63903360079058]],"df":[0.758735972161363,0.68841202956976],"lambda":[[0,0],[0,0],[0,0],[1.77599348259326,0],[0,0],[2.98347937920991,0],[-8.88178419700125e-16,0],[1.53760183587949,0],[1.36809935767814,0],[1.19859687947679,0],[0.814939845527181,0],[0.431282811577574,0],[0.261780333376222,0],[1.13350568740757,0],[0.791257696335699,0],[0.811214714144906,0],[0.851128749763319,0],[0.784244275143057,0],[0.738627053884855,0],[0.756520988896155,0],[0.792308858918754,0],[0.863884598963954,0],[1.00703607905435,0],[1.29333903923515,0],[1.86594495959674,0],[0,0],[1.14521184072319,0],[3.43563552216957,0],[0,0],[4.58084736289276,0],[0,0],[0,0],[0,0],[0,0],[0,0],[0,0],[0,0],[0,0],[0,0],[0,0],[0,0],[0,0],[0,0],[0,0],[0,0],[0,0]],"rho":[0.13344340607598,0.13344340607598,0.13344340607598,0.0667217030379902,0.0667217030379902,0.0333608515189951,0.0333608515189951,0.0166804257594976,0.0166804257594976,0.0166804257594976,0.0166804257594976,0.0166804257594976,0.0166804257594976,0.00834021287974878,0.00834021287974878,0.00417010643987439,0.00208505321993719,0.00208505321993719,0.00208505321993719,0.0010425266099686,0.000521263304984299,0.000260631652492149,0.000130315826246075,6.51579131230373e-05,3.25789565615187e-05,3.25789565615187e-05,1.62894782807593e-05,8.14473914037967e-06,8.14473914037967e-06,4.07236957018983e-06,4.07236957018983e-06,4.07236957018983e-06,4.07236957018983e-06,4.07236957018983e-06,4.07236957018983e-06,4.07236957018983e-06,4.07236957018983e-06,4.07236957018983e-06,4.07236957018983e-06,4.07236957018983e-06,4.07236957018983e-06,4.07236957018983e-06,4.07236957018983e-06,4.07236957018983e-06,4.07236957018983e-06,4.07236957018983e-06]}
