{"prog":["Inf","Inf",1.3593946592974,1.3593946592974,1.3593946592974,0.753246466352779,0.753246466352779,0.753246466352779,0.749510144759899,0.749510144759899,0.749510144759899,0.749510144759899,0.749510144759899,0.749510144759899,0.616484598693854,0.616484598693854,0.614413201887767,0.614413201887767,0.614413201887767,0.612511746199534,0.612511746199534,0.600266512108833,0.600266512108833,0.60003241546401,0.60003241546401,0.60003241546401,0.60003241546401,0.60003241546401,0.60003241546401,0.60003241546401,0.60003241546401,0.60003241546401,0.60003241546401,0.60003241546401,0.60003241546401,0.60003241546401,0.60003241546401,0.60003241546401,0.60003241546401,0.60003241546401,0.60003241546401,0.60003241546401,0.60003241546401,0.60003241546401,0.60003241546401,0.60003241546401,0.60003241546401,0.60003241546401,0.60003241546401,0.60003241546401],"mei":["Inf",0.173322422552694,0.00947357919323048,0.00644355600022541,0.00913698630761559,0.000331730561449096,0.00200113567839572,0.00492329603968355,0.0432496868536445,"Inf",0.0378191851868762,0.0014902278178923,0.000517383286191099,1.19998144208184e-05,8.77400552568806e-05,0.000667084134427436,"Inf","Inf","Inf","Inf","Inf",1.14350348703922e-06,"Inf","Inf","Inf","Inf","Inf","Inf","Inf","Inf","Inf","Inf","Inf","Inf","Inf","Inf","Inf","Inf","Inf","Inf","Inf","Inf","Inf","Inf","Inf","Inf"],"obj":[0.71442467603237,0.495903694065265,1.3593946592974,0.19864705651967,1.50974619243987,0.753246466352779,0.437431034660859,1,0.749510144759899,0.505990152224922,1,0.359242041114868,0.592142115347662,1,0.616484598693854,0.61339163750639,0.614413201887767,0.54298302976131,0.208854858527243,0.612511746199534,0.6013596039662,0.600266512108833,0.599734364831872,0.60003241546401,0.599854831510029,0.520836835864914,0.742985202547396,1.35935298110472,0.600764305573254,0.600419020919124,1,0.744347489514129,0.745648614188395,0.602918522608338,1,0.745287886093232,0.744355386807379,0.600658769595848,0.600833654628632,1,1,0.744322496309595,0.742433726263479,0.742686515282606,0.600932731359399,0.600767897390815,0.600761421427013,0.740280354566845,0.742399324558987,0.74480329851162],"X":[[0.36122625523741,0.35319842079496],[0.450272081533976,0.0456316125312894],[0.921799817239353,0.437594842058046],[0.158884166702368,0.0397628898173019],[0.729852056803613,0.779894135636253],[0.367145579328717,0.386100887024062],[0,0.437431034660859],[0,1],[0.36593617410234,0.383573970657559],[0.0670835752000095,0.438906577024912],[1,0],[0,0.359242041114868],[0.163311094138088,0.428831021209574],[0,1],[0.191555921311916,0.424928677381938],[0.188059724547503,0.425331912958886],[0.190170441085964,0.424242760801803],[0,0.54298302976131],[0,0.208854858527243],[0.190037072302645,0.422474673896889],[0.189824166087362,0.411535437878838],[0.192678942508157,0.407587569600676],[0.193075728891996,0.406658635939876],[0.19365744645018,0.40637496901383],[0.193604603920839,0.40625022758919],[0.520836835864914,0],[0.360353395101534,0.382631807445862],[0.921764133219235,0.43758884788548],[0.19410729941641,0.406657006156844],[0.193634946615239,0.406784074303886],[0,1],[0.361478774255501,0.382868715258627],[0.362155152569477,0.383493461618919],[0.189359371601542,0.413559151006796],[0,1],[0.361829737141535,0.383458148951697],[0.361395876399786,0.382959510407593],[0.19361311896394,0.407045650631908],[0.194199542203998,0.406634112424633],[0,1],[0,1],[0.3612215088815,0.383100987428094],[0.359965256723787,0.382468469539692],[0.359926867424338,0.382759647858268],[0.193391922576163,0.407540808783236],[0.194538192714361,0.406229704676455],[0.194543078305918,0.406218343121095],[0.35786463621505,0.382415718351795],[0.359382084792165,0.383017239766822],[0.361726259091391,0.383077039420229]],"C":[[0.202831330711282,-1.2447664680751],[0.636179847890866,-1.29517280852885],[-0.217299414067352,-0.458795851141688],[1.42883380636646,-1.47317473416467],[-0.704900825356846,-0.359081112379718],[-0.0193582725450039,-1.21613022861861],[0.271278267966761,-1.30865408991553],[-0.5,-0.5],[-0.00445744159403233,-1.21896172551734],[0.197822125709411,-1.30286081058266],[0.5,-0.5],[0.291286941476334,-1.37094515589562],[0.0423826696700841,-1.28943344177977],[-0.5,-0.5],[-0.00255112407738312,-1.28274194814878],[0.00277095402177913,-1.28372630382185],[-0.000810966674067326,-1.28385328324443],[0.671162265892813,-1.20516942939123],[1.32944710824535,-1.45637964806957],[-0.00120922198885692,-1.28540106106636],[0.000582975457316504,-1.29460536933911],[-0.000108751779540228,-1.29674719822095],[0.000283986388480373,-1.29735051672834],[-0.000129704387577367,-1.2973561779934],[5.94785385988894e-05,-1.29747800992439],[0.483622081255417,-1.22872899040622],[-0.00152112691107686,-1.22373833056951],[-0.217084897055657,-0.45886688291685],[-0.000948789725586652,-1.29695243565682],[-0.000508380691030097,-1.29703222434204],[-0.5,-0.5],[-0.00241822621919441,-1.22274464263895],[-0.00591806237680598,-1.22177641036292],[0.000231399350076766,-1.29311185700521],[-0.5,-0.5],[-0.0058625239096699,-1.22203908932263],[-0.00301799925605917,-1.22273503390961],[-0.000734573468609556,-1.2968277984667],[-0.00103629784194909,-1.29693523642039],[-0.5,-0.5],[-0.5,-0.5],[-0.0039730871811442,-1.22275265495299],[-0.000708743727405758,-1.22414288375974],[-0.00251397959777,-1.22394770207752],[-0.00093002210835208,-1.2965100534586],[-0.00102987512396169,-1.29713231861391],[-0.00102394804142769,-1.29713964839521],[-0.00139402909613567,-1.22569112050415],[-0.00434962225158403,-1.22414231117184],[-0.00357546105999151,-1.22240609535278]],"d":[[0.145423635739846,0.0308039015492787],[0.700400714172653,0.649332435099927]],"df":[0.67382656786445,0.658546801465927],"lambda":[[0,0],[0,0],[0,0],[0,0],[0,0],[0,0],[0,0],[0,0],[0,0],[2.80087536950703,0],[0.242277282620731,0],[0,0],[0.366239169455424,0],[0.151866964913576,0],[2.77555756156289e-17,0],[0.732478338910848,0],[0.0931830587937873,0],[0.401392355118966,0],[0.286401890167001,0],[0.586679522307337,0],[0.312389429825415,0],[0.438170632433134,0],[0.689733037648572,0],[1.19285784807945,0],[2.1991074689412,0],[0,0],[2.0124992417235,0],[0,0],[4.02499848344701,0],[0,0],[0,0],[0,0],[0,0],[0,0],[0,0],[0,0],[0,0],[0,0],[0,0],[0,0],[0,0],[0,0],[0,0],[0,0],[0,0],[0,0]],"rho":[0.0151319370120862,0.0151319370120862,0.0151319370120862,0.0151319370120862,0.0151319370120862,0.0151319370120862,0.0151319370120862,0.0151319370120862,0.0151319370120862,0.00756596850604311,0.00756596850604311,0.00756596850604311,0.00378298425302156,0.00378298425302156,0.00378298425302156,0.00189149212651078,0.00189149212651078,0.000945746063255389,0.000945746063255389,0.000472873031627695,0.000472873031627695,0.000236436515813847,0.000118218257906924,5.91091289534618e-05,2.95545644767309e-05,2.95545644767309e-05,1.47772822383655e-05,1.47772822383655e-05,7.38864111918273e-06,7.38864111918273e-06,7.38864111918273e-06,7.38864111918273e-06,7.38864111918273e-06,7.38864111918273e-06,7.38864111918273e-06,7.38864111918273e-06,7.38864111918273e-06,7.38864111918273e-06,7.38864111918273e-06,7.38864111918273e-06,7.38864111918273e-06,7.38864111918273e-06,7.38864111918273e-06,7.38864111918273e-06,7.38864111918273e-06,7.38864111918273e-06]}
