{"prog":["Inf","Inf","Inf","Inf",1.49488499361437,1.49488499361437,1.49488499361437,1.49488499361437,0.711751185304116,0.711751185304116,0.711751185304116,0.711751185304116,0.711751185304116,0.711751185304116,0.610631635323079,0.606492842965856,0.606492842965856,0.606492842965856,0.600540450914538,0.599924793039818,0.599924793039818,0.599924793039818,0.599924793039818,0.599843561963233,0.599843561963233,0.599843561963233,0.599843561963233,0.599843561963233,0.599843561963233,0.599843561963233,0.599843561963233,0.599843561963233,0.599843561963233,0.599843561963233,0.599843561963233,0.599843561963233,0.599843561963233,0.599843561963233,0.599843561963233,0.599843561963233,0.599843561963233,0.599843561963233,0.599843561963233,0.599843561963233,0.599843561963233,0.599843561963233,0.599843561963233,0.599843561963233,0.599843561963233,0.599843561963233],"mei":["Inf",0.0188000848685607,0.0186127322515375,0.0305991619306326,0.00358446209372506,0.000151581465083598,0.00024718112606193,0.00646918928824445,1.1064425163424e-05,0.017371117981817,"Inf",0.000267952992566644,0.0118771459867973,"Inf","Inf","Inf",1.19114029725387e-05,"Inf","Inf","Inf","Inf","Inf","Inf",0.000153236136568699,"Inf","Inf","Inf","Inf","Inf","Inf","Inf","Inf","Inf","Inf","Inf","Inf","Inf","Inf","Inf","Inf","Inf","Inf","Inf","Inf","Inf","Inf"],"obj":[0.967654976250524,0.552831209081419,0.602984829564342,0.177563267689562,1.49488499361437,0.699944757129496,0.629963940650823,0.689805824960695,0.711751185304116,0.833761123733608,0.804958040408185,0.717422539466664,1.39718361415345,0.603478984476984,0.610631635323079,0.606492842965856,0.601036756137519,0.804908654351139,0.600540450914538,0.599924793039818,0.305675144543852,0.599760676600002,0.599842833078548,0.599843561963233,0.804921698160368,0.600213071518213,0.661143976014281,0.380406056397642,0.600081053131839,0.986905655804263,0.633939369670057,0.986839567965236,0.705129115346349,0.661648742833871,0.648644987399682,0.71044480898059,0.987854432507934,0.623338355225669,0.611608754130603,0.600325007371264,0.632957351711724,0.717896463425929,0.656119205180816,0.648420475803567,0.600399979742131,0.666656510040003,0.689077828984233,0.987541094607455,0.689001089980217,0.681797131944816],"X":[[0.238036444456791,0.729618531793733],[0.0317103165508505,0.521120892530568],[0.244041821836504,0.358943007727839],[0.0462263011667473,0.131336966522815],[0.587749614782573,0.907135378831796],[0.113306566438304,0.586638190691193],[0.264849070998114,0.36511486965271],[0.312508078486619,0.377297746474075],[0.3309927967566,0.380758388547516],[0.833761123733608,0],[-3.46944695195361e-18,0.804958040408185],[0.335405730240234,0.382016809226429],[1,0.397183614153454],[0.217086866370748,0.386392118106236],[0.214260898441596,0.396370736881483],[0.212261129946812,0.394231713019043],[0.203264247821506,0.397772508316013],[0,0.804908654351139],[0.198841831314154,0.401698619600384],[0.195569859523105,0.404354933516713],[0.294000039148515,0.0116751053953363],[0.196275579759996,0.403485096840006],[0.196263182142294,0.403579650936254],[0.195956105925728,0.403887456037505],[0,0.804921698160368],[0.195880425167855,0.404332646350358],[0.279205273925171,0.38193870208911],[0,0.380406056397642],[0.197704061503515,0.402376991628325],[0.244576023833136,0.742329631971127],[0.249476003891744,0.384463365778313],[0.24456224361062,0.742277324354616],[0.32422477598202,0.380904339364328],[0.280345766947385,0.381302975886486],[0.265443330534706,0.383201656864976],[0.329247025586953,0.381197783393637],[0.244891525922648,0.742962906585286],[0.236584793953498,0.386753561272171],[0.22064097853356,0.390967775597044],[0.198021515099208,0.402303492272056],[0.247504322985421,0.385453028726303],[0.336754632933256,0.381141830492673],[0.27424056052157,0.381878644659247],[0.265291753522549,0.383128722281017],[0.198016398526579,0.402383581215552],[0.28527450031346,0.381382009726543],[0.308469099646987,0.380608729337246],[0.244793689785081,0.742747404822374],[0.308660826227658,0.38034026375256],[0.300757740025299,0.381039391919517]],"C":[[0.0900344764825594,-0.910995449173527],[0.5541508026707,-1.22742747119239],[0.118743258753432,-1.31160350639801],[1.69000434700114,-1.48061373030503],[-0.80469444433383,-0.33165579479463],[0.63631672809281,-1.14301725522453],[0.0826146920666608,-1.29654610154992],[0.015971292566079,-1.25998511138619],[-0.000607596715182401,-1.24546681804594],[1.1368467564466,-0.804842388550471],[-0.428424893368168,-0.852042553182214],[-0.00676643320256554,-1.24156615359047],[-0.775064884271869,-0.342245176648],[0.0159657978873236,-1.30357442351471],[-0.00690343075888655,-1.29698250634303],[-0.000295822011619595,-1.29952656916377],[0.00136720932378531,-1.30046067718554],[-0.428086864067287,-0.852122058150638],[-0.000344549420345786,-1.29910014513078],[-0.000152957175801438,-1.29824951778681],[0.989609041319459,-1.41342766889468],[0.000108683399059561,-1.29867567341789],[2.81203446100831e-06,-1.29860422868555],[-3.02083366740535e-05,-1.29847612740598],[-0.428176156034971,-0.852101059830629],[-0.000485601245358347,-1.29814597013138],[-0.00310242010741157,-1.27616724285886],[0.240341217894178,-1.35529123225599],[-3.74307522165163e-05,-1.29900586067315],[-0.00179741086356927,-0.889129286063584],[-2.42194710953214e-06,-1.28994964385662],[-0.00140522815974625,-0.889213682749092],[-0.00252937550211491,-1.24979017889283],[-0.000587749506655022,-1.27601429153479],[-0.00328244281278589,-1.28269632845058],[-0.00339456757520051,-1.24628464607792],[-0.0064964384837953,-0.88803425996962],[0.000274546529994424,-1.29444931811327],[0.000188930036126245,-1.29846175703645],[-0.000291329845077071,-1.29893937966352],[-0.00242550341491449,-1.29016757274925],[-0.00146857991196148,-1.24132722224668],[-0.00118919648141413,-1.27896081571803],[-0.00291648349705931,-1.28283266767625],[-0.000396919793132944,-1.29887695948271],[-0.00228419336386448,-1.27316622212785],[-0.00174992345480396,-1.25998380971526],[-0.00489264338558335,-0.888402342071034],[-0.000365053351292888,-1.26006977812109],[-0.00342424761295235,-1.26435376362048]],"d":[[0.158143528704305,0.0364173610395049],[0.615773780062581,0.643340412462382]],"df":[0.565386317816141,0.695453612703563],"lambda":[[0,0],[0,0],[0,0],[0,0],[5.89060844776258,0],[5.44241499961452,0],[4.99422155146645,0],[4.54602810331839,0],[0,0],[0,0],[11.7771637481721,0],[1.59253845786612,0],[1.15611250587235,0],[3.17315521152149,0],[2.30030330753396,0],[1.28367639758869,0],[0.832361225347476,0],[0.381046053106257,0],[0.701727098041358,0],[0.718321465850106,0],[0.361790806919281,0],[0.00526014798845598,0],[1.28798432772886,0],[0.574923009867209,0],[0,0],[0.0663774712349925,0],[0.199132413704977,0],[0,0],[0.26550988493997,0],[0,0],[0,0],[0,0],[0,0],[0,0],[0,0],[0,0],[0,0],[0,0],[0,0],[0,0],[0,0],[0,0],[0,0],[0,0],[0,0],[0,0]],"rho":[0.00271131457942098,0.00271131457942098,0.00271131457942098,0.00271131457942098,0.00135565728971049,0.00135565728971049,0.00135565728971049,0.00135565728971049,0.00135565728971049,0.00135565728971049,0.000677828644855244,0.000677828644855244,0.000677828644855244,0.000338914322427622,0.000338914322427622,0.000338914322427622,0.000338914322427622,0.000338914322427622,0.000169457161213811,8.47285806069055e-05,8.47285806069055e-05,8.47285806069055e-05,4.23642903034527e-05,4.23642903034527e-05,4.23642903034527e-05,2.11821451517264e-05,1.05910725758632e-05,1.05910725758632e-05,5.29553628793159e-06,5.29553628793159e-06,5.29553628793159e-06,5.29553628793159e-06,5.29553628793159e-06,5.29553628793159e-06,5.29553628793159e-06,5.29553628793159e-06,5.29553628793159e-06,5.29553628793159e-06,5.29553628793159e-06,5.29553628793159e-06,5.29553628793159e-06,5.29553628793159e-06,5.29553628793159e-06,5.29553628793159e-06,5.29553628793159e-06,5.29553628793159e-06]}
