{"prog":["Inf",1.58543109804518,1.00500711511471,1.00500711511471,1.00500711511471,1.00500711511471,1.00500711511471,1.00500711511471,1.00500711511471,1.00500711511471,1.00500711511471,1.00500711511471,0.764166173951274,0.764166173951274,0.608766708503218,0.608766708503218,0.608766708503218,0.608766708503218,0.608766708503218,0.60287684114165,0.600765098711677,0.600765098711677,0.600765098711677,0.600765098711677,0.600765098711677,0.600765098711677,0.600765098711677,0.600765098711677,0.600765098711677,0.600765098711677,0.599934754722889,0.599855609826337,0.599855609826337,0.599855609826337,0.599855609826337,0.599855609826337,0.599855609826337,0.599855609826337,0.599855609826337,0.599813889856691,0.599813889856691,0.599813889856691,0.599813889856691,0.599813889856691,0.599813889856691,0.599813889856691,0.599813889856691,0.599813889856691,0.599813889856691,0.599813889856691],"mei":["Inf",0.0664203492647514,0.0550778629593275,0.0487091459326486,0.109036198802302,0.0779511188928691,0.0290486188046213,0.0215373559667802,0.0995797496936362,0.00762683686203556,0.0411146472719584,"Inf",0.000150242866347655,"Inf","Inf","Inf",0.000415196874003527,"Inf","Inf","Inf","Inf","Inf","Inf",0.00034383582712721,0.000163457737506678,"Inf","Inf","Inf","Inf","Inf","Inf","Inf","Inf","Inf","Inf","Inf","Inf",0.00182963546759294,"Inf","Inf","Inf","Inf","Inf","Inf",4.20877220554032e-06,"Inf"],"obj":[0.652990179502636,1.58543109804518,1.00500711511471,0.984957825193405,1.9551338288037,0.317697958091065,0,0.387110675553403,0.48467739557979,1.00761464547537,0.695068658254222,0.475159977184798,0.764166173951274,0.56960543878393,0.608766708503218,1.57248497340279,0.419263196409084,0.59371786384839,1.5161959200611,0.60287684114165,0.600765098711677,0.990841031009274,0.959690592382784,1.47723892780896,0.749939991879222,0.917409571268148,0.906147777610311,0.599245880866433,0.599079029160491,0.750382345896176,0.599934754722889,0.599855609826337,0.750034200557729,0.750238204704826,0.750024573628726,0.599883119339913,0.599925804237328,0.750696242703824,0.750672944599093,0.599813889856691,0.750597716928742,0.598982108506944,0.750692088959699,0.750830098614238,0.750867336690532,1.43964837129761,0.750047674170612,0.599899095319687,0.541389573033675,0.599659819825902],"X":[[0.469717180679952,0.183272998822684],[0.746060429878081,0.839370668167102],[0.0779427540437185,0.927064361070996],[0.86067403678798,0.124283788405425],[0.966966167671365,0.98816766113233],[0,0.317697958091065],[0,0],[0,0.387110675553403],[0,0.48467739557979],[0.0807958309191129,0.926818814556257],[0,0.695068658254222],[0.0752269334527174,0.39993304373208],[0,0.764166173951274],[0.16535527165544,0.40425016712849],[0.204556061945245,0.404210646557974],[0.734584336157253,0.837900637245537],[0.419263196409084,0],[0.189836035633681,0.403881828214709],[0.683729511071728,0.832466408989376],[0.198741355071443,0.404135486070207],[0.196664519519297,0.40410057919238],[0.0637279090914279,0.927113121917846],[0.0340723040254646,0.925618288357319],[0.6476447248283,0.829594202980657],[0,0.749939991879222],[0.00184872287938971,0.915560848388758],[0,0.906147777610311],[0.195393956069002,0.403851924797431],[0.195789595302955,0.403289433857536],[0,0.750382345896176],[0.195919270710043,0.404015484012846],[0.195819674757656,0.404035935068682],[0,0.750034200557729],[0,0.750238204704826],[0,0.750024573628726],[0.19593722044865,0.403945898891263],[0.195891264879858,0.40403453935747],[0,0.750696242703824],[0,0.750672944599093],[0.19564571302444,0.404168176832251],[0,0.750597716928742],[0.196363024906138,0.402619083600806],[0,0.750692088959699],[0,0.750830098614238],[0,0.750867336690532],[0.612137896857824,0.827510474439791],[0,0.750047674170612],[0.195629536766792,0.404269558552894],[0.541389573033675,0],[0.195054204968402,0.404605614857499]],"C":[[1.06056344806377,-1.24577677807662],[-0.577669356913762,-0.238850716390846],[-0.840143731919705,-0.634476597524106],[0.366239362183298,-0.743793742338679],[-1.31496929039669,0.411498895928786],[0.488727165743362,-1.39906800742477],[1.5,-1.5],[0.23155772070218,-1.35014532487259],[0.43496424698149,-1.26508782221399],[-0.844212205416884,-0.634478918690625],[0.428242166122457,-1.01687956031268],[0.144071049878711,-1.33439446901449],[-0.116871671166111,-0.916050058588672],[0.0356954302270395,-1.30923943651234],[-0.010267306315858,-1.29477057073064],[-0.53287418833848,-0.258308375175931],[0.634124119264345,-1.32421837213684],[0.00705169230559194,-1.30084174841283],[-0.375673840086833,-0.339513633593949],[-0.00353811461037784,-1.29717638268316],[-0.00110814622894806,-1.29802578865863],[-0.822157751521029,-0.636400012770581],[-0.789677629428194,-0.642069862356863],[-0.307870766304728,-0.392329768782964],[0.000497058348608668,-0.937590008580193],[-0.769420471937065,-0.661744915121372],[-0.774480731047313,-0.678896205131894],[0.000660043700430324,-1.29872482476911],[0.000913443335844866,-1.29902406690997],[-0.00316703266637222,-0.936926334967352],[-0.000145513334133207,-1.29838712804231],[-5.58428194702421e-05,-1.29840961815098],[-0.000283289550664061,-0.937448697993728],[-0.00197309147600337,-0.93714263620128],[-0.000203547917954695,-0.937463138953047],[-8.06387069062775e-05,-1.29843631641179],[-0.000136607840008574,-1.29838270334997],[-0.0057670515224106,-0.936455151190361],[-0.00557407442106921,-0.936490130246927],[-1.61093474796425e-05,-1.29837083981125],[-0.00495096476907365,-0.93660306734136],[0.00114215158239689,-1.29933943597016],[-0.00573264628306976,-0.936461387573323],[-0.006875766057186,-0.936254163014933],[-0.00718420263450347,-0.936198242691267],[-0.276197537775091,-0.440513609922912],[-0.00039489397162432,-0.937428486471256],[-0.000119696998459262,-1.29829520837186],[0.476834776421959,-1.20689733021041],[0.000149250374829712,-1.29824815354993]],"d":[[0.154992606578135,0.0504803055243371],[0.696538331521632,0.556659295387012]],"df":[0.928203019724119,0.865417181635978],"lambda":[[0,0],[0,0],[0,0],[0,0],[3.4699910937975,0],[-8.88178419700125e-16,0],[-8.88178419700125e-16,0],[-8.88178419700125e-16,0],[4.31793212022645,0],[0,0],[2.13964491620479,0],[0.9087652421337,0],[0,0],[0,0],[0.845380907098351,0],[2.53614272129505,0],[0.839497769065776,0],[0.308104382271036,0],[-5.55111512312578e-17,0],[4.84711300519989e-17,0],[4.84711300519989e-17,0],[4.84711300519989e-17,0],[4.84711300519989e-17,0],[4.84711300519989e-17,0],[0.633026306893009,0],[1.89907892067903,0],[0,0],[0,0],[0,0],[0,0],[0,0],[0,0],[0,0],[0,0],[0,0],[0,0],[0,0],[0,0],[0,0],[0,0],[0,0],[0,0],[0,0],[0,0],[0,0],[0,0]],"rho":[0.066731502889469,0.066731502889469,0.066731502889469,0.066731502889469,0.0333657514447345,0.0333657514447345,0.0333657514447345,0.0333657514447345,0.0166828757223673,0.0166828757223673,0.00834143786118363,0.00834143786118363,0.00834143786118363,0.00834143786118363,0.00417071893059181,0.00208535946529591,0.00208535946529591,0.00208535946529591,0.00208535946529591,0.00104267973264795,0.00104267973264795,0.00104267973264795,0.00104267973264795,0.00104267973264795,0.000521339866323977,0.000260669933161988,0.000260669933161988,0.000260669933161988,0.000260669933161988,0.000260669933161988,0.000260669933161988,0.000260669933161988,0.000260669933161988,0.000260669933161988,0.000260669933161988,0.000260669933161988,0.000260669933161988,0.000260669933161988,0.000260669933161988,0.000260669933161988,0.000260669933161988,0.000260669933161988,0.000260669933161988,0.000260669933161988,0.000260669933161988,0.000260669933161988]}
