{"prog":["Inf",1.32238951135017,1.32238951135017,1.32238951135017,1.32238951135017,1.32238951135017,1.32238951135017,1.32238951135017,1.32238951135017,1.32238951135017,1.32238951135017,1.32238951135017,1.32238951135017,0.610667540821535,0.600035910793198,0.600035910793198,0.600035910793198,0.600026584032142,0.600026584032142,0.600026584032142,0.600026584032142,0.600026584032142,0.600026584032142,0.600026584032142,0.600026584032142,0.600026584032142,0.600026584032142,0.600026584032142,0.600026584032142,0.600026584032142,0.600026584032142,0.600026584032142,0.600026584032142,0.600026584032142,0.600005395049926,0.600005395049926,0.600005395049926,0.600005395049926,0.600005395049926,0.600005395049926,0.600005395049926,0.600005395049926,0.600005395049926,0.600005395049926,0.600005395049926,0.600005395049926,0.600005395049926,0.600005395049926,0.600005395049926,0.600005395049926],"mei":["Inf",0.0153621214074643,0.0179547076807747,0.0221941332817933,0.0233241417283018,0.086667565340655,0.00686376030365742,0.00866031195895869,5.90159204202635e-05,0.00711974907686529,"Inf","Inf","Inf","Inf","Inf","Inf","Inf","Inf","Inf","Inf","Inf","Inf","Inf","Inf","Inf","Inf","Inf","Inf","Inf","Inf","Inf","Inf","Inf","Inf","Inf","Inf","Inf","Inf","Inf","Inf","Inf","Inf","Inf","Inf","Inf","Inf"],"obj":[1.10704147258006,1.32238951135017,0.862716214294246,0.420568207139282,0.790249308275583,0.290851893279195,0.533736285480759,0.560566146513334,0.0259192265227859,0.573198627518513,0.595986849216898,0.551095845419359,0.493437998488196,0.610667540821535,0.600035910793198,0.599813392363833,0.600260540084801,0.600026584032142,0.918824746499905,1.32236477694771,1.14853462678011,0.6007607322188,0.600678007666908,0.600762677453148,0.600383133977713,0.600521836256209,0.91819415182405,0.600735108939033,0.600450995795138,0.600729338720149,0.600684856434484,0.918200023528276,0.600644472816015,1.32236573882513,0.600005395049926,1.32236212553269,1.14903688113167,0.600474990778991,0.918100265002809,0.600276941462108,1.32235914955807,0.600225175456896,0.600692545355663,0.918062087409882,0.600358707915685,0.600506421401913,1.14883449259856,0.601895549029246,0.600667814060101,0.600619301280367],"X":[[0.787976447527291,0.319065025052769],[0.36235502314343,0.960034488206737],[0.158887193407604,0.703829020886642],[0.125470956695609,0.295097250443673],[0.531948193337756,0.258301114937826],[0.0319690428334116,0.258882850445784],[0.217298480508214,0.316437804972545],[0.197104894889652,0.363461251623682],[0,0.0259192265227859],[0.185541339491909,0.387657288026604],[0.184618956786004,0.411367892430894],[0.130574011297576,0.420521834121783],[0.493437998488196,0],[0.198116252929594,0.412551287891941],[0.193564511810938,0.40647139898226],[0.193808428207259,0.406004964156574],[0.194082017663817,0.406178522420984],[0.195167168378306,0.404859415653836],[0.177094298902788,0.741730447597117],[0.362340154577186,0.960024622370527],[0.817873184922154,0.33066144185796],[0.194415503528312,0.406345228690489],[0.194400543619659,0.40627746404725],[0.194386076540271,0.406376600912878],[0.193636648693751,0.406746485283962],[0.193767197456172,0.406754638800037],[0.176872005579114,0.741322146244937],[0.194612997432546,0.406122111506487],[0.193849480118103,0.406601515677036],[0.194686040415173,0.406043298304976],[0.194557764232928,0.406127092201556],[0.176872154758362,0.741327868769914],[0.19435631612985,0.406288156686165],[0.362340999156305,0.960024739668824],[0.193287449310258,0.406717945739668],[0.362338852758047,0.960023272774647],[0.818202346569595,0.330834534562074],[0.194802378118996,0.405672612659994],[0.176837499142974,0.741262765859836],[0.195070144986273,0.405206796475834],[0.362336952570275,0.960022196987792],[0.193522280547137,0.406702894909759],[0.194969568703954,0.405722976651709],[0.176823566781482,0.7412385206284],[0.194987093553376,0.405371614362309],[0.194825771775389,0.405680649626524],[0.818075076147313,0.330759416451246],[0.196005321242407,0.405890227786839],[0.19509613494007,0.405571679120032],[0.195133206333422,0.405486094946945]],"C":[[0.127896134862766,-0.777290627930345],[-1.26766374193775,-0.447032618656352],[0.270163354853917,-0.979379569128805],[0.558875875601071,-1.39717465180647],[0.948808161977293,-1.15031165362657],[0.897760407920854,-1.43195765004538],[0.393530834193234,-1.35264848595298],[0.113347946725128,-1.32904557897869],[1.60815260293871,-1.49932819369646],[0.0399631420355228,-1.31529623837941],[0.00731760956188465,-1.29669229787221],[0.0814532918379767,-1.30611181460051],[0.506981367508535,-1.25651894164796],[-0.0105859612023876,-1.29055138518384],[-0.000115551378302658,-1.2973137815768],[6.92682058909821e-05,-1.29759826223605],[-0.00043502737188672,-1.29735117834345],[-0.000276132696955755,-1.29799862994363],[-0.0123299250570649,-0.91847355240351],[-1.26763592727434,-0.447062336823308],[-0.0030432139169964,-0.721746464253706],[-0.0010025711602939,-1.29708616710831],[-0.000915395204632963,-1.29714705084772],[-0.000999530815861627,-1.29707211147778],[-0.000473705755163534,-1.2970621449918],[-0.000638057571628659,-1.29700493700463],[-0.00907860025370005,-0.919157769129223],[-0.00100713450881396,-1.29719061177583],[-0.000585509662000827,-1.29709758650708],[-0.00101136814964103,-1.29722618556908],[-0.000946780112314471,-1.29720806135659],[-0.00912432638717725,-0.919149231856191],[-0.00087375670339368,-1.29715555611699],[-1.26763729238114,-0.447061499554218],[-2.75003392643525e-05,-1.29722047455244],[-1.26763325629688,-0.447065871513037],[-0.00432213450658072,-0.721093430809105],[-0.000754392492715417,-1.2974817648168],[-0.00860612410491032,-0.919258010846685],[-0.000556805104164837,-1.29775509062483],[-1.26762979125066,-0.44706931409282],[-0.000294057499989453,-1.29714188220386],[-0.00100593383467085,-1.29737573349627],[-0.00841321842880724,-0.919298881767296],[-0.000642836206142472,-1.2976538876169],[-0.000790657156578667,-1.29746612917073],[-0.00386258951461232,-0.721351378215399],[-0.00240860934568776,-1.29683503703181],[-0.000990907330927659,-1.2974491112272],[-0.000940752445851012,-1.29750405859072]],"d":[[0.201199453791421,0.0420953264734735],[0.734057848177602,0.692375557738545]],"df":[0.642709015655791,0.63130108534271],"lambda":[[0,0],[0,0],[0,0],[0,0],[0,0],[0,0],[6.46151234448018,0],[8.82783401529248,0],[13.5604773569171,0],[23.0257640401663,0],[0,0],[0,0],[0.179196067034661,0],[0.537588201103982,0],[1.25437246924262,0],[2.68794100551991,0],[4.44089209850063e-16,0],[2.86713707255457,0],[4.44089209850063e-16,0],[5.73427414510914,0],[0,0],[0,0],[0,0],[0,0],[0,0],[0,0],[0,0],[0,0],[0,0],[0,0],[0,0],[0,0],[0,0],[0,0],[0,0],[0,0],[0,0],[0,0],[0,0],[0,0],[0,0],[0,0],[0,0],[0,0],[0,0],[0,0]],"rho":[0.00618479698017784,0.00618479698017784,0.00618479698017784,0.00618479698017784,0.00618479698017784,0.00618479698017784,0.00309239849008892,0.00154619924504446,0.00077309962252223,0.000386549811261115,0.000386549811261115,0.000386549811261115,0.000193274905630557,9.66374528152787e-05,4.83187264076393e-05,2.41593632038197e-05,2.41593632038197e-05,1.20796816019098e-05,1.20796816019098e-05,6.03984080095492e-06,6.03984080095492e-06,6.03984080095492e-06,6.03984080095492e-06,6.03984080095492e-06,6.03984080095492e-06,6.03984080095492e-06,6.03984080095492e-06,6.03984080095492e-06,6.03984080095492e-06,6.03984080095492e-06,6.03984080095492e-06,6.03984080095492e-06,6.03984080095492e-06,6.03984080095492e-06,6.03984080095492e-06,6.03984080095492e-06,6.03984080095492e-06,6.03984080095492e-06,6.03984080095492e-06,6.03984080095492e-06,6.03984080095492e-06,6.03984080095492e-06,6.03984080095492e-06,6.03984080095492e-06,6.03984080095492e-06,6.03984080095492e-06]}
