{"prog":["Inf","Inf",1.51487117311332,1.51487117311332,1.51487117311332,1,1,1,1,0.666350187126669,0.666350187126669,0.666350187126669,0.666350187126669,0.666350187126669,0.666350187126669,0.666350187126669,0.607015799163577,0.607015799163577,0.607015799163577,0.607015799163577,0.603931623826036,0.603931623826036,0.603931623826036,0.599988456108989,0.599988456108989,0.599988456108989,0.599988456108989,0.599988456108989,0.599988456108989,0.599988456108989,0.599988456108989,0.599988456108989,0.599988456108989,0.599988456108989,0.599988456108989,0.599988456108989,0.599988456108989,0.599988456108989,0.599988456108989,0.599988456108989,0.599988456108989,0.599988456108989,0.599988456108989,0.599988456108989,0.599988456108989,0.599988456108989,0.599988456108989,0.599988456108989,0.599988456108989,0.599988456108989],"mei":["Inf",0.172302194152645,0.038884811430918,0.0179926790630348,0.0660288863184757,0.037241146360199,0.0149518396617782,0.0223905465307756,0.000231390446247551,3.02159196425514e-05,8.38206963008963e-06,0.0324047894334036,7.76207861111228e-05,"Inf","Inf",0.000220007583769326,"Inf","Inf","Inf","Inf","Inf","Inf","Inf","Inf","Inf","Inf","Inf","Inf","Inf","Inf","Inf","Inf","Inf","Inf","Inf","Inf","Inf","Inf","Inf","Inf","Inf","Inf","Inf","Inf","Inf","Inf"],"obj":[0.948702840774484,1.08158912223801,1.51487117311332,0.321238708063317,0.661601035828144,1,0.873044334613704,0.606161656527758,0.427409865841952,0.666350187126669,0.56351797797296,0,0.397450900563615,0.541316950032567,0.612816499022032,0.599340539764893,0.607015799163577,1.51232447749694,0.602305678486913,0.350373170481148,0.603931623826036,0.600026835615502,0.59974007190121,0.599988456108989,0.600101035960696,1,0.600301061054698,0.600126863970664,0.600245444980676,1,1,0.600345112146412,0.600270269618994,1.51334266665021,1,1.51323790019485,0.600242560673919,0.600377766069178,0.600047124215474,0.600199796756517,0.600121770442359,0.600145736305402,1,0.60019741189147,1,0.613458417514248,1,1,1,1],"X":[[0.641198773710336,0.307504067064147],[0.945723536705068,0.135865585532939],[0.757657369579574,0.757213803533747],[0.133435267092063,0.187803440971254],[0.116205586822751,0.545395449005392],[0,1],[0.278474400171227,0.594569934442477],[0,0.606161656527758],[0,0.427409865841952],[0.235439514515894,0.430910672610775],[0.154390339754744,0.409127638218216],[0,0],[0.397450900563615,0],[0.541316950032567,0],[0.513414345459136,0.0994021535628956],[0.183288913868862,0.41605162589603],[0.189515098544805,0.417500700618772],[0.755555836832741,0.756768640664201],[0.187471329858089,0.414834348628824],[0,0.350373170481148],[0.190998908700488,0.412932715125548],[0.192042372057983,0.407984463557518],[0.193916822391882,0.405823249509329],[0.193533360233096,0.406455095875894],[0.193504818057842,0.406596217902855],[0,1],[0.194461318205122,0.405839742849576],[0.194633345939523,0.405493518031142],[0.194118831420655,0.406126613560021],[0,1],[0,1],[0.193879802502065,0.406465309644347],[0.194368523381489,0.405901746237505],[0.756396850468198,0.756945816182009],[0,1],[0.756310748164356,0.756927152030497],[0.194170393422256,0.406072167251663],[0.193755790870398,0.40662197519878],[0.194148702955339,0.405898421260135],[0.193518294708305,0.406681502048212],[0.193474389265782,0.406647381176577],[0.194819400494951,0.405326335810451],[0,1],[0.194637394021084,0.405560017870385],[0,1],[0.194015181260545,0.419443236253703],[0,1],[0,1],[0,1],[0,1]],"C":[[0.722939458110817,-0.994305381331369],[0.630866624178406,-0.587147534789849],[-0.955028227697591,-0.352582566059716],[1.38057932102126,-1.44692489705543],[0.526377276450761,-1.18904006579539],[-0.5,-0.5],[0.354935079484823,-1.06893860150634],[0.773731767090454,-1.13256804615552],[0.249755908210983,-1.31732080658096],[-0.066204573529493,-1.25888422723465],[0.0467014215706593,-1.3087781986364],[1.5,-1.5],[0.683841359573787,-1.34203278164117],[0.476841374124421,-1.20697595960744],[0.589813098180195,-1.22652492174383],[0.00765245195179431,-1.29330621864204],[-0.000924772674654961,-1.28977719240639],[-0.945323029342672,-0.356436601935235],[0.00229737940395003,-1.29276696367894],[0.323006080152872,-1.37723864140699],[-0.00163290893764889,-1.29300598965427],[0.000316643348484247,-1.29666840483003],[0.000131006910541853,-1.29770375615112],[-6.20780837534141e-05,-1.29733909351341],[-0.000168201774264409,-1.2972354009755],[-0.5,-0.5],[-0.00053054859358731,-1.29747889884572],[-0.000360876132931953,-1.29769286748311],[-0.000425216624827696,-1.29737905304615],[-0.5,-0.5],[-0.5,-0.5],[-0.000485752823997265,-1.29719657423749],[-0.000486381259340307,-1.29746464951984],[-0.949212072725575,-0.354896835966342],[-0.5,-0.5],[-0.948816027568042,-0.355055338730073],[-0.000430000772548123,-1.29740325330178],[-0.000493783268377068,-1.29711726278963],[-0.00022264511579928,-1.29755275275929],[-0.000268305866142182,-1.297160825505],[-0.000182232923225834,-1.29720556808046],[-0.000395839870299508,-1.29775596268926],[-0.5,-0.5],[-0.000438026734970065,-1.29763735675365],[-0.5,-0.5],[-0.00720713765933784,-1.28642548100146],[-0.5,-0.5],[-0.5,-0.5],[-0.5,-0.5],[-0.5,-0.5]],"d":[[0.116299764743223,0.0464614414778806],[0.689295290239989,0.729448416252164]],"df":[0.745487937114634,0.820383949603086],"lambda":[[0,0],[0,0],[0,0],[0,0],[0,0],[2.73103460038221,0],[1.28316510005507,0],[2.22044604925031e-16,0],[1.0213427911284,0],[2.22044604925031e-16,0],[2.0426855822568,0],[4.44089209850063e-16,0],[0.669425158597908,0],[0.507629671792466,0],[0.345834184987024,0],[0.747776877744006,0],[1.55166226325797,0],[0.40890662734157,0],[0.630502555144384,0],[0.813867202019615,0],[1.18059649577008,0],[0.833044573232395,0],[1.56650316073332,0],[0.871399315657956,0],[2.3383164906598,0],[0.948108800509078,0],[1.11022302462516e-16,0],[2.93383435000369,0],[0.153418969702244,0],[1.38777878078145e-16,0],[1.38777878078145e-16,0],[1.38777878078145e-16,0],[1.38777878078145e-16,0],[1.38777878078145e-16,0],[1.38777878078145e-16,0],[1.38777878078145e-16,0],[1.38777878078145e-16,0],[1.38777878078145e-16,0],[1.38777878078145e-16,0],[1.38777878078145e-16,0],[1.38777878078145e-16,0],[1.38777878078145e-16,0],[1.38777878078145e-16,0],[1.38777878078145e-16,0],[1.38777878078145e-16,0],[1.38777878078145e-16,0]],"rho":[0.0914510230577191,0.0914510230577191,0.0914510230577191,0.0914510230577191,0.0914510230577191,0.0457255115288595,0.0457255115288595,0.0457255115288595,0.0228627557644298,0.0228627557644298,0.0114313778822149,0.0114313778822149,0.00571568894110744,0.00571568894110744,0.00571568894110744,0.00285784447055372,0.00142892223527686,0.00142892223527686,0.00071446111763843,0.000357230558819215,0.000178615279409608,0.000178615279409608,8.93076397048038e-05,8.93076397048038e-05,4.46538198524019e-05,4.46538198524019e-05,4.46538198524019e-05,2.23269099262009e-05,2.23269099262009e-05,2.23269099262009e-05,2.23269099262009e-05,2.23269099262009e-05,2.23269099262009e-05,2.23269099262009e-05,2.23269099262009e-05,2.23269099262009e-05,2.23269099262009e-05,2.23269099262009e-05,2.23269099262009e-05,2.23269099262009e-05,2.23269099262009e-05,2.23269099262009e-05,2.23269099262009e-05,2.23269099262009e-05,2.23269099262009e-05,2.23269099262009e-05]}
