{"prog":["Inf",1.10858210375267,1.10858210375267,1.05178595830961,1.05178595830961,1.05178595830961,1.05178595830961,1.05178595830961,0.603997788439124,0.603997788439124,0.603997788439124,0.603997788439124,0.603997788439124,0.603997788439124,0.603997788439124,0.603997788439124,0.600025725257356,0.59983363116402,0.59983363116402,0.59983363116402,0.59983363116402,0.59983363116402,0.59983363116402,0.59983363116402,0.59983363116402,0.59983363116402,0.59983363116402,0.59983363116402,0.59983363116402,0.59983363116402,0.59983363116402,0.59983363116402,0.59983363116402,0.59983363116402,0.59983363116402,0.59983363116402,0.59983363116402,0.59983363116402,0.59983363116402,0.59983363116402,0.59983363116402,0.59983363116402,0.59983363116402,0.59983363116402,0.59983363116402,0.59983363116402,0.59983363116402,0.59983363116402,0.59983363116402,0.59983363116402],"mei":["Inf",0.00747385689317743,0.00804015193416866,0.0139402274851438,0.00739606558815577,0.00152481154719153,3.03154502065684e-05,6.77427559465151e-05,1.70357202678713e-05,1.31656270102158e-05,8.89194142334422e-05,"Inf","Inf","Inf","Inf",4.88044208435661e-07,"Inf","Inf","Inf","Inf","Inf","Inf","Inf","Inf","Inf","Inf","Inf","Inf","Inf","Inf","Inf","Inf","Inf","Inf","Inf","Inf","Inf",5.78349946603196e-05,"Inf","Inf","Inf","Inf","Inf","Inf","Inf","Inf"],"obj":[0.517051897141396,1.10858210375267,1.25119629510473,1.05178595830961,0.0633874079360132,0.534555165857859,0.582126244991848,0.562006289708578,0.603997788439124,0.612617214929708,0.36620814868522,0.438205474617723,0.642030601374996,0.539148503075881,0.556845814161628,0.597265505000636,0.600025725257356,0.59983363116402,0.599656473173243,1.93292976876549,0.599747896174418,0.599705371996486,0.599737591470851,0.59996721725666,0.599916318410693,0.599885855437302,1.10800419567675,1.10753672388073,1.10745347180676,0.599859621298964,1.10714203639592,0.599913363774761,0.600002627574079,0.600116837333284,0.600099520382741,0.600203375738309,1.10743621164639,1.10736119783856,0.600320336001367,0.600241931947809,1.10726861844562,0.599436762559255,0.600072726245528,0.600273876785303,0.600263513071371,0.600174424827631,0.599923673770256,0.599796664082747,0.600314837251789,0.600161300818801],"X":[[0.135169748029478,0.381882149111918],[0.498009800426199,0.610572303326468],[0.268654503232952,0.982541791871782],[0.789098607601854,0.262687350707754],[0.0573817080253227,0.00600569991069047],[0.138574057507423,0.395981108350436],[0.147941570565972,0.434184674425876],[0.151129346525138,0.41087694318344],[0.195132732825477,0.408865055613647],[0.207437434426948,0.40517978050276],[0,0.36620814868522],[0.438205474617723,0],[0,0.642030601374996],[0.45192327848534,0.0872252245905414],[0.556845814161628,0],[0.194009343613771,0.403256161386865],[0.195748078068085,0.40427764718927],[0.195828290679283,0.404005340484737],[0.195445936416798,0.404210536756445],[0.999593751924809,0.933336016840678],[0.195907080736643,0.403840815437775],[0.195765490714719,0.403939881281766],[0.195854515988861,0.40388307548199],[0.195824413627322,0.404142803629338],[0.196305398367729,0.403610920042964],[0.195963089414723,0.403922766022579],[0.497603380602084,0.610400815074665],[0.497275164169064,0.610261559711669],[0.497217054326553,0.61023641748021],[0.19655629661944,0.403303324679524],[0.49699868891828,0.610143347477641],[0.197049019329119,0.402864344445643],[0.196872230491689,0.403130397082389],[0.196401186746874,0.40371565058641],[0.196195908168701,0.40390361221404],[0.195288109812708,0.404915265925601],[0.497206065245418,0.610230146400969],[0.497153764784547,0.610207433054011],[0.196198068325803,0.404122267675564],[0.196446906452867,0.403795025494942],[0.497089051600217,0.610179566845403],[0.195059445500641,0.404377317058614],[0.196943852439102,0.403128873806427],[0.196731650277819,0.403542226507484],[0.196480869044985,0.403782644026387],[0.196964791428645,0.403209633398985],[0.196417843599017,0.403505830171239],[0.195762089248973,0.404034574833774],[0.196382372427901,0.403932464823888],[0.196621678809391,0.40353962200941]],"C":[[0.101266383197486,-1.33589516340731],[-0.303165939189898,-0.879187701090069],[-1.04535721753903,-0.462436385118044],[-0.101466565953355,-0.808318743258957],[1.45798392190887,-1.49667127115268],[0.0745674000569326,-1.32399619241549],[0.0727848010070354,-1.28959696019217],[0.0505451093267307,-1.30834005817912],[-0.00420938163808293,-1.29475258287811],[-0.0148360441303721,-1.2927990562701],[0.270632149317617,-1.36589159183654],[0.594603144128127,-1.30797596201506],[0.704532059427836,-1.08779670689806],[0.780601646789881,-1.28815711055819],[0.47835534952244,-1.18992273925067],[0.00298955925316208,-1.29974484289408],[-0.000266463203985101,-1.29824227391576],[-2.83045799433501e-05,-1.29843096542944],[0.000163517424885518,-1.29841472791323],[-1.73611438931375,0.37030378921914],[8.38922226911731e-05,-1.2985330115038],[0.000124362932140853,-1.2985084449553],[9.19957997302379e-05,-1.29851946990598],[-0.000191586671052013,-1.29832139330213],[-8.50477987449638e-05,-1.29856241579376],[-8.1867581126438e-05,-1.29844486667571],[-0.302225578597516,-0.879801720569563],[-0.30147010854673,-0.880298239838911],[-0.301338467971402,-0.880386715667744],[2.15752372819122e-05,-1.29871205056169],[-0.300838060860947,-0.88071739874229],[3.8625990277763e-05,-1.29887200395582],[-0.000112771825911906,-1.29872720780942],[-0.00032676899457118,-1.29844024731601],[-0.000325835845922606,-1.29836903765831],[-0.000481290839957238,-1.29790618158618],[-0.301319936918247,-0.880405297106621],[-0.301201833151358,-0.880485022806186],[-0.000597446972419535,-1.29819151075398],[-0.000478759605255785,-1.29835819033064],[-0.301054724960578,-0.880583370983553],[0.000411616151479388,-1.29843079816946],[-0.000192112916487686,-1.29870023009001],[-0.000485211955176312,-1.29845032920435],[-0.000502202240074967,-1.29835484448239],[-0.000321589479014728,-1.29862686247173],[-8.02763270383866e-05,-1.29860307573373],[1.21683772119074e-05,-1.29843326675177],[-0.000575896571388901,-1.29827252766089],[-0.000356242830202858,-1.29849568889068]],"d":[[0.22697518219744,0.0469561195189785],[0.593594439713093,0.540288253579234]],"df":[0.5875110515625,0.615313340883152],"lambda":[[0,0],[0,0],[0,0],[0,0],[10.3682606435582,0],[8.64132933197545,0],[2.55472769981003,0],[0.827796388227299,0],[0,0],[0,0],[0,0],[0,0],[1.22648976168118,0],[1.00785258885591,0],[0.789215416030641,0],[0.923383987713195,0],[0.876935298030946,0],[0.830486608348697,0],[0.784037918666448,0],[1.05237506203156,0],[0.959477682667057,0],[0.866580303302559,0],[0.773682923938061,0],[0.680785544573562,0],[1.21745983130378,0],[1.03166507257478,0],[0.845870313845784,0],[0.660075555116788,0],[0.474280796387792,0],[1.07815258848539,0],[0.706563071027398,0],[0.334973553569406,0],[1.43633137660311,0],[0.693152341687123,0],[0,0],[0,0],[0,0],[0,0],[0,0],[0,0],[0,0],[0,0],[0,0],[0,0],[0.319498923882234,0],[0.958496771646703,0]],"rho":[0.00487498444188268,0.00487498444188268,0.00487498444188268,0.00487498444188268,0.00243749222094134,0.00243749222094134,0.00243749222094134,0.00243749222094134,0.00243749222094134,0.00243749222094134,0.00243749222094134,0.00243749222094134,0.00121874611047067,0.00121874611047067,0.00121874611047067,0.000609373055235335,0.000609373055235335,0.000609373055235335,0.000609373055235335,0.000304686527617668,0.000304686527617668,0.000304686527617668,0.000304686527617668,0.000304686527617668,0.000152343263808834,0.000152343263808834,0.000152343263808834,0.000152343263808834,0.000152343263808834,7.61716319044169e-05,7.61716319044169e-05,7.61716319044169e-05,3.80858159522085e-05,3.80858159522085e-05,3.80858159522085e-05,3.80858159522085e-05,3.80858159522085e-05,3.80858159522085e-05,3.80858159522085e-05,3.80858159522085e-05,3.80858159522085e-05,3.80858159522085e-05,3.80858159522085e-05,3.80858159522085e-05,1.90429079761042e-05,9.52145398805212e-06]}
