{"prog":[0.814296245387359,0.814296245387359,0.814296245387359,0.814296245387359,0.814296245387359,0.814296245387359,0.814296245387359,0.814296245387359,0.814296245387359,0.814296245387359,0.814296245387359,0.814296245387359,0.814296245387359,0.614794327157782,0.614794327157782,0.611984901123017,0.607204808216852,0.607204808216852,0.607204808216852,0.607204808216852,0.607204808216852,0.600032965719859,0.600032965719859,0.600032965719859,0.600032965719859,0.600032965719859,0.600032965719859,0.600032965719859,0.600032965719859,0.600032965719859,0.600032965719859,0.600032965719859,0.600032965719859,0.600032965719859,0.600032965719859,0.600032965719859,0.600032965719859,0.600032965719859,0.600032965719859,0.600032965719859,0.600032965719859,0.600032965719859,0.600032965719859,0.600032965719859,0.600032965719859,0.600032965719859,0.600032965719859,0.600032965719859,0.600032965719859,0.600032965719859],"mei":["Inf",0.00546301913620312,0.0038270434918395,0.000164511473924867,0.00444502521090605,0.00296767043140471,0.00518645084118714,0.00142935818685507,0.0150100266595963,0.00946349771809875,"Inf",0.00990382741569611,0.00640995882784764,"Inf","Inf","Inf",3.9867486384131e-06,"Inf","Inf","Inf","Inf","Inf","Inf","Inf","Inf","Inf","Inf","Inf","Inf","Inf","Inf","Inf","Inf","Inf","Inf","Inf","Inf","Inf","Inf","Inf","Inf","Inf","Inf","Inf","Inf","Inf"],"obj":[0.814296245387359,1.62972389712225,0.414841742668031,0.920184139069213,1.33459231349048,0,0.456049299250197,0.548130607565402,0.382079868052159,1,0.410951449285795,0.498836184298181,0.568636311282436,0.614794327157782,1.32947501438777,0.611984901123017,0.607204808216852,1.24167811558178,0.596484971818291,0.599470537344168,0.578665943981365,0.600032965719859,1.21166412817575,1.12135133115403,1.06827849303106,0.976748987879384,0.600338899916564,0.803270979182251,0.600306386250646,0.599762715741431,0.800812287068755,0.800803935069791,0.600574928726601,0.601623788545302,0.600167228506545,0.601910321759032,0.980274146456438,0.600391551058359,1.6297184756837,0.954458222958431,1.62971568218023,0.600247417938483,1.14731581740219,1.06206701725305,0.600579676066517,0.947465521522612,0.600977493022712,0.913018726011972,0.801030518808197,0.800557601419399],"X":[[0.0599102295795247,0.754386015807834],[0.791714625221611,0.838009271900637],[0.194809435455783,0.220032307212249],[0.708892132241487,0.211292006827726],[0.423299980411143,0.911292333079337],[0,0],[0,0.456049299250197],[0,0.548130607565402],[0,0.382079868052159],[1,0],[0.410951449285795,0],[0.0956706376404058,0.403165546657775],[0.158853516417875,0.409782794864561],[0.20210094913356,0.412693378024222],[0.418445302961248,0.91102971142652],[0.19891050686463,0.413074394258387],[0.195602103277389,0.411602704939463],[0.338672920270315,0.903005195311469],[0.189282269912904,0.407202701905387],[0.195295540610656,0.404174996733512],[0.578665943981365,0],[0.195465744307065,0.404567221412794],[0.312748554672203,0.898915573503548],[0.238967906690761,0.882383424463265],[0.198912346366966,0.869366146664094],[0.137067961834374,0.839681026045009],[0.193159568652317,0.407179331264247],[0.0563429926278342,0.746927986554417],[0.195723143497052,0.404583242753594],[0.195902789943278,0.403859925798153],[0.0555688913751801,0.745243395693575],[0.0555652049832367,0.745238730086554],[0.195411282006593,0.405163646720008],[0.193947540706669,0.407676247838632],[0.194631617115949,0.405535611390596],[0.194106519576011,0.407803802183021],[0.139257422379118,0.84101672407732],[0.194105875079007,0.406285675979352],[0.791707346067553,0.838011129616149],[0.123758564603555,0.830699658354876],[0.791703071108356,0.838012611071878],[0.194114906051702,0.406132511886781],[0.25951097884175,0.88780483856044],[0.19438997246283,0.86767704479022],[0.195394237465894,0.405185438600623],[0.119745014817732,0.827720506704879],[0.193925197966455,0.407052295056258],[0.101175729721618,0.811842996290353],[0.055637520778518,0.745392998029679],[0.0554919461652277,0.745065655254171]],"C":[[-0.0849616174752813,-0.927312503545311],[-0.815597439098695,-0.170928412418768],[1.15362012375736,-1.41363506764025],[0.127801085615802,-0.952827632696831],[-1.13786493021106,-0.490363410254744],[1.5,-1.5],[0.32557773781491,-1.2920190366534],[0.688048693930338,-1.19955283704998],[0.237817796166625,-1.35401497442924],[0.5,-0.5],[0.652599459994172,-1.3311189063299],[0.119805494943929,-1.32830467108162],[0.0408520614868213,-1.30684362135466],[-0.0157579660016254,-1.28883938209427],[-1.13933175861442,-0.494928393327781],[-0.0119084153626265,-1.28980415506692],[-0.00680340205814078,-1.29232303047998],[-1.11107198245535,-0.569882270316073],[0.00435100887657108,-1.29835818185757],[0.00038009258614663,-1.29850222383306],[0.490730178977561,-1.16514572527616],[-0.000283881787411622,-1.29811850616082],[-1.08612687586101,-0.594139133263236],[-0.986146839787431,-0.664293831804317],[-0.912356890350418,-0.704636381497214],[-0.739558184531927,-0.776148148338571],[-0.000315023710246665,-1.29689437322925],[-0.0209405706316542,-0.938924050083504],[-0.000601554395175119,-1.29800485078262],[6.51435594033467e-05,-1.29851925722675],[-0.00650947465663962,-0.941524379486443],[-0.00646851710212024,-0.941531743174151],[-0.000907742201568584,-1.29765685024108],[-0.00172622557723201,-1.29618442840205],[-0.000404697342737792,-1.29765940151289],[-0.00203458868542256,-1.29601871798316],[-0.747841936174732,-0.773298240134577],[-0.000573254021145497,-1.29725485875381],[-0.815548264112961,-0.170936824822139],[-0.682311802307665,-0.79462189529636],[-0.815517829135425,-0.170941110882091],[-0.0004266511261099,-1.29737578603707],[-1.01802692734468,-0.644456620489268],[-0.902854501950215,-0.709349084550011],[-0.000912367490766564,-1.29764585231114],[-0.662640468720714,-0.800539894206519],[-0.00111610174626553,-1.2967014466831],[-0.551848116482802,-0.8306744210896],[-0.00779050748433367,-0.941293744769947],[-0.004990628495747,-0.941797813271468]],"d":[[0.158355326614464,0.0482675610378287],[0.674208868108998,0.694173596698784]],"df":[0.695547035700656,0.713075674618153],"lambda":[[0,0],[0,0],[0,0],[0,0],[0,0],[0,0],[0,0],[0,0],[0,0],[4.07340243728279,0],[0.930915386128855,0],[0,0],[0,0],[0,0],[0,0],[0.867687432037241,0],[1.01928517378668,0],[1.32248065728555,0],[0.869582185029705,0],[0.416683712773862,0],[1.02307467977161,0],[0.117277735259919,0],[1.33005966925541,0],[2.22044604925031e-16,0],[2.42556386799097,0],[0,0],[0.831428287107527,0],[2.49428486132258,0],[0,0],[3.32571314843011,0],[0,0],[6.65142629686022,0],[0,0],[0,0],[0,0],[0,0],[0,0],[0,0],[0,0],[0,0],[0,0],[0,0],[0,0],[0,0],[0,0],[0,0]],"rho":[0.0100289775232894,0.0100289775232894,0.0100289775232894,0.0100289775232894,0.0100289775232894,0.0100289775232894,0.0100289775232894,0.0100289775232894,0.0100289775232894,0.00501448876164469,0.00501448876164469,0.00501448876164469,0.00501448876164469,0.00501448876164469,0.00501448876164469,0.00250724438082234,0.00125362219041117,0.000626811095205586,0.000626811095205586,0.000626811095205586,0.000313405547602793,0.000313405547602793,0.000156702773801396,0.000156702773801396,7.83513869006982e-05,7.83513869006982e-05,3.91756934503491e-05,1.95878467251746e-05,1.95878467251746e-05,9.79392336258728e-06,9.79392336258728e-06,4.89696168129364e-06,4.89696168129364e-06,4.89696168129364e-06,4.89696168129364e-06,4.89696168129364e-06,4.89696168129364e-06,4.89696168129364e-06,4.89696168129364e-06,4.89696168129364e-06,4.89696168129364e-06,4.89696168129364e-06,4.89696168129364e-06,4.89696168129364e-06,4.89696168129364e-06,4.89696168129364e-06]}
