{"prog":["Inf",1.21323080882738,1.21323080882738,1.21323080882738,0.95068400822363,0.95068400822363,0.95068400822363,0.95068400822363,0.95068400822363,0.95068400822363,0.853824971125169,0.853824971125169,0.853824971125169,0.638066215389344,0.638066215389344,0.612906300201153,0.612906300201153,0.612906300201153,0.612906300201153,0.612906300201153,0.601992452350659,0.601992452350659,0.601992452350659,0.601992452350659,0.600499118867352,0.599955183150846,0.599955183150846,0.599955183150846,0.599955183150846,0.599955183150846,0.599955183150846,0.599955183150846,0.599955183150846,0.599955183150846,0.599955183150846,0.599955183150846,0.599955183150846,0.599955183150846,0.599955183150846,0.599955183150846,0.599955183150846,0.599955183150846,0.599955183150846,0.599955183150846,0.599955183150846,0.599955183150846,0.599955183150846,0.599955183150846,0.599955183150846,0.599955183150846],"mei":["Inf",0.169991626100372,0.184366141301766,0.156112295992754,0.0523959401310503,0.0580424921204991,0.0615937338157263,0.00414279694508461,0.00684371314144515,0.0248022235838298,"Inf",0.0185646702804633,"Inf","Inf","Inf","Inf","Inf","Inf","Inf","Inf","Inf","Inf","Inf","Inf","Inf","Inf","Inf","Inf","Inf","Inf",0.000544404393066033,"Inf","Inf","Inf","Inf","Inf","Inf","Inf","Inf","Inf","Inf","Inf","Inf","Inf","Inf","Inf"],"obj":[0.192597774037299,1.21323080882738,1.48152927457856,0.585159806894408,0.95068400822363,1,0.485618308327851,0.627371758961102,0.413350409446929,0.484581838622889,0.853824971125169,0.539616246210736,0.329185307025169,0.638066215389344,0.799919868680845,0.612906300201153,0.594316215865,0.789877948753349,0.749857248339856,0.750643952298555,0.601992452350659,0.750755861771033,0.599213324335308,0.750085373746188,0.600499118867352,0.599955183150846,0.600227693853161,0.600258904400623,0.600266974366221,0.750870162013313,0.750887507778439,0.600126194850806,0.600198868527257,1.2128431383228,0.598828993943681,0.804965561214091,0.750220331600678,0.75011750448737,0.808156414236484,0.599824228899316,0.807017242337644,0.750180517884739,0.794822129820289,0.750555355234491,0.793697121526621,0.600684256800161,0.600021007206605,0.79016107253998,0.600466760571132,0.604259145218447],"X":[[0.0338288243007448,0.158768949736554],[0.668496995817054,0.544733813010327],[0.528090267704821,0.953439006873742],[0.453469801427207,0.131690005467201],[0.155192711654863,0.795491296568767],[1,0],[0,0.485618308327851],[0,0.627371758961102],[0,0.413350409446929],[0.0887982797535473,0.395783558869341],[0.0905483122275211,0.763276658897648],[0.140310782543916,0.39930546366682],[0.329185307025169,0],[0.229724602894475,0.408341612494868],[0.0552150869339946,0.744704781746851],[0.208439741058996,0.404466559142157],[0.190979428176352,0.403336787688648],[0.0432698035882784,0.746608145165071],[0,0.749857248339856],[0,0.750643952298555],[0.198156980244186,0.403835472106474],[0,0.750755861771033],[0.195695435231549,0.403517889103759],[0,0.750085373746188],[0.1967724200108,0.403726698856551],[0.196335150942261,0.403620032208585],[0.196627644968476,0.403600048884685],[0.196624313479174,0.403634590921449],[0.196619116310301,0.40364785805592],[0,0.750870162013313],[0,0.750887507778439],[0.196768121932056,0.40335807291875],[0.196569577792851,0.403629290734406],[0.668202415104347,0.544640723218449],[0.192372901313248,0.406456092630433],[0.0609196902972168,0.744045870916875],[0,0.750220331600678],[0,0.75011750448737],[0.0642414755017798,0.743914938734704],[0.196420380570899,0.403403848328416],[0.063021733671514,0.74399550866613],[0,0.750180517884739],[0.0476653763874641,0.747156753432825],[0,0.750555355234491],[0.0471243913569159,0.746572730169705],[0.196455354564617,0.404228902235544],[0.196712906683966,0.403308100522639],[0.0444777004200541,0.745683372119926],[0.196511496686149,0.403955263884984],[0.19975667714622,0.404502468072226]],"C":[[1.60575437179519,-1.47364803124598],[-0.648335724486894,-0.756376839546804],[-1.29511992369744,-0.312074729327064],[0.960607842876825,-1.27702288165362],[-0.450206805595694,-0.843108819332553],[0.5,-0.5],[0.438891648479281,-1.2641748586168],[0.745034422920169,-1.10640467605805],[0.230247109828879,-1.32914143901006],[0.130789704464769,-1.33547024004153],[-0.174635702341947,-0.909209745134791],[0.0693123718597862,-1.32086803098774],[0.856082154576677,-1.39163703363875],[-0.0444994382803981,-1.28048373433007],[-0.00182844868905586,-0.942366082218247],[-0.0150078374104076,-1.29295967688296],[0.00636895897770501,-1.30084629371044],[-0.00930591752092216,-0.940704001670605],[0.00118243797282834,-0.93771410711218],[-0.00533393206005245,-0.936533656877605],[-0.00248846776079026,-1.29765072264905],[-0.00626087170369362,-0.936365636016434],[0.000730525086394873,-1.29887660980278],[-0.000707166457144839,-0.937371932092041],[-0.000765947178017257,-1.29828536735348],[-0.000130616727626431,-1.29854337810442],[-0.000439934243241735,-1.29844456977443],[-0.000479937892969351,-1.29841799636052],[-0.000490793938945133,-1.29840932978822],[-0.00720760424880341,-0.936193999798101],[-0.00735127578922121,-0.936167950662285],[-0.000290471837366191,-1.2985845712026],[-0.000410598287985342,-1.29844379674758],[-0.648262131044103,-0.756872015060802],[0.00132341464486546,-1.29778611160392],[-2.01612515369695e-05,-0.942684533305641],[-0.0018250457086425,-0.937169454052969],[-0.00097331117501553,-0.937323729461641],[-0.000961961067637303,-0.942463596752695],[4.71587228340065e-05,-1.29868436925021],[-0.00089215308898908,-0.942498944169663],[-0.00149526211778593,-0.937229190586185],[-0.0169869953012749,-0.939484797693562],[-0.00460008199425825,-0.936666658728826],[-0.0117745671765547,-0.940408450306192],[-0.00102423072504837,-1.29800428826034],[-0.000162981747110325,-1.29864660839677],[-0.00253206056586439,-0.9419780427092],[-0.000752569678093729,-1.29820337644978],[-0.00516457232165701,-1.29647502325898]],"d":[[0.263201753848455,0.0404731237347751],[0.699815635113044,0.561687624114356]],"df":[0.559466374755729,0.651631847455861],"lambda":[[0,0],[0,0],[0,0],[0.904338967725659,0],[-1.11022302462516e-16,0],[0.948851199816322,0],[2.02682319344743,0],[-4.44089209850063e-16,0],[1.14254858182849,0],[3.42764574548546,0],[0.493521938423467,0],[-1.66533453693773e-16,0],[-5.21523817921318e-17,0],[0.839889890067092,0],[2.51966967020128,0],[0,0],[3.35955956026837,0],[0.734277882227154,0],[0,0],[0.770688756704203,0],[2.31206627011261,0],[-4.44089209850063e-16,0],[1.34350777565039e-17,0],[1.34350777565039e-17,0],[1.34350777565039e-17,0],[1.34350777565039e-17,0],[1.34350777565039e-17,0],[1.34350777565039e-17,0],[1.34350777565039e-17,0],[1.34350777565039e-17,0],[1.34350777565039e-17,0],[1.34350777565039e-17,0],[1.34350777565039e-17,0],[1.34350777565039e-17,0],[1.34350777565039e-17,0],[1.34350777565039e-17,0],[0.398011766008573,0],[1.19403529802572,0],[2.78608236206001,0],[0,0],[3.18409412806858,0],[0,0],[0,0],[0,0],[0,0],[0,0]],"rho":[0.485317634363428,0.485317634363428,0.485317634363428,0.242658817181714,0.242658817181714,0.121329408590857,0.0606647042954284,0.0606647042954284,0.0303323521477142,0.0151661760738571,0.0151661760738571,0.0151661760738571,0.00758308803692856,0.00379154401846428,0.00189577200923214,0.00189577200923214,0.000947886004616069,0.000947886004616069,0.000947886004616069,0.000473943002308035,0.000236971501154017,0.000236971501154017,0.000118485750577009,0.000118485750577009,0.000118485750577009,0.000118485750577009,0.000118485750577009,0.000118485750577009,0.000118485750577009,0.000118485750577009,0.000118485750577009,0.000118485750577009,0.000118485750577009,0.000118485750577009,0.000118485750577009,0.000118485750577009,5.92428752885043e-05,2.96214376442522e-05,1.48107188221261e-05,1.48107188221261e-05,7.40535941106304e-06,7.40535941106304e-06,7.40535941106304e-06,7.40535941106304e-06,7.40535941106304e-06,7.40535941106304e-06]}
