{"prog":["Inf",1.60146342184429,1.60146342184429,1.60146342184429,1.60146342184429,1.60146342184429,1.60146342184429,1.60146342184429,1.60146342184429,1.60146342184429,0.797738922296863,0.797738922296863,0.797738922296863,0.797738922296863,0.797738922296863,0.797738922296863,0.603718677646294,0.603718677646294,0.603718677646294,0.600984481539826,0.600984481539826,0.600984481539826,0.600984481539826,0.600984481539826,0.600984481539826,0.600984481539826,0.600984481539826,0.600984481539826,0.600984481539826,0.600984481539826,0.600984481539826,0.600984481539826,0.600984481539826,0.600984481539826,0.600984481539826,0.600984481539826,0.600984481539826,0.600984481539826,0.600984481539826,0.600984481539826,0.600984481539826,0.600984481539826,0.600984481539826,0.600984481539826,0.600984481539826,0.600984481539826,0.600984481539826,0.600984481539826,0.600984481539826,0.600984481539826],"mei":["Inf",0.00828407068942987,0.0213818222050709,0.0158884168128116,0.00148162914068473,0.000284724200229511,0.000399515263396028,0.000804170342087177,9.51159236195681e-05,0.000187055165439487,0.00798458707934843,0.000447372737732368,0.0818397271534593,"Inf","Inf","Inf","Inf","Inf","Inf","Inf","Inf",5.47758972482424e-06,"Inf","Inf","Inf","Inf","Inf","Inf","Inf","Inf","Inf","Inf","Inf","Inf","Inf","Inf","Inf",1.0164871853628e-05,"Inf","Inf","Inf","Inf","Inf","Inf","Inf","Inf"],"obj":[0.890557667685337,1.60146342184429,1.8163237332451,0.688945013924722,0.867426835211792,0.873075381002783,0.641903641453101,0.861356533847708,0.363369766276797,0.51324629670811,0.797738922296863,0.0122547898835984,0.365072160945772,0.682535629369032,0.445694861816662,0.546504631961969,0.603718677646294,0.741797804623582,0.719044662713176,0.600984481539826,0.601123164703899,0.601043841647747,0.601471423246687,0.601500073351244,0.601379248374333,0.511381068825539,0.601405401416135,0.601408516462079,0.601278737874633,0.601448559548328,0.860694787904275,0.601475702928016,0.601552799931921,0.860221057095922,0.601239498265841,0.859519000942731,0.858814588323749,1.6014425491078,0.857847426192431,0.601411770215881,0.856639289537625,0.343865785045102,0.854671103892625,0.601518380162884,0.852561077763109,0.84981173346524,0.601422141452954,0.846643046018128,0.601461810961484,0.601452808872986],"X":[[0.612427646958369,0.278130020726968],[0.934500328207971,0.666963093636316],[0.877174623798852,0.939149109446246],[0.335787088260005,0.353157925664717],[0.136306764217165,0.731120070994627],[0.151447150162694,0.721628230840089],[0.304284040421538,0.337619601031563],[0.120682978787667,0.740673555060041],[0.12563576244777,0.237734003829027],[0,0.51324629670811],[0.39197945521161,0.405759467085253],[0,0.0122547898835984],[0.365072160945772,0],[0,0.682535629369032],[0.0354047821928784,0.410290079623784],[0.147689080551941,0.398815551410028],[0.203464516295321,0.400254161350973],[0.357665371135319,0.384132433488263],[0.336924047350811,0.382120615362365],[0.201044800977658,0.399939680562168],[0.201319287727381,0.399803876976518],[0.201274133614941,0.399769708032806],[0.201572898592373,0.399898524654313],[0.201579055530522,0.399921017820722],[0.201686464295984,0.399692784078349],[0.511381068825539,0],[0.201604447405844,0.399800954010291],[0.201496862555014,0.399911653907064],[0.201559855493194,0.399718882381439],[0.201633326173328,0.399815233375],[0.119134830847202,0.741559957057073],[0.2017395594238,0.399736143504215],[0.201632977098405,0.399919822833517],[0.118223581260743,0.741997475835179],[0.201372079482123,0.399867418783718],[0.116651302722737,0.742867698219994],[0.115105866480888,0.743708721842861],[0.934484912892219,0.666957636215577],[0.112968020221782,0.744879405970649],[0.201756752199272,0.399655018016609],[0.110379782554807,0.746259506982818],[0,0.343865785045102],[0.106345700378412,0.748325403514213],[0.201346475834825,0.400171904328059],[0.102181890242399,0.750379187520709],[0.0970113877995397,0.7528003456657],[0.201186012650494,0.40023612880246],[0.0913433459345707,0.755299700083557],[0.201529847846323,0.399931963115161],[0.201006440385944,0.400446368487041]],"C":[[0.785308134491483,-1.04757606881145],[-0.646015780450074,-0.18186936830627],[-0.939521471325749,0.151436370410334],[0.180600912170312,-1.26252651089806],[0.0747750702908553,-0.946883907817458],[0.145291166448535,-0.956316457162201],[0.272337041798811,-1.29342422774403],[0.00156907691709633,-0.936838303465657],[1.02420350755376,-1.42769819861759],[0.556352521238682,-1.23657823891541],[-0.122040907349287,-1.1817113615627],[1.55218555180424,-1.49984982012491],[0.763472434221666,-1.36672231730238],[0.509836193295147,-1.03414511464182],[0.190704908254844,-1.33040855196018],[0.0612447029241147,-1.31913409143924],[-0.00315387116071852,-1.29839879692994],[-0.0118675365094704,-1.22451775583302],[-0.00700544079596416,-1.24046602163184],[-4.11102679252484e-05,-1.29962923991168],[-0.000113853811626541,-1.29962740434349],[-9.32058603891894e-06,-1.29967290367692],[-0.000541082391577019,-1.29944953653237],[-0.000584522342931992,-1.29942906387666],[-0.000323790543072022,-1.29956824847548],[0.489926023225176,-1.23848940244685],[-0.000414649220871088,-1.29951484395865],[-0.000480983258292156,-1.2994696834498],[-0.000231534121260868,-1.2995984397213],[-0.000469094877359022,-1.29949178093757],[-0.00525442419522566,-0.93589572216852],[-0.000452343759985152,-1.29951216573987],[-0.000640431876841097,-1.29940827785124],[-0.00858384452660629,-0.935462930688108],[-0.000274665471938884,-1.29955533300029],[-0.0152707126246606,-0.934540056514416],[-0.021725791255492,-0.933647976556542],[-0.646043962548107,-0.181905459070553],[-0.0307122335836753,-0.932392896967984],[-0.000336288764507808,-1.29957007951615],[-0.0412774426404929,-0.930913051840915],[0.350050750945964,-1.38175632187532],[-0.0570102349431384,-0.928699682466315],[-0.000742048697988773,-1.29932204365535],[-0.0725397279917606,-0.926489936242251],[-0.0906421273398934,-0.923880430202809],[-0.000672335431144866,-1.29933522951502],[-0.10902929255071,-0.921178756207166],[-0.00054960821053035,-1.29944014530589],[-0.000813694522820763,-1.29923911688891]],"d":[[0.151073951769734,0.0365679761030378],[0.744640622805466,0.70111451411874]],"df":[0.743808751849548,0.870387119344724],"lambda":[[0,0],[0,0],[0,0],[0,0],[0.898830069448493,0],[2.69649020834548,0],[6.29181048613945,0],[-2.39808173319034e-14,0],[-2.39808173319034e-14,0],[-2.39808173319034e-14,0],[-2.39808173319034e-14,0],[-2.39808173319034e-14,0],[-2.39808173319034e-14,0],[-1.31560147929089e-16,0],[-1.31560147929089e-16,0],[-1.31560147929089e-16,0],[-7.34526676255596e-18,0],[-7.34526676255596e-18,0],[-7.34526676255596e-18,0],[-7.34526676255596e-18,0],[-7.34526676255596e-18,0],[-7.34526676255596e-18,0],[-7.34526676255596e-18,0],[-7.34526676255596e-18,0],[-7.34526676255596e-18,0],[-7.34526676255596e-18,0],[-7.34526676255596e-18,0],[-7.34526676255596e-18,0],[-7.34526676255596e-18,0],[-7.34526676255596e-18,0],[-7.34526676255596e-18,0],[-7.34526676255596e-18,0],[-7.34526676255596e-18,0],[-7.34526676255596e-18,0],[-7.34526676255596e-18,0],[-7.34526676255596e-18,0],[-7.34526676255596e-18,0],[-7.34526676255596e-18,0],[-7.34526676255596e-18,0],[-7.34526676255596e-18,0],[-7.34526676255596e-18,0],[-7.34526676255596e-18,0],[-7.34526676255596e-18,0],[-7.34526676255596e-18,0],[-7.34526676255596e-18,0],[-7.34526676255596e-18,0]],