{"prog":["Inf",1.34298570243711,0.810720197258219,0.810720197258219,0.810720197258219,0.810720197258219,0.810720197258219,0.810720197258219,0.810720197258219,0.810720197258219,0.810720197258219,0.810720197258219,0.810720197258219,0.605502302420176,0.605502302420176,0.600692726009589,0.600692726009589,0.600692726009589,0.600692726009589,0.600692726009589,0.600692726009589,0.600692726009589,0.600692726009589,0.600692726009589,0.600692726009589,0.600692726009589,0.600692726009589,0.599824542685795,0.599824542685795,0.599824542685795,0.599824542685795,0.599824542685795,0.599824542685795,0.599824542685795,0.599824542685795,0.599824542685795,0.599824542685795,0.599824542685795,0.599824542685795,0.599824542685795,0.599824542685795,0.599824542685795,0.599824542685795,0.599824542685795,0.599824542685795,0.599824542685795,0.599824542685795,0.599824542685795,0.599824542685795,0.599824542685795],"mei":["Inf",0.162025831040384,0.152429625187167,0.0244126341549757,0.0364618000827786,0.0500106251630782,0.0242311955805745,0.0627076500426247,0.0352930887011388,0.010685825396783,0.013342319954755,1.40516679892108e-05,"Inf","Inf","Inf",1.52530564327169e-05,"Inf","Inf","Inf","Inf","Inf","Inf","Inf","Inf","Inf","Inf","Inf","Inf","Inf","Inf","Inf","Inf","Inf","Inf","Inf","Inf","Inf","Inf","Inf","Inf","Inf","Inf","Inf","Inf","Inf","Inf"],"obj":[0.674892484535205,1.34298570243711,0.810720197258219,1.17056403117966,0.40804863231444,1,0.221391426205535,2,0.479504994037981,0.565144810484541,0.472232610704597,0,0.509144962929095,0.605502302420176,0.607138105801949,0.600692726009589,0.59846895255632,0.597863706291973,0.597060229086464,0.596347071406747,0.595512741677121,0.594793788674681,0.598473444602663,1.31441696308654,0.599559285651417,0.598612483542768,0.59940844211556,0.599824542685795,0.599793528338413,0.599770089583377,0.599742680875977,1,0.599849912133691,0.599799470910092,0.59974420583671,0.59989035016464,0.599775919366458,0.599995255404078,0.599868275841883,0.600003106654352,0.600203538114649,1,0.600192354982879,0.600129778785172,1,0.600512778368018,0.807821994959891,1,1,1],"X":[[0.661130149234349,0.0137623353008559],[0.731050418240728,0.611935284196384],[0.401488246601421,0.409231950656798],[0.948485452641846,0.222078578537814],[0.343548835786886,0.0644997965275542],[0,1],[0,0.221391426205535],[1,1],[0,0.479504994037981],[-2.77555756156289e-17,0.565144810484541],[0.0595065572877818,0.412726053416815],[0,0],[0.11355678463139,0.395588178297705],[0.209122894684544,0.396379407735632],[0.207494010214644,0.399644095587305],[0.196481857003498,0.404210869006092],[0.19197536076731,0.40649359178901],[0.192378268172773,0.4054854381192],[0.19186612125917,0.405194107827294],[0.191383567580628,0.404963503826119],[0.19071975071512,0.404792990962001],[0.190160836822883,0.404632951851798],[0.193419383619697,0.405054060982966],[0.711243108248362,0.60317385483818],[0.194313188989709,0.405246096661708],[0.193479716118022,0.405132767424745],[0.194140106579302,0.405268335536258],[0.194467019235121,0.405357523450674],[0.194396686326299,0.405396842012114],[0.194423133437361,0.405346956146015],[0.194391596953784,0.405351083922192],[0,1],[0.19454617630806,0.405303735825631],[0.194370157694016,0.405429313216077],[0.19432643125086,0.40541777458585],[0.194390934764599,0.405499415400041],[0.1944847029035,0.405291216462958],[0.195043871589661,0.404951383814417],[0.195251530709924,0.404616745131959],[0.195838105827005,0.404165000827347],[0.19538206347142,0.404821474643229],[0,1],[0.196258718214889,0.40393363676799],[0.193451173057884,0.406678605727288],[0,1],[0.194461261669069,0.406051516698949],[0.3989347512952,0.408887243664691],[0,1],[0,1],[0,1]],"C":[[0.542287944940436,-1.06271752390043],[-0.919153877489153,-0.591100493945547],[-0.137460569670105,-1.17133639840255],[-0.0307271945160506,-0.551056451081416],[1.0618994405116,-1.37781397367738],[-0.5,-0.5],[1.23312304863761,-1.45098583640268],[-1.5,0.5],[0.413634992356547,-1.27007496069264],[0.734816938544396,-1.18061134318239],[0.165216666978555,-1.32611617447074],[1.5,-1.5],[0.103140085313569,-1.33061484985528],[-0.001872355400999,-1.29915098004191],[-0.00639863787834855,-1.29723083258725],[-0.00103282233890639,-1.2980084532458],[0.00176242819367245,-1.29790842069273],[0.00230681741569511,-1.29857216140812],[0.00322125720639521,-1.299005126495],[0.00403766784483756,-1.29937689062898],[0.00500254181207088,-1.2997686111552],[0.00583270313977374,-1.30011103041452],[0.00154827621323056,-1.29852014972138],[-0.893583813668265,-0.630314541808859],[0.000287163379380229,-1.2980179857251],[0.00139056948674798,-1.29843304020966],[0.000465851881544133,-1.29806719522905],[-1.63397507010887e-05,-1.29786785661174],[2.32047954605297e-05,-1.29786332883196],[4.68485610793934e-05,-1.29789349032756],[7.93734913482336e-05,-1.29790240579686],[-0.5,-0.5],[-5.00589187089617e-05,-1.2978806670097],[1.88991403708982e-05,-1.29784731378314],[8.2942678382214e-05,-1.29787366616716],[-8.19309252336753e-05,-1.29778238859157],[3.59501326028244e-05,-1.29791473019451],[-0.000237481709441989,-1.2979722649021],[-9.31156339155081e-05,-1.29816212931425],[-0.000234336866367313,-1.29829808841232],[-0.000482913782900773,-1.29794542294133],[-0.5,-0.5],[-0.00043521992355755,-1.29832013261203],[-0.000185110067742245,-1.29718915528624],[-0.5,-0.5],[-0.000753508370686995,-1.29730698349656],[-0.136543810783455,-1.17366228617733],[-0.5,-0.5],[-0.5,-0.5],[-0.5,-0.5]],"d":[[0.226017518173011,0.0507713977567386],[0.782567893921125,0.471676086588408]],"df":[0.957296176945055,0.521187802430696],"lambda":[[0,0],[0,0],[0,0],[0,0],[0,0],[0,0],[0,0],[0.910950848163479,0],[0,0],[1.13736162233856,0],[1.09606739284475,0],[0.954947378527332,0],[0.932168795643776,0],[0.90939021276022,0],[0.886611629876665,0],[0.863833046993109,0],[0.841054464109553,0],[0.818275881225997,0],[0.869152038451914,0],[0.823594872684802,0],[0.891888395629036,0],[0.800774064094812,0],[0.82610726842988,0],[0.876773677100015,0],[0.871007785304368,0],[0.86524189350872,0],[0.859476001713072,0],[0.853710109917424,0],[0.870241802408154,0],[0.834912706638807,0],[0.79958361086946,0],[0.832646995850919,0],[0.761988804312226,0],[0.812732436432211,0],[0.914219700672182,0],[0.388488624881207,0],[0.836631533231666,0],[0.652122995770933,0],[1.05807205273082,0],[0.68905497780935,0],[1.50095309172911,0],[0.762918941886183,0],[0.0248847920432511,0],[1.64868101988278,0],[0.172612720196917,0],[1.87988613599863,0]],"rho":[0.181367268400528,0.181367268400528,0.181367268400528,0.181367268400528,0.181367268400528,0.181367268400528,0.181367268400528,0.0906836342002642,0.0906836342002642,0.0453418171001321,0.0453418171001321,0.0453418171001321,0.0453418171001321,0.0453418171001321,0.0453418171001321,0.0453418171001321,0.0453418171001321,0.0453418171001321,0.0226709085500661,0.0226709085500661,0.011335454275033,0.011335454275033,0.00566772713751652,0.00283386356875826,0.00283386356875826,0.00283386356875826,0.00283386356875826,0.00283386356875826,0.00141693178437913,0.00141693178437913,0.00141693178437913,0.000708465892189564,0.000708465892189564,0.000354232946094782,0.000177116473047391,0.000177116473047391,8.85582365236956e-05,8.85582365236956e-05,4.42791182618478e-05,4.42791182618478e-05,2.21395591309239e-05,2.21395591309239e-05,2.21395591309239e-05,1.10697795654619e-05,1.10697795654619e-05,5.53488978273097e-06]}
