{"prog":[1.17839082744866,1.17839082744866,1.16972407635528,1.16972407635528,1.16972407635528,1.16972407635528,1.16972407635528,1.16972407635528,1.16972407635528,1.16972407635528,1.16972407635528,1.16972407635528,0.757171710768457,0.757171710768457,0.757171710768457,0.61927233869877,0.61927233869877,0.61927233869877,0.61927233869877,0.61477105365478,0.61477105365478,0.61477105365478,0.61477105365478,0.611095972215509,0.611095972215509,0.611095972215509,0.609796102613458,0.609796102613458,0.609796102613458,0.609796102613458,0.609796102613458,0.609796102613458,0.609796102613458,0.609796102613458,0.609796102613458,0.609796102613458,0.609796102613458,0.609796102613458,0.609796102613458,0.609796102613458,0.608581739533107,0.608581739533107,0.608581739533107,0.608581739533107,0.608581739533107,0.608581739533107,0.608581739533107,0.608581739533107,0.608581739533107,0.608581739533107],"mei":["Inf",0.0202961958166398,0.0121245474288557,0.0134328486630888,0.0218197081093652,0.0239285008347082,0.0441204029906051,0.0235818300951094,0.110853722656903,0.0209171407200263,0.00145629301466159,0.0009561045950815,"Inf","Inf",6.01253928817254e-06,0.000423888213729798,"Inf","Inf","Inf","Inf","Inf","Inf",7.68613846692145e-06,"Inf","Inf","Inf","Inf","Inf","Inf","Inf","Inf","Inf",7.68296095554102e-06,1.17091589464992e-05,1.96092699075526e-05,"Inf","Inf","Inf","Inf","Inf","Inf","Inf","Inf","Inf","Inf","Inf"],"obj":[1.17839082744866,0.841721224193862,1.16972407635528,0.919524422339053,1.82462756723273,0,0.217522427171211,0.440318410484067,0.494188251645168,0.294102904295992,0.479820553575862,0.705160715772267,0.757171710768457,0.578070062190319,0.493785840818184,0.61927233869877,1.15944563854686,0.755162326530206,0.577832445752473,0.61477105365478,0.603836162572935,1.15064603342008,1.14985895323869,0.611095972215509,1.17744471537126,0.608309137817439,0.609796102613458,0.609525780330108,0.753998995157188,0.75020313473849,0.609934477490641,0.610095612484601,1.1505461858944,1.17782210234566,0.610373128575027,1.1778298297271,0.608682056454214,0.605111705015477,0.60155402576416,0.610187631050176,0.608581739533107,1.17785995377753,0.753353887006058,0.609743015722976,0.609535077246753,0.754785967272292,0.609731872841117,0.753689374727933,0.753118536363969,0.60943692949873],"X":[[0.258691347143308,0.919699480305356],[0.536267689703095,0.305453534490767],[0.836074895671586,0.333649180683691],[0.302337589846537,0.617186832492516],[0.967612987022757,0.857014580209976],[0,0],[0,0.217522427171211],[0,0.440318410484067],[0,0.494188251645168],[0.294102904295992,0],[0.0782816733692462,0.401538880206615],[0,0.705160715772267],[0.00780529706250838,0.749366413705949],[0.164058069039126,0.414011993151193],[0.493785840818184,0],[0.195978635230173,0.423293703468596],[0.826756261254686,0.33268937729217],[0.00582682566810452,0.749335500862101],[0.504088792227732,0.0737436535247411],[0.193032286199131,0.421738767455649],[0.18445871490237,0.419377447670564],[0.818892629825249,0.331753403594827],[0.818388263234216,0.331470690004476],[0.189981429472289,0.42111454274322],[0.25805358709223,0.919391128279026],[0.187713539942177,0.420595597875263],[0.189147552750736,0.420648549862723],[0.188842228790399,0.420683551539708],[0.00419200479056061,0.749806990366627],[0,0.75020313473849],[0.189173852881451,0.42076062460919],[0.189317370477226,0.420778242007374],[0.818896922779002,0.331649263115399],[0.258308858305345,0.919513244040312],[0.189483298396515,0.420889830178512],[0.258314362340876,0.919515467386219],[0.188835497882046,0.419846558572168],[0.188935600234817,0.41617610478066],[0.1902730287893,0.41128099697486],[0.189802349651931,0.420385281398245],[0.189170047318277,0.41941169221483],[0.258334920896624,0.919525032880906],[0.00339266507992766,0.749961221926131],[0.189355623054593,0.420387392668383],[0.189332857827019,0.420202219419734],[0.00442022245965871,0.750365744812634],[0.189394545606864,0.420337327234254],[0.00371365288785996,0.749975721840073],[0.00272920432860942,0.750389332035359],[0.189198652848434,0.420238276650296]],"C":[[-1.09311198192755,-0.587231652839239],[0.800694110614653,-1.1191151032476],[-0.102375004962121,-0.689656993056848],[0.354416927648652,-1.02767239556364],[-1.6740588440371,0.170748883347583],[1.5,-1.5],[1.26339975854862,-1.45268399367755],[0.27855076010958,-1.30611969738878],[0.47513965769397,-1.25577797193589],[0.947340962629476,-1.41350348168466],[0.14023861073965,-1.33263850729693],[0.356738811905058,-1.00274836493154],[-0.0023658386148811,-0.938389055347251],[0.0334777822349921,-1.30167901951013],[0.506590512381385,-1.25617554340748],[-0.00952891390682958,-1.28241481513716],[-0.0490225501976566,-0.705791862713122],[-0.000216045476625256,-0.938462355250377],[0.537969343752913,-1.24045636311521],[-0.00564237097844933,-1.28487494850973],[0.00605922531424397,-1.29009753888189],[-0.00462934273088411,-0.719354540021136],[-0.00274237515420182,-0.72036783226844],[-0.00142986743306212,-1.28656959834583],[-1.09198369308062,-0.588128299430652],[0.00167943964830242,-1.28786296997033],[-0.000328829775108119,-1.2872780007868],[0.000105912106957928,-1.28736396208941],[-0.00253806468353434,-0.937771904293177],[-0.00168260129511767,-0.937195256628543],[-0.000348839097088993,-1.28717375016447],[-0.000548158431769641,-1.28710460428877],[-0.00510108763919918,-0.719416596138094],[-1.09243398933934,-0.587771927755451],[-0.000764284267499304,-1.28694783048108],[-1.09244323655925,-0.58776499544593],[1.19620726978242e-05,-1.28807002199475],[4.23471091019478e-05,-1.29110078877351],[0.000155128336144728,-1.29464411604271],[-0.00128338963794583,-1.28725128325032],[-0.000485852031888445,-1.28830852563109],[-1.09247919115524,-0.587736782550704],[-0.0030352988373716,-0.93754665543072],[-0.00065668226033222,-1.28741888810309],[-0.00064675216391813,-1.28758316374178],[-0.0073883654694095,-0.936931710645189],[-0.000717423979309961,-1.28744623742793],[-0.00346922600684432,-0.937522625432689],[-0.00593070391218422,-0.93690840181126],[-0.000454728300004315,-1.28760366059833]],"d":[[0.128200728592662,0.0431783920855628],[0.718446059302678,0.716414851297364]],"df":[0.818534589669252,0.821325868195563],"lambda":[[0,0],[0,0],[0,0],[0,0],[0,0],[0,0],[0,0],[0,0],[0,0],[0,0],[2.68629906172582,0],[2.30662337074131,0],[0.77739946292659,0],[0,0],[0,0],[0,0],[0,0],[0.972399614895977,0],[0,0],[1.94479922979195,0],[1.02692443943329,0],[0.109049649074623,0],[1.1871323296518,0],[0.764960939616454,0],[0.342789549581108,0],[0.478765865598413,0],[0.750718497633022,0],[1.29462376170224,0],[0,0],[1.08781052813844,0],[3.26343158441531,0],[4.44089209850063e-16,0],[4.35124211255374,0],[5.33413020667651,0],[12.2932033386084,0],[26.2113496024721,0],[54.0476421301996,0],[-7.105427357601e-15,0],[55.672585055455,0],[-7.105427357601e-15,0],[111.34517011091,0],[0,0],[0,0],[0,0],[0,0],[0,0]],"rho":[0.0124624181692876,0.0124624181692876,0.0124624181692876,0.0124624181692876,0.0124624181692876,0.0124624181692876,0.0124624181692876,0.0124624181692876,0.0124624181692876,0.0124624181692876,0.00623120908464382,0.00623120908464382,0.00623120908464382,0.00623120908464382,0.00623120908464382,0.00623120908464382,0.00623120908464382,0.00311560454232191,0.00311560454232191,0.00155780227116095,0.00155780227116095,0.00155780227116095,0.000778901135580477,0.000778901135580477,0.000778901135580477,0.000389450567790239,0.000194725283895119,9.73626419475597e-05,9.73626419475597e-05,4.86813209737798e-05,2.43406604868899e-05,2.43406604868899e-05,1.2170330243445e-05,6.08516512172248e-06,3.04258256086124e-06,1.52129128043062e-06,7.6064564021531e-07,7.6064564021531e-07,3.80322820107655e-07,3.80322820107655e-07,1.90161410053827e-07,1.90161410053827e-07,1.90161410053827e-07,1.90161410053827e-07,1.90161410053827e-07,1.90161410053827e-07]}
