{"prog":["Inf","Inf",1.37533471020296,0.969861650646166,0.969861650646166,0.969861650646166,0.969861650646166,0.969861650646166,0.969861650646166,0.969861650646166,0.89450639039798,0.82311787427706,0.754770363543932,0.754770363543932,0.754770363543932,0.611924665879165,0.611924665879165,0.611924665879165,0.611924665879165,0.599942400121924,0.599884589822948,0.599878185819703,0.599870885802325,0.599870885802325,0.599870885802325,0.599870885802325,0.599870885802325,0.599870885802325,0.599870885802325,0.599870885802325,0.599870885802325,0.599870885802325,0.599870885802325,0.599870885802325,0.599870885802325,0.599870885802325,0.599870885802325,0.599870885802325,0.599870885802325,0.599870885802325,0.599870885802325,0.599870885802325,0.599870885802325,0.599870885802325,0.599870885802325,0.599870885802325,0.599870885802325,0.599870885802325,0.599870885802325,0.599870885802325],"mei":["Inf",0.0111824430391188,0.0257487901684762,0.0184857547689977,0.0170723784927018,0.0348002234024811,0.00225017294991398,0.0190229315313346,0.0150481283186419,0.0522810546380158,"Inf","Inf",0.00116947224702832,"Inf","Inf","Inf","Inf","Inf","Inf","Inf","Inf","Inf","Inf","Inf","Inf","Inf","Inf","Inf","Inf","Inf","Inf","Inf","Inf","Inf","Inf","Inf","Inf","Inf","Inf","Inf","Inf","Inf","Inf","Inf","Inf","Inf"],"obj":[0.449987525499889,0.666822693749988,1.37533471020296,0.969861650646166,1.27405025537453,1,0,0.542789619109759,0.638604690483355,0.866481510982755,0.89450639039798,0.82311787427706,0.754770363543932,0.642878051321483,0.627143597372539,0.611924665879165,0.368311954394425,0.598094952304724,0.598649630453755,0.599942400121924,0.599884589822948,0.599878185819703,0.599870885802325,0.599844590304743,1,0.59999711850548,0.600033924337581,0.59994308740928,0.600179766741951,0.853265791522501,0.599964409006016,0.677002549287256,0.600346418249102,0.625030249403179,0.600567055240205,0.680772840463965,0.721875525126681,0.896327571031942,0.600868116327468,0.631252517974812,1,0.693954242986792,0.759639373859523,0.627187028642693,0.661221516792541,0.6400606606509,1,0.894989501112332,0.68799754626858,1],"X":[[0.272826084152988,0.177161441346901],[0.0355455371773675,0.631277156572621],[0.483780281525985,0.891554428676971],[0.529892149295167,0.439969501350999],[0.803535754504506,0.470514500870023],[0,1],[0,0],[0.542789619109759,0],[0.638604690483355,0],[0.477306644480578,0.389174866502177],[0.48908765845741,0.405418731940571],[0.414832732595822,0.408285141681239],[0.365766685557542,0.38900367798639],[0.274222375711782,0.368655675609701],[0.242395704064515,0.384747893308024],[0.209879117530795,0.40204554834837],[0,0.368311954394425],[0.19315093942769,0.404944012877034],[0.19275876330292,0.405890867150835],[0.193839157715631,0.406103242406292],[0.193810922106839,0.406073667716108],[0.193896736796452,0.405981449023251],[0.194028848132812,0.405842037669513],[0.193986626796002,0.40585796350874],[0,1],[0.194456694885213,0.405540423620267],[0.194623215973617,0.405410708363963],[0.194242215784566,0.405700871624714],[0.194322391006322,0.40585737573563],[0.455837134876199,0.397428656646302],[0.195586950838623,0.404377458167393],[0.295915981629555,0.381086567657702],[0.195549921732091,0.404796496517011],[0.236695507639233,0.388334741763946],[0.1955204407386,0.405046614501605],[0.299665229196735,0.38110761126723],[0.337381175871247,0.384494349255434],[0.488672364282632,0.40765520674931],[0.195879979006294,0.404988137321175],[0.245592515947598,0.385660002027214],[0,1],[0.312665418956008,0.381288824030783],[0.361364699653992,0.398274674205531],[0.241301550058237,0.385885478584457],[0.279945083789742,0.381276433002799],[0.255706837741558,0.384353822909341],[0,1],[0.487602208117241,0.407387292995091],[0.304669935797664,0.383327610470916],[0,1]],"C":[[1.3640599932184,-1.39417975150564],[0.700642472523497,-1.10022566637636],[-0.918602849238338,-0.471087339913118],[-0.201567687831886,-1.0256411479963],[0.235265951554812,-0.632946395703908],[-0.5,-0.5],[1.5,-1.5],[0.476732341935293,-1.20537942938668],[0.587714053596368,-1.09218404929266],[0.0882581042196309,-1.1207212904177],[-0.0174390112818656,-1.09642891413635],[-0.125485056124565,-1.16121704704941],[-0.0373489609790816,-1.21489087024931],[0.062781977544009,-1.28889508149974],[0.00324393288867447,-1.29321338124611],[-0.0129753052264593,-1.29431013307775],[0.265140919830465,-1.36434630425016],[0.00198500971865395,-1.29871306103325],[0.00143279223925774,-1.29809666313347],[-6.89281083056104e-05,-1.29750653744319],[-4.86530913723637e-06,-1.29754150285968],[-1.10106281141498e-05,-1.29758311850867],[-2.13764650299209e-05,-1.29764504655251],[1.18146297457544e-05,-1.29764850208085],[-0.5,-0.5],[-0.000203906379681207,-1.29772355862421],[-0.000258348864840496,-1.29776396134792],[-0.000123717748982732,-1.29767676437005],[-0.000384911131646737,-1.29751859891457],[-0.0107904761573941,-1.13426296934417],[-0.000199630488697089,-1.29822461598773],[-0.00303031346628507,-1.26720675976709],[-0.000649515804796941,-1.29790002451813],[-0.00488411687345075,-1.29317136500254],[-0.000902649268585187,-1.29770899733417],[-0.00363968165526918,-1.26495773904465],[-0.0201971424726402,-1.23833803755838],[-0.0351937677090895,-1.0950165527966],[-0.00125544757383667,-1.29761564245362],[-0.00197911067329021,-1.2909506789469],[-0.5,-0.5],[-0.00532271877203233,-1.25685916845829],[-0.0898202152451557,-1.21079283773046],[-1.30316656928864e-05,-1.29286595935714],[-0.000350646829599677,-1.27625903169862],[-0.0030636304638299,-1.28688615194719],[-0.5,-0.5],[-0.0350042608032992,-1.09627968014532],[-0.0151497792197103,-1.2602361732717],[-0.5,-0.5]],"d":[[0.159667003432787,0.0437067342091912],[0.722056257301094,0.686209745681393]],"df":[0.661354961672782,0.581950510198182],"lambda":[[0,0],[0,0],[0,0],[0,0],[0,0],[0,0],[0,0],[0,0],[0,0],[0,0],[2.20017190998126,0],[2.42753684172534,0],[0.608677149854231,0],[0,0],[0.278255817664284,0],[0.834767452992852,0],[0.796118479224329,0],[0.793390430974592,0],[0.787216614695289,0],[0.775230525761264,0],[0.781855157226615,0],[0.795104420157317,0],[0.821602946018722,0],[0.725714234546521,0],[0.77871128626933,0],[0.884705389714947,0],[0.501150543826144,0],[0.713138750717379,0],[1.13711516449985,0],[-2.22044604925031e-16,0],[0.847952827564939,0],[2.54385848269482,0],[0,0],[3.39181131025976,0],[0,0],[0,0],[0,0],[0,0],[0,0],[0,0],[0,0],[0,0],[0,0],[0,0],[0,0],[0,0]],"rho":[0.0285350327668458,0.0285350327668458,0.0285350327668458,0.0285350327668458,0.0285350327668458,0.0285350327668458,0.0285350327668458,0.0285350327668458,0.0285350327668458,0.0285350327668458,0.0142675163834229,0.00713375819171144,0.00713375819171144,0.00713375819171144,0.00356687909585572,0.00178343954792786,0.00178343954792786,0.00178343954792786,0.00178343954792786,0.00178343954792786,0.00089171977396393,0.000445859886981965,0.000222929943490983,0.000222929943490983,0.000111464971745491,5.57324858727456e-05,5.57324858727456e-05,2.78662429363728e-05,1.39331214681864e-05,1.39331214681864e-05,6.96656073409321e-06,3.4832803670466e-06,3.4832803670466e-06,1.7416401835233e-06,1.7416401835233e-06,1.7416401835233e-06,1.7416401835233e-06,1.7416401835233e-06,1.7416401835233e-06,1.7416401835233e-06,1.7416401835233e-06,1.7416401835233e-06,1.7416401835233e-06,1.7416401835233e-06,1.7416401835233e-06,1.7416401835233e-06]}
