{"prog":["Inf",0.971573215045867,0.971573215045867,0.971573215045867,0.971573215045867,0.971573215045867,0.971573215045867,0.971573215045867,0.971573215045867,0.971573215045867,0.971573215045867,0.971573215045867,0.971573215045867,0.971573215045867,0.971573215045867,0.971573215045867,0.971573215045867,0.971573215045867,0.60932866375332,0.604016411855201,0.604016411855201,0.604016411855201,0.603974359860906,0.603974359860906,0.603974359860906,0.602811834100494,0.602811834100494,0.602679953588835,0.602679953588835,0.602355080309237,0.60175765918183,0.60175765918183,0.60175765918183,0.60175765918183,0.60175765918183,0.601405090645552,0.601405090645552,0.601405090645552,0.601405090645552,0.601405090645552,0.601405090645552,0.600878723774212,0.600878723774212,0.600878723774212,0.600878723774212,0.600878723774212,0.600878723774212,0.600475124193,0.600475124193,0.600475124193],"mei":["Inf",0.00595568531509152,0.0033740282981415,0.00774299535597758,0.029031790189874,0.00696427237521485,0.0145259509411737,0.0133284357754794,0.0320498109184996,0.0175610895634319,0.139362604433103,0.00200393975101959,0.00010201476853392,0.000161266963423519,0.0283539262946725,0.0399852666700446,"Inf","Inf","Inf","Inf",1.36000215106871e-05,"Inf","Inf","Inf","Inf","Inf","Inf","Inf","Inf","Inf","Inf","Inf","Inf","Inf","Inf","Inf","Inf","Inf","Inf","Inf","Inf","Inf","Inf","Inf","Inf",2.38705915492181e-06],"obj":[0.800844005854066,0.971573215045867,0.345557219731984,1.40516563428686,0.707046722538547,2,0,0.370118670858356,0.423844369226753,0.763497615813349,0.5558651624213,0.49849214175861,0.56197640348396,0.805543386468167,0.59835901143451,0.13348809009218,0.364700278858884,0.497306552318254,0.60932866375332,0.604016411855201,0.603612251913475,0.822382966186585,0.603974359860906,0.604177496980793,0.577919144584289,0.602811834100494,0.97156735898909,0.602679953588835,0.609141487933959,0.602355080309237,0.60175765918183,0.602010484905929,1.40515750499931,0.971563250337061,1.40515028545329,0.601405090645552,0.89257078182228,0.601891816078749,0.874445356740585,0.869308737309168,0.868479307681385,0.600878723774212,0.868016962538632,0.601201241843355,0.602387427434206,0.857889222059412,0.601001924071823,0.600475124193,0.863000563605563,0.531308971609873],"X":[[0.679524507387431,0.121319498466635],[0.0535309969059962,0.918042218139871],[0.0609007815459978,0.284656438185986],[0.963808111768171,0.44135752251869],[0.374324603233096,0.332722119305451],[1,1],[0,0],[0,0.370118670858356],[0,0.423844369226753],[0.443948380219541,0.319549235593807],[0.286918405813596,0.268946756607704],[0.0828883883386734,0.415603753419936],[0.156290812690961,0.405685590792999],[0.692490719451348,0.113052667016819],[0.200656482070042,0.397702529364468],[0,0.13348809009218],[0.364700278858884,0],[0,0.497306552318254],[0.214553960431119,0.394774703322201],[0.207808753881201,0.396207657974],[0.207353395499386,0.396258856414089],[0.706222184662681,0.116160781523904],[0.207780555625304,0.396193804235602],[0.208060882566526,0.396116614414267],[0.189800647335491,0.388118497248799],[0.205455233602091,0.397356600498403],[0.0535255321551982,0.918041826833892],[0.205051728200288,0.397628225388548],[0.216819744172952,0.392321743761008],[0.204455457878393,0.397899622430844],[0.202314292626236,0.399443366555594],[0.203575113392316,0.398435371513613],[0.963801234308531,0.441356270690779],[0.0535217090227798,0.918041541314282],[0.963795617055382,0.441354668397904],[0.201965169585373,0.399439921060179],[0.767089166471755,0.125481615350525],[0.203271944141152,0.398619871937597],[0.737435485481734,0.137009871258851],[0.733661027103357,0.135647710205811],[0.732964515449947,0.135514792231438],[0.200444970495448,0.400433753278765],[0.732062849651282,0.13595411288735],[0.201112333432162,0.400088908411193],[0.204357048479558,0.398030378954648],[0.719590370114108,0.138298851945303],[0.201140837285255,0.399861086786568],[0.197164522720173,0.403310601472827],[0.725807824111628,0.137192739493934],[0.531308971609873,0]],"C":[[0.0872217059045403,-1.02352802315167],[-0.82280782377811,-0.654332918083077],[0.669472454310802,-1.41526180700635],[-0.48966813788684,-0.376277461006036],[0.381004618517965,-1.24917708273927],[-1.5,0.5],[1.5,-1.5],[0.260703030397445,-1.36301216948204],[0.243577633630768,-1.32035595067478],[0.595134704656539,-1.20079812173186],[0.812959085978754,-1.34534547051558],[0.139459136095896,-1.32040303522188],[0.0457485108012247,-1.31099238329133],[0.0815206034038171,-1.00767569795414],[0.00419939400678188,-1.30156967434038],[1.73018218738889,-1.48218092980354],[0.764415574737026,-1.36699370660025],[0.488466695554237,-1.25268619302133],[-0.00368848463172161,-1.29811953168019],[-0.000218230878437586,-1.2998350135731],[0.000131144055540655,-1.29998348808827],[0.0641175573095971,-0.987756898726026],[-0.000162079874579391,-1.29985771018936],[-0.000283103357487879,-1.29980229693062],[0.0349074802274116,-1.31333974636436],[-0.0001066843042698,-1.29989587902586],[-0.82280188637796,-0.654334221590994],[-0.000206469856655955,-1.29984558313643],[4.55693420962078e-05,-1.2990728479091],[-9.70175235453508e-05,-1.29987385621313],[-0.00057648358753809,-1.29951392391388],[-0.000155103607435259,-1.29980642793412],[-0.48962638768915,-0.376291823067281],[-0.822797746017755,-0.654335155084579],[-0.489594618624663,-0.376304065228212],[-0.00019921790400379,-1.29965781973779],[0.055566073254648,-0.895828574890691],[-0.000165803345351045,-1.29978271442153],[-0.00759430638182085,-0.937417199929952],[-0.0021191941473549,-0.943341196025568],[-0.0014037948490826,-0.944398760177695],[-0.000185184412175909,-1.29947462303816],[-0.00203572940011909,-0.945600463349458],[-0.000355741176186752,-1.29948269470781],[-0.000235417210555589,-1.29981001416594],[0.00457384799933658,-0.963063126789652],[-1.6125621278229e-05,-1.29965347485005],[-0.000680330295518505,-1.29846670972015],[-0.000135908285633202,-0.954381154688493],[0.47894577190913,-1.21771077668686]],"d":[[0.0955949313827173,0.0325802116321598],[0.750361718420057,0.697613449621508]],"df":[0.88882751542423,0.838385024688978],"lambda":[[0,0],[0,0],[0,0],[0,0],[0,0],[0,0],[0,0],[0,0],[0,0],[11.685124330326,0],[2.8421709430404e-14,0],[2.14522572306153,0],[6.43567716918453,0],[15.0165800614305,0],[32.1783858459226,0],[2.03067558750868,0],[0.246972536127212,0],[1.31887424734774,0],[3.46267766978879,0],[0,0],[4.2876068448821,0],[0,0],[0,0],[0,0],[0,0],[0,0],[0,0],[0,0],[0,0],[0,0],[0,0],[0,0],[0,0],[0,0],[0,0],[0,0],[0,0],[0,0],[0,0],[0,0],[0,0],[0,0],[0,0],[0,0],[0,0],[0,0]],"rho":[0.0039151068921445,0.0039151068921445,0.0039151068921445,0.0039151068921445,0.0039151068921445,0.0039151068921445,0.0039151068921445,0.0039151068921445,0.0039151068921445,0.00195755344607225,0.00195755344607225,0.000978776723036124,0.000489388361518062,0.000244694180759031,0.000122347090379516,0.000122347090379516,0.000122347090379516,6.11735451897578e-05,3.05867725948789e-05,3.05867725948789e-05,1.52933862974394e-05,1.52933862974394e-05,1.52933862974394e-05,1.52933862974394e-05,1.52933862974394e-05,1.52933862974394e-05,1.52933862974394e-05,1.52933862974394e-05,1.52933862974394e-05,1.52933862974394e-05,1.52933862974394e-05,1.52933862974394e-05,1.52933862974394e-05,1.52933862974394e-05,1.52933862974394e-05,1.52933862974394e-05,1.52933862974394e-05,1.52933862974394e-05,1.52933862974394e-05,1.52933862974394e-05,1.52933862974394e-05,1.52933862974394e-05,1.52933862974394e-05,1.52933862974394e-05,1.52933862974394e-05,1.52933862974394e-05]}
