{"prog":[0.870026968133176,0.870026968133176,0.870026968133176,0.870026968133176,0.870026968133176,0.870026968133176,0.870026968133176,0.870026968133176,0.870026968133176,0.870026968133176,0.870026968133176,0.619279723086586,0.619279723086586,0.619279723086586,0.619279723086586,0.619279723086586,0.600218445242548,0.600157516483804,0.600065618679153,0.600023488016792,0.599997913868629,0.599997913868629,0.599997913868629,0.59988729052044,0.599875383753245,0.599875383753245,0.599875383753245,0.599875383753245,0.599875383753245,0.599875383753245,0.599875383753245,0.599875383753245,0.599875383753245,0.599875383753245,0.599875383753245,0.599875383753245,0.599875383753245,0.599875383753245,0.599875383753245,0.599875383753245,0.599875383753245,0.599875383753245,0.599875383753245,0.599875383753245,0.599875383753245,0.599875383753245,0.599875383753245,0.599875383753245,0.599875383753245,0.599875383753245],"mei":["Inf",0.0191333150105448,0.0171311981908049,0.0145500176349415,0.00928596481004229,0.0133017200495377,0.0798933976322993,0.0306700810898857,0.00142290348410722,0.00136635936076244,"Inf","Inf","Inf","Inf","Inf","Inf","Inf","Inf","Inf","Inf","Inf","Inf","Inf","Inf","Inf","Inf","Inf","Inf","Inf","Inf","Inf","Inf","Inf","Inf","Inf","Inf","Inf","Inf","Inf","Inf","Inf","Inf","Inf","Inf","Inf","Inf"],"obj":[0.870026968133176,1.42437856808407,1.26929624202878,0.288092944414376,0.767178254636744,1,0.508034017947449,0.434123101367309,0.481041886261677,0.367997734783084,0.472866869250869,0.619279723086586,0.653994953316726,0.57469294134126,0.587925137211572,0.599306620391359,0.600218445242548,0.600157516483804,0.600065618679153,0.600023488016792,0.599997913868629,0.599964764949912,1.41560225630155,0.59988729052044,0.599875383753245,0.599854914854856,0.599876616704065,0.599822791231578,0.599777028336232,1.26831470510332,1.26398459508877,0.599840336934363,1.35059796046258,1.28027554920969,0.599962636109161,0.599968237485828,0.600079653682459,0.60032546601661,0.600362002051882,0.602337521306871,0.861264261714975,0.858849178348258,0.860165645780315,1.41062686675285,0.860227224663389,0.768653326736077,0.601644857786335,1.41219882213966,0.860389121791172,0.776536694749469],"X":[[0.37081443546126,0.499212532671916],[0.798459438290088,0.625919129793979],[0.336895671854004,0.932400570174772],[0.184610485677749,0.103482458736627],[0.629355455825421,0.137822798811324],[1,0],[0.508034017947449,0],[0,0.434123101367309],[0,0.481041886261677],[0,0.367997734783084],[0.0720266660817747,0.400840203169094],[0.196880206711377,0.422399516375209],[0.22499483534455,0.429000117972175],[0.180000839190197,0.394692102151063],[0.187346881920895,0.400578255290677],[0.197839610632158,0.401467009759201],[0.197845377929938,0.40237306731261],[0.197660800239972,0.402496716243832],[0.197484320995955,0.402581297683198],[0.197378247927401,0.402645240089391],[0.197296095736685,0.402701818131945],[0.197290145293531,0.402674619656381],[0.791326234476699,0.624276021824848],[0.196609417696465,0.403277872823975],[0.196447293450709,0.403428090302535],[0.196376397674353,0.403478517180502],[0.196252149439848,0.403624467264217],[0.196374151060912,0.403448640170665],[0.196269298168107,0.403507730168124],[0.336073127811665,0.932241577291652],[0.332455316033309,0.931529279055461],[0.196273526236646,0.403566810697717],[0.738685161716724,0.611912798745859],[0.682199825951642,0.598075723258046],[0.196251806596716,0.403710829512445],[0.196442848418371,0.403525389067458],[0.197138780333386,0.402940873349073],[0.195990948285619,0.404334517730991],[0.195630447812473,0.404731554239409],[0.191464579016445,0.410872942290426],[0.364682385400085,0.49658187631489],[0.36298773346693,0.495861444881328],[0.363915866518403,0.496249779261911],[0.787284273443669,0.623342593309178],[0.363954428759329,0.49627279590406],[0.301084898516106,0.46756842821997],[0.195229453289954,0.406415404496381],[0.788560744412923,0.62363807772674],[0.364076017325358,0.496313104465814],[0.30641521387529,0.470121480874179]],"C":[[-0.252643903515464,-1.11328350167684],[-0.879302714313183,-0.470687768363425],[-1.20168006982342,-0.517130483023798],[1.55087045565609,-1.45521034931165],[0.251712899694236,-1.08491658635059],[0.5,-0.5],[0.492613157461643,-1.24190143660817],[0.26352002838869,-1.31153713285923],[0.419922458541362,-1.26859870366181],[0.265938976430581,-1.36457766719452],[0.147475378057187,-1.3341392908965],[-0.0110058596282854,-1.28281683277128],[-0.0508529147006634,-1.26533622284814],[0.0310962681349892,-1.3118178423904],[0.0140393104659436,-1.3044382072228],[0.00110299421250942,-1.29968372853992],[-0.000190540720366117,-1.2989531211332],[-0.0001537597655073,-1.29892660146143],[-7.09178125957721e-05,-1.29892824171648],[-3.83772160040818e-05,-1.29891863787847],[-2.23224800478539e-05,-1.29890549628029],[2.11522606937131e-05,-1.29892974925465],[-0.887507029108801,-0.484082239203471],[-6.00528243172027e-06,-1.29871169416363],[-1.46142323431686e-05,-1.29865423685074],[1.88975451015372e-06,-1.29864139661027],[-4.12075442454696e-05,-1.29857238326592],[4.25973769059285e-05,-1.29866638753955],[8.70617120232176e-05,-1.29865987429117],[-1.20053293635712,-0.517980494331656],[-1.19545060016094,-0.521726665103605],[7.23921117501414e-06,-1.29861053220191],[-0.91244634532759,-0.579906958590548],[-0.874700259543419,-0.676908826720915],[-0.000149521455254042,-1.2985027945419],[-0.000133756247131855,-1.29857746768323],[-0.000164874242633228,-1.29877495387335],[-0.000615661027358605,-1.29810114596135],[-0.000667721670304322,-1.29792109689164],[-0.00110901197018137,-1.29452474027566],[-0.242761086770805,-1.12041319789449],[-0.240041737859023,-1.12236133283274],[-0.241542249540572,-1.12130139867866],[-0.89164950364654,-0.491627484154863],[-0.241590849571401,-1.12125048583204],[-0.150669737904704,-1.19072764881745],[-0.00204308803564368,-1.29671197955615],[-0.890384333088911,-0.489247500380234],[-0.241808890808623,-1.12112195594401],[-0.157794945847258,-1.18509550992643]],"d":[[0.163961961125345,0.0423860758975104],[0.642655760346773,0.662278789547403]],"df":[0.73651750558759,0.682773800437015],"lambda":[[0,0],[0,0],[0,0],[0,0],[0,0],[0,0],[0,0],[4.05015163353308,0],[3.44563851494794,0],[0.652466959694233,0],[0.0479538411090954,0],[0.81908373365659,0],[0.94025091072503,0],[0.898387987163856,0],[0.864606056992458,0],[0.849024993993862,0],[0.840593292586506,0],[0.835688911653425,0],[0.830784530720344,0],[0.825880149787263,0],[0.82456075370794,0],[0.821349920399912,0],[0.821765110646154,0],[0.803658028112015,0],[0.785550945577876,0],[0.767443863043737,0],[0.749336780509598,0],[0.78759272693963,0],[0.751378561871352,0],[0.827890454731414,0],[0.755462124594859,0],[0.768186104791029,0],[0.79363406518337,0],[0.844529985968051,0],[0.946321827537413,0],[1.14990551067614,0],[1.55707287695359,0],[2.37140760950848,0],[2.79656242166035,0],[3.6468720459641,0],[5.34749129457159,0],[-1.77635683940025e-15,0],[3.40123849721498,0],[10.2037154916449,0],[-1.77635683940025e-15,0],[13.6049539888599,0]],"rho":[0.0364123103036858,0.0364123103036858,0.0364123103036858,0.0364123103036858,0.0364123103036858,0.0364123103036858,0.0364123103036858,0.0182061551518429,0.0182061551518429,0.0182061551518429,0.0182061551518429,0.00910307757592146,0.00455153878796073,0.00455153878796073,0.00455153878796073,0.00455153878796073,0.00455153878796073,0.00455153878796073,0.00455153878796073,0.00455153878796073,0.00455153878796073,0.00455153878796073,0.00227576939398036,0.00227576939398036,0.00227576939398036,0.00227576939398036,0.00227576939398036,0.00113788469699018,0.00113788469699018,0.000568942348495091,0.000568942348495091,0.000284471174247546,0.000142235587123773,7.11177935618864e-05,3.55588967809432e-05,1.77794483904716e-05,8.8897241952358e-06,4.4448620976179e-06,2.22243104880895e-06,1.11121552440447e-06,5.55607762202237e-07,5.55607762202237e-07,2.77803881101119e-07,1.38901940550559e-07,1.38901940550559e-07,6.94509702752797e-08]}
