{"prog":[1.01169694668886,1.01169694668886,1.01169694668886,0.888829809168547,0.888829809168547,0.888829809168547,0.888829809168547,0.888829809168547,0.888829809168547,0.888829809168547,0.888829809168547,0.888829809168547,0.888829809168547,0.888829809168547,0.888829809168547,0.622271778613318,0.610057289321039,0.609384335787778,0.609384335787778,0.609384335787778,0.609384335787778,0.609384335787778,0.609384335787778,0.609384335787778,0.609384335787778,0.609384335787778,0.600662217570695,0.600484037661354,0.600004420837019,0.600004420837019,0.600004420837019,0.600004420837019,0.600004420837019,0.600004420837019,0.600004420837019,0.600004420837019,0.600004420837019,0.600004420837019,0.600004420837019,0.600004420837019,0.600004420837019,0.600004420837019,0.600004420837019,0.600004420837019,0.600004420837019,0.600004420837019,0.600004420837019,0.600004420837019,0.600004420837019,0.600004420837019],"mei":["Inf",0.0807926568856257,0.00989409187933368,0.0197622851421893,0.0702098521833601,0.023492273943971,0.137929787048477,0.00996420394513839,0.0390013265129088,0.288472938266947,0.0146258827829115,0.0289875536747595,"Inf",0.0109528015061558,"Inf","Inf",1.1415688949845e-06,"Inf","Inf","Inf","Inf","Inf","Inf","Inf","Inf","Inf","Inf","Inf","Inf","Inf","Inf","Inf","Inf","Inf","Inf","Inf","Inf","Inf","Inf","Inf","Inf","Inf","Inf","Inf","Inf","Inf"],"obj":[1.01169694668886,1.48713115465528,0.434323524868657,0.888829809168547,1.50186512892178,0,1,1,0.374189888348478,0.494016974260142,0.551458289271131,0.549073350115165,0.394327777742099,0.557900689225371,0.71159865941643,0.622271778613318,0.610057289321039,0.609384335787778,0.999910606988313,0.597792901316592,0.557738426407,0.884069530057785,0.599639413080356,1,0.87154055327482,1,0.600662217570695,0.600484037661354,0.600004420837019,0.600198785195482,1,0.600291003081088,0.599993104045327,0.600145275963338,0.867794111510042,1,1.01168530254443,1,0.60349028683181,1,0.601893717193354,0.877181492630869,0.601184708590007,0.878072258177227,0.60120642569269,0.601406738111859,1,1.48712929412475,0.879206210473968,0.878139746691134],"X":[[0.783555809060008,0.228141137628849],[0.671161665150701,0.815969489504576],[0.105093722945334,0.329229801923323],[0.0950918703328566,0.79373793883569],[0.964423002331616,0.537442126590163],[0,0],[1,0],[0,1],[0.374189888348478,0],[0.0923515585793327,0.401665415680809],[0.0752096820066914,0.47624860726444],[0.46001176306838,0.0890615870467857],[0.00292533299864321,0.391402444743456],[0.158098397799341,0.39980229142603],[0,0.71159865941643],[0.221936046487634,0.400335732125685],[0.210562084343185,0.399495204977854],[0.210252572692104,0.399131763095675],[0,0.999910606988313],[0.196862590471167,0.400930310845425],[0.557738426407,0],[0.0922025091356042,0.791867020922181],[0.197444885225446,0.40219452785491],[0,1],[0.084675085277491,0.786865467997329],[0,1],[0.198816189132977,0.401846028437718],[0.198166873103054,0.4023171645583],[0.197200953132529,0.40280346770449],[0.198091871740348,0.402106913455134],[0,1],[0.198253948448355,0.402037054632733],[0.197376472679956,0.402616631365371],[0.197307318466445,0.402837957496893],[0.0824420631862599,0.785352048323782],[0,1],[0.783546405297687,0.228138897246743],[0,1],[0.202009874579594,0.401480412252217],[0,1],[0.200364853671452,0.401528863521902],[0.0880545349626442,0.789126957668225],[0.199655905744588,0.401528802845419],[0.0885890977968078,0.789483160380419],[0.199551672236439,0.40165475345625],[0.199619698425185,0.401787039686675],[0,1],[0.67116012345657,0.815969170668182],[0.0892716757841095,0.789934534689858],[0.0886294575730895,0.789510289118045]],"C":[[-0.15804753870943,-0.833991915409731],[-0.348725713254966,-0.38373581142978],[0.336764898182965,-1.38056304692302],[-0.41912017632751,-0.860937620649469],[-0.144668155343696,-0.281044233139915],[1.5,-1.5],[0.5,-0.5],[-0.5,-0.5],[0.740517302002322,-1.35998192745775],[0.123997614818861,-1.33013608347393],[0.308376262574105,-1.26753076781113],[0.757435066244946,-1.28045721155143],[0.224848006439684,-1.34679556867569],[0.0482624132570729,-1.31516302438378],[0.30882929078868,-0.99362734791674],[-0.022587725798055,-1.29047569285283],[-0.00933873499523136,-1.29606718983676],[-0.00835363082431312,-1.29648769136449],[-0.500382886716094,-0.500178778032264],[0.002971038110749,-1.30050000631837],[0.478623811070678,-1.18892784770904],[-0.403583036587864,-0.864445318484929],[0.00050629691830556,-1.29925507906188],[-0.5,-0.5],[-0.361471225245243,-0.873672865206593],[-0.5,-0.5],[-0.000529473155503668,-1.29899189236747],[-0.000473199669197677,-1.29887078950633],[-5.17162191746023e-05,-1.29886115048886],[-9.45272927420637e-05,-1.29906964050199],[-0.5,-0.5],[-0.000176670741924623,-1.29906157862687],[2.45857356673262e-06,-1.29894237618042],[-0.000218154174531804,-1.29879140207931],[-0.348565262422567,-0.876425466411233],[-0.5,-0.5],[-0.15801599392196,-0.834007674308113],[-0.5,-0.5],[-0.0035137515043428,-1.29800548915013],[-0.5,-0.5],[-0.00177811358961089,-1.29862849717203],[-0.380619234031218,-0.869525043553804],[-0.000996085635501354,-1.29891213978683],[-0.383618639016132,-0.868868311227294],[-0.00106654507087106,-1.29885258913364],[-0.00133545123551204,-1.29871915074046],[-0.5,-0.5],[-0.348721656680788,-0.383738401200841],[-0.387415003677772,-0.868033998807014],[-0.383846701279061,-0.868818322627042]],"d":[[0.226344704892504,0.0346762797732935],[0.666036855986689,0.602301402276069]],"df":[0.758030950192343,0.612321942125003],"lambda":[[0,0],[0,0],[0,0],[0,0],[0,0],[0,0],[1.94360632205649,0],[-8.88178419700125e-16,0],[3.88721264411297,0],[8.88178419700125e-16,0],[3.02596567397462,0],[9.07789702192386,0],[3.41305945534828,0],[1.07097254946616,0],[0,0],[0,0],[0.745114778352228,0],[2.23534433505669,0],[0,0],[0.507902358705939,0],[1.52370707611782,0],[3.55531651094157,0],[7.61853538058908,0],[0,0],[0,0],[0,0],[0,0],[0,0],[0,0],[0.0394619131485039,0],[0.118385739445512,0],[0.276233392039527,0],[0.591928697227558,0],[1.22331930760362,0],[2.48610052835574,0],[0,0],[2.52556244150425,0],[0,0],[5.05112488300849,0],[0,0],[0,0],[0,0],[0,0],[0,0],[0,0],[0,0]],"rho":[0.0637977009087218,0.0637977009087218,0.0637977009087218,0.0637977009087218,0.0637977009087218,0.0637977009087218,0.0318988504543609,0.0318988504543609,0.0159494252271805,0.0159494252271805,0.00797471261359023,0.00398735630679512,0.00398735630679512,0.00398735630679512,0.00398735630679512,0.00398735630679512,0.00199367815339756,0.000996839076698779,0.000996839076698779,0.000498419538349389,0.000249209769174695,0.000124604884587347,6.23024422936737e-05,6.23024422936737e-05,6.23024422936737e-05,6.23024422936737e-05,6.23024422936737e-05,6.23024422936737e-05,6.23024422936737e-05,3.11512211468368e-05,1.55756105734184e-05,7.78780528670921e-06,3.8939026433546e-06,1.9469513216773e-06,9.73475660838651e-07,9.73475660838651e-07,4.86737830419326e-07,4.86737830419326e-07,2.43368915209663e-07,2.43368915209663e-07,2.43368915209663e-07,2.43368915209663e-07,2.43368915209663e-07,2.43368915209663e-07,2.43368915209663e-07,2.43368915209663e-07]}
