{"prog":["Inf","Inf",1.27457854608413,1.27457854608413,1.27457854608413,1.27457854608413,1.27457854608413,0.693048824825339,0.693048824825339,0.693048824825339,0.664812163540845,0.664812163540845,0.664812163540845,0.664812163540845,0.650891196647205,0.650891196647205,0.650891196647205,0.650891196647205,0.650891196647205,0.599854814251665,0.599854814251665,0.599854814251665,0.599854814251665,0.599854814251665,0.599854814251665,0.599854814251665,0.599854814251665,0.599854814251665,0.599854814251665,0.599854814251665,0.599854814251665,0.599854814251665,0.599854814251665,0.599854814251665,0.599854814251665,0.599854814251665,0.599854814251665,0.599854814251665,0.599854814251665,0.599854814251665,0.599854814251665,0.599854814251665,0.599854814251665,0.599854814251665,0.599854814251665,0.599854814251665,0.599854814251665,0.599854814251665,0.599854814251665,0.599854814251665],"mei":["Inf",0.0564933758077105,0.0548765258243167,0.0348479367562743,0.0173378976203049,0.010196951988563,0.00399599660595864,0.00492840281080562,0.0319236669781674,0.0592616710065825,0.0227309609597174,0.000258229495273328,0.00740682849468435,"Inf","Inf","Inf","Inf","Inf","Inf","Inf","Inf","Inf","Inf","Inf","Inf","Inf","Inf","Inf","Inf","Inf","Inf","Inf","Inf","Inf","Inf","Inf","Inf","Inf","Inf","Inf","Inf","Inf","Inf","Inf","Inf","Inf"],"obj":[0.688253100385948,0.821679379241932,1.27457854608413,1.36438645646544,1.87446715069806,0.670179693389788,0,0.693048824825339,0.294458000511589,0.572090004724488,0.664812163540845,0.368198564495112,0.512316079064157,0.580318228504292,0.650891196647205,0.510703118886132,0.397648033284387,0.596198942358914,0.599555394527938,0.599854814251665,0.59981757827356,1.27390900214655,0.599800542356947,0.599789943005143,0.599797686980408,0.599771522979817,0.599777462321582,0.599757111335322,0.599748054488334,0.599752203615931,0.599739712767818,0.600002446403964,0.599939079274244,0.599999269113538,0.599994465837498,0.599963705930994,0.599947751661875,0.599952573435957,0.599935291931777,0.599929633734615,0.599846103034737,0.599869954229158,0.599893811716606,0.599892692555228,0.599776936864544,0.599860428839722,0.599851148234719,0.59984570401708,0.599756759424945,0.599808674718233],"X":[[0.141697687646769,0.546555412739179],[0.502964664428254,0.318714714813678],[0.988936414483221,0.285642131600911],[0.460262112957486,0.904124343507952],[0.927599713380355,0.946867437317704],[0.0509571184831184,0.61922257490667],[0,0],[0.240625647447024,0.452423177378315],[0.104475464044914,0.189982536466674],[0.257384258547845,0.314705746176644],[0.256537756884909,0.408274406655935],[0.368198564495112,0],[0.144838966435777,0.36747711262838],[0.190066398021097,0.390251830483195],[0.262071151699264,0.38882004494794],[0.510703118886132,0],[0,0.397648033284387],[0.19426236158748,0.401936580771434],[0.196184755170343,0.403370639357595],[0.196242575699812,0.403612238551854],[0.196401709014387,0.403415869259173],[0.988371138154672,0.285537863991883],[0.196660279334003,0.403140263022945],[0.196487722315176,0.403302220689967],[0.196516291954214,0.403281395026194],[0.196481873998901,0.403289648980916],[0.196622347165592,0.403155115155991],[0.19659637942166,0.403160731913662],[0.196587211649976,0.403160842838359],[0.196422146971896,0.403330056644035],[0.196410962948229,0.403328749819589],[0.196773597812366,0.403228848591599],[0.196814382555796,0.403124696718448],[0.196700102343517,0.403299166770021],[0.196590547387315,0.403403918450184],[0.196656429843701,0.403307276087293],[0.196532739734326,0.403415011927548],[0.196597617068657,0.403354956367299],[0.196545632241038,0.403389659690739],[0.196532463575935,0.40339717015868],[0.196428293695256,0.403417809339481],[0.196548882156712,0.403321072072447],[0.196714170006352,0.403179641710254],[0.196520582833167,0.403372109722062],[0.196477098601102,0.403299838263442],[0.196526515040458,0.403333913799264],[0.196482169201967,0.403368979032752],[0.196469632529816,0.403376071487264],[0.19669387553631,0.403062883888635],[0.196456172468976,0.403352502249257]],"C":[[0.48666240213691,-1.18119894612106],[0.691541920665825,-1.14544747689781],[-0.336800516519663,-0.440413340763558],[-1.05319856315952,-0.470717958852225],[-1.21750070154058,0.256999172115913],[0.708622503844088,-1.11396677480185],[1.5,-1.5],[-0.0555457686250709,-1.23741256636161],[1.3820804173192,-1.45299151325029],[0.419934553177792,-1.33471363677518],[-0.073081206540882,-1.2675003881622],[0.755563713792941,-1.36442981710374],[0.132960358237923,-1.34398224549612],[0.0297418088315796,-1.3115782731478],[-0.0231789944557766,-1.2801376840937],[0.490451398431573,-1.23918232435998],[0.224817416579275,-1.34187604162506],[0.00443180649331437,-1.30070911990822],[0.000358574855405247,-1.298803669143],[-1.48091893410474e-05,-1.29858601237387],[5.30620733977805e-05,-1.29868200512609],[-0.338401695622889,-0.441590621489791],[0.000115113167549863,-1.29880266286206],[0.000101123285995874,-1.29873989376594],[9.54871951226455e-05,-1.29874546342229],[0.000124021734642876,-1.29875233221473],[0.000138835876906274,-1.29880560571865],[0.000161030469139789,-1.29881128784114],[0.000171308534833992,-1.29881480301755],[0.000139960419471064,-1.29874320558647],[0.000154391889660654,-1.29874865320272],[-0.00012922181055286,-1.29868664686747],[-3.96006072838628e-05,-1.29875457771484],[-0.00013683711452539,-1.29865885182066],[-0.000147063000175418,-1.29861743525699],[-9.75919235958189e-05,-1.29866948965618],[-9.53579285917217e-05,-1.29863121036402],[-9.21295005965606e-05,-1.29865415613686],[-7.75135654058623e-05,-1.29864659690156],[-7.21418524910478e-05,-1.29864571386874],[2.02374940186378e-05,-1.2986699965437],[7.1065168449902e-06,-1.29870064974528],[2.45911277935162e-06,-1.2987497118291],[-2.63855556251191e-05,-1.29867060162129],[0.000116302669290747,-1.29874599018197],[1.60322743631425e-05,-1.29869908286542],[2.14442248259727e-05,-1.29868822393976],[2.66251714864385e-05,-1.2986874284451],[0.000178297865666144,-1.29885183095788],[7.22785189965491e-05,-1.2987117312281]],"d":[[0.107166092279542,0.0472205724857066],[0.628765338070622,0.738639586278923]],"df":[0.672600917015192,0.723795027377914],"lambda":[[0,0],[0,0],[0,0],[0,0],[0,0],[0,0],[0,0],[0,0],[0,0],[0,0],[1.1478906778429,0],[0,0],[2.29578135568581,0],[0,0],[0.684185603974113,0],[0.794899713168847,0],[0.785754698223852,0],[0.776609683278857,0],[0.767464668333862,0],[0.758319653388867,0],[0.749174638443872,0],[0.740029623498877,0],[0.730884608553882,0],[0.721739593608887,0],[0.712594578663892,0],[0.703449563718897,0],[0.694304548773902,0],[0.91573276716337,0],[0.89744273727338,0],[0.87915270738339,0],[0.8608626774934,0],[0.84257264760341,0],[0.82428261771342,0],[0.80599258782343,0],[0.78770255793344,0],[0.76941252804345,0],[0.75112249815346,0],[0.73283246826347,0],[0.71454243837348,0],[0.69625240848349,0],[0.6779623785935,0],[0.65967234870351,0],[0.641382318813519,0],[0.623092288923529,0],[0.604802259033539,0],[0.586512229143549,0]],"rho":[0.0259099663458108,0.0259099663458108,0.0259099663458108,0.0259099663458108,0.0259099663458108,0.0259099663458108,0.0259099663458108,0.0259099663458108,0.0259099663458108,0.0259099663458108,0.0129549831729054,0.0129549831729054,0.00647749158645269,0.00647749158645269,0.00323874579322635,0.00161937289661317,0.00161937289661317,0.00161937289661317,0.00161937289661317,0.00161937289661317,0.00161937289661317,0.00161937289661317,0.00161937289661317,0.00161937289661317,0.00161937289661317,0.00161937289661317,0.00161937289661317,0.000809686448306587,0.000809686448306587,0.000809686448306587,0.000809686448306587,0.000809686448306587,0.000809686448306587,0.000809686448306587,0.000809686448306587,0.000809686448306587,0.000809686448306587,0.000809686448306587,0.000809686448306587,0.000809686448306587,0.000809686448306587,0.000809686448306587,0.000809686448306587,0.000809686448306587,0.000809686448306587,0.000809686448306587]}
