{"prog":["Inf","Inf","Inf",1.6492812261007,1.19821912638336,1.19821912638336,1.19821912638336,0.60517896488786,0.605141345103793,0.605141345103793,0.603723080503284,0.601796716738275,0.601796716738275,0.601796716738275,0.601796716738275,0.601796716738275,0.601796716738275,0.601796716738275,0.601796716738275,0.60145038609983,0.60145038609983,0.60145038609983,0.60145038609983,0.60145038609983,0.60145038609983,0.60145038609983,0.60145038609983,0.60145038609983,0.600843618896153,0.600843618896153,0.600807138439878,0.600807138439878,0.600807138439878,0.600807138439878,0.600807138439878,0.600807138439878,0.600807138439878,0.600807138439878,0.600807138439878,0.600807138439878,0.600807138439878,0.600442648647191,0.600442648647191,0.600442648647191,0.600442648647191,0.600442648647191,0.600442648647191,0.600442648647191,0.600442648647191,0.600442648647191],"mei":["Inf",0.000671379155162771,0.000617007204326768,0.000569540329456558,0.000100068364502922,3.12836434048163e-07,0.00037252241368738,3.59933315205341e-05,"Inf",2.18301159616462e-07,3.14611291039504e-05,"Inf",0.000718452956544346,0.000332458914342027,"Inf","Inf","Inf","Inf","Inf",2.01674864982486e-05,1.25621084005749e-05,5.47447421449132e-06,"Inf","Inf","Inf","Inf","Inf","Inf","Inf","Inf","Inf","Inf","Inf","Inf","Inf","Inf","Inf","Inf","Inf","Inf","Inf","Inf","Inf","Inf","Inf","Inf"],"obj":[0.514268472621745,0.75643199387389,1.02306796923817,1.6492812261007,1.19821912638336,0,1.03109550063508,0.60517896488786,0.605141345103793,0.852208992234316,0.603723080503284,0.601796716738275,1.03366684399695,1.00637069676224,0.59898343740112,1.03348984707371,0.600089358493085,0.371952650954734,0.600345222063017,0.60145038609983,0.852136220251149,1.00628310369174,0.600787690853487,0.446056544840584,0.598712442056856,0.560245574110621,1.1981783059776,1.0335087786677,0.600843618896153,0.600858423143515,0.600807138439878,1.03259188236835,0.852126006622121,0.60024235097345,1.00631359161783,1.19818420048581,0.601355412278259,1.03371633497352,1.19818860432696,1.03268245723335,1.00632357284674,0.600442648647191,0.60065523946752,1.00632322942067,0.601115798716786,0.601501193899294,0.60130058521653,0.600870718927582,0.601174874005307,0.600821985121269],"X":[[0.253481801756071,0.260786670865674],[0.719869394553795,0.0365625993200956],[0.594353339354124,0.428714629884044],[0.933552247046854,0.715728979053844],[0.279574535069888,0.918644591313471],[0,0],[0.597747899154152,0.433347601480926],[0.204468067823791,0.400710897064069],[0.204399764582254,0.400741580521539],[0.0970033070642526,0.755205685170064],[0.20393423883954,0.399788841663744],[0.202945896385568,0.398850820352706],[0.598726342821707,0.434940501175246],[0.0304752962484156,0.975895400513827],[0.200837622507775,0.398145814893345],[0.598577954584907,0.434911892488804],[0.201035967832332,0.399053390660753],[0,0.371952650954734],[0.200554918929818,0.399790303133199],[0.201867515191062,0.399582870908768],[0.0969507708648449,0.755185449386304],[0.0303898133066184,0.975893290385123],[0.201022967052577,0.399764723800911],[0,0.446056544840584],[0.196289905310122,0.402422536746735],[0.00822937625306395,0.552016197857557],[0.279539807924506,0.918638498053096],[0.598484262959984,0.435024515707715],[0.200500821283042,0.400342797613111],[0.200349989203735,0.40050843393978],[0.200530116047631,0.400277022392247],[0.598209561256891,0.434382321111461],[0.0969507969702459,0.755175209651875],[0.198713504906714,0.401528846066736],[0.0304223190444801,0.975891272573354],[0.279545903105592,0.918638297380216],[0.200790433992112,0.400564978286146],[0.598648823355093,0.43506751161843],[0.279550323489192,0.918638280837765],[0.598267586510341,0.434414870723008],[0.0304334481081293,0.975890124738613],[0.199353599837254,0.401089048809937],[0.200076688146476,0.400578551321044],[0.0304330999114894,0.975890129509179],[0.200580006140254,0.400535792576532],[0.200747141110128,0.400754052789166],[0.200922754114492,0.400377831102038],[0.200661198838649,0.400209520088933],[0.200951132670437,0.400223741334871],[0.200286802595694,0.400535182525575]],"C":[[0.857425778322124,-1.36773728847729],[0.537892882916232,-0.980451231115711],[0.0351078818228927,-0.962947874121988],[-1.04889183468051,-0.116212230576311],[-1.11604173675751,-0.577930194190961],[1.5,-1.5],[0.0060661369688236,-0.954907305347526],[-0.00497778724810399,-1.29762358621451],[-0.00495383606198047,-1.29762692187982],[-0.110561680335482,-0.920254731505413],[-0.00288221290272023,-1.2985797083101],[-0.000228728935607825,-1.29973098624423],[-0.00441522816251222,-0.95235352684877],[-0.634196657903219,-0.546699423574528],[0.00322080636056143,-1.30114415946834],[-0.00458704076729426,-0.952556078056756],[0.00144098767230416,-1.30034093103987],[0.256461263150456,-1.36165122544775],[0.000728589504974009,-1.29994543801372],[-0.000334489964192386,-1.29958303558689],[-0.110373540821602,-0.920295485063918],[-0.63410401352035,-0.546708745028486],[0.000268117813715718,-1.29977793232176],[0.294317882299487,-1.30103355880488],[0.00148991654576763,-1.29952637499167],[0.691615250124313,-1.19521039466937],[-1.11599352071139,-0.577960805680282],[-0.00577571096471934,-0.952570257722513],[-0.000101788406238812,-1.29952506506413],[-0.000199700888856347,-1.29945287616917],[-2.89669649631841e-05,-1.29956597790272],[-0.00122202671145123,-0.953457319926657],[-0.110288734580552,-0.920310945694081],[4.5309432725793e-05,-1.299287528744],[-0.634150478855897,-0.546710706619116],[-1.11599990083198,-0.577957766643258],[-0.000766836925041814,-1.29923089978788],[-0.0056784782543888,-0.95233584662971],[-1.11600473921434,-0.577955325616523],[-0.00133159047460258,-0.953359615025804],[-0.63416821027354,-0.546712269673904],[-6.04034046314261e-06,-1.29938571715667],[-1.24583930733446e-05,-1.29950614308187],[-0.634167779629237,-0.546712281556336],[-0.00049246690795901,-1.29933874000186],[-0.00101579380696326,-1.29909677450917],[-0.000614229353719686,-1.29932763924108],[-6.2966517188956e-05,-1.29956742331082],[-0.000398892529849926,-1.29943959915039],[-0.000173042636944898,-1.2994567642652]],"d":[[0.18321146434972,0.0369381808454472],[0.626626669811007,0.548875223560483]],"df":[0.639037325699963,0.543180803940105],"lambda":[[0,0],[0,0],[0,0],[11.7942193306656,0],[0,0],[0,0],[0,0],[0,0],[0,0],[0,0],[0,0],[0,0],[0,0],[0,0],[0,0],[2.83315212559435,0],[0.231794443190065,0],[1.11022302462516e-16,0],[1.11022302462516e-16,0],[2.08517566792427,0],[0,0],[4.17035133584854,0],[0,0],[0,0],[0,0],[0,0],[0,0],[0,0],[0,0],[0,0],[1.40950167149206,0],[4.22850501447617,0],[9.86651170044441,0],[2.65759592685674,0],[13.9336092987932,0],[1.77635683940025e-15,0],[22.5520267438729,0],[0,0],[0,0],[0,0],[0,0],[0,0],[0,0],[0,0],[0,0],[0,0]],"rho":[0.000514331368507904,0.000514331368507904,0.000514331368507904,0.000257165684253952,0.000257165684253952,0.000257165684253952,0.000257165684253952,0.000257165684253952,0.000257165684253952,0.000257165684253952,0.000257165684253952,0.000257165684253952,0.000257165684253952,0.000257165684253952,0.000257165684253952,0.000128582842126976,0.000128582842126976,0.000128582842126976,0.000128582842126976,6.4291421063488e-05,6.4291421063488e-05,3.2145710531744e-05,3.2145710531744e-05,3.2145710531744e-05,3.2145710531744e-05,3.2145710531744e-05,3.2145710531744e-05,3.2145710531744e-05,3.2145710531744e-05,3.2145710531744e-05,1.6072855265872e-05,8.036427632936e-06,4.018213816468e-06,4.018213816468e-06,2.009106908234e-06,2.009106908234e-06,1.004553454117e-06,1.004553454117e-06,1.004553454117e-06,1.004553454117e-06,1.004553454117e-06,1.004553454117e-06,1.004553454117e-06,1.004553454117e-06,1.004553454117e-06,1.004553454117e-06]}
