{"prog":["Inf","Inf","Inf",1.48103307403182,1.3893875685682,1.3893875685682,1.3893875685682,1,1,0.992887117948324,0.992887117948324,0.992887117948324,0.613839735135241,0.613839735135241,0.613839735135241,0.613839735135241,0.603763807063005,0.603763807063005,0.603763807063005,0.599895917066144,0.599895917066144,0.599880173245844,0.599880173245844,0.599880173245844,0.599880173245844,0.599880173245844,0.599880173245844,0.599880173245844,0.599880173245844,0.599880173245844,0.599880173245844,0.599880173245844,0.599880173245844,0.599880173245844,0.599880173245844,0.599880173245844,0.599880173245844,0.599880173245844,0.599880173245844,0.599880173245844,0.599880173245844,0.599880173245844,0.599880173245844,0.599880173245844,0.599880173245844,0.599880173245844,0.599880173245844,0.599880173245844,0.599880173245844,0.599880173245844],"mei":["Inf",0.216264879659483,0.208793444670125,0.0498824911775021,0.0153807846691249,0.0526409268230742,0.0250420853458201,0.0257694860122293,0.0546718892476818,0.000608615768588982,"Inf","Inf","Inf","Inf",0.000204141058879388,"Inf","Inf","Inf","Inf","Inf","Inf","Inf","Inf","Inf","Inf","Inf","Inf","Inf","Inf","Inf","Inf","Inf","Inf","Inf","Inf","Inf","Inf","Inf","Inf","Inf","Inf","Inf","Inf","Inf","Inf","Inf"],"obj":[0.952313013796767,0.983152362653788,0.460396277448255,1.48103307403182,1.3893875685682,0,0.417336040013126,1,0.345694308727433,0.992887117948324,0.503266134406916,0.468730931305447,0.613839735135241,0.635961538927394,0.966060240001469,0.59122139610723,0.603763807063005,0.599613004318728,0.406299706324596,0.599895917066144,0.944824678130334,0.599880173245844,0.599769320881093,0.599897148980668,0.600004946376044,0.600028014267577,0.940445593457444,0.93908125190215,0.937175023277249,0.937355742745529,0.60030372126743,0.937920352705802,0.60056798275877,0.994049217869919,0.60073696350833,0.938873912504699,0.602487463822676,0.60019674017149,0.600722911508926,0.606545638423716,0.60303487512789,0.60961196815729,0.99407678071024,0.993677697609482,0.600649406724545,0.600548838597435,0.600479823651214,0.939405481690087,0.600629366913155,0.604582823703731],"X":[[0.617555147311081,0.334757866485687],[0.90144489579402,0.081707466859768],[0.314737547029447,0.145658730418808],[0.49970909828779,0.981323975744034],[0.641218366013192,0.74816920255501],[0,0],[0,0.417336040013126],[0,1],[0,0.345694308727433],[0,0.992887117948324],[0,0.503266134406916],[0.0688110134405496,0.399919917864897],[0.199800108450866,0.414039626684374],[0.216590035455675,0.419371503471719],[0,0.966060240001469],[0.176161628241067,0.415059767866163],[0.197880641540996,0.405883165522009],[0.195166759198215,0.404446245120513],[0.406299706324596,0],[0.194804388243848,0.405091528822296],[0,0.944824678130334],[0.194724794746764,0.405155378499081],[0.194644237291889,0.405125083589204],[0.194673207080026,0.405223941900642],[0.194802071238984,0.40520287513706],[0.194004360939311,0.406023653328266],[0,0.940445593457444],[0,0.93908125190215],[0,0.937175023277249],[0,0.937355742745529],[0.194171701882511,0.406132019384919],[0,0.937920352705802],[0.194618528900103,0.405949453858667],[0,0.994049217869919],[0.195210584597928,0.405526378910401],[0,0.938873912504699],[0.190594894617863,0.411892569204813],[0.194301356535909,0.405895383635582],[0.1950151917321,0.405707719776826],[0.193538408959398,0.413007229464319],[0.193084520371821,0.409950354756069],[0.195764988542953,0.413846979614337],[0,0.99407678071024],[0,0.993677697609482],[0.194685822587543,0.405963584137001],[0.194317519511378,0.406231319086056],[0.194431248039621,0.406048575611593],[0,0.939405481690087],[0.193997477312648,0.406631889600507],[0.192936647663252,0.411646176040478]],"C":[[0.698639756718722,-1.00656281085554],[0.838143922676966,-0.680720989706268],[1.36139743939523,-1.37972381074267],[-1.44886195058397,-0.287294071718326],[-0.382556481009396,-0.529081851435572],[1.5,-1.5],[0.234433410467166,-1.32583062970616],[-0.5,-0.5],[0.342134922114995,-1.38049544491346],[-0.530406306318314,-0.51417517101227],[0.513983697690081,-1.24672319795912],[0.151294337223212,-1.33532910372422],[-0.0135767246335414,-1.28865110419809],[-0.0381614548338817,-1.27721629861718],[-0.638963736884739,-0.566727612688304],[0.017311695864069,-1.29669246983434],[-0.00461017683996817,-1.29610210764916],[0.000205655497625745,-1.29833317091198],[0.66320227512933,-1.33492054864055],[-0.000116194640220613,-1.29795210359735],[-0.709209358769074,-0.607306327595911],[-9.46277549502272e-05,-1.2979313735841],[3.36531752555547e-05,-1.2979872875359],[-0.000110662227813807,-1.29789589935568],[-0.000238267332953623,-1.29786278302166],[-0.00018258638151708,-1.2975071008745],[-0.721118457490109,-0.615562085746477],[-0.724621243277538,-0.618126402325891],[-0.729344318527715,-0.621702975745288],[-0.728905212903057,-0.621364211541977],[-0.000493592216603056,-1.29735413301838],[-0.727521594276177,-0.620305411980225],[-0.000832668254461433,-1.29732866912061],[-0.525453464918532,-0.511866152452202],[-0.00107599119226964,-1.29744118366875],[-0.725144693529027,-0.618515776418118],[-0.000595247884448868,-1.29401809757946],[-0.000400166192362494,-1.29749592039163],[-0.00104328342441357,-1.29737032110718],[-0.00495165955957994,-1.29196791266767],[-0.00252063685336146,-1.29465907462816],[-0.00823891882521399,-1.29040674672487],[-0.525335889921803,-0.511811354052765],[-0.527037815723705,-0.512604633273519],[-0.000927248001534653,-1.29729099883805],[-0.000769264655890278,-1.29721681700455],[-0.000714847189481616,-1.29732104402955],[-0.723797978572989,-0.617517340970617],[-0.000792568607542898,-1.29701548515625],[-0.0034446207968683,-1.29332287573972]],"d":[[0.193327801526345,0.0406834358626664],[0.71903402375454,0.592748873852536]],"df":[0.579186725536587,0.670504542389049],"lambda":[[0,0],[0,0],[0,0],[1.33464670361331,0],[-2.22044604925031e-16,0],[2.66929340722662,0],[-4.44089209850063e-16,0],[-4.44089209850063e-16,0],[3.44531930065661,0],[2.82697293980599,0],[1.08892511470687,0],[0.470578753856245,0],[1.25903284912854,0],[0.839095618490519,0],[0.857828609249076,0],[0.895294590766191,0],[0.85295829250865,0],[0.927890255542879,0],[0.843217659027798,0],[0.867741180288802,0],[0.91678822281081,0],[1.01488230785483,0],[1.21107047794286,0],[1.60344681811892,0],[0,0],[0.784752680352128,0],[2.35425804105638,0],[0,0],[3.13901072140851,0],[0,0],[6.27802144281702,0],[0,0],[0,0],[0,0],[0,0],[0,0],[0,0],[0,0],[0,0],[0,0],[0,0],[0,0],[0,0],[0,0],[0,0],[0,0]],"rho":[0.175652035727868,0.175652035727868,0.175652035727868,0.0878260178639339,0.0878260178639339,0.0439130089319669,0.0439130089319669,0.0439130089319669,0.0219565044659835,0.0219565044659835,0.0219565044659835,0.0219565044659835,0.0109782522329917,0.0109782522329917,0.00548912611649587,0.00274456305824793,0.00274456305824793,0.00137228152912397,0.00137228152912397,0.000686140764561984,0.000343070382280992,0.000171535191140496,8.57675955702479e-05,4.2883797785124e-05,4.2883797785124e-05,2.1441898892562e-05,1.0720949446281e-05,1.0720949446281e-05,5.3604747231405e-06,5.3604747231405e-06,2.68023736157025e-06,2.68023736157025e-06,2.68023736157025e-06,2.68023736157025e-06,2.68023736157025e-06,2.68023736157025e-06,2.68023736157025e-06,2.68023736157025e-06,2.68023736157025e-06,2.68023736157025e-06,2.68023736157025e-06,2.68023736157025e-06,2.68023736157025e-06,2.68023736157025e-06,2.68023736157025e-06,2.68023736157025e-06]}
