{"prog":["Inf",1.07295478389434,1.07295478389434,1.07295478389434,1.07295478389434,1.07295478389434,1.07295478389434,1,1,0.818525216566388,0.818525216566388,0.818525216566388,0.818525216566388,0.818525216566388,0.614422860960716,0.614422860960716,0.614422860960716,0.599885579227986,0.599885579227986,0.599885579227986,0.599885579227986,0.599885579227986,0.59979959085199,0.59979959085199,0.59979959085199,0.59979959085199,0.59979959085199,0.59979959085199,0.59979959085199,0.59979959085199,0.59979959085199,0.59979959085199,0.59979959085199,0.59979959085199,0.59979959085199,0.59979959085199,0.59979959085199,0.59979959085199,0.59979959085199,0.59979959085199,0.59979959085199,0.59979959085199,0.59979959085199,0.59979959085199,0.59979959085199,0.59979959085199,0.59979959085199,0.59979959085199,0.59979959085199,0.59979959085199],"mei":["Inf",0.0487155443707732,0.0956510532199942,0.052555380239509,0.0300280063668093,0.0356063592595147,0.0399298770745365,0.029592544529337,0.00299623379883936,0.0465709087698124,0.0210076279319782,0.00119798050168444,"Inf","Inf","Inf","Inf","Inf","Inf","Inf","Inf","Inf","Inf","Inf","Inf",1.65086199168318e-05,"Inf","Inf","Inf","Inf","Inf","Inf","Inf","Inf","Inf","Inf","Inf","Inf","Inf","Inf","Inf","Inf","Inf","Inf","Inf","Inf","Inf"],"obj":[0.616415006252102,1.07295478389434,0.250906819037839,1.12157819492314,0.63881747570327,1,2,1,0.664532897790821,0.818525216566388,0.403699585436424,0.515457575730337,0.302296417252482,0.591598157602419,0.614422860960716,0.591222066134104,0.997514119940094,0.599885579227986,0.749436467219041,0.599687273285833,0.750852329335918,1.06672083853334,0.59979959085199,0.760979246935415,0.750385037524424,0.599772933711304,0.750806853957544,0.750840796599558,0.529412355483031,0.750554691570526,0.986855910860107,0.599876557726421,0.759249027724727,0.750636016023912,0.750869844730872,0.750508318125964,1.0378058805347,0.599944249692276,0.750912903289917,0.599925911134917,0.60012508473371,0.750936641057611,0.750241304884407,0.750500433771975,0.754174356842409,1.0204793577419,0.600634111928887,0.600245586044238,0.988120441481919,1.01711316669572],"X":[[0.499303483585665,0.117111522666437],[0.271888538112838,0.801066245781506],[0.113009447495688,0.13789737154215],[0.755250571126875,0.36632762379626],[0.0761917219674661,0.562625753735803],[1,0],[1,1],[0,1],[0,0.664532897790821],[0,0.818525216566388],[0,0.403699585436424],[0.112923572670257,0.40253400306008],[0.302296417252482,0],[0.185379441600106,0.406218716002312],[0.209026201417401,0.405396659543314],[0.196657201180067,0.394564864954037],[0,0.997514119940094],[0.195028224831774,0.404857354396212],[0,0.749436467219041],[0.194996997311392,0.404690275974441],[0,0.750852329335918],[0.266924207219833,0.79979663131351],[0.194898774840523,0.404900816011467],[0,0.760979246935415],[0,0.750385037524424],[0.194840846078902,0.404932087632402],[0,0.750806853957544],[0,0.750840796599558],[0.529412355483031,0],[0,0.750554691570526],[0,0.986855910860107],[0.194948406048377,0.404928151678044],[0,0.759249027724727],[0,0.750636016023912],[0,0.750869844730872],[0,0.750508318125964],[0.243983186082569,0.793822694452126],[0.195707567589918,0.404236682102357],[0,0.750912903289917],[0.195087608279081,0.404838302855835],[0.195076710735487,0.405048373998223],[0,0.750936641057611],[0,0.750241304884407],[0,0.750500433771975],[0,0.754174356842409],[0.230303644455666,0.790175713286231],[0.197510546188449,0.403123565740438],[0.196630582869894,0.403615003174344],[0,0.988120441481919],[0.227650809590738,0.789462357104986]],"C":[[0.719166220468861,-1.23698092253797],[-0.462179295225456,-0.784369492712388],[1.60952271668238,-1.46821317969849],[0.438006367335608,-0.795400646856315],[0.639560280495277,-1.17764708273685],[0.5,-0.5],[-1.5,0.5],[-0.5,-0.5],[0.610493882121317,-1.05839602775373],[-0.516334648507712,-0.830016469844947],[0.224766939460288,-1.33702664471846],[0.0995777269329968,-1.32521464311581],[0.926131564555917,-1.40861687611631],[0.00994054070537093,-1.30062081740147],[-0.0169358644073226,-1.29196159555213],[0.0142151182333989,-1.30564451256782],[-0.510644944749425,-0.50496558052014],[-0.000111721742532545,-1.29805451411027],[0.0046678168572728,-0.938344981602243],[0.000117321408871551,-1.29820195157127],[-0.00705989943964817,-0.936220779530826],[-0.455095078310545,-0.789076816139624],[-1.03960817515736e-05,-1.29806979675891],[-0.0907244853070289,-0.920910585733609],[-0.00318932772534515,-0.936922295459469],[2.16011974666364e-05,-1.29806704910492],[-0.00668323398394733,-0.936289068050376],[-0.00696437574764886,-0.936238098161742],[0.47960808877944,-1.21972255786191],[-0.00459458484407208,-0.936667654961473],[-0.555923555561783,-0.526115411200469],[-9.95228898512113e-05,-1.2980283109578],[-0.0764806600881927,-0.923540913899057],[-0.00526819603913951,-0.93654557144775],[-0.00720497625868886,-0.936194476273836],[-0.00421047151263681,-0.936737264423737],[-0.419503809987451,-0.810317734681765],[-0.000170303348375478,-1.29829125283092],[-0.00756162130656929,-0.936129811672708],[-0.000159102872708927,-1.29804677363675],[-0.000386049266089594,-1.29788089165002],[-0.00775823556357582,-0.936094161117112],[-0.00199877074955272,-0.937137984445342],[-0.00414516494258247,-0.936749098908078],[-0.0345649442640254,-0.931221039481339],[-0.396036677749055,-0.822582573483034],[-0.00082824012797128,-1.29848097488906],[-0.000462275045241323,-1.29843134309282],[-0.550605423491091,-0.523617993125577],[-0.391301331152898,-0.824924295606921]],"d":[[0.238102587913509,0.0496473130444312],[0.626392355822521,0.613488877721127]],"df":[0.816745582180383,0.859261133985443],"lambda":[[0,0],[0,0],[0,0],[0,0],[0,0],[0,0],[0,0],[2.51410261817996,0],[-4.44089209850063e-16,0],[2.22762853465724,0],[2.6723832565662,0],[1.15691123386285,0],[0,0],[0.889509443817935,0],[0.86951504954745,0],[0.849520655276965,0],[0.870517199478406,0],[0.830528410937437,0],[0.872521499340318,0],[0.865079318339655,0],[0.857637137338993,0],[0.85019495633833,0],[0.842752775337668,0],[0.835310594337005,0],[0.919296771142768,0],[0.904412409141442,0],[0.889528047140117,0],[0.874643685138792,0],[0.859759323137467,0],[0.844874961136142,0],[0.829990599134817,0],[0.815106237133492,0],[0.846033277766551,0],[0.816264553763901,0],[0.87811863503002,0],[0.818581187024719,0],[0.759043739019419,0],[0.882751901551656,0],[0.763677005541056,0],[1.01109333060553,0],[0.772943538584328,0],[0.534793746563127,0],[1.02962639669207,0],[0.553326812649672,0],[1.54299211290757,0],[0.590392944822762,0]],"rho":[0.0894024523243224,0.0894024523243224,0.0894024523243224,0.0894024523243224,0.0894024523243224,0.0894024523243224,0.0894024523243224,0.0447012261621612,0.0447012261621612,0.0223506130810806,0.0111753065405403,0.0111753065405403,0.0111753065405403,0.00558765327027015,0.00558765327027015,0.00558765327027015,0.00279382663513507,0.00279382663513507,0.00139691331756754,0.00139691331756754,0.00139691331756754,0.00139691331756754,0.00139691331756754,0.00139691331756754,0.000698456658783768,0.000698456658783768,0.000698456658783768,0.000698456658783768,0.000698456658783768,0.000698456658783768,0.000698456658783768,0.000698456658783768,0.000349228329391884,0.000349228329391884,0.000174614164695942,0.000174614164695942,0.000174614164695942,8.7307082347971e-05,8.7307082347971e-05,4.36535411739855e-05,4.36535411739855e-05,4.36535411739855e-05,2.18267705869928e-05,2.18267705869928e-05,1.09133852934964e-05,1.09133852934964e-05]}
