{"prog":["Inf","Inf","Inf","Inf",1.55718937740596,1.55718937740596,1.55718937740596,1.55718937740596,1.55718937740596,1.55718937740596,0.646749796419234,0.614183419008002,0.614183419008002,0.614183419008002,0.614183419008002,0.609534082226946,0.608240360232258,0.608240360232258,0.608240360232258,0.605645751052178,0.605645751052178,0.605645751052178,0.605645751052178,0.605645751052178,0.605645751052178,0.605645751052178,0.605645751052178,0.605645751052178,0.605645751052178,0.605645751052178,0.605645751052178,0.605645751052178,0.605645751052178,0.605645751052178,0.605645751052178,0.605645751052178,0.605645751052178,0.605645751052178,0.605645751052178,0.605645751052178,0.605645751052178,0.605645751052178,0.605320677796514,0.604971614828883,0.604491128423002,0.604491128423002,0.603974102052897,0.603974102052897,0.603974102052897,0.603803121914138],"mei":["Inf",0.0357920946258062,0.0508799927377376,0.0677893526156835,0.0636865888181136,0.095740291015065,0.0506237702743401,0.00119976312942158,0.00263579382825209,0.00024958788172895,9.96824465568316e-07,1.6560686914663e-05,"Inf",4.43126467934575e-05,5.19494620251137e-05,"Inf","Inf","Inf",1.31142417573045e-06,"Inf","Inf","Inf","Inf","Inf","Inf","Inf","Inf","Inf","Inf","Inf","Inf","Inf","Inf","Inf","Inf","Inf","Inf","Inf","Inf","Inf","Inf","Inf","Inf","Inf","Inf","Inf"],"obj":[0.792651150127093,0.898350611985277,0.414913837577895,0.472129122547835,1.55718937740596,0.387613933091052,0.423065972759601,0.355913844591705,0.468607075402815,0.591418075643442,0.646749796419234,0.614183419008002,0.610459860060135,0.608635862457607,0.913455383346216,0.609534082226946,0.608240360232258,0.605044795142923,0,0.605645751052178,0.605893810237832,0.606660793478463,0.599553447495707,0.607142019281413,0.606644889467624,0.607544301963067,1.55718726200688,0.610506045913637,0.60733267073094,1.5571862752925,0.913450528273815,0.607721172167522,0.605762104438748,0.606238354348212,0.610813352180213,0.606389417534942,0.608187461845609,0.913447899232587,0.60578787915437,0.91344616234031,0.612021519607984,0.913444801450518,0.605320677796514,0.604971614828883,0.604491128423002,0.6073716617347,0.603974102052897,0.606356551758655,0.613298245214933,0.603803121914138],"X":[[0.142210286767737,0.650440863359356],[0.898011551624632,0.000339060360644725],[0.0169695981678016,0.397944239410093],[0.446121179360459,0.0260079431873765],[0.828274037737463,0.728915339668495],[0.328274242443775,0.059339690647277],[0,0.423065972759601],[0.0188479337588145,0.33706591083289],[0.0628698527878025,0.405737222615013],[0.171704055500645,0.419714020142796],[0.221257693466372,0.425492102952862],[0.192204506800178,0.421978912207825],[0.18896428383081,0.421495576229326],[0.188196631985018,0.420439230472589],[0.0547765765756741,0.858678806770542],[0.189202925009298,0.420331157217648],[0.188923659578509,0.419316700653749],[0.188883824974848,0.416160970168074],[0,0],[0.189177805884654,0.416467945167524],[0.189247630945684,0.416646179292148],[0.189704786782249,0.416956006696214],[0.255802380497375,0.343751066998332],[0.18970337516903,0.417438644112383],[0.189494951642662,0.417149937824962],[0.189723323807026,0.417820978156041],[0.828272419216635,0.728914842790246],[0.190821249630322,0.419684796283315],[0.189699556746336,0.417633113984604],[0.828271629198883,0.728914646093616],[0.0547756018147986,0.858674926459017],[0.190461341526789,0.417259830640734],[0.189206896024321,0.416555208414427],[0.189282108400437,0.416956245947775],[0.191061632871715,0.419751719308498],[0.18977675921359,0.416612658321352],[0.191937578754952,0.416249883090657],[0.0547745582184429,0.858673341014144],[0.189235178700549,0.416552700453822],[0.0547738908068746,0.858672271533435],[0.192013360016359,0.420008159591625],[0.0547733351862257,0.858671466264292],[0.192277926715977,0.413042751080537],[0.189907807366976,0.415063807461907],[0.189706588860794,0.414784539562208],[0.190508977401219,0.416862684333481],[0.19035347355701,0.413620628495888],[0.189780687025989,0.416575864732666],[0.193370170391564,0.419928074823369],[0.190584972508579,0.41321814940556]],"C":[[0.54766009026477,-1.05670291760977],[1.07095099647354,-0.693575138186792],[0.207524830934151,-1.34135241505835],[0.602950144473683,-1.3002994802172],[-1.28142470412097,-0.282644546006043],[1.08731124959551,-1.38871482286185],[0.242337040943391,-1.32101518269297],[0.363275038503013,-1.38603132714742],[0.157957929103846,-1.3314246877951],[0.0239169570881429,-1.2943578586202],[-0.0457615629647093,-1.27000150340669],[-0.00442047640810528,-1.2849912252176],[8.27315691757646e-05,-1.28663397865542],[0.000976532260951346,-1.28781288118911],[-0.759648028840129,-0.759670233461767],[-0.000449577561255188,-1.28752397144],[-0.000148897321322228,-1.28848135540432],[0.00011467227740658,-1.29113294757164],[1.5,-1.5],[-0.000334518998937716,-1.29076620840861],[-0.000457098652470678,-1.2905912954627],[-0.00111984012517374,-1.29015978235185],[0.209716623258638,-1.31640034606938],[-0.00117502001341285,-1.28975760785109],[-0.000860277540905785,-1.29007759267458],[-0.00123504656884055,-1.28943069061634],[-1.2814213682094,-0.282647951525095],[-0.00276668219032916,-1.28745192245815],[-0.00118786141110061,-1.28959666027377],[-1.28141979224971,-0.282649546974446],[-0.759633952845478,-0.759677004116429],[-0.00218488734692057,-1.28961871111748],[-0.000387918953970445,-1.29068250883966],[-0.000547693986514552,-1.29031977240462],[-0.00309774789057549,-1.28730394658195],[-0.00116558842353159,-1.2904186745888],[-0.00400182472187516,-1.2898960006887],[-0.759627605268495,-0.759679841203582],[-0.000425648123536349,-1.2906738948868],[-0.759623357096046,-0.759681750985487],[-0.00440985938424321,-1.28672401545168],[-0.759620109334028,-0.759683194776107],[-0.00333918198269567,-1.29242488467763],[-0.000995507114052663,-1.29165706043629],[-0.000647564419733127,-1.29196519588297],[-0.00219390358519239,-1.28993183193983],[-0.00109002168149624,-1.29268353078745],[-0.00116481878218427,-1.29044783975418],[-0.00630549254831125,-1.28626838917788],[-0.00122392231192092,-1.29292812925575]],"d":[[0.162713965972275,0.0392616609105292],[0.624566594265779,0.648344676884004]],"df":[0.458154585170277,0.593299825510855],"lambda":[[0,0],[0,0],[0,0],[0,0],[0,0],[11.4228039221229,0],[14.8819365251095,0],[1.64485842763459,0],[0.366182883111335,0],[0.390113976617708,0],[0.955061192816832,0],[2.08495562521508,0],[1.04459023493387,0],[0.700027620694996,0],[0.965390216429204,0],[1.49611540789762,0],[2.55756579083445,0],[4.68046655670812,0],[0,0],[4.24580153174733,0],[0,0],[8.49160306349466,0],[0,0],[0,0],[0,0],[0,0],[0,0],[0,0],[0,0],[0,0],[0,0],[0,0],[0,0],[0,0],[0,0],[0,0],[0,0],[0,0],[0,0],[0,0],[0,0],[0,0],[0,0],[0,0],[0,0],[0,0]],"rho":[0.0138282973410692,0.0138282973410692,0.0138282973410692,0.0138282973410692,0.0138282973410692,0.00691414867053458,0.00345707433526729,0.00345707433526729,0.00345707433526729,0.00172853716763365,0.000864268583816823,0.000432134291908411,0.000432134291908411,0.000432134291908411,0.000216067145954206,0.000108033572977103,5.40167864885514e-05,2.70083932442757e-05,2.70083932442757e-05,1.35041966221379e-05,1.35041966221379e-05,6.75209831106893e-06,6.75209831106893e-06,6.75209831106893e-06,6.75209831106893e-06,6.75209831106893e-06,6.75209831106893e-06,6.75209831106893e-06,6.75209831106893e-06,6.75209831106893e-06,6.75209831106893e-06,6.75209831106893e-06,6.75209831106893e-06,6.75209831106893e-06,6.75209831106893e-06,6.75209831106893e-06,6.75209831106893e-06,6.75209831106893e-06,6.75209831106893e-06,6.75209831106893e-06,6.75209831106893e-06,6.75209831106893e-06,6.75209831106893e-06,6.75209831106893e-06,6.75209831106893e-06,6.75209831106893e-06]}
