{"prog":[0.859736113450428,0.859736113450428,0.859736113450428,0.859736113450428,0.859736113450428,0.859736113450428,0.859736113450428,0.859736113450428,0.859736113450428,0.859736113450428,0.623146492237137,0.61673348451834,0.61673348451834,0.607487410255852,0.600759340795638,0.600759340795638,0.600759340795638,0.600759340795638,0.600759340795638,0.600167724699732,0.600167724699732,0.600167724699732,0.600167724699732,0.600167724699732,0.600167724699732,0.600167724699732,0.600029216529285,0.600029216529285,0.600029216529285,0.600029216529285,0.600029216529285,0.600029216529285,0.600029216529285,0.600029216529285,0.600029216529285,0.600029216529285,0.600029216529285,0.600029216529285,0.600029216529285,0.600029216529285,0.600029216529285,0.600029216529285,0.600029216529285,0.600029216529285,0.600029216529285,0.600029216529285,0.600029216529285,0.600029216529285,0.600029216529285,0.600029216529285],"mei":["Inf",0.00416123189087491,0.0035473627083185,0.00161668108132887,0.0040964219750436,0.000999134624718964,0.00055883558071858,0.00069640353757441,3.81473631181689e-05,0.00103319313277655,0.00148764726903548,0.000701512108611863,3.17445323192834e-05,0.000395174040809569,1.88187320221972e-05,"Inf",0.000622767166589174,"Inf",0.000160868102449016,"Inf",4.38951848701581e-05,"Inf","Inf","Inf","Inf",0.000579259705389795,"Inf","Inf",0.000212828515640096,"Inf","Inf","Inf","Inf","Inf","Inf","Inf","Inf","Inf","Inf","Inf","Inf","Inf","Inf","Inf","Inf","Inf"],"obj":[0.859736113450428,0.875756657276246,0.299909499688053,0.748989034446187,1.36244758595304,2,1.42933730510123,0.741874158956398,0.672544919895821,0.667905715549312,0.623146492237137,0.61673348451834,0.50994603298232,0.607487410255852,0.600759340795638,0.599190655865934,0.599956708809854,0.599339953976163,0.59930057497884,0.600167724699732,0.440623307567728,1.36203383007522,0.599405484900644,0.600415562780257,0.498352729349805,0.600249814095909,0.600029216529285,0.600075377309407,0.899957932509581,0.0321428293832872,0.600213354026913,0.600476770133335,0.343776465446801,0.941203328507664,0.600068957794276,0.910337308209077,0.600077458407312,0.600070593485421,0.599900647915226,0.913483073440895,0.912657891454882,0.600777565353332,0.912845807651177,0.600509501646851,0.600772980051801,1.36223807163314,0.600793935655586,0.855038870633781,0.85973490211221,0.665715502957745],"X":[[0.0229121898680255,0.836823923582403],[0.760737936319955,0.115018720956291],[0.151286560509188,0.148622939178865],[0.226093715081479,0.522895319364708],[0.384761925759903,0.977685660193135],[1,1],[1,0.429337305101233],[0.741874158956398,0],[0.21361272350536,0.458932196390461],[0.212765693193622,0.45514002235569],[0.204332504587413,0.418813987649723],[0.203062155507541,0.413671329010798],[0.364779384231841,0.145166648750478],[0.201182791917992,0.40630461833786],[0.19974100783128,0.401018332964358],[0.198974502833832,0.400216153032103],[0.19881689532019,0.401139813489664],[0.198002661320351,0.401337292655812],[0.196940855979141,0.4023597189997],[0.197718997300631,0.402448727399102],[0.0217125491349009,0.418910758432827],[0.384410222493519,0.977623607581703],[0.196384618981864,0.40302086591878],[0.197954996712391,0.402460566067865],[0,0.498352729349805],[0.196701353584438,0.403548460511471],[0.197555098877449,0.402474117651837],[0.194828950118886,0.405246427190521],[0.777466852835772,0.122491079673809],[0.0321428293832872,0],[0.196074850143182,0.404138503883731],[0.199181285075522,0.401295485057814],[0,0.343776465446801],[0.819767409311629,0.121435919196034],[0.197241798382314,0.402827159411962],[0.774651375910592,0.135685932298485],[0.197690623418461,0.402386834988851],[0.197293839418874,0.402776754066547],[0.196929302264295,0.402971345650931],[0.774415426985592,0.139067646455304],[0.774230126385094,0.138427765069788],[0.196828578785839,0.403948986567493],[0.77435384236597,0.138491965285207],[0.198259209600536,0.402250292046315],[0.197322903272125,0.403450076779677],[0.384584070881543,0.977654000751592],[0.197177104193968,0.403616831461618],[0.729072398860755,0.125966471773026],[0.0229124017264008,0.83682250038581],[0.212353911711625,0.45336159124612]],"C":[[-0.63935512530432,-0.799200752475604],[0.102301276870537,-0.908048486073235],[1.54562310371571,-1.45502359855914],[0.211381216849217,-1.17546211698714],[-1.30804423939579,-0.396089010338244],[-1.5,0.5],[-0.746571970424491,-0.315669478448411],[0.913761115734242,-0.949622732272737],[0.00887868132245723,-1.24375084347285],[0.0019211752993526,-1.2475783198499],[-0.0213320791362889,-1.28284307131797],[-0.0175917483636033,-1.28764179255507],[1.26239264442882,-1.34586264492999],[-0.00896424590876643,-1.29444204135341],[-0.000323753684597916,-1.29928782641703],[0.00175278737518836,-1.30023617807421],[0.000507416752028422,-1.29955869216872],[0.00111231016188074,-1.29972332363376],[0.000843348290973489,-1.29932095577269],[-0.0001531779314774,-1.29894221992128],[0.213899954071698,-1.3240423416793],[-1.30740610356278,-0.39648086274142],[0.000584494788420153,-1.29900726306143],[-0.000434516114243444,-1.29883931203693],[0.492945173706421,-1.2516445571496],[-0.000458548532188463,-1.29845721751687],[-3.93501560175258e-06,-1.2989865675279],[-0.000318334826923561,-1.29781701344489],[0.0912402472217257,-0.880541228141985],[1.46461142089495,-1.49896683851924],[-0.000475213913666117,-1.29822672281995],[-0.00012622623238806,-1.29928874934788],[0.350443693001349,-1.3818177418049],[0.222048778905634,-0.813234712159514],[-0.000129633948361907,-1.298825952611],[0.0138897608210722,-0.881504573576118],[-3.5954311255193e-05,-1.29900325244008],[-0.000120765493230979,-1.29884602731098],[3.19721182850952e-05,-1.29883294449398],[-0.00282313031436227,-0.880940936156106],[6.69642461958997e-06,-0.881405465255505],[-0.00110906513204989,-1.29808372682424],[-0.000157971223023745,-0.881196102364499],[-0.000483089067308817,-1.29888798835722],[-0.00104152491786985,-1.29829170739073],[-1.30772161276436,-0.396287747238586],[-0.00108937511205215,-1.29821464294256],[0.0276250267959032,-0.952585885208479],[-0.639348323167367,-0.79920312469517],[-0.00105147966850377,-1.24936908376356]],"d":[[0.0814561557040794,0.044909027332151],[0.713257749280077,0.72266438668287]],"df":[0.874698442052194,0.859188433903898],"lambda":[[0,0],[0,0],[0,0],[0,0],[0,0],[1.4587522034664,0],[2.09004385577231,0],[0,0],[0,0],[0,0],[0,0],[0,0],[1.15191990923106,0],[0.726382482097118,0],[1.39332413995346,0],[0.542249285685587,0],[0.139579318018378,0],[0,0],[0,0],[1.53650395513743,0],[0.731164019803016,0],[1.11022302462516e-16,0],[-3.14837522702674e-17,0],[-3.10552797471082e-19,0],[-3.10552797471082e-19,0],[-3.10552797471082e-19,0],[-3.10552797471082e-19,0],[-3.10552797471082e-19,0],[-3.10552797471082e-19,0],[-3.10552797471082e-19,0],[-3.10552797471082e-19,0],[-3.10552797471082e-19,0],[-3.10552797471082e-19,0],[-3.10552797471082e-19,0],[-3.10552797471082e-19,0],[0.336189729471858,0],[1.00856918841557,0],[2.35332810630301,0],[5.04284594207787,0],[-8.88178419700125e-16,0],[5.37903567154973,0],[4.05497017790996,0],[2.73090468427019,0],[1.40683919063042,0],[0.0827736969906439,0],[2.77555756156289e-17,0]],