{"prog":["Inf","Inf",0.942554719932972,0.942554719932972,0.942554719932972,0.942554719932972,0.942554719932972,0.942554719932972,0.942554719932972,0.942554719932972,0.942554719932972,0.942554719932972,0.942554719932972,0.942554719932972,0.942554719932972,0.942554719932972,0.690993821638081,0.62988936831601,0.62988936831601,0.605837658605629,0.605837658605629,0.605837658605629,0.600975541320166,0.600899693581471,0.600899693581471,0.600899693581471,0.600899693581471,0.600810487945953,0.600702687921877,0.600516392369588,0.600516392369588,0.600516392369588,0.600516392369588,0.600516392369588,0.600409865728394,0.600409865728394,0.600160475279002,0.600160475279002,0.600160475279002,0.600160475279002,0.600160475279002,0.600160475279002,0.600160475279002,0.600160475279002,0.600160475279002,0.600160475279002,0.600160475279002,0.600160475279002,0.600160475279002,0.600160475279002],"mei":["Inf",0.083475859036468,0.0677999422783488,0.0695752376875949,0.0865575854925146,0.047994379084902,0.0526160159020659,0.0964193175769423,0.0366080787165086,0.0656209245637908,0.0198787064126307,0.00930817638061133,0.0066198347523947,0.00461240021213437,2.11862987058883e-05,"Inf","Inf","Inf","Inf","Inf","Inf","Inf","Inf","Inf","Inf","Inf","Inf","Inf","Inf","Inf","Inf","Inf","Inf","Inf","Inf","Inf","Inf","Inf","Inf","Inf","Inf","Inf","Inf","Inf","Inf","Inf"],"obj":[0.65247355983883,0.634882991908789,0.942554719932972,1.17329149868183,0.354864173437204,2,1.08541560541411,0.259838044898335,0.0300495235331654,0.402562145149624,0.595366601838973,0.458680155682698,1.08458399556929,0.58092788581231,0.736845778652907,0.665141828839661,0.690993821638081,0.62988936831601,0.570023954368727,0.605837658605629,0.60023884979856,1.17261554957392,0.600975541320166,0.600899693581471,1.08433110630207,1.08434165879266,1.08417890711847,0.600810487945953,0.600702687921877,0.600516392369588,0.600853111412854,1.08424231437843,0.615174100681994,1.08415072051919,0.600409865728394,0.600517294609566,0.600160475279002,0.600468394232948,0.600551474639792,0.600423141538538,1.08405669663822,0.600408236727809,0.607879370520014,1.17284681875483,0.623831795331431,0.614986723175753,0.600451904803303,0.600210155458832,1.0838270338409,0.600252340567467],"X":[[0.364053658867267,0.288419900971563],[0.566600366850989,0.0682826250578003],[0.0618579107387592,0.880696809194213],[0.907179998361315,0.266111500320516],[0.0139976293439971,0.340866544093207],[1,1],[0.463790679042543,0.621624926371567],[0,0.259838044898335],[0,0.0300495235331654],[0.0151692769707661,0.387392868178858],[0.595366601838973,0],[0.0556725625866247,0.403007593096074],[0.463249385678015,0.621334609891273],[0.146963115634473,0.433964770177837],[0.631897701434236,0.104948077218671],[0.209057707270896,0.456084121568765],[0.227818677176472,0.463175144461609],[0.197943957901653,0.431945410414357],[0,0.570023954368727],[0.190746822660337,0.415090835945292],[0.191239726147945,0.408999123650615],[0.906659284052315,0.265956265521605],[0.192182454619087,0.40879308670108],[0.19246455947399,0.408435134107482],[0.463092342001783,0.621238764300287],[0.463099744209843,0.621241914582819],[0.462995673438517,0.621183233679949],[0.192883451806296,0.407927036139657],[0.192818274910987,0.407884413010891],[0.191977904126753,0.408538488242835],[0.193044027766048,0.407809083646806],[0.463036412957545,0.621205901420885],[0.18989093868303,0.425283161998964],[0.462976244511497,0.621174476007693],[0.192933241115257,0.407476624613137],[0.19313954805864,0.407377746550926],[0.192768796194703,0.407391679084298],[0.194132620158944,0.406335774074004],[0.192899207344423,0.407652267295368],[0.194304064578962,0.406119076959576],[0.462911481808813,0.621145214829405],[0.192654206677998,0.407754030049811],[0.188810491045789,0.419068879474225],[0.906836394503739,0.26601042425109],[0.192707330818641,0.43112446451279],[0.189861461396202,0.425125261779551],[0.194584536077033,0.40586736872627],[0.193541010094359,0.406669145364474],[0.462764403030645,0.621062630810252],[0.193740937603304,0.406511402964163]],"C":[[0.730528984349069,-1.28427889418891],[0.338619969807273,-1.17430150739954],[-0.822686474630527,-0.720546729154168],[-0.423101214857434,-0.606209119970329],[0.349820752398289,-1.3836140654907],[-1.5,0.5],[-0.119071079618154,-0.8984806569468],[0.918666992389672,-1.43248419042341],[1.62425250801259,-1.49909702613543],[0.21598435413578,-1.34969665872034],[0.508521061558812,-1.14553860941471],[0.165694261402942,-1.33448544568195],[-0.11819295991528,-0.899343309220201],[0.0739325042444102,-1.29007642088751],[0.194016793668178,-1.08969119601023],[0.0110016117459277,-1.24828214908348],[-0.00894438418765375,-1.23356743588253],[-0.00775232088402361,-1.2742413519522],[0.745304633711871,-1.17507269144584],[-0.00211573781548929,-1.29131524755922],[0.000477317957299106,-1.29614708399589],[-0.422770658856732,-0.607236207471545],[-0.000524269950887057,-1.29595411640199],[-0.000579616554649331,-1.29613813457309],[-0.117987165528721,-0.899607880509955],[-0.118002585861208,-0.899597110478252],[-0.117846052898149,-0.899766396572135],[-0.000658157513324154,-1.2963915072056],[-0.000541508489956266,-1.29645141848311],[-6.76619265983502e-05,-1.29624078795136],[-0.000749515875501205,-1.29642575463901],[-0.117908591463728,-0.899700508315275],[5.3458011142038e-05,-1.28307566352624],[-0.117807638490387,-0.899795267374598],[-0.000316401498461849,-1.29673956486665],[-0.000475280256371058,-1.29674048659079],[-3.99361607671955e-05,-1.29687221102652],[-0.000656163048672109,-1.2972037644979],[-0.000433899890254441,-1.29660952477484],[-0.000637342169381605,-1.2973132258176],[-0.117679897416297,-0.899891582104102],[-0.000227167088744262,-1.29662100762741],[-2.77582527685727e-06,-1.28873187272727],[-0.422888858569612,-0.606886207793214],[-0.00029850916666474,-1.27699558074732],[2.22452990948363e-05,-1.28322113727337],[-0.000705585080133686,-1.2974085373229],[-0.000283359941172179,-1.29716208362018],[-0.117457415830118,-0.900130315898739],[-0.000366136715398924,-1.2972129283567]],"d":[[0.197254279550335,0.031228484548083],[0.621963446877069,0.667902607799256]],"df":[0.686083470427946,0.833857950770393],"lambda":[[0,0],[0,0],[0,0],[0,0],[0,0],[0,0],[3.55086144961512,0],[0,0],[5.44814801602049,0],[0,0],[4.86190919236576,0],[-7.105427357601e-15,0],[1.44696403361472,0],[-2.22044604925031e-16,0],[6.11128131906239e-18,0],[6.11128131906239e-18,0],[6.11128131906239e-18,0],[0.251112994263194,0],[0.753338982789582,0],[1.75779095984236,0],[-2.22044604925031e-16,0],[2.00890395410555,0],[-4.44089209850063e-16,0],[-4.44089209850063e-16,0],[-4.44089209850063e-16,0],[-4.44089209850063e-16,0],[1.22225626381248e-17,0],[1.22225626381248e-17,0],[1.22225626381248e-17,0],[1.22225626381248e-17,0],[1.22225626381248e-17,0],[1.22225626381248e-17,0],[1.22225626381248e-17,0],[1.22225626381248e-17,0],[1.22225626381248e-17,0],[1.22225626381248e-17,0],[1.22225626381248e-17,0],[1.22225626381248e-17,0],[1.22225626381248e-17,0],[1.22225626381248e-17,0],[1.22225626381248e-17,0],[1.22225626381248e-17,0],[1.22225626381248e-17,0],[1.22225626381248e-17,0],[1.22225626381248e-17,0],[1.22225626381248e-17,0]],