{"prog":["Inf",1.44694388528516,1.44694388528516,1.44694388528516,1.44694388528516,1.44694388528516,1.44694388528516,1.44694388528516,1.44694388528516,1.1104558048483,1.1104558048483,1.1104558048483,1.1104558048483,0.819617195112455,0.819617195112455,0.819617195112455,0.819617195112455,0.819617195112455,0.625952177538334,0.625952177538334,0.624038331317645,0.624038331317645,0.624038331317645,0.624038331317645,0.624038331317645,0.600973680254804,0.600973680254804,0.600973680254804,0.600973680254804,0.600973680254804,0.600660625452042,0.600287439233747,0.600287439233747,0.600287439233747,0.600287439233747,0.600287439233747,0.600287439233747,0.600287439233747,0.600287439233747,0.600287439233747,0.600287439233747,0.600287439233747,0.600287439233747,0.600287439233747,0.600287439233747,0.600287439233747,0.600287439233747,0.600287439233747,0.600287439233747,0.600042573589388],"mei":["Inf",0.103573920011237,0.13746082311802,0.215629279706681,0.131830850779665,0.157878329305133,0.0413312533618477,0.00503054902334271,0.00567000611747958,0.0106548705315303,0.0136268589586685,0.00163948517990145,0.00180248566150019,0.00523411963877415,0.0121586208140179,0.000472540914322849,0.00404134028823052,0.0120165289239147,"Inf","Inf","Inf","Inf","Inf","Inf","Inf","Inf","Inf","Inf","Inf","Inf","Inf","Inf","Inf","Inf","Inf","Inf","Inf","Inf","Inf","Inf","Inf","Inf","Inf","Inf","Inf","Inf"],"obj":[0.892177007252392,1.44694388528516,1.07941328901784,0.809995258569251,0.129074790703383,0.838455161533369,0.701212651739888,0.942751880044544,0.477089003378221,1.1104558048483,0.546147699454371,0.66836690501365,1.02874101032378,0.819617195112455,0.38808618935483,0.484693459417888,0.35344364057042,0.558994977624032,0.625952177538334,0.631544553765019,0.624038331317645,0.579818594703075,0.818630616501967,0.59864016139875,1.44568174853186,0.600973680254804,0.599639919049196,1.03286215153577,1.44552711855643,1.03269341681893,0.600660625452042,0.600287439233747,1.03290951412337,0.600618422692634,1.44586628565366,1.44580986369813,1.03287531488013,0.600604666985156,0.600478486995308,1.44574068983374,0.600442742159701,0.600602802910393,0.600576211457959,1.4456688674971,1.1097495336733,0.600538312308441,1.03269495775301,1.1093722125452,1.44558193119172,0.600042573589388],"X":[[0.654142759995103,0.238034247257289],[0.5050356131245,0.941908272160662],[0.938686093464188,0.140727195553651],[0.180059165940634,0.629936092628617],[0.0536073631079885,0.0754674275953945],[0.57083986494783,0.26761529658554],[0.0547434307770627,0.646469220962826],[0.263309829988926,0.679442050055619],[0,0.477089003378221],[0.353183356404913,0.757272448443388],[0.546147699454371,0],[0.66836690501365,0],[0.767060405015974,0.261680605307809],[0,0.819617195112455],[0,0.38808618935483],[0.0876734154389485,0.39702004397894],[0.35344364057042,0],[0.146015444273441,0.412979533350591],[0.195676400588458,0.430275776949876],[0.198783455574346,0.432761098190673],[0.198120653105316,0.425917678212329],[0.181403533870059,0.398415060833016],[0,0.818630616501967],[0.191501634371936,0.407138527026815],[0.504373896472326,0.941307852059538],[0.194064870165492,0.406908810089312],[0.193649250874942,0.405990668174254],[0.770249854474716,0.262612297061058],[0.504294757596494,0.941232360959933],[0.770207490552868,0.262485926266065],[0.193079075711532,0.40758154974051],[0.194091088777647,0.406196350456099],[0.770352547980235,0.262556966143131],[0.193747264821406,0.406871157871228],[0.504471189735856,0.941395095917804],[0.50444151933351,0.94136834436462],[0.77033211529947,0.26254319958066],[0.193688820640873,0.406915846344283],[0.193763819618243,0.406714667377065],[0.504404836802935,0.941335853030809],[0.193334371170411,0.407108370989291],[0.193624752544933,0.40697805036546],[0.193777493552477,0.406798717905482],[0.504366783070188,0.941302084426915],[0.352829025094319,0.756920508578982],[0.193979674712081,0.40655863759636],[0.770201458085905,0.262493499667101],[0.352639725506331,0.756732487038868],[0.504321313215933,0.941260617975782],[0.194025660401502,0.406016913187886]],"C":[[0.518806653929363,-1.01543694667865],[-1.25064913353196,-0.357747836311278],[0.572931085555877,-0.599064274368547],[0.555058711802413,-1.07075921596455],[1.69635602415565,-1.49143091799274],[0.877727058735005,-1.10252390161978],[0.63665530314939,-1.07908070313447],[0.362445719928538,-0.969026434047421],[0.403848480109003,-1.27238608285558],[-0.048547891666723,-0.801799955587117],[0.476679533565937,-1.2017226903807],[0.667341158242502,-1.05328568028248],[0.0109454665447307,-0.843141595862468],[-0.522953406117894,-0.828227653475992],[0.230573013664346,-1.34938910963205],[0.131273298158597,-1.33468845690423],[0.793175379022228,-1.37507759294033],[0.0572016785774662,-1.30812739506716],[-0.00556976872256559,-1.27657350202293],[-0.00836328672124492,-1.27320296968272],[-0.0117952494310644,-1.27934233819934],[0.0236783136913574,-1.30835819720088],[-0.516976631541707,-0.829843913725609],[0.00172302384825695,-1.29756534384331],[-1.24762901206769,-0.359546500208382],[-0.00114528946113696,-1.29676404643935],[0.000272950706058317,-1.297671544991],[-0.00283447338161175,-0.837749943113994],[-1.24724401611466,-0.359768440142483],[-0.00307517601325025,-0.8378815600085],[-0.000588229893066561,-1.2965977508335],[-0.000464146417119893,-1.29733317413325],[-0.00359482941945474,-0.837620791350075],[-0.000727754499251387,-1.29691785826675],[-1.24806685470036,-0.359284092108398],[-1.24793241813484,-0.359364393800714],[-0.00353558845572091,-0.837659500492194],[-0.000700883745055225,-1.29690413475266],[-0.000594797993509533,-1.29703876154731],[-1.24776989319103,-0.359462572408564],[-0.000458784370761744,-1.29688459519459],[-0.000683844020871793,-1.29687832172264],[-0.000693497860787928,-1.29696508610298],[-1.24760087655131,-0.359564533988975],[-0.0463937990532055,-0.802583022743528],[-0.000698388258045302,-1.29708195999439],[-0.00301446118126325,-0.837886876594864],[-0.0452438078786428,-0.803001167054789],[-1.2473918014491,-0.359688462084005],[-0.00020083729418624,-1.29750430931114]],"d":[[0.101921114943474,0.0367946442428066],[0.792822986419494,0.642642973909641]],"df":[0.95158206300978,0.873492144871325],"lambda":[[0,0],[0,0],[0,0],[0,0],[0,0],[4.34199243351442,0],[3.29806339248847,0],[2.25413435146252,0],[1.21020531043657,0],[1.44556651771747,0],[0,0],[0,0],[0,0],[0,0],[2.46002417045764,0],[1.98095551295961,0],[1.50188685546158,0],[0.487350239802684,0],[2.5239766271746,0],[0.494903395856811,0],[0.791305908398239,0],[1.3841109334811,0],[0.59603902324811,0],[0.783855982734737,0],[1.15948990170799,0],[1.9107577396545,0],[3.41329341554751,0],[0,0],[3.00507135178603,0],[0,0],[0,0],[0,0],[0,0],[0,0],[0,0],[0,0],[0,0],[0,0],[0,0],[0,0],[0,0],[0,0],[0,0],[0,0],[0,0],[0,0]],"rho":[0.0930099456166317,0.0930099456166317,0.0930099456166317,0.0930099456166317,0.0930099456166317,0.0465049728083159,0.0465049728083159,0.0465049728083159,0.0465049728083159,0.0232524864041579,0.0232524864041579,0.0232524864041579,0.0232524864041579,0.0232524864041579,0.011626243202079,0.011626243202079,0.011626243202079,0.011626243202079,0.00581312160103948,0.00581312160103948,0.00290656080051974,0.00145328040025987,0.00145328040025987,0.000726640200129935,0.000363320100064968,0.000181660050032484,9.08300250162419e-05,9.08300250162419e-05,4.5415012508121e-05,4.5415012508121e-05,4.5415012508121e-05,4.5415012508121e-05,4.5415012508121e-05,4.5415012508121e-05,4.5415012508121e-05,4.5415012508121e-05,4.5415012508121e-05,4.5415012508121e-05,4.5415012508121e-05,4.5415012508121e-05,4.5415012508121e-05,4.5415012508121e-05,4.5415012508121e-05,4.5415012508121e-05,4.5415012508121e-05,4.5415012508121e-05]}
