{"prog":[0.858246150770748,0.858246150770748,0.858246150770748,0.858246150770748,0.858246150770748,0.858246150770748,0.858246150770748,0.858246150770748,0.858246150770748,0.858246150770748,0.858246150770748,0.625268445952024,0.625268445952024,0.625268445952024,0.625268445952024,0.625268445952024,0.625268445952024,0.606872931386003,0.606872931386003,0.600778621224026,0.600778621224026,0.600778621224026,0.600778621224026,0.600778621224026,0.599873129964972,0.599873129964972,0.599873129964972,0.599873129964972,0.599873129964972,0.599873129964972,0.599873129964972,0.599873129964972,0.599873129964972,0.599873129964972,0.599873129964972,0.599873129964972,0.599873129964972,0.599873129964972,0.599873129964972,0.599873129964972,0.599873129964972,0.599873129964972,0.599873129964972,0.599873129964972,0.599873129964972,0.599873129964972,0.599873129964972,0.599873129964972,0.599873129964972,0.599873129964972],"mei":["Inf",0.304876389244408,0.101346459721223,0.137906533111914,0.133062330664181,0.008178054807595,0.0236452537572294,0.00101079254648781,0.0161952761108878,7.19454078839925e-05,0.0443599453191456,5.81888332247097e-05,"Inf",0.000857163557767864,"Inf","Inf","Inf","Inf","Inf","Inf","Inf","Inf","Inf","Inf","Inf","Inf","Inf","Inf","Inf","Inf","Inf","Inf","Inf","Inf","Inf","Inf","Inf","Inf","Inf","Inf","Inf","Inf","Inf","Inf","Inf","Inf"],"obj":[0.858246150770748,1.1501630066778,1.56200677939272,0.20582789501311,1.13748142782074,0.508666213052954,1,0.347065016169349,1,0.731177337991385,0.619483241903991,0.625268445952024,0.37782075728514,0.535540861506641,0.544283685536805,0.591179603935303,0.605219895885547,0.606872931386003,0.592270349552713,0.600778621224026,0.999310585065897,0.598624519767944,1.13243631789969,0.598953935103719,0.599873129964972,0.599813095449526,0.599877332714465,0.599913025240045,0.849519138355021,0.60005718301308,1,1,0.600324892932552,1,0.600501733081972,1,1.13489338025293,1.15016034848159,0.744885725293156,0.744131977873305,0.600763019911129,0.8538040112198,0.602113379830016,0.853688819413534,1,0.743312234599169,1,0.853620825187779,1,0.600110979912138],"X":[[0.420630365782564,0.437615784988183],[0.839696621773694,0.310466384904102],[0.595733574800131,0.966273204592586],[0.0619236349831157,0.143904260029994],[0.309237929123742,0.828243498697002],[0,0.508666213052954],[1,0],[0.347065016169349,0],[0,1],[0.350841553621804,0.380335784369581],[0,0.619483241903991],[0.194713724623057,0.430554721328966],[0,0.37782075728514],[0.535540861506641,0],[0.132108636848025,0.41217504868878],[0.496461088260909,0.0947185156743945],[0.185794997662425,0.419424898223122],[0.192491334542487,0.414381596843517],[0.188242057690778,0.404028291861935],[0.194860045016811,0.405918576207215],[0,0.999310585065897],[0.193276089624245,0.405348430143698],[0.305281877351416,0.827154440548272],[0.193647137986611,0.405306797117108],[0.194339689874356,0.405533440090617],[0.19434187393468,0.405471221514846],[0.194407810589978,0.405469522124487],[0.194380490293492,0.405532534946553],[0.413569144484029,0.435949993870992],[0.194662631557002,0.405394551456078],[0,1],[0,1],[0.194786249507577,0.405538643424975],[0,1],[0.193581076038458,0.406920657043514],[0,1],[0.30720838049188,0.827684999761052],[0.839693370621292,0.310466977860302],[0.362760366474711,0.382125358818445],[0.361143294175932,0.382988683697373],[0.194930852472921,0.405832167438208],[0.417069997888815,0.436734013330985],[0.190106618484724,0.412006761345292],[0.416946688616258,0.436742130797277],[0,1],[0.360379401851384,0.382932832747785],[0,1],[0.416901589612257,0.436719235575522],[0,1],[0.193924458586944,0.406186521325194]],"C":[[-0.269714398798007,-1.1315625201108],[-0.212868737290134,-0.698520207226424],[-1.26265547155951,-0.211417601942231],[1.63891922824791,-1.4754570273757],[-0.652293340961262,-0.718384610057408],[0.537011429457438,-1.24125868369837],[0.5,-0.5],[0.809622822708329,-1.37954587455137],[-0.5,-0.5],[0.00811710349641209,-1.23225489538021],[0.75983248669056,-1.11624051300012],[-0.00387070514650356,-1.27670919738475],[0.244672569347908,-1.35725147536448],[0.47776839952948,-1.21319598565672],[0.0751534388816074,-1.31265903730856],[0.638727094740017,-1.24455479063123],[0.00420600983806207,-1.28956297359414],[-0.0041819612168621,-1.29123497832347],[0.00874346155153249,-1.30132606709147],[-0.00108579985999818,-1.29725967234595],[-0.502952837730089,-0.501378354575254],[0.00139450066943048,-1.2983370033596],[-0.646896226223689,-0.722618506842069],[0.00100308450041686,-1.29822718616027],[-5.84977238892725e-05,-1.29777471390781],[6.49476758479706e-06,-1.29782432455882],[-6.92679454933343e-05,-1.29780006980975],[-0.000105582407296745,-1.29775958809308],[-0.26182586228474,-1.13890816557463],[-0.000286937059766623,-1.29776171752503],[-0.5,-0.5],[-0.5,-0.5],[-0.000590065740577239,-1.2975967256918],[-0.5,-0.5],[-0.000576183023093035,-1.29694194587107],[-0.5,-0.5],[-0.649537617646705,-0.720560552126104],[-0.212848644741789,-0.698525298992945],[0.00284448313034652,-1.22238512666301],[-0.00332259686774128,-1.22289518923151],[-0.0010774630581537,-1.29730221462659],[-0.265598764623428,-1.13531601846084],[-3.02145984721336e-05,-1.29410990221407],[-0.265608228891435,-1.13541177003859],[-0.5,-0.5],[-0.00335498200613327,-1.223489132325],[-0.5,-0.5],[-0.265509337710012,-1.1354693738571],[-0.5,-0.5],[-0.000255968856478384,-1.2974058142555]],"d":[[0.134509292359115,0.0349968396036803],[0.675707117991128,0.616577085425072]],"df":[0.72461143649055,0.803921411224068],"lambda":[[0,0],[0,0],[0.343170769063584,0],[0,0],[0.686341538127168,0],[0,0],[0.0207485539162307,0],[0.0622456617486921,0],[0.0226692121141347,0],[0,0],[0,0],[0.768414584988072,0],[0.689261685718957,0],[0.775271304234529,0],[0.604235618271914,0],[0.961829547676216,0],[0.873014508873801,0],[0.784199470071386,0],[0.898265271356043,0],[0.720635193751213,0],[0.884733554984698,0],[0.865593830221472,0],[0.867718837071472,0],[0.871968850771473,0],[0.880468878171475,0],[0.897468932971479,0],[0.931469042571486,0],[0.9994692617715,0],[1.13546970017153,0],[1.40747057697159,0],[1.9514723305717,0],[3.03947583777193,0],[5.21548285217239,0],[-1.77635683940025e-15,0],[4.35201402880092,0],[-1.77635683940025e-15,0],[8.70402805760184,0],[-1.77635683940025e-15,0],[17.4080561152037,0],[0,0],[0,0],[0,0],[0,0],[0,0],[0,0],[0,0]],"rho":[1.56485189843759,1.56485189843759,0.782425949218796,0.782425949218796,0.391212974609398,0.391212974609398,0.195606487304699,0.0978032436523495,0.0978032436523495,0.0978032436523495,0.0978032436523495,0.0489016218261748,0.0489016218261748,0.0244508109130874,0.0244508109130874,0.0122254054565437,0.0122254054565437,0.0122254054565437,0.00611270272827184,0.00611270272827184,0.00305635136413592,0.00305635136413592,0.00152817568206796,0.000764087841033981,0.00038204392051699,0.000191021960258495,9.55109801292476e-05,4.77554900646238e-05,2.38777450323119e-05,1.19388725161559e-05,5.96943625807797e-06,2.98471812903899e-06,1.49235906451949e-06,1.49235906451949e-06,7.46179532259747e-07,7.46179532259747e-07,3.73089766129873e-07,3.73089766129873e-07,1.86544883064937e-07,1.86544883064937e-07,1.86544883064937e-07,1.86544883064937e-07,1.86544883064937e-07,1.86544883064937e-07,1.86544883064937e-07,1.86544883064937e-07]}
