{"prog":[1.12264972917332,1.12264972917332,1.12264972917332,1.12264972917332,1.12264972917332,1.12264972917332,1.12264972917332,1.12264972917332,1.12264972917332,1.12264972917332,1.12264972917332,1.12264972917332,0.603477570654164,0.603477570654164,0.603477570654164,0.602589496276222,0.602589496276222,0.602589496276222,0.602372738071593,0.602372738071593,0.602372738071593,0.602372738071593,0.602372738071593,0.602372738071593,0.602372738071593,0.602372738071593,0.602257929710767,0.602257929710767,0.602257929710767,0.602257929710767,0.602257929710767,0.60168298822687,0.601542169225164,0.601542169225164,0.601444099005358,0.601052954796937,0.60098024021921,0.60098024021921,0.60098024021921,0.600534176480564,0.6000443850217,0.6000443850217,0.6000443850217,0.600010497737905,0.600010497737905,0.600010497737905,0.600010497737905,0.600010497737905,0.600010497737905,0.600010497737905],"mei":["Inf",0.000111347616425261,8.94517552619629e-05,0.000166058428132703,0.000109429182226744,0.000107104968421389,8.47941779690484e-05,0.00119137509729597,0.0955113592700508,6.03936926362842e-06,"Inf","Inf","Inf","Inf","Inf","Inf","Inf","Inf","Inf","Inf","Inf","Inf","Inf","Inf","Inf","Inf",0.000101446907225033,"Inf","Inf","Inf","Inf","Inf","Inf","Inf","Inf","Inf","Inf","Inf","Inf","Inf","Inf","Inf","Inf","Inf","Inf","Inf"],"obj":[1.12264972917332,1.24470688772497,0.460851682238479,1.73364066140112,0.394504746881897,0.815338555131622,0.572673402194096,0.411222205913405,0.51190749223479,0.179913780635817,0.504193105279033,0.585561731171956,0.603477570654164,0.601281691178135,1.7284954159612,0.602589496276222,1.72630675053503,1.12223054997601,0.602372738071593,1.24467247249787,0.602534170435888,1.12200089125364,0.602398925917897,0.602432871514948,0.602466392011597,1.12180556932406,0.602257929710767,0.602405054668413,0.602319292973557,1.12161918788035,0.600511783862416,0.60168298822687,0.601542169225164,1.12132999902481,0.601444099005358,0.601052954796937,0.60098024021921,1.72341296830968,1.12107824071498,0.600534176480564,0.6000443850217,0.600284068909855,0.600257442443004,0.600010497737905,1.71391918742334,0.600343984559523,0.600068311664229,1.1207580517131,1.69417143604747,1.12050999779495],"X":[[0.479127922090499,0.643521807082817],[0.257554560703587,0.987152327021386],[0.315033495345859,0.14581818689262],[0.935598021842446,0.798042639558679],[0.0143892092011844,0.380115537680712],[0.585400755092349,0.229937800039273],[0.572673402194096,0],[0,0.411222205913405],[0,0.51190749223479],[0.111761682487643,0.0681520981481734],[0.10352536957237,0.400667735706663],[0.175322042238639,0.410239688933317],[0.191144988005282,0.412332582648883],[0.189874112480651,0.411407578697485],[0.931313169352204,0.797182246609],[0.190728777353727,0.411860718922495],[0.929490815422697,0.79681593511233],[0.478825707937896,0.643404842038117],[0.190616677915746,0.411756060155847],[0.257522690321712,0.987149782176154],[0.190771357754762,0.411762812681126],[0.478652812343089,0.643348078910549],[0.190691341796671,0.411707584121226],[0.190615953047058,0.41181691846789],[0.190789816293998,0.4116765757176],[0.478511407999618,0.643294161324446],[0.190655375814692,0.411602553896074],[0.190806245844159,0.411598808824253],[0.190787608941503,0.411531684032054],[0.478373665065502,0.64324552281485],[0.190589833552292,0.409921950310124],[0.191050534645705,0.410632453581166],[0.191200840165738,0.410341329059426],[0.478166013406412,0.643163985618399],[0.19134835857946,0.410095740425898],[0.191708886229961,0.409344068566976],[0.191941442514151,0.409038797705059],[0.92708502749257,0.796327940817105],[0.477980440783716,0.643097799931267],[0.192541153822837,0.407993022657728],[0.196431329624379,0.403613055397321],[0.194232511029212,0.406051557880642],[0.195501068919688,0.404756373523315],[0.195784800872211,0.404225696865695],[0.919203555969768,0.794715631453573],[0.19543063002104,0.404913354538483],[0.196275398910727,0.403792912753503],[0.477746322449244,0.643011729263852],[0.902878529828862,0.791292906218612],[0.47756976019397,0.642940237600983]],"C":[[-0.0894927490855673,-0.856316118082106],[-1.00513452310244,-0.459195931517044],[1.36093018348183,-1.37949095318152],[-1.52325816670584,0.0122157130292813],[0.226371096335618,-1.35530512867227],[0.790489285810606,-1.10443456405041],[0.486114200234529,-1.17204517441944],[0.228464998730687,-1.33089629736371],[0.550723112135087,-1.23795071939389],[1.60284202187583,-1.48286461784553],[0.111334036349222,-1.3287478634186],[0.0197057228209325,-1.30096557912917],[-0.00153019507736613,-1.29344543484656],[0.000590460738609744,-1.29469162559996],[-1.52047489019906,0.00284375371741974],[-0.000749371643805008,-1.2939932816978],[-1.5190525126781,-0.00113118959591363],[-0.0887932789179265,-0.856756150659679],[-0.000549349444680658,-1.2941222290253],[-1.00506776526511,-0.45921737151904],[-0.000750593189737303,-1.29405767515333],[-0.088354011062616,-0.856994734598157],[-0.000618116696731619,-1.29413367734085],[-0.000581485412629035,-1.29407238410757],[-0.000726655705443613,-1.29412164300393],[-0.0880239391824489,-0.857199454420101],[-0.000514028491231167,-1.29423386529919],[-0.000704263563655938,-1.29417939712131],[-0.000642731385773476,-1.29424176131213],[-0.0876874833598524,-0.857393833950449],[0.000614344025326785,-1.29563951000045],[-0.000434612399390855,-1.2948806812775],[-0.000434223330981143,-1.29506223238566],[-0.0872123173192064,-0.857697351226475],[-0.000453721484502623,-1.29520728935348],[-0.000364764157794073,-1.2956851364695],[-0.000420208930313803,-1.29584574461759],[-1.51694770441453,-0.00637516247308856],[-0.0867620076552058,-0.857959917951769],[-0.000298716191028447,-1.29646959754718],[-0.000231858639683613,-1.29851123425484],[-0.000482261372060533,-1.29739586400199],[-0.000546074302857691,-1.29795161014351],[-0.00024627140557576,-1.29826989774087],[-1.50833586801844,-0.0234918878158816],[-0.000645356443726819,-1.29785204416597],[-0.000279369031666366,-1.29842725139248],[-0.0862041644038883,-0.858294367415334],[-1.48248050767602,-0.0586658969421754],[-0.0858091760783328,-0.858554975021866]],"d":[[0.122464397345508,0.0385933764855977],[0.550059987500699,0.653865658327334]],"df":[0.65091704249665,0.644452038759279],"lambda":[[0,0],[0,0],[0,0],[0,0],[0,0],[0,0],[0,0],[0,0],[0,0],[0,0],[0,0],[0,0],[0,0],[0,0],[0,0],[0,0],[0,0],[0,0],[0,0],[0,0],[0,0],[0,0],[0,0],[0,0],[0,0],[0,0],[0,0],[0,0],[0,0],[0,0],[0,0],[0,0],[0,0],[0,0],[0,0],[0,0],[0,0],[0,0],[0,0],[0,0],[0,0],[0,0],[0,0],[0,0],[0,0],[0,0]],"rho":[6.64604644422956e-05,6.64604644422956e-05,6.64604644422956e-05,6.64604644422956e-05,6.64604644422956e-05,6.64604644422956e-05,6.64604644422956e-05,6.64604644422956e-05,6.64604644422956e-05,6.64604644422956e-05,6.64604644422956e-05,6.64604644422956e-05,6.64604644422956e-05,6.64604644422956e-05,6.64604644422956e-05,6.64604644422956e-05,6.64604644422956e-05,6.64604644422956e-05,6.64604644422956e-05,6.64604644422956e-05,6.64604644422956e-05,6.64604644422956e-05,6.64604644422956e-05,6.64604644422956e-05,6.64604644422956e-05,6.64604644422956e-05,6.64604644422956e-05,6.64604644422956e-05,6.64604644422956e-05,6.64604644422956e-05,6.64604644422956e-05,6.64604644422956e-05,6.64604644422956e-05,6.64604644422956e-05,6.64604644422956e-05,6.64604644422956e-05,6.64604644422956e-05,6.64604644422956e-05,6.64604644422956e-05,6.64604644422956e-05,6.64604644422956e-05,6.64604644422956e-05,6.64604644422956e-05,6.64604644422956e-05,6.64604644422956e-05,6.64604644422956e-05]}
