{"prog":[0.996271743293915,0.996271743293915,0.996271743293915,0.996271743293915,0.978929832125765,0.978929832125765,0.978929832125765,0.978929832125765,0.978929832125765,0.978929832125765,0.978929832125765,0.978929832125765,0.978929832125765,0.978929832125765,0.978929832125765,0.978929832125765,0.625021327360621,0.625021327360621,0.608726038727062,0.608726038727062,0.600454493008055,0.600454493008055,0.600454493008055,0.600253099260906,0.600062087192586,0.600062087192586,0.600062087192586,0.600062087192586,0.600062087192586,0.600062087192586,0.600062087192586,0.600062087192586,0.600062087192586,0.600062087192586,0.600062087192586,0.600062087192586,0.600062087192586,0.600062087192586,0.600062087192586,0.600062087192586,0.600062087192586,0.600062087192586,0.600062087192586,0.600062087192586,0.600062087192586,0.600062087192586,0.600062087192586,0.600062087192586,0.600062087192586,0.600062087192586],"mei":["Inf",0.606058234493222,0.284036776199408,0.211925286247921,0.0170397602989238,0.148809845823137,0.0191089126200262,0.134885312142939,0.164576252597272,0.0215730219295219,0.00147240840240299,0.0116148345240389,0.0272490960758277,0.000508072073487714,"Inf","Inf","Inf","Inf","Inf","Inf","Inf","Inf","Inf","Inf","Inf","Inf","Inf","Inf","Inf","Inf","Inf","Inf","Inf","Inf","Inf","Inf","Inf","Inf","Inf","Inf","Inf","Inf","Inf","Inf","Inf","Inf"],"obj":[0.996271743293915,1.18663345845105,1.18766582161367,1.67243577903892,0.978929832125765,0,0.367795228754511,0.434963400013316,0.583947373622998,0.511830187358255,0.380564643887227,0.523676828771872,0.637057191043646,0.695465768946688,0.735144141355708,0.807895951773497,0.625021327360621,0.417940162133121,0.608726038727062,0.600038713716495,0.600454493008055,0.60025249354261,0.993136427547961,0.600253099260906,0.600062087192586,0.855497357488341,0.599900216439607,0.862660101424081,0.600205021360302,0.863340407968371,0.600473915633866,0.862180054539994,0.600761504254242,0.600577652075107,0.600747488050771,0.60072653553116,0.993890749878856,0.626446419459692,1.18662134340824,0.600248201738779,0.993449092521779,1.1866145764502,0.99301831846833,0.60060923984341,0.600457071833358,0.600676077659728,0.862721479361135,0.600415492944331,0.992375187493569,0.600522622046367],"X":[[0.566933939048772,0.429337804245143],[0.371532838482301,0.815100619968749],[0.875189273961631,0.312476547652035],[0.935533722503002,0.736902056535916],[0.0138834919021194,0.965046340223645],[0,0],[0.367795228754511,0],[0,0.434963400013316],[0.583947373622998,0],[0,0.511830187358255],[0,0.380564643887227],[0.137771216357272,0.3859056124146],[0.258618047673697,0.37843914336995],[0.337048674732916,0.358417094213772],[0.646531968444909,0.0886121729107995],[0.6892113024368,0.118684649336698],[0.235650823873516,0.389370503487105],[0.244784921936624,0.173155240196496],[0.208854677791924,0.399871360935138],[0.198635765136361,0.401402948580134],[0.198814672876442,0.401639820131614],[0.198636908499324,0.401615585043287],[0.564401948627334,0.428734478920627],[0.198097030917552,0.402156068343354],[0.197515693659515,0.402546393533071],[0.720008858295035,0.135488499193306],[0.197262953523236,0.402637262916372],[0.724816689823506,0.137843411600575],[0.198058327784582,0.40214669357572],[0.72527605018852,0.138064357779851],[0.198881994325613,0.401591921308253],[0.724509334916689,0.137670719623305],[0.198280547491842,0.402480956762399],[0.198322374590908,0.4022552774842],[0.198483352467414,0.402264135583357],[0.198135820401376,0.402590715129783],[0.565011868888543,0.428878880990313],[0.239673150936063,0.386773268523629],[0.371522319705066,0.815099023703173],[0.198433622685098,0.40181457905368],[0.564655268600817,0.428793823920962],[0.371516447332283,0.815098129117915],[0.5643074852118,0.42871083325653],[0.197680430955136,0.402928808888274],[0.198361995274237,0.402095076559121],[0.197557305981026,0.403118771678702],[0.724849154464527,0.137872324896608],[0.198164300300811,0.40225119264352],[0.563786863474692,0.428588324018876],[0.197812757594642,0.402709864451726]],"C":[[-0.0416035839184405,-0.994254958600603],[-0.477128353900517,-0.697574329255846],[-0.387400198866223,-0.636402141909979],[-1.1996116998048,-0.0817520131328136],[-0.657150237373443,-0.568492809873552],[1.5,-1.5],[0.75658192630285,-1.36472666970542],[0.265431503286781,-1.31080684064886],[0.495571045345182,-1.1590054648388],[0.550397393513369,-1.23802985930881],[0.240092673699309,-1.35517055182299],[0.0904966191011499,-1.33209595025035],[0.0196212144293728,-1.28990052018286],[0.144070264836871,-1.25793537743614],[0.177082588570802,-1.07414429659078],[0.0749257049723609,-1.01090173460519],[-0.00732492472327667,-1.29285930022193],[1.3958912045353,-1.41009760478497],[-0.00822748969403569,-1.29648261826831],[0.000316221098158154,-1.29941950567987],[-0.000228859933393555,-1.29915818073368],[3.39366309526357e-06,-1.29924830043217],[-0.0429248528649678,-0.997637186970327],[-0.000169494468335307,-1.29902806303627],[-5.85956743157645e-05,-1.29894395181172],[0.00907903790825854,-0.963230110563026],[0.000102388500155814,-1.2989705616785],[-0.000502453870553476,-0.95563996003161],[-0.000113056626081076,-1.29905093564129],[-0.00140466029495318,-0.954912884133777],[-0.000233467886874394,-1.29916988107301],[0.000151030942105168,-0.956132996576978],[-0.000828125927220646,-1.29869390392996],[-0.000560738309850983,-1.29885892747273],[-0.000753221051617514,-1.29878792401667],[-0.00081678196729007,-1.29866291276516],[-0.0426037978504606,-0.996824493455573],[-0.00192246056757139,-1.29296321947593],[-0.477129150158883,-0.697584747519101],[-5.90581597666451e-05,-1.29916914144798],[-0.0427867748646616,-0.997300284208579],[-0.477129566014206,-0.697590569270074],[-0.0429639364309035,-0.997764083582426],[-0.000761631792855155,-1.29857082218527],[-0.000379401513076361,-1.29897206823774],[-0.000874933008620737,-1.29846636677377],[-0.00059267435825433,-0.955584925299664],[-0.000378159354058716,-1.29892488810316],[-0.043241267686374,-0.998456421088059],[-0.000615784233925998,-1.29869487800608]],"d":[[0.134616440465912,0.028165566177262],[0.704752899119241,0.667783775111099]],"df":[0.798518379489729,0.710216542560107],"lambda":[[0,0],[0,0],[0,0],[1.5131638526057,0],[0,0],[1.06172601314712,0],[0,0],[1.92074138959447,0],[3.36868729521287,0],[3.9965661569528,0],[5.25232388043266,0],[7.76383932739238,0],[12.7868702213118,0],[9.03650876299417,0],[5.28614730467651,0],[1.07367258133024,0],[1.23557778358721,0],[1.00122521179221,0],[0.766872639997212,0],[0.770347751006762,0],[0.423223079856053,0],[0.303219138857367,0],[0.183215197858681,0],[0.392906846177789,0],[0.812290142816005,0],[1.65105673609244,0],[0.691025208102952,0],[0,0],[1.67753318655286,0],[0,0],[0,0],[0,0],[0,0],[0,0],[0,0],[0,0],[0,0],[0,0],[0,0],[0,0],[0,0],[0,0],[0,0],[0,0],[0,0],[0,0]],"rho":[0.5,0.5,0.5,0.25,0.25,0.125,0.125,0.0625,0.03125,0.015625,0.0078125,0.00390625,0.001953125,0.001953125,0.001953125,0.001953125,0.0009765625,0.0009765625,0.0009765625,0.00048828125,0.00048828125,0.00048828125,0.00048828125,0.000244140625,0.0001220703125,6.103515625e-05,6.103515625e-05,6.103515625e-05,3.0517578125e-05,3.0517578125e-05,3.0517578125e-05,3.0517578125e-05,3.0517578125e-05,3.0517578125e-05,3.0517578125e-05,3.0517578125e-05,3.0517578125e-05,3.0517578125e-05,3.0517578125e-05,3.0517578125e-05,3.0517578125e-05,3.0517578125e-05,3.0517578125e-05,3.0517578125e-05,3.0517578125e-05,3.0517578125e-05]}
