{"prog":[1.52206070956356,1.52206070956356,1.52206070956356,1.34948230871686,1.18888523941601,1.18888523941601,1.18888523941601,1.18888523941601,1.18888523941601,1.18888523941601,1.17690360921258,1.17690360921258,1.14019065991817,1.06522881733261,0.910158549849035,0.910158549849035,0.910158549849035,0.910158549849035,0.650392665279652,0.650392665279652,0.650392665279652,0.626364588028557,0.626364588028557,0.609685810818392,0.609685810818392,0.603195261104638,0.603195261104638,0.603195261104638,0.603195261104638,0.603195261104638,0.603195261104638,0.603195261104638,0.603195261104638,0.603195261104638,0.603195261104638,0.600468837561099,0.600468837561099,0.600468837561099,0.600468837561099,0.600166393321435,0.600166393321435,0.600166393321435,0.600166393321435,0.600166393321435,0.600166393321435,0.600166393321435,0.600166393321435,0.600166393321435,0.600166393321435,0.600166393321435],"mei":["Inf",0.211700933628875,0.125152764884809,0.0323176479665865,0.0820346226948035,0.00390678564362176,0.139802049295096,0.0876841520484574,0.127265160070447,0.164731842232695,0.0199765320514438,0.0225612254278566,0.0337537377715407,0.0131834393905099,0.0205304024752896,"Inf",0.0058708258068555,0.00287604704926833,0.0482129847152492,0.0173233940702683,"Inf","Inf",1.34957422371375e-05,"Inf","Inf","Inf","Inf","Inf","Inf","Inf","Inf","Inf","Inf","Inf","Inf","Inf","Inf","Inf","Inf","Inf","Inf","Inf","Inf","Inf","Inf","Inf"],"obj":[1.52206070956356,0.702460365938596,0.768591951925445,1.34948230871686,1.18888523941601,0,0.303833405985007,0.404797115776994,0.465269870297994,0.477297487954219,1.17690360921258,0.618426247956834,1.14019065991817,1.06522881733261,0.910158549849035,0.316988544016116,0.489081187560001,0.568524928384454,0.650392665279652,0.882267825306874,0.616154966341783,0.626364588028557,0.589971866772079,0.609685810818392,0.865269765559158,0.603195261104638,0.530494988989578,0.598069436447666,0.869685540099986,0.869030540295853,0.863914374534044,0.859653353736607,0.860683929711982,0.599600735737277,0.861107488269691,0.600468837561099,0.861139779211036,0.645082742248522,0.860986750874627,0.600166393321435,0.861124686022221,0.861447859816052,0.612278856332741,0.861141947214755,0.600439236379935,0.616675876508017,0.861322444550209,0.602406906010917,0.861107085971437,0.600307497505092],"X":[[0.809823893352836,0.712236816210727],[0.0376188818266659,0.66484148411193],[0.480369819905695,0.28822213201975],[0.53396883314335,0.815513475573508],[0.866740120455329,0.322145118960679],[0,0],[0.303833405985007,0],[0,0.404797115776994],[0,0.465269870297994],[0.477297487954219,0],[0.862298481291651,0.314605127920927],[0.618426247956834,0],[0.848242665007787,0.291947994910385],[0.817862995676284,0.247365821656329],[0.751720115557689,0.158438434291346],[0,0.316988544016116],[0.0841899338648567,0.404891253695144],[0.145671487097535,0.422853441286919],[0.205803664953513,0.444589000326139],[0.739639870184525,0.142627955122349],[0.164867141526451,0.451287824815332],[0.202970470458405,0.423394117570151],[0.183405386100915,0.406566480671163],[0.209648536629714,0.400037274188678],[0.733511690357992,0.131758075201166],[0.197737781704253,0.405457479400385],[0.430921977006676,0.0995730119829019],[0.193426109456456,0.40464332699121],[0.73420404843663,0.135481491663356],[0.733174834025853,0.135855706269999],[0.727090212031107,0.136824162502937],[0.718610526372804,0.141042827363802],[0.718491648276896,0.142192281435086],[0.195177620994575,0.404423114742702],[0.719739437841787,0.141368050427904],[0.19202191733075,0.408446920230349],[0.719155648420996,0.14198413079004],[0.206020835841153,0.439061906407369],[0.719388221714383,0.141598529160244],[0.196127782540615,0.40403861078082],[0.719501890068683,0.141622795953539],[0.718703425196792,0.14274443461926],[0.189320506642149,0.422958349690592],[0.718929276567397,0.142212670647358],[0.194931844423157,0.405507391956778],[0.198074452584647,0.41860142392337],[0.719793533624955,0.141528910925254],[0.190087579110638,0.412319326900278],[0.719624374801165,0.141482711170272],[0.196199351658098,0.404108145846994]],"C":[[-1.23086531414407,-0.33690397938886],[0.573447144790623,-1.05657062073396],[0.8555054921734,-1.18617283873776],[-0.253058896997474,-0.549815056389546],[-0.322296906429681,-0.644984085922891],[1.5,-1.5],[0.922141824037794,-1.40768526140755],[0.22504976675752,-1.33613929505863],[0.358106100435155,-1.28352394779289],[0.527553136900225,-1.27218710799259],[-0.32062641465658,-0.65746494264797],[0.544953710004794,-1.11754897583803],[-0.308478667972957,-0.695250749528293],[-0.256905517084822,-0.769910270579704],[-0.0685652291186367,-0.909814130405241],[0.493100282700912,-1.39951826296254],[0.133183222698957,-1.32897512771701],[0.0623885913051834,-1.2999747850386],[-0.00527603983771296,-1.25998547228071],[-0.0235195521691476,-0.932590128851036],[0.0798812070737302,-1.26915812481834],[-0.0195666796715444,-1.27954040932889],[0.0120234652691677,-1.30106616114384],[-0.00935322408735773,-1.29601767034871],[0.00889590430198911,-0.944600409727445],[-0.00396331829844054,-1.29650400208497],[0.912143260667085,-1.30439146501731],[0.00200170299226032,-1.29885011810202],[-0.00193977121455519,-0.942589180675934],[-0.00241384702074599,-0.943997889825042],[-0.000490646337861278,-0.95261897212393],[0.00172983260213411,-0.963705832235426],[0.000373079028789469,-0.963551106456634],[0.000220401678166282,-1.29834764052471],[-0.000341072827482081,-0.961990215933402],[-4.67670783427798e-05,-1.29629869661897],[-0.00034638542527804,-0.962655659947974],[-0.0134255242378899,-1.26478005754124],[-0.000161405246601132,-0.962430442998273],[-0.000413995883651819,-1.29828669391401],[-0.000359015117521122,-0.962260013853896],[-0.000650691606573495,-0.963089412995627],[-3.93024965530953e-05,-1.28526398019177],[-0.000312287323521621,-0.962916251601625],[-0.000727283405821233,-1.2975653310982],[-0.0127381575620816,-1.28553935912262],[-0.000645595363481299,-0.961866836324012],[-0.000164172205487978,-1.29385948493236],[-0.000339276095798591,-0.962123401631942],[-0.000581657384457479,-1.29820242086905]],"d":[[0.107181873964403,0.0394722323669851],[0.85216126051086,0.792669896560929]],"df":[0.952478579997884,0.722775896715678],"lambda":[[0,0],[0,0],[0,0],[0,0],[1.62727783320067,0],[0,0],[3.25455566640134,0],[0,0],[6.50911133280267,0],[0,0],[0,0],[0,0],[0,0],[0,0],[3.60892874987699,0],[2.99853343696866,0],[2.38813812406033,0],[1.777742811152,0],[0,0],[1.39101808761121,0],[0,0],[2.78203617522242,0],[0.947940158251796,0],[0,0],[0.926323653264843,0],[2.77897095979453,0],[4.44089209850063e-16,0],[3.70529461305937,0],[4.44089209850063e-16,0],[4.44089209850063e-16,0],[0.815958365428236,0],[2.44787509628471,0],[1.75532158910789,0],[5.01915505082083,0],[3.63404803646719,0],[2.24894102211355,0],[8.88178419700125e-16,0],[-7.17369849832703e-16,0],[-7.17369849832703e-16,0],[-7.17369849832703e-16,0],[-7.17369849832703e-16,0],[-7.17369849832703e-16,0],[-7.17369849832703e-16,0],[-7.17369849832703e-16,0],[-7.17369849832703e-16,0],[-7.17369849832703e-16,0]],"rho":[0.138298305406688,0.138298305406688,0.138298305406688,0.138298305406688,0.0691491527033442,0.0691491527033442,0.0345745763516721,0.0345745763516721,0.0172872881758361,0.0172872881758361,0.0172872881758361,0.0172872881758361,0.0172872881758361,0.0172872881758361,0.00864364408791803,0.00864364408791803,0.00864364408791803,0.00864364408791803,0.00864364408791803,0.00432182204395902,0.00432182204395902,0.00216091102197951,0.00216091102197951,0.00216091102197951,0.00108045551098975,0.000540227755494877,0.000540227755494877,0.000270113877747438,0.000270113877747438,0.000270113877747438,0.000135056938873719,6.75284694368596e-05,6.75284694368596e-05,3.37642347184298e-05,3.37642347184298e-05,3.37642347184298e-05,3.37642347184298e-05,3.37642347184298e-05,3.37642347184298e-05,3.37642347184298e-05,3.37642347184298e-05,3.37642347184298e-05,3.37642347184298e-05,3.37642347184298e-05,3.37642347184298e-05,3.37642347184298e-05]}
