{"prog":["Inf","Inf","Inf","Inf","Inf","Inf","Inf","Inf","Inf",0.811318880638523,0.811318880638523,0.811318880638523,0.811318880638523,0.604665606168452,0.604665606168452,0.604665606168452,0.604665606168452,0.601253083138885,0.601253083138885,0.601064027392094,0.600935373408264,0.600896011089561,0.600896011089561,0.600896011089561,0.600896011089561,0.600896011089561,0.600896011089561,0.600896011089561,0.600854291995711,0.600737909151008,0.60069279927396,0.600620924852279,0.600620924852279,0.600520543434656,0.600405962907565,0.600405962907565,0.600405962907565,0.600405962907565,0.600097213224544,0.600097213224544,0.600097213224544,0.600097213224544,0.600097213224544,0.600097213224544,0.600097213224544,0.600097213224544,0.600097213224544,0.599988829970454,0.599910905525528,0.599910905525528],"mei":["Inf",1.00089402616001,1.7077012673464,3.68969251444854,13.0220587360236,8.73778258163911,1.21959595189144,0.00174766080637718,0.0187267031603148,0.0020877419841962,0.000662019738776725,1.39472966761157e-05,2.97190880734678e-05,"Inf",2.69300563386798e-06,"Inf","Inf","Inf","Inf","Inf","Inf","Inf","Inf","Inf","Inf","Inf","Inf","Inf","Inf","Inf","Inf","Inf","Inf",2.7987359584691e-06,"Inf","Inf","Inf","Inf","Inf","Inf","Inf","Inf","Inf","Inf","Inf","Inf"],"obj":[0.756401844126266,0.0847528025705257,0.902930182056252,0.568861728410437,1.07114571137148,0.605163663785121,0.717059541513505,0.72445731284775,0.511042716565459,0.811318880638523,1.12043542036598,0.496871842331836,0.593122424247716,0.604665606168452,0.600359712141962,0.44884781862107,0.311516677564175,0.601253083138885,0.553767311973535,0.601064027392094,0.600935373408264,0.600896011089561,0.600903688956958,0.811258051613511,1.15454385119415,1.15348747269418,1.1528795137963,1.15227552082479,0.600854291995711,0.600737909151008,0.60069279927396,0.600620924852279,0.811153024124323,0.600520543434656,0.600405962907565,1.15202758744522,1.1522822691001,0.543306031663322,0.600097213224544,1.15179769680411,0.600417414645881,1.15233576423696,0.6003411460155,0.600320164426453,0.600357637423012,0.600214181713832,0.600184134439789,0.599988829970454,0.599910905525528,0.829440341992927],"X":[[0.691995799059979,0.0644060450662873],[0.051094075774563,0.0336587267959627],[0.593583611471947,0.309346570584305],[0.118036550250379,0.450825178160059],[0.372419606114835,0.698726105256641],[0.116138549000864,0.489025114784257],[0.714109082134144,0.00295045937936068],[0.0894635113291942,0.634993801518556],[0.117678523253842,0.393364193311617],[0.0465702887497356,0.764748591888788],[0.394518385495165,0.725917034870815],[0.0954550960410164,0.40141674629082],[0.183965751062435,0.409156673185281],[0.194795062868241,0.40987054330021],[0.190930978023315,0.409428734118647],[0,0.44884781862107],[0,0.311516677564175],[0.192179339277385,0.409073743861501],[0.316417065939769,0.237350246033766],[0.192218139319563,0.408845888072531],[0.192355177815332,0.408580195592933],[0.192517365449947,0.408378645639613],[0.192746107198433,0.408157581758525],[0.0465226434809682,0.764735408132543],[0.397249411192425,0.757294440001726],[0.397536342794427,0.755951129899748],[0.397678539266737,0.755200974529563],[0.397802092211151,0.754473428613643],[0.192888108082656,0.407966183913055],[0.193071974273331,0.407665934877677],[0.193259891552728,0.407432907721232],[0.193464031687684,0.407156893164595],[0.0464353417807239,0.764717682343599],[0.193678055041961,0.406842488392695],[0.193977328368419,0.406428634539146],[0.397767277726358,0.754260309718864],[0.397583461995836,0.754698807104264],[0.423421298098665,0.119884733564657],[0.194257832201585,0.405839381022959],[0.397796453937315,0.7540012428668],[0.194342452681471,0.40607496196441],[0.397638506286299,0.754697257950658],[0.194608823017318,0.405732322998181],[0.194683122925361,0.405637041501091],[0.194552124608785,0.405805512814227],[0.194122836171542,0.40609134554229],[0.195172567724766,0.405011566715023],[0.194092152288663,0.405896677681792],[0.195434072327305,0.404476833198223],[0.746176379768448,0.0832639622244793]],"C":[[0.274768750222147,-1.01699367544226],[1.57931686337335,-1.49625648553122],[0.785086672015579,-1.05196319545965],[0.15610950297889,-1.28282403154194],[0.22937172230088,-0.873085466814156],[0.29539734214578,-1.24736627454622],[0.79271478475072,-0.990039513602981],[0.639132147191383,-1.08877915217366],[0.100750948998433,-1.3314163765851],[-0.16150087821086,-0.912990799409883],[0.132738586449615,-0.817399701990652],[0.12045976768101,-1.32975292043709],[0.00940197519136576,-1.29874741922399],[-0.0045912829300413,-1.29406102121695],[0.000538335016155356,-1.29591347330906],[0.302585972984284,-1.29853563571911],[0.5278089213276,-1.40295735959938],[-0.000741158094453298,-1.29572577363804],[1.06336598305094,-1.34354510108978],[-0.000610223531455956,-1.29589722672271],[-0.000564831007475952,-1.29606170933687],[-0.000597301947460938,-1.29616394578577],[-0.000690192915361709,-1.29625632661288],[-0.161358976232118,-0.913015399191896],[-0.0202163067676325,-0.768698036449745],[-0.0121897505139162,-0.770502745360926],[-0.00777410192188349,-0.771523267476273],[-0.00353762300253863,-0.772523340948406],[-0.000698023203414,-1.29635777054371],[-0.000655694631553905,-1.29653169829051],[-0.000671493222411279,-1.29664904002285],[-0.000660743415535348,-1.2967949327917],[-0.1611516034348,-0.913050625344742],[-0.000616914753447217,-1.2969680006336],[-0.000565185521394174,-1.2971885611057],[-0.0023374479108263,-0.772872577952966],[-0.00493329895385708,-0.772357101302806],[1.02228403660149,-1.30634205497457],[-0.000289497575742925,-1.29755829143924],[-0.000848583436014572,-0.773240106990219],[-0.000637051842904579,-1.29733413635135],[-0.00489772297372354,-0.772315667160159],[-0.000590247379683217,-1.29750868807831],[-0.000575352821467146,-1.29755707221027],[-0.000601495981206901,-1.29747135657979],[-0.000393461008752594,-1.29740614355237],[-0.00045632158813963,-1.29787329963476],[-0.000153850813636336,-1.29757612346684],[-0.000140518936824319,-1.2982040147795],[0.269192320301118,-0.936287922870333]],"d":[[0.25127651736154,0.0219882917697571],[0.861048038841048,0.671614513569406]],"df":[0.560592206623274,0.638052077483675],"lambda":[[0,0],[9.69065725907222,0],[29.0719717772167,0],[67.8346008135055,0],[145.359858886083,0],[245.427352191944,0],[0,0],[0,0],[0,0],[18.6763916147032,0],[0.435841885514421,0],[2.57457451923976,0],[6.85203978669044,0],[0,0],[0,0],[0,0],[0,0],[0,0],[0,0],[0,0],[0,0],[0,0],[0,0],[0,0],[0,0],[0,0],[0,0],[0,0],[0,0],[0,0],[0,0],[0,0],[0,0],[0,0],[0,0],[0,0],[0,0],[0,0],[0,0],[0,0],[0,0],[0,0],[0,0],[0,0],[0,0],[0,0]],"rho":[0.0161092791546974,0.00805463957734872,0.00402731978867436,0.00201365989433718,0.00100682994716859,0.000503414973584295,0.000503414973584295,0.000503414973584295,0.000503414973584295,0.000251707486792148,0.000251707486792148,0.000125853743396074,6.29268716980369e-05,6.29268716980369e-05,6.29268716980369e-05,6.29268716980369e-05,6.29268716980369e-05,6.29268716980369e-05,6.29268716980369e-05,6.29268716980369e-05,6.29268716980369e-05,6.29268716980369e-05,6.29268716980369e-05,6.29268716980369e-05,6.29268716980369e-05,6.29268716980369e-05,6.29268716980369e-05,6.29268716980369e-05,6.29268716980369e-05,6.29268716980369e-05,6.29268716980369e-05,6.29268716980369e-05,6.29268716980369e-05,6.29268716980369e-05,6.29268716980369e-05,6.29268716980369e-05,6.29268716980369e-05,6.29268716980369e-05,6.29268716980369e-05,6.29268716980369e-05,6.29268716980369e-05,6.29268716980369e-05,6.29268716980369e-05,6.29268716980369e-05,6.29268716980369e-05,6.29268716980369e-05]}
