{"prog":["Inf","Inf",1.43550672033231,1.43550672033231,1.43550672033231,1,1,1,1,1,1,1,1,1,0.616743892359697,0.616743892359697,0.616743892359697,0.616743892359697,0.616743892359697,0.60383880366183,0.603797369306266,0.603797369306266,0.603797369306266,0.603797369306266,0.603797369306266,0.603797369306266,0.603769198496709,0.603714001555386,0.603714001555386,0.603714001555386,0.603714001555386,0.603714001555386,0.603714001555386,0.603714001555386,0.603714001555386,0.603714001555386,0.603714001555386,0.603714001555386,0.603714001555386,0.603714001555386,0.603714001555386,0.603714001555386,0.603714001555386,0.603714001555386,0.603714001555386,0.603714001555386,0.603714001555386,0.603714001555386,0.603714001555386,0.603714001555386],"mei":["Inf",0.0358720883723933,0.0273911994534626,0.0202764220923215,0.00948173561770925,0.0369584797715919,0.0342486844016342,0.00861251761483653,0.0374134272169173,0.000180755509434959,0.150703735199836,0.000468497408117006,"Inf","Inf","Inf","Inf","Inf","Inf","Inf","Inf","Inf","Inf","Inf","Inf","Inf","Inf","Inf","Inf","Inf","Inf","Inf","Inf","Inf","Inf","Inf","Inf","Inf","Inf","Inf","Inf","Inf","Inf","Inf","Inf","Inf","Inf"],"obj":[0.287935193005934,1.88345575986976,1.43550672033231,0.618649310581072,0.726974025300465,1,1,0.370544921662271,0.487275460652816,0.651740744000583,0.504708942798091,0.415745351445248,0.577905718404382,0.622390156843676,0.616743892359697,0,1,0.599796009289211,0.603638899844393,0.60383880366183,0.603797369306266,0.603758453651699,1.43437942804692,1,1.43068469532457,0.603595321265199,0.603769198496709,0.603714001555386,0.603769613763592,0.60407473206649,0.604227208194277,0.604063487988863,0.60432604929182,1,1,0.604496319784878,1,1.43286281743232,0.604443998878894,0.604403765059083,0.604825937310016,0.604423904814973,0.604446422393325,0.604779927964511,0.604398041694197,1,0.604457842154412,1,0.604311409372385,1],"X":[[0.122437907155239,0.165497285850695],[0.968334166223261,0.915121593646501],[0.664518590305121,0.770988130027193],[0.115237005715081,0.503412304865991],[0.39703841731349,0.329935607986975],[0,1],[1,0],[0.370544921662271,0],[0.487275460652816,0],[0.0839184978480918,0.567822246152492],[0.0761973078068196,0.428511634991272],[0,0.415745351445248],[0.163234772159979,0.414670946244403],[0.551262266024951,0.0711278908187243],[0.202694068514939,0.414049823844758],[0,0],[0,1],[0.185415528160886,0.414380481128325],[0.188975578915495,0.414663320928898],[0.189345085875093,0.414493717786737],[0.189338181779868,0.414459187526399],[0.189267469945882,0.414490983705817],[0.663565079207027,0.770814348839891],[0,1],[0.660439479827199,0.770245215497373],[0.18927249932875,0.414322821936448],[0.189452705943494,0.414316492553214],[0.189446039479617,0.414267962075769],[0.189558051348217,0.414211562415375],[0.189815801140128,0.414258930926363],[0.189961804315504,0.414265403878773],[0.189862072274225,0.414201415714638],[0.190072879535391,0.414253169756428],[0,1],[0,1],[0.190201581879908,0.41429473790497],[0,1],[0.662284332066097,0.770578485366222],[0.190113656924892,0.414330341954003],[0.19006957089313,0.414334194165953],[0.19055970840723,0.414266228902787],[0.190142734550144,0.414281170264829],[0.190173351851443,0.414273070541882],[0.190211833755516,0.414568094208995],[0.190146120072476,0.414251921621721],[0,1],[0.19015876455755,0.414299077596862],[0,1],[0.190028865826565,0.41428254354582],[0,1]],"C":[[1.50418363843016,-1.4576196072675],[-1.61102180209918,0.275118588633409],[-0.411608576566799,-0.463992346496067],[0.357665095772211,-1.23329648382333],[0.436079469111796,-1.23350298975946],[-0.5,-0.5],[0.5,-0.5],[0.749653224781582,-1.3626964610303],[0.514281347397024,-1.26256262544559],[0.641901193224631,-1.17053558249326],[0.164530467498274,-1.3105717489601],[0.232631283054212,-1.32715580275167],[0.0345807755112811,-1.30140241549865],[0.381589189885241,-1.19105073720472],[-0.0173322848170762,-1.28747785796299],[1.5,-1.5],[-0.5,-0.5],[0.00513866364729798,-1.29390989877668],[0.000355103707809834,-1.29234256084977],[-8.0254997251894e-05,-1.29234339637028],[-6.01349614409719e-05,-1.29237463479525],[2.29516988429768e-05,-1.29237504924687],[-0.407981434778655,-0.465526625279507],[-0.5,-0.5],[-0.396191766762101,-0.470542001488983],[7.07031452327755e-05,-1.29251252022047],[-0.000164348510457657,-1.29244951620909],[-0.000139336928825451,-1.29249225372308],[-0.000267453216802382,-1.29249652673048],[-0.000622464913224818,-1.29235949978528],[-0.000816621008199403,-1.29229868805036],[-0.00066342924772983,-1.29238958073173],[-0.000958393286868198,-1.29226661181188],[-0.5,-0.5],[-0.5,-0.5],[-0.00114195354785063,-1.29218322839463],[-0.5,-0.5],[-0.403139664884241,-0.467588261390464],[-0.00103855542731418,-1.29218716518692],[-0.000981878782515322,-1.29220073376535],[-0.00160269243588468,-1.29207048912242],[-0.00105990301092185,-1.2922168524618],[-0.00109734666588029,-1.29221191926939],[-0.0012470327157616,-1.29195275356329],[-0.00105421304734749,-1.2922397984541],[-0.5,-0.5],[-0.00108715525658526,-1.29219591856434],[-0.5,-0.5],[-0.000910678067076953,-1.29225900426588],[-0.5,-0.5]],"d":[[0.217372918937147,0.0324288249125781],[0.621222568229845,0.736497563553491]],"df":[0.769842717767528,0.967584334242947],"lambda":[[0,0],[0,0],[0,0],[0,0],[0,0],[0,0],[0,0],[0,0],[0,0],[1.3116866078366,0],[3.9350598235098,0],[1.30532980252147,0],[-2.22044604925031e-16,0],[-2.22044604925031e-16,0],[0.779660512372104,0],[0.887416286160423,0],[0.838709730080821,0],[0.802213973155225,0],[0.76571821622963,0],[0.729222459304035,0],[0.69272670237844,0],[0.656230945452845,0],[0.69914050655439,0],[0.78495962875748,0],[0.446706701454003,0],[0.618344945860182,0],[0.961621434672542,0],[0,0],[0.686552977624719,0],[2.05965893287416,0],[0,0],[2.74621191049888,0],[0,0],[0,0],[0,0],[0,0],[0,0],[0,0],[0,0],[0,0],[0,0],[0,0],[0,0],[0,0],[0,0],[0,0]],"rho":[0.0263635957740821,0.0263635957740821,0.0263635957740821,0.0263635957740821,0.0263635957740821,0.0263635957740821,0.0263635957740821,0.0263635957740821,0.0263635957740821,0.0131817978870411,0.00659089894352053,0.00659089894352053,0.00659089894352053,0.00659089894352053,0.00329544947176027,0.00164772473588013,0.00164772473588013,0.00164772473588013,0.00164772473588013,0.00164772473588013,0.00164772473588013,0.00164772473588013,0.000823862367940067,0.000411931183970033,0.000411931183970033,0.000205965591985017,0.000102982795992508,0.000102982795992508,5.14913979962542e-05,2.57456989981271e-05,2.57456989981271e-05,1.28728494990635e-05,1.28728494990635e-05,1.28728494990635e-05,1.28728494990635e-05,1.28728494990635e-05,1.28728494990635e-05,1.28728494990635e-05,1.28728494990635e-05,1.28728494990635e-05,1.28728494990635e-05,1.28728494990635e-05,1.28728494990635e-05,1.28728494990635e-05,1.28728494990635e-05,1.28728494990635e-05]}
