{"prog":[0.97446913987735,0.97446913987735,0.97446913987735,0.97446913987735,0.842194687300873,0.842194687300873,0.842194687300873,0.842194687300873,0.842194687300873,0.842194687300873,0.708529172340089,0.708529172340089,0.708529172340089,0.707376444090801,0.706832421235715,0.670598882527266,0.670598882527266,0.670598882527266,0.639325524014067,0.609404378855283,0.609404378855283,0.601709307724872,0.601709307724872,0.601709307724872,0.601709307724872,0.601709307724872,0.601709307724872,0.601709307724872,0.601709307724872,0.601709307724872,0.601709307724872,0.601709307724872,0.601709307724872,0.601709307724872,0.601709307724872,0.601709307724872,0.601709307724872,0.601709307724872,0.601709307724872,0.601709307724872,0.601709307724872,0.601709307724872,0.601709307724872,0.601709307724872,0.601709307724872,0.601709307724872,0.601709307724872,0.601709307724872,0.601709307724872,0.601709307724872],"mei":["Inf",0.000950757766131241,0.00136391611312553,0.000892703227751013,0.000898621837985596,0.0006407542418071,0.00166955117934708,0.000227851384538642,9.9280237392585e-07,0.000617794590443058,0.000303950410167809,0.00174192901975415,0.00737009427514765,0.00207240758710778,0.000820776497993651,0.00560185935002804,0.000820856068451053,0.00121124525451806,"Inf",3.17383146682532e-05,"Inf","Inf","Inf","Inf","Inf","Inf","Inf","Inf","Inf","Inf","Inf","Inf","Inf","Inf","Inf","Inf","Inf","Inf","Inf","Inf","Inf","Inf","Inf","Inf","Inf","Inf"],"obj":[0.97446913987735,0.023714171532475,1.07492273359441,1.21142143673064,0.842194687300873,2,0.383046798914993,0.612492107857789,0.34862926924004,0.697937102856496,0.708529172340089,0.478407799212979,0.820329477304744,0.707376444090801,0.706832421235715,0.670598882527266,0.641697873592478,0.621349464940514,0.639325524014067,0.609404378855283,0.359645503843557,0.601709307724872,0.59982231229412,0.488987819269695,1.20892060938145,0.605630304830743,0.674435485914435,0.613327442251574,0.659780922845627,0.616850789672364,0.68929901832468,0.841808501319567,0.616452745397065,0.604238733850707,0.974468845134231,0.722799671522942,0.702156048100515,0.696989661231084,0.841608772831466,0.635472794935701,0.841567196865923,0.701544065358354,0.613202486183573,0.620955457534059,0.602302080825726,0.841522395190912,0.84148620443003,0.705602118321581,0.704811960820658,0.612995682946068],"X":[[0.0734312794109414,0.901037860466409],[0.0209157171661304,0.0027984543663446],[0.975413239345749,0.0995094942486634],[0.481246365881815,0.730175070848822],[0.392523894033517,0.449670793267356],[1,1],[0.152124446418335,0.230922352496658],[0.277806331242242,0.334685776615547],[0.34862926924004,0],[0.322085410459927,0.37585169239657],[0.327659187440481,0.380869984899608],[0.478407799212979,0],[0.654634337746196,0.165695139558548],[0.326769703552659,0.380606740538141],[0.326092059040145,0.38074036219557],[0.289874414726384,0.380724467800882],[0.260629897959536,0.381067975632942],[0.235304674412412,0.386044790528102],[0.255354226180005,0.383971297834062],[0.216568995816475,0.392835383038808],[0,0.359645503843557],[0.201791655679461,0.399917652045411],[0.196416536920662,0.403405775373458],[0,0.488987819269695],[0.478210728632471,0.730709880748984],[0.210324198439058,0.395306106391685],[0.293170646312566,0.381264839601869],[0.222704668095681,0.390622774155894],[0.278422955699072,0.381357967146555],[0.226855455448671,0.389995334223693],[0.308466011106741,0.380833007217939],[0.392328628251826,0.449479873067741],[0.226724581574328,0.389728163822737],[0.206424027592044,0.397814706258663],[0.0734318825854793,0.901036962548752],[0.33709199880596,0.385707672716982],[0.321521404745123,0.380634643355393],[0.31665789891795,0.380331762313133],[0.392241586322573,0.449367186508894],[0.250548687860681,0.38492410707502],[0.392229734689634,0.449337462176289],[0.321140058869001,0.380404006489354],[0.221779094261318,0.391423391922255],[0.232241263363145,0.388714194170913],[0.202051479442916,0.40025060138281],[0.392201906712816,0.449320488478096],[0.392184409045868,0.449301795384162],[0.323522104118839,0.382080014202742],[0.323408581729103,0.381403379091555],[0.221335013734952,0.391660669211116]],"C":[[-0.85415139953494,-0.682738621210189],[1.48969339878204,-1.49955470142859],[0.825510354472015,-0.538666873063407],[0.0539542346994681,-0.735246301236463],[-0.291644365686731,-1.14372117029507],[-1.5,0.5],[1.07387589491325,-1.42353301991932],[0.279111554696056,-1.31080907325297],[0.805581095088405,-1.37845763262916],[0.0254946428750555,-1.2549964936915],[-0.00184047218352645,-1.24757751148842],[0.525990609807354,-1.27112597765219],[0.227358028324946,-1.04399900457027],[-0.000523244536950296,-1.24836006989704],[-0.00136840463209464,-1.24870074562614],[-0.000228946712838962,-1.27102170330477],[0.00764240734178473,-1.28685925423661],[0.00349629361830339,-1.29560112990578],[-0.00141155901033135,-1.28736026161164],[-0.000995291689977085,-1.2987782318838],[0.289987605428965,-1.37065511156511],[-0.000807107667118889,-1.29934599928063],[4.90742223956953e-05,-1.29868432441943],[0.453053413163202,-1.26089091260587],[0.0574302083045969,-0.737377569196607],[-0.000806791615590774,-1.29949681380041],[-0.00343598864779215,-1.26868809422403],[-0.000629920267906148,-1.29781647911915],[-0.000261136036525722,-1.27704675863364],[-0.00230236409355727,-1.29644024161693],[-0.00290587556688887,-1.25981494060524],[-0.291045389530461,-1.14404609116105],[-0.00143423144297072,-1.2967079224333],[-0.00196351547431067,-1.29913258031701],[-0.85415191853331,-0.682740150740871],[-0.0269007714954092,-1.23759857554825],[-0.00137141526927376,-1.25174125456844],[-0.000142803821453541,-1.25507552562866],[-0.290717347938574,-1.14421566964823],[-0.00232037721815975,-1.28905878680379],[-0.290640956066676,-1.14425168031027],[-0.000156914824304355,-1.25216185443646],[-0.0019933141068682,-1.29760176160471],[-0.00275075375644385,-1.29496527084155],[-0.00162884850063305,-1.29897465574763],[-0.290577942955733,-1.14428876300464],[-0.290520634028872,-1.14431928596591],[-0.00899130270075488,-1.24934831089335],[-0.00534571871397671,-1.24993835168151],[-0.0022355026976682,-1.29761273188805]],"d":[[0.151384723481666,0.0349478466090863],[0.60536720544311,0.733538263617901]],"df":[0.729008917289876,0.886711346344017],"lambda":[[0,0],[0,0],[0,0],[0,0],[0,0],[0,0],[0,0],[0,0],[0,0],[0,0],[0,0],[0,0],[0,0],[4.4220291544487,0],[8.4680611496603,0],[5.20105125722381,0],[2.89747926822728,0],[0.593907279230747,0],[-1.11022302462516e-16,0],[0.113580777606123,0],[0.34074233281837,0],[0.795065443242863,0],[1.70371166409185,0],[3.52100410578982,0],[7.15558898918577,0],[14.4247587559777,0],[28.9630982895614,0],[3.5527136788005e-15,0],[29.0766790671676,0],[3.5527136788005e-15,0],[58.1533581343351,0],[7.105427357601e-15,0],[7.105427357601e-15,0],[7.105427357601e-15,0],[7.105427357601e-15,0],[7.105427357601e-15,0],[7.105427357601e-15,0],[7.105427357601e-15,0],[7.105427357601e-15,0],[7.105427357601e-15,0],[7.105427357601e-15,0],[7.105427357601e-15,0],[7.105427357601e-15,0],[7.105427357601e-15,0],[7.105427357601e-15,0],[7.105427357601e-15,0]],