{"prog":["Inf","Inf",1.34202153572394,1.34202153572394,1.34202153572394,1.34202153572394,1.07282598829976,1.07282598829976,1.07282598829976,1.04498587844222,1.04498587844222,1.04498587844222,0.675826209578938,0.675826209578938,0.675826209578938,0.675826209578938,0.675826209578938,0.675826209578938,0.675826209578938,0.637515979653662,0.637515979653662,0.609716929440984,0.609716929440984,0.609716929440984,0.609716929440984,0.609716929440984,0.600304468328488,0.600304468328488,0.600304468328488,0.599934597665005,0.599934597665005,0.599854507435969,0.599854507435969,0.599854507435969,0.599854507435969,0.599854507435969,0.599854507435969,0.599854507435969,0.599854507435969,0.599854507435969,0.599854507435969,0.599854507435969,0.599854507435969,0.599854507435969,0.599854507435969,0.599854507435969,0.599854507435969,0.599854507435969,0.599854507435969,0.599854507435969],"mei":["Inf",0.110464484726381,0.0877277223066095,0.0381075102095443,0.0452274790036503,0.0242532165222537,0.0410611317051233,0.0609973108531557,0.0296072443448023,0.00125919469057749,0.000737808772115725,0.0223876742367212,"Inf",0.0122467840473982,"Inf","Inf","Inf",0.00988298549618655,"Inf","Inf","Inf","Inf","Inf","Inf","Inf","Inf","Inf","Inf","Inf","Inf","Inf","Inf","Inf","Inf","Inf","Inf","Inf","Inf","Inf","Inf","Inf","Inf","Inf","Inf","Inf","Inf"],"obj":[0.729673684786464,0.201343764518701,1.34202153572394,0.942382392758127,0.588030972976245,2,1.07282598829976,0.509887684547002,1.03179429995916,1.04498587844222,0.611628177607452,0.261855131548106,0.675826209578938,0,0.547062287723138,0.391695879463303,0.958930441651216,0.594267978960167,0.897006231830561,0.637515979653662,0.796012999822025,0.609716929440984,0.749739449118568,0.749782168268697,0.749777663259573,0.589136870739694,0.600304468328488,0.750767015380895,0.599210474927757,0.599934597665005,0.599772052524251,0.599854507435969,0.750798275267004,0.750135736816421,0.60004560762597,0.600012519164936,0.600084460416555,0.750160186466966,0.599918875024229,0.75038671344224,0.750368129741743,0.600286388391829,0.750192088794269,0.600088023549766,0.800043340473733,0.750370415482183,0.600011792429337,0.600390889715676,0.750882126029435,0.750744817873621],"X":[[0.437556726983179,0.292116957803284],[0.188873276004771,0.0124704885139294],[0.975159724176666,0.366861811547275],[0.285350139482261,0.657032253275866],[0.0467638116764752,0.54126716129977],[1,1],[0.311328448180328,0.761497540119435],[0.509887684547002,0],[0.293383942499584,0.73841035745958],[0.282626800036459,0.76235907840576],[0.611628177607452,0],[0,0.261855131548106],[0.219157430711851,0.456668778867088],[0,0],[0.462944189153422,0.0841180985697166],[0,0.391695879463303],[0.217044296097764,0.741886145553452],[0.164571308449214,0.429696670510953],[0.154845007555563,0.742161224274998],[0.200019385005885,0.437496594647777],[0.051620549745712,0.744392450076313],[0.191559258097309,0.418157671343676],[0,0.749739449118568],[0,0.749782168268697],[0,0.749777663259573],[0.183980219344746,0.405156651394947],[0.193629088648189,0.406675379680299],[0,0.750767015380895],[0.19338714836037,0.405823326567388],[0.194181884348281,0.405752713316724],[0.19415944284783,0.405612609676421],[0.194148375643367,0.405706131792602],[0,0.750798275267004],[0,0.750135736816421],[0.193942787841677,0.406102819784293],[0.194317883667902,0.405694635497034],[0.195361812813901,0.404722647602654],[0,0.750160186466966],[0.193825462171089,0.40609341285314],[0,0.75038671344224],[0,0.750368129741743],[0.194593458901289,0.405692929490539],[0,0.750192088794269],[0.195218126977532,0.404869896572234],[0.0553930768804454,0.744650263593287],[0,0.750370415482183],[0.19596581636809,0.404045976061248],[0.191771736277228,0.408619153438448],[0,0.750882126029435],[0,0.750744817873621]],"C":[[0.790148545641281,-1.22321179363552],[1.25249528880524,-1.46417137252745],[-0.698311029039873,-0.414475923571941],[0.397613836204641,-0.986883916052693],[0.612534708308015,-1.20484300601598],[-1.5,0.5],[-0.110327602500663,-0.823196093745678],[0.491096083326608,-1.2400145491473],[0.0466966438582469,-0.868676006279816],[-0.137503879027898,-0.838930727473472],[0.532800562617714,-1.12591097235659],[0.902076972058026,-1.43143189008192],[-0.00691080706170311,-1.24342364697182],[1.5,-1.5],[0.726065710103642,-1.2786068232221],[0.227572635728945,-1.34657433801147],[-0.00705125822209368,-0.902496720567269],[0.041423580532598,-1.28827705578712],[-0.0158740397917023,-0.925219740817754],[-0.00540687849250165,-1.26858897529347],[0.00314391702020133,-0.943215199113335],[-0.00377003022555716,-1.28844921253364],[0.0021581883078493,-0.937890758435386],[0.00180433888689011,-0.937826700146291],[0.00184165460401828,-0.937833455677014],[0.0126029805132251,-1.30199936672029],[-0.000394905108829113,-1.29712291159116],[-0.00635325591284615,-0.936348888616062],[0.000757999733198234,-1.29790883846282],[-0.000107733687154277,-1.29765813142707],[6.85703435871488e-05,-1.2977805216245],[-1.85114191552094e-05,-1.29770894286093],[-0.00661217784178057,-0.936301949856092],[-0.00112433278985953,-0.937296376350885],[-0.000191567719907859,-1.29746669480744],[-0.000206390173998705,-1.29765242281576],[-0.000344821302361631,-1.29803334061156],[-0.00132685350986848,-0.937259694639847],[-4.25209901144807e-05,-1.29751983025145],[-0.00320320953938135,-0.936919780289353],[-0.00304927861800513,-0.936947669867879],[-0.000529825973678399,-1.29754663271422],[-0.0015911059062925,-0.937211829910491],[-0.000347598412478167,-1.29797024974897],[-0.00149450377030368,-0.942427591964165],[-0.00306821167500471,-0.936944239569096],[-0.000236490950987489,-1.2983442480439],[0.000120313637056446,-1.29625398860846],[-0.00730669985519047,-0.936176032809516],[-0.00616939613961553,-0.936382218435904]],"d":[[0.183167041067915,0.0393453211589771],[0.659697113323196,0.827784461907992]],"df":[0.80102886010147,1.06578719523309],"lambda":[[0,0],[0,0],[0,0],[0,0],[0,0],[0.792779062861854,0],[0,0],[0,0],[0,0],[0,0],[0,0],[0,0],[0,0],[0,0],[1.40651424349486,0],[0.937209154878437,0],[0.570034153839354,0],[0.202859152800271,0],[0,0],[0,0],[0,0],[0,0],[0.855854147537524,0],[0.802219029254117,0],[0.748583910970709,0],[0.851533719519454,0],[0.822269428303978,0],[0.840895566111793,0],[0.878147841727423,0],[0.952652392958683,0],[0.912425527971204,0],[0.872198662983726,0],[1.02120776544625,0],[0.940754035471289,0],[0.860300305496332,0],[0.779846575521375,0],[1.07786478044641,0],[0.9169573204965,0],[0.756049860546587,0],[0.595142400596673,0],[1.19117881044675,0],[0.869363890546923,0],[0.547548970647096,0],[0.225734050747268,0],[1.41780687044742,0],[0.77417703064777,0]],"rho":[0.0589024686016261,0.0589024686016261,0.0589024686016261,0.0589024686016261,0.0589024686016261,0.029451234300813,0.029451234300813,0.029451234300813,0.029451234300813,0.029451234300813,0.029451234300813,0.029451234300813,0.029451234300813,0.029451234300813,0.0147256171504065,0.0147256171504065,0.0147256171504065,0.0147256171504065,0.0147256171504065,0.0147256171504065,0.0147256171504065,0.0147256171504065,0.00736280857520326,0.00736280857520326,0.00736280857520326,0.00368140428760163,0.00368140428760163,0.00184070214380082,0.000920351071900408,0.000460175535950204,0.000460175535950204,0.000460175535950204,0.000230087767975102,0.000230087767975102,0.000230087767975102,0.000230087767975102,0.000115043883987551,0.000115043883987551,0.000115043883987551,0.000115043883987551,5.75219419937755e-05,5.75219419937755e-05,5.75219419937755e-05,5.75219419937755e-05,2.87609709968877e-05,2.87609709968877e-05]}
