{"prog":["Inf","Inf",0.938107981462522,0.938107981462522,0.938107981462522,0.938107981462522,0.938107981462522,0.938107981462522,0.938107981462522,0.938107981462522,0.938107981462522,0.615705836670377,0.615705836670377,0.600110839537832,0.600110839537832,0.600110839537832,0.600110839537832,0.600110839537832,0.599814347636317,0.599814347636317,0.599814347636317,0.599802055086369,0.599802055086369,0.599802055086369,0.599802055086369,0.599800927402679,0.599800927402679,0.599800927402679,0.599800927402679,0.599800927402679,0.599800927402679,0.599800927402679,0.599800927402679,0.599800927402679,0.599800927402679,0.599800927402679,0.599800927402679,0.599800927402679,0.599800927402679,0.599800927402679,0.599800927402679,0.599800927402679,0.599800927402679,0.599800927402679,0.599800927402679,0.599800927402679,0.599800927402679,0.599800927402679,0.599800927402679,0.599800927402679],"mei":["Inf",0.0241609516175211,0.0175666032973954,0.0176462034049501,0.025709271143984,0.0290660986843741,0.0224703707402462,0.039456763002181,2.06519011784004e-06,0.00480718701871614,0.000583961143598299,"Inf",3.04351763930009e-05,"Inf","Inf","Inf","Inf","Inf",3.38292091275852e-05,"Inf","Inf","Inf","Inf","Inf","Inf","Inf","Inf","Inf","Inf","Inf","Inf","Inf","Inf","Inf","Inf","Inf","Inf","Inf","Inf","Inf","Inf","Inf","Inf","Inf","Inf","Inf"],"obj":[0.922156798528078,0.407660309022213,0.938107981462522,1.22412567530389,1.8452351556358,0,0.312578154161885,0.48636985443017,0.510365869859993,0.46685483946836,0.566450547876717,0.615705836670377,0.623800185099054,0.600110839537832,0.525241549943513,0.595648663938758,0.561385946718535,0.599658649650986,0.599814347636317,1.22269864676633,0.599770115992755,0.599802055086369,0.599230324672519,0.600040797292231,0.600098357763761,0.599800927402679,0.600363959239705,0.600158739150524,0.600431268024366,0.600054480699187,0.600448567411286,0.600508056294721,0.600600473864514,0.600353677423057,0.600579967955426,1.22337756506945,1.22336528167611,1.22335569799159,1.22335216981924,0.600411237740283,0.600177197117347,0.600526535386299,0.601134401171469,0.938102488882086,0.600608249037895,0.600776827794316,1.22334180213709,0.599920864347441,0.600696224503443,0.600632595565095],"X":[[0.887220465500658,0.0349363330274206],[0.11354147746543,0.294118831556784],[0.141866449136722,0.796241532325801],[0.685098653036426,0.539027022267465],[0.950805082565827,0.894430073069974],[0,0],[0.312578154161885,0],[0.113402322536065,0.372967531894105],[0.109897077368205,0.400468792491788],[0.0648414397506488,0.402013399717711],[0.162352336595104,0.404098211281613],[0.210139388037438,0.405566448632939],[0.585428749687729,0.0383714354113251],[0.1969133485405,0.403197490997331],[0,0.525241549943513],[0.192863293002317,0.402785370936441],[0.449436745829992,0.111949200888543],[0.195384692915873,0.404273956735112],[0.195449076500077,0.40436527113624],[0.684053426701498,0.538645220064832],[0.195286417593823,0.404483698398932],[0.195303179253262,0.404498875833107],[0.195215343845164,0.404014980827356],[0.195520009704491,0.404520787587741],[0.195728544247737,0.404369813516024],[0.195545439890086,0.404255487512593],[0.195868222929392,0.404495736310314],[0.195810312521875,0.404348426628649],[0.195924287923969,0.404506980100397],[0.195447065412478,0.40460741528671],[0.196023306839905,0.404425260571381],[0.196073373417027,0.404434682877694],[0.196102812488594,0.40449766137592],[0.19610101051678,0.404252666906277],[0.196198929575404,0.404381038380023],[0.684550940170562,0.538826624898888],[0.68454202144433,0.538823260231777],[0.684535072085898,0.538820625905688],[0.684532427470383,0.538819742348861],[0.196015590657275,0.404395647083008],[0.19570679277678,0.404470404340567],[0.195962778919619,0.40456375646668],[0.19658423477711,0.40455016639436],[0.141863387246668,0.796239101635417],[0.196133987876136,0.404474261161759],[0.196424966915542,0.404351860878773],[0.684524820138085,0.53881698199901],[0.195438102860241,0.4044827614872],[0.196350342102405,0.404345882401038],[0.196091732359103,0.404540863205992]],"C":[[1.03238245145645,-0.711619298231394],[0.57025764176208,-1.40060244581864],[-0.453915503287677,-0.845873332808799],[-0.578692351329652,-0.740089704873145],[-1.57072195913221,0.204035460644968],[1.5,-1.5],[0.899392285251441,-1.40229489754075],[0.143487161675811,-1.34803513339625],[0.103995691453108,-1.3275473786261],[0.155431371255474,-1.33418081413847],[0.0394224167178965,-1.31034635444111],[-0.0184312700323808,-1.29135729333852],[0.340347813077337,-1.15580081198354],[-0.000247258169995102,-1.29865691642002],[0.605468104668977,-1.22412131421294],[0.00489446077020228,-1.3005676951719],[0.895264422286947,-1.28547398791816],[0.000158166207919919,-1.29838738967991],[-2.54528099923879e-05,-1.29828838599418],[-0.578507357841628,-0.741932236319248],[2.26390430884127e-05,-1.29825615283289],[-1.47105200182795e-05,-1.29823732762332],[0.000666272033116866,-1.29866286479449],[-0.000292144175188913,-1.29813485821455],[-0.000354415357216753,-1.29817539088368],[-5.56077982216685e-06,-1.29833948175415],[-0.000666273277131424,-1.29801883855326],[-0.000423432696848747,-1.29816067139302],[-0.000744614012231082,-1.29798777645154],[-0.000309395669354007,-1.29809328411666],[-0.000761913640797973,-1.29801507178732],[-0.000831140986612355,-1.29798781952249],[-0.000940408596891928,-1.29792532887547],[-0.000644090776216355,-1.29812417497346],[-0.000912107178814126,-1.29798195583216],[-0.578594518575298,-0.741055878611672],[-0.578592204150119,-0.74107171511011],[-0.578590313613552,-0.741084068182957],[-0.578590410628554,-0.741088640996611],[-0.000717536959820964,-1.29804204883959],[-0.000449082824933111,-1.2981025432736],[-0.000856581229077613,-1.29792675623167],[-0.00156074841639031,-1.29769380150739],[-0.453896310835116,-0.845878072385725],[-0.000948614665522374,-1.29793203085745],[-0.00113827088150004,-1.2979168049761],[-0.578589187466845,-0.741102030524401],[-0.000152204040272774,-1.29819764361008],[-0.00104481206010087,-1.29795095054159],[-0.00097896166581718,-1.29789472249696]],"d":[[0.167397783425231,0.0425500550627014],[0.597689913240329,0.588510698978995]],"df":[0.700399372269609,0.502343327317661],"lambda":[[0,0],[0,0],[0,0],[0,0],[0,0],[4.68691273786836,0],[-1.77635683940025e-15,0],[3.55340542460794,0],[0.230738760910294,0],[5.55111512312578e-17,0],[-3.12467379160652e-18,0],[-3.12467379160652e-18,0],[0.882340805020821,0],[0.793192691263465,0],[0.850218993352871,0],[0.831865140772868,0],[0.813511288192865,0],[0.829836152108532,0],[0.862485879939867,0],[0.820055246014349,0],[0.885354701677018,0],[0.800493433825984,0],[0.931092345151322,0],[0.761369809449253,0],[1.02256763209993,0],[0.68312256069579,0],[1.20551820599714,0],[0.526628063188866,0],[1.57141935379157,0],[0.213639068175017,0],[2.30322164938043,0],[0,0],[0,0],[0,0],[0,0],[0,0],[0,0],[0,0],[0,0],[0,0],[0,0],[0,0],[0,0],[0,0],[0,0],[0,0]],"rho":[0.0221885273461281,0.0221885273461281,0.0221885273461281,0.0221885273461281,0.0221885273461281,0.011094263673064,0.011094263673064,0.00554713183653201,0.00554713183653201,0.00554713183653201,0.00554713183653201,0.00554713183653201,0.00277356591826601,0.00277356591826601,0.001386782959133,0.001386782959133,0.001386782959133,0.000693391479566502,0.000346695739783251,0.000346695739783251,0.000173347869891625,0.000173347869891625,8.66739349458127e-05,8.66739349458127e-05,4.33369674729064e-05,4.33369674729064e-05,2.16684837364532e-05,2.16684837364532e-05,1.08342418682266e-05,1.08342418682266e-05,5.4171209341133e-06,5.4171209341133e-06,5.4171209341133e-06,5.4171209341133e-06,5.4171209341133e-06,5.4171209341133e-06,5.4171209341133e-06,5.4171209341133e-06,5.4171209341133e-06,5.4171209341133e-06,5.4171209341133e-06,5.4171209341133e-06,5.4171209341133e-06,5.4171209341133e-06,5.4171209341133e-06,5.4171209341133e-06]}
