{"prog":["Inf",0.874826488409849,0.874826488409849,0.874826488409849,0.874826488409849,0.874826488409849,0.874826488409849,0.874826488409849,0.874826488409849,0.874826488409849,0.874826488409849,0.874826488409849,0.750380964929919,0.750380964929919,0.603226068341218,0.603226068341218,0.603226068341218,0.603226068341218,0.600060691878739,0.59990894410856,0.59990894410856,0.59990894410856,0.599895358968449,0.599895358968449,0.599895358968449,0.599895358968449,0.599895358968449,0.599895358968449,0.599895358968449,0.599895358968449,0.599895358968449,0.599895358968449,0.599895358968449,0.599895358968449,0.599895358968449,0.599895358968449,0.599895358968449,0.599895358968449,0.599895358968449,0.599895358968449,0.599895358968449,0.599895358968449,0.599895358968449,0.599895358968449,0.599895358968449,0.599895358968449,0.599895358968449,0.599895358968449,0.599895358968449,0.599895358968449],"mei":["Inf",0.0909712599608407,0.120441087437036,0.052634037367586,0.036664777898971,0.019626685887772,0.150538498635833,0.0594360440402861,0.0051970987013346,0.0279655883450026,6.95356289620274e-06,"Inf","Inf","Inf","Inf","Inf","Inf","Inf","Inf","Inf","Inf","Inf","Inf","Inf","Inf","Inf","Inf",0.000113549660933844,"Inf","Inf","Inf","Inf","Inf","Inf","Inf","Inf","Inf","Inf","Inf","Inf","Inf","Inf","Inf","Inf","Inf","Inf"],"obj":[0.796444907415762,0.874826488409849,1.04212005352651,1.13519054776411,0.564192233757161,2,0,0.280590727194356,0.501002163466404,0.61357449742551,0.418071086555838,0.320389234781875,0.750380964929919,0.530762855033188,0.603226068341218,0.610345643146785,0.59929457158365,1.12409410678164,0.600060691878739,0.59990894410856,0.599698936932578,0.59949203802517,0.599895358968449,0.750901816973594,0.599419892796146,0.623313305775977,0.599563602565188,0.599790059598988,1.09178056142888,1.06546342675296,1.03803625699414,0.599269234915263,1.02322983186697,0.60138454824715,1.02513788400222,0.601768804372907,0.750623773351254,0.601394090854027,0.600727913218822,1.03437929644498,1.03370598699024,0.600593385018037,0.750652595494672,0.600527792470684,1.03192133047455,0.600384711991927,1.11218975572731,0.600801357803866,0.874748609029547,0.828366833815572],"X":[[0.785774261901568,0.0106706455141936],[0.0503390760557584,0.824487412354091],[0.654623756384157,0.387496297142351],[0.361961683151769,0.773228864612344],[0.0605898235413688,0.503602410215792],[1,1],[0,0],[0.280590727194356,0],[0.2145607409266,0.286441422539804],[0,0.61357449742551],[0,0.418071086555838],[0,0.320389234781875],[0,0.750380964929919],[0.127185106512235,0.403577748520953],[0.194294906891361,0.408931161449857],[0.20288626451858,0.407459378628205],[0.194968598996391,0.404325972587258],[0.352357127066325,0.77173697971531],[0.194537064744566,0.405523627134173],[0.194266039809142,0.405642904299418],[0.194007088370629,0.405691848561949],[0.193766832667453,0.405725205357717],[0.19400304552271,0.405892313445739],[0,0.750901816973594],[0.193554003846602,0.405865888949544],[0.222830310336687,0.40048299543929],[0.194524410529041,0.405039192036147],[0.194568063546454,0.405221996052533],[0.324337514255858,0.767443047173022],[0.301477042749932,0.763986384003031],[0.277619798008469,0.760416458985666],[0.194647915063751,0.404621319851512],[0.264728706988123,0.758501124878843],[0.194288643495731,0.407095904751419],[0.266390125889612,0.758747758112604],[0.196919339363448,0.404849465009459],[0,0.750623773351254],[0.195675275205926,0.405718815648101],[0.195062175879967,0.405665737338855],[0.274436048499773,0.759943247945203],[0.273850021922023,0.759855965068221],[0.194867011573428,0.405726373444609],[2.25765072471138e-05,0.750630018987425],[0.194848710583128,0.405679081887556],[0.272296300009906,0.759625030464642],[0.194518366961902,0.405866345030025],[0.342040517065777,0.770149238661529],[0.195109125750018,0.405692232053848],[0.0503096498119708,0.824438959217576],[0.0835316210235717,0.744835212792]],"C":[[0.976777326481948,-0.882444946657356],[-0.597149450835232,-0.817686484291508],[0.481327856651645,-0.921314357278463],[-0.155093459236493,-0.771100862860244],[0.443305870158518,-1.24271348570807],[-1.5,0.5],[1.5,-1.5],[0.982033178914718,-1.42126884381254],[0.628614938776501,-1.3719149999064],[0.767706256354144,-1.12352633610903],[0.235324444253657,-1.32521656658602],[0.472410617843604,-1.39735073823588],[-0.00315559396675729,-0.936928407470844],[0.0821422052448239,-1.32094894958023],[-0.00323491291017125,-1.29502479435135],[-0.0122455053286326,-1.29281401843761],[0.000577783776625262,-1.29850775329675],[-0.153080059902558,-0.780266489145457],[-0.000280323481522626,-1.29770591827651],[-8.97353008865176e-05,-1.29771453996841],[0.000163605186670746,-1.29777537367234],[0.000412055152961999,-1.29784147229546],[-4.37462434710878e-05,-1.29761424821358],[-0.00746979582220406,-0.936146461265755],[0.000515827089303367,-1.29780972778215],[-0.0237792956534933,-1.28996002315923],[0.000270350957218057,-1.29810350662303],[1.48162353271752e-05,-1.29793840256298],[-0.145456772005361,-0.805836346192117],[-0.136902374838411,-0.825436397752729],[-0.125424150404695,-0.844694056657438],[0.0006035198355967,-1.29839377668295],[-0.118052296385828,-0.854594755253926],[-0.00159478739346197,-1.29652484734321],[-0.119052299799265,-0.853338140387614],[-0.00230438644921166,-1.29731968446622],[-0.00516679012272548,-0.936563950879926],[-0.0018334208073576,-1.29710342930219],[-0.00105324812859359,-1.2973860570903],[-0.123687172399025,-0.847171115186326],[-0.123359987045603,-0.847625077843551],[-0.000888591867147348,-1.29741295769193],[-0.00524109757283098,-0.936554574085239],[-0.000816017003980152,-1.29745846250296],[-0.12248717047339,-0.848824538092507],[-0.000626237699603793,-1.29743511488644],[-0.150617003080307,-0.789878434874444],[-0.00113729864588769,-1.29734624190023],[-0.596844276897877,-0.817769341660037],[-0.0189372655624494,-0.93824297407427]],"d":[[0.212243472116733,0.0496559716330893],[0.663112422254942,0.707054538602367]],"df":[0.772290714827181,0.839366294058398],"lambda":[[0,0],[0,0],[0,0],[0,0],[0,0],[0,0],[0,0],[2.09513492968137,0],[0,0],[0,0],[1.46265301044527,0],[1.34744901531298,0],[0.911353461755225,0],[0.931929904224686,0],[0.973082789163607,0],[0.93315048075523,0],[0.893218172346852,0],[0.853285863938474,0],[0.935591633816318,0],[0.855727016999563,0],[0.775862400182807,0],[0.940473939938494,0],[0.780744706304983,0],[0.934791563079059,0],[0.951676241460541,0],[0.985445598223505,0],[1.05298431174943,0],[1.18806173880129,0],[1.458216592905,0],[1.99852630111243,0],[3.07914571752729,0],[5.240384550357,0],[0,0],[4.32247766565942,0],[0,0],[8.64495533131884,0],[0,0],[0,0],[0,0],[0,0],[0,0],[0,0],[0,0],[0,0],[0,0],[0,0]],"rho":[0.112319469700907,0.112319469700907,0.112319469700907,0.112319469700907,0.112319469700907,0.112319469700907,0.112319469700907,0.0561597348504533,0.0561597348504533,0.0561597348504533,0.0280798674252266,0.0280798674252266,0.0280798674252266,0.0140399337126133,0.00701996685630666,0.00701996685630666,0.00701996685630666,0.00701996685630666,0.00350998342815333,0.00350998342815333,0.00350998342815333,0.00175499171407666,0.00175499171407666,0.000877495857038332,0.000438747928519166,0.000219373964259583,0.000109686982129792,5.48434910648958e-05,2.74217455324479e-05,1.37108727662239e-05,6.85543638311197e-06,3.42771819155599e-06,3.42771819155599e-06,1.71385909577799e-06,1.71385909577799e-06,8.56929547888996e-07,8.56929547888996e-07,8.56929547888996e-07,8.56929547888996e-07,8.56929547888996e-07,8.56929547888996e-07,8.56929547888996e-07,8.56929547888996e-07,8.56929547888996e-07,8.56929547888996e-07,8.56929547888996e-07]}
