{"prog":["Inf",1.05885770922034,1.05885770922034,1.05885770922034,1.05885770922034,1,1,1,1,1,1,0.74276394655091,0.679374567245528,0.679374567245528,0.679374567245528,0.679374567245528,0.605435803227617,0.604591153641029,0.604591153641029,0.599909622010135,0.599909622010135,0.599909622010135,0.599909622010135,0.599882444585369,0.599882444585369,0.599882444585369,0.599882444585369,0.599882444585369,0.599882444585369,0.599882444585369,0.599882444585369,0.599882444585369,0.599882444585369,0.599882444585369,0.599882444585369,0.599882444585369,0.599882444585369,0.599882444585369,0.599882444585369,0.599882444585369,0.599882444585369,0.599882444585369,0.599882444585369,0.599882444585369,0.599882444585369,0.599882444585369,0.599882444585369,0.599882444585369,0.599882444585369,0.599882444585369],"mei":["Inf",0.0495659980800749,0.0484448323863615,0.0540520227787251,0.0466525143650594,0.0605803132428322,0.0744559619512224,0.0195150220964031,0.0152342460713169,0.0610205823372873,0.0254700648417511,9.69395893557666e-05,"Inf","Inf","Inf","Inf","Inf","Inf","Inf","Inf","Inf","Inf","Inf","Inf","Inf","Inf","Inf","Inf","Inf","Inf","Inf","Inf","Inf","Inf","Inf","Inf","Inf","Inf","Inf","Inf","Inf","Inf","Inf","Inf","Inf","Inf"],"obj":[0.963898624611063,1.05885770922034,1.09788381517815,0.208370611138728,0.571219682733347,1,2,0.222043536407092,0.402958763450734,0.562590877953923,0.64932218428937,0.74276394655091,0.679374567245528,0.600153980162277,0.582101629453519,0.378101968312814,0.605435803227617,0.604591153641029,0.599856369553808,0.599909622010135,1,1,0.599757516294808,0.599882444585369,0.599810081895765,1,0.599673554535574,1,0.600058533017402,0.600015804261459,1.05854717161089,1,0.599952204335892,1,0.600066088023333,1,0.600135651998396,0.600202862001715,0.60044840234126,1.09776899708964,1,1,0.600677337489938,1,1,1,1,1,0.644235592570721,0.62157642914793],"X":[[0.293031924109215,0.670866700501849],[0.83935704601448,0.219500663205865],[0.581783356243228,0.516100458934927],[0.0193351375170367,0.189035473621691],[0.0719396518850559,0.499280030848291],[0,1],[1,1],[0.222043536407092,0],[0.402958763450734,0],[0.562590877953923,0],[0.512321854813294,0.137000329476077],[0.290004396604754,0.452759549946156],[0.231549301289072,0.447825265956456],[0.177061608852352,0.423092371309926],[0.181444130483795,0.400657498969724],[0,0.378101968312814],[0.203746501730862,0.401689301496756],[0.200815300031712,0.403775853609317],[0.196556912590597,0.403299456963211],[0.19656109415373,0.403348527856405],[0,1],[0,1],[0.196233778551628,0.40352373774318],[0.196057121985978,0.403825322599391],[0.196152447736051,0.403657634159713],[0,1],[0.195679876201729,0.403993678333845],[0,1],[0.195667435062203,0.404391097955198],[0.195742092990344,0.404273711271115],[0.839117447025408,0.219429724585478],[0,1],[0.194719796019971,0.405232408315922],[0,1],[0.196907964413828,0.403158123609506],[0,1],[0.19346090495855,0.406674747039846],[0.197100307813117,0.403102554188599],[0.195321793117342,0.405126609223918],[0.581690593270568,0.516078403819076],[0,1],[0,1],[0.19612637213649,0.404550965353448],[0,1],[0,1],[0,1],[0,1],[0,1],[0.204941586996299,0.439294005574422],[0.192133009360337,0.429443419787593]],"C":[[0.364895136279275,-0.964070161610614],[-0.275983289129361,-0.747299208158032],[-0.58305715160867,-0.895168442685523],[1.45010537801455,-1.46389174216982],[0.408723843473804,-1.24554413728279],[-0.5,-0.5],[-1.5,0.5],[1.12553096688014,-1.45069666793983],[0.670925213142387,-1.33762423495826],[0.480434508161114,-1.18349150404303],[0.749858898225074,-1.21875722680411],[-0.146024315618825,-1.21090623988247],[-0.0459029860660307,-1.24583745224357],[0.0176693829475542,-1.28964203200996],[0.0205760776809281,-1.30655159603231],[0.244175884799078,-1.35703890155798],[-0.0057360966686375,-1.29713306809548],[-0.00544157299053993,-1.29663827531524],[2.58712204492251e-05,-1.29871492812603],[-4.22151631638279e-05,-1.29867370134116],[-0.5,-0.5],[-0.5,-0.5],[0.00010732580780487,-1.29866089723312],[-6.92136386672981e-05,-1.29848671374607],[3.11769092755654e-05,-1.29858473163174],[-0.5,-0.5],[0.000156910714493919,-1.29849849391597],[-0.5,-0.5],[-0.000309093147283945,-1.29818209475077],[-0.000254808673332108,-1.29824779940684],[-0.275680754105775,-0.747732506065903],[-0.5,-0.5],[-0.000174720151913998,-1.29787089628842],[-0.5,-0.5],[-0.000189674319743482,-1.29869078091807],[-0.5,-0.5],[-0.000192975516733529,-1.2971885283727],[-0.000335135822776944,-1.2986597994666],[-0.000761201149545254,-1.29772182763216],[-0.582989657512643,-0.895299134812089],[-0.5,-0.5],[-0.5,-0.5],[-0.00103111792150984,-1.29787296258417],[-0.5,-0.5],[-0.5,-0.5],[-0.5,-0.5],[-0.5,-0.5],[-0.5,-0.5],[-0.0113413963615391,-1.26501972258582],[-0.000761266749062517,-1.27866325591528]],"d":[[0.173982519424112,0.0443795378351731],[0.623160384870247,0.565458810800739]],"df":[0.738476087239629,0.765236534052079],"lambda":[[0,0],[0,0],[0,0],[0,0],[0,0],[0,0],[0,0],[0,0],[0,0],[0,0],[0.281030096535836,0],[0.935551775551289,0],[2.2445951335822,0],[1.51473793129694,0],[0.822355729891355,0],[0.825647567122763,0],[0.814904707418453,0],[0.804161847714143,0],[0.793418988009833,0],[0.820731119705854,0],[0.785504326577421,0],[0.750277533448988,0],[0.715050740320555,0],[0.794911608576329,0],[0.954633345087878,0],[0.813726172574146,0],[1.13316964559724,0],[0.851355300569781,0],[0.569540955542317,0],[1.20842790158851,0],[0.644799211533586,0],[0.898682707233267,0],[1.40644969863263,0],[-2.22044604925031e-16,0],[1.01553398279872,0],[3.04660194839617,0],[0,0],[4.06213593119489,0],[0,0],[0,0],[0,0],[0,0],[0,0],[0,0],[0,0],[0,0]],"rho":[0.0628736322741185,0.0628736322741185,0.0628736322741185,0.0628736322741185,0.0628736322741185,0.0628736322741185,0.0628736322741185,0.0628736322741185,0.0628736322741185,0.0628736322741185,0.0314368161370593,0.0157184080685296,0.00785920403426482,0.00785920403426482,0.00785920403426482,0.00392960201713241,0.00392960201713241,0.00392960201713241,0.00392960201713241,0.0019648010085662,0.0019648010085662,0.0019648010085662,0.0019648010085662,0.000982400504283102,0.000491200252141551,0.000491200252141551,0.000245600126070776,0.000245600126070776,0.000245600126070776,0.000122800063035388,0.000122800063035388,6.14000315176939e-05,3.07000157588469e-05,3.07000157588469e-05,1.53500078794235e-05,7.67500393971173e-06,7.67500393971173e-06,3.83750196985587e-06,3.83750196985587e-06,3.83750196985587e-06,3.83750196985587e-06,3.83750196985587e-06,3.83750196985587e-06,3.83750196985587e-06,3.83750196985587e-06,3.83750196985587e-06]}
