{"prog":[1.37416863128407,1.37416863128407,1.22692378743247,0.944484677376338,0.801228039386037,0.801228039386037,0.801228039386037,0.801228039386037,0.801228039386037,0.801228039386037,0.801228039386037,0.801228039386037,0.801228039386037,0.801228039386037,0.620089828155971,0.605292093418004,0.605292093418004,0.605292093418004,0.605292093418004,0.599797535164551,0.599797535164551,0.599797535164551,0.599797535164551,0.599797535164551,0.599797535164551,0.599797535164551,0.599797535164551,0.599797535164551,0.599797535164551,0.599797535164551,0.599797535164551,0.599797535164551,0.599797535164551,0.599797535164551,0.599797535164551,0.599797535164551,0.599797535164551,0.599797535164551,0.599797535164551,0.599797535164551,0.599797535164551,0.599797535164551,0.599797535164551,0.599797535164551,0.599797535164551,0.599797535164551,0.599797535164551,0.599797535164551,0.599797535164551,0.599797535164551],"mei":["Inf",0.331548631553497,0.321625204600307,0.0699943534092395,0.0587926350021264,0.0369258117584092,0.00366900152611794,0.0208910770236909,0.00200923524006351,0.00258172857675141,0.00370764769773193,"Inf",4.67420400827747e-06,"Inf","Inf","Inf","Inf","Inf","Inf","Inf","Inf","Inf","Inf","Inf","Inf","Inf","Inf","Inf","Inf","Inf","Inf","Inf","Inf","Inf","Inf","Inf","Inf","Inf","Inf","Inf","Inf","Inf","Inf","Inf","Inf","Inf"],"obj":[1.37416863128407,0.25648085767787,1.22692378743247,0.944484677376338,0.801228039386037,2,0.462645432523385,0.389312935594913,0.550347526526863,0.3877251438304,0,0.543779296966685,0.540781314409342,0.55277037518126,0.620089828155971,0.605292093418004,0.586810728689303,0.594802282475516,0.599779571186528,0.599797535164551,0.599781290455549,0.599807935102114,0.599782371353981,0.59979847801992,0.599784664109872,0.599848990689274,0.59986224265531,0.600184588008055,0.944266861598127,0.796117658555604,0.600491722588216,0.600469232943192,1.37415195481636,0.601083821818693,0.798023710306188,0.797662244227539,0.944364431817785,0.944363083155936,0.797883737519774,0.798113510767117,0.600748214920291,0.797941284605332,0.600775574863118,0.601184163104506,0.797729351414472,0.797693517481106,1.22692215507786,0.797845000313337,0.797689808105674,0.622439065473722],"X":[[0.820721986922604,0.553446644361468],[0.121864793287093,0.134616064390777],[0.3520265648868,0.874897222545673],[0.778758680592002,0.165725996784336],[0.323761357074548,0.477466682311489],[1,1],[0,0.462645432523385],[0.389312935594913,0],[0,0.550347526526863],[0,0.3877251438304],[0,0],[0.141534324776288,0.402244972190397],[0.155770433685374,0.385010880723968],[0.55277037518126,0],[0.209512535925797,0.410577292230173],[0.200780312704799,0.404511780713206],[0.442259026542941,0.144551702146361],[0.191210086533517,0.403592195941999],[0.195502220481726,0.404277350704802],[0.195471203654367,0.404326331510184],[0.195447935015949,0.4043333554396],[0.195427104489288,0.404380830612827],[0.195357182971184,0.404425188382797],[0.19530177720476,0.40449670081516],[0.195219002842013,0.404565661267859],[0.1952616524706,0.404587338218674],[0.195551314229503,0.404310928425808],[0.195526611736356,0.404657976271699],[0.77858157166531,0.165685289932817],[0.320542925029234,0.47557473352637],[0.195773354215421,0.404718368372795],[0.195986700436038,0.404482532507154],[0.820708010474899,0.553443944341459],[0.196209825891987,0.404873995926706],[0.321748997983539,0.476274712322649],[0.32151937526379,0.476142868963749],[0.778661761967742,0.165702669850043],[0.778660907779132,0.165702175376803],[0.321661479464863,0.476222258054911],[0.321804903430466,0.476308607336651],[0.196187270171157,0.404560944749134],[0.321696695776199,0.476244588829133],[0.196171970018166,0.404603604844952],[0.196441285993405,0.404742877111101],[0.321565650578256,0.476163700836216],[0.321543767402385,0.476149750078721],[0.352025987101442,0.874896167976415],[0.321638139466407,0.47620686084693],[0.321540381873357,0.476149426232317],[0.211058718723026,0.411380346750696]],"C":[[-0.224176284734942,-0.520112232026845],[1.60871365225796,-1.46702748736503],[-0.95730561281218,-0.610632147595868],[-0.104048410140956,-0.866069811392442],[-0.182996397159731,-1.16720415094771],[-1.5,0.5],[0.348528447199929,-1.28595920376525],[0.703309067482821,-1.34843543817847],[0.69496131304996,-1.19711760004576],[0.230928813645121,-1.3496692128417],[1.5,-1.5],[0.0656487241969934,-1.31816701725767],[0.0743854493927045,-1.32750219371363],[0.477382811699045,-1.19444491232197],[-0.0233513465592977,-1.28753078439488],[-0.00635255221152148,-1.29605748529439],[1.04579639214862,-1.28351175884788],[0.00579731294390051,-1.30055204218256],[1.81639998708127e-05,-1.29833870549382],[-4.59621416243339e-06,-1.29831122618943],[1.39437259536468e-05,-1.29831464237696],[-1.8537534014651e-05,-1.29828439066381],[9.78522382200087e-06,-1.2982758380631],[-1.05190712999526e-05,-1.29823963485031],[4.48666750330062e-06,-1.29821616665227],[-7.04632812519312e-05,-1.29818197282758],[-7.88664883147883e-05,-1.29829235665858],[-0.000461053685511803,-1.29802126634259],[-0.103885109757297,-0.866359120963053],[-0.179131833726275,-1.17108090604503],[-0.000818517789149931,-1.29787583608091],[-0.000787863446834625,-1.29798309414879],[-0.224207249388262,-0.520138162014101],[-0.00150781853210186,-1.29757875164578],[-0.180596060732159,-1.16963998069857],[-0.180314999624562,-1.16991325966495],[-0.103956011503905,-0.866228485653859],[-0.103954335494231,-0.866229979771972],[-0.18049259850017,-1.16974625356156],[-0.180661500279137,-1.16957171470513],[-0.00111357193295486,-1.29784099700648],[-0.180532198550919,-1.16970232753765],[-0.00114642135261905,-1.29781248112566],[-0.00162349872542195,-1.29759402458509],[-0.180381161929587,-1.16986366237414],[-0.180356672249051,-1.16989102114465],[-0.957299164973187,-0.610634399665441],[-0.180467342754688,-1.1697759329229],[-0.180349841396231,-1.16989350672337],[-0.0259829617917726,-1.28622042755827]],"d":[[0.196204311686886,0.0489634425021832],[0.690936340110308,0.61033915799515]],"df":[0.745473802318283,0.644589010080079],"lambda":[[0,0],[0,0],[0,0],[0.215807667790404,0],[0.647423003371212,0],[0.194179935238711,0],[0.76614138170016,0],[1.91006427462306,0],[0.0970920020930526,0],[0.747483586536275,0],[2.04826675542272,0],[1.12288582999843,0],[0.871143146578609,0],[0.619400463158785,0],[0.849139797606923,0],[0.850579424993479,0],[0.849850859057587,0],[0.852061139821324,0],[0.846184209225309,0],[0.849286406163851,0],[0.842616710840245,0],[0.845461515710564,0],[0.851151125451203,0],[0.862530344932481,0],[0.885288783895036,0],[0.930805661820147,0],[1.02183941767037,0],[1.20390692937081,0],[0.350185927949155,0],[0.714320951350041,0],[1.44259099815181,0],[0,0],[1.45654009360354,0],[0,0],[2.91308018720709,0],[0,0],[0,0],[0,0],[0,0],[0,0],[0,0],[0,0],[0,0],[0,0],[0,0],[0,0]],"rho":[1.61499566149997,1.61499566149997,1.61499566149997,0.807497830749983,0.403748915374992,0.403748915374992,0.201874457687496,0.100937228843748,0.100937228843748,0.050468614421874,0.025234307210937,0.025234307210937,0.025234307210937,0.025234307210937,0.0126171536054685,0.00630857680273425,0.00630857680273425,0.00315428840136712,0.00315428840136712,0.00157714420068356,0.00157714420068356,0.000788572100341781,0.00039428605017089,0.000197143025085445,9.85715125427226e-05,4.92857562713613e-05,2.46428781356806e-05,1.23214390678403e-05,1.23214390678403e-05,6.16071953392016e-06,3.08035976696008e-06,3.08035976696008e-06,1.54017988348004e-06,1.54017988348004e-06,7.7008994174002e-07,7.7008994174002e-07,7.7008994174002e-07,7.7008994174002e-07,7.7008994174002e-07,7.7008994174002e-07,7.7008994174002e-07,7.7008994174002e-07,7.7008994174002e-07,7.7008994174002e-07,7.7008994174002e-07,7.7008994174002e-07]}
