{"prog":["Inf",1.16329653242214,1.16329653242214,1.16329653242214,1.16329653242214,1.16329653242214,1.16329653242214,1.16329653242214,1.16329653242214,1.16329653242214,1.16329653242214,0.615984423370532,0.615984423370532,0.611057948559167,0.611057948559167,0.611057948559167,0.59986421597948,0.59986421597948,0.59986421597948,0.59986421597948,0.59986421597948,0.59986421597948,0.599838537799966,0.599838537799966,0.599838537799966,0.599838537799966,0.599838537799966,0.599838537799966,0.599838537799966,0.599838537799966,0.599838537799966,0.599838537799966,0.599838537799966,0.599838537799966,0.599838537799966,0.599838537799966,0.599838537799966,0.599838537799966,0.599838537799966,0.599838537799966,0.599838537799966,0.599838537799966,0.599838537799966,0.599838537799966,0.599838537799966,0.599838537799966,0.599838537799966,0.599838537799966,0.599838537799966,0.599838537799966],"mei":["Inf",0.0236368930980462,0.0109088954710397,0.00530457750931749,0.00864241746230297,0.0102767107082695,0.0718914243646241,0.0013672427797978,0.00160837698183571,0.00554343248341085,"Inf","Inf","Inf","Inf",9.41028373537788e-05,"Inf",4.67126522620026e-05,"Inf","Inf","Inf","Inf","Inf","Inf","Inf","Inf","Inf","Inf","Inf","Inf","Inf","Inf","Inf",0.000114509194522424,"Inf","Inf","Inf","Inf","Inf","Inf","Inf","Inf","Inf","Inf","Inf","Inf","Inf"],"obj":[1.08914370512337,1.16329653242214,0.471899402004643,1.80013182970698,0.653520904959534,0.416015965585173,0.349636239540715,1,0.160810321945971,0.524369014628509,0.580853557998035,0.615984423370532,0,0.611057948559167,0.597651381883076,0.599743843438502,0.59986421597948,1.05540724337859,0.285336907882732,0.599983088338718,0.433556566521099,1.10130263772754,0.599838537799966,0.600377642187348,0.600148404849564,1.16329147930912,0.600308868315706,0.600461563632029,0.600441147727058,0.600323284191854,1.77434920691421,0.600165668359987,1.1632896058942,0.600099623901699,0.600510380355608,1.10027583101125,0.59943495637787,1.10024863862603,0.600348134254367,0.600486143499064,0.600482555870464,1.73496928775989,0.600160881019708,0.600452147331521,0.60042473509687,0.600391365708872,1.73114059331643,1.72694093446802,1.16328619593504,1.7231325259888],"X":[[0.777298032598872,0.311845672524498],[0.263916483997348,0.899380048424792],[0.0212215757559104,0.450677826248733],[0.920897495234594,0.879234334472389],[0.428744207687849,0.224776697271684],[0,0.416015965585173],[0,0.349636239540715],[1,0],[0,0.160810321945971],[0.119016233695948,0.405352780932561],[0.175884509538418,0.404969048459616],[0.211588696656064,0.404395726714469],[0,0],[0.206789736309565,0.404268212249602],[0.193499526689012,0.404151855194064],[0.195744377804926,0.403999465633576],[0.195872269528361,0.403991946451119],[0.713287574810603,0.342119668567991],[0.285336907882732,0],[0.195507128591544,0.404475959747174],[0.433556566521099,0],[0.800186140566051,0.301116497161486],[0.195584302943451,0.404254234856515],[0.195962238750902,0.404415403436446],[0.19585904303584,0.404289361813725],[0.263912268878298,0.899379210430819],[0.196024985010975,0.404283883304731],[0.196058120261254,0.404403443370775],[0.196107105937571,0.404334041789487],[0.19587249575435,0.404450788437504],[0.901416816806162,0.872932390108049],[0.195700998836548,0.404464669523439],[0.263911140221505,0.89937846567269],[0.195624011779424,0.404475612122275],[0.19609364811102,0.404416732244588],[0.798262667547576,0.302013163463679],[0.194427250267056,0.405007706110814],[0.798207125969335,0.302041512656693],[0.195917553919459,0.404430580334908],[0.196004822567027,0.404481320932037],[0.196058849445136,0.404423706425328],[0.871523525698475,0.863445762061412],[0.195664163915125,0.404496717104583],[0.196080296251522,0.404371851079999],[0.195904041391946,0.404520693704924],[0.196072732050645,0.404318633658227],[0.868607753504593,0.862532839811837],[0.865408312666152,0.861532621801869],[0.263908269558262,0.899377926376777],[0.862505043819001,0.860627482169794]],"C":[[0.160115758385673,-0.798560045045666],[-1.0583749976129,-0.621463617969896],[0.285835792721049,-1.29643914165015],[-1.44617393878076,0.121105211644453],[1.11926176249366,-1.26565384073775],[0.232925628061577,-1.32693071637824],[0.325910509802658,-1.37775449999983],[0.5,-0.5],[1.62860165079356,-1.47414004035563],[0.0915042235060171,-1.32152425910707],[0.0224563487802469,-1.30506470909414],[-0.0184409673778838,-1.29169431966247],[1.5,-1.5],[-0.0128722910311402,-1.29380521752153],[0.00248594897322746,-1.29921921111433],[7.5533907663794e-05,-1.29846857032555],[-6.25155456077109e-05,-1.29842456123245],[0.548630809926655,-0.874174967999736],[0.969894440778989,-1.41858284899992],[-0.000224203272700896,-1.29817616065649],[0.60393908420245,-1.31202870362644],[-0.0208666228184624,-0.769030995583205],[-4.89816777652918e-05,-1.2983252940427],[-0.000679432927773782,-1.29804698244707],[-0.000408831745314364,-1.29818934718534],[-1.05836933220208,-0.621467350180346],[-0.000594004074409016,-1.29812874695149],[-0.000776093048418136,-1.29801906846948],[-0.000749387280997216,-1.29805598565097],[-0.00061774773752532,-1.29805352513924],[-1.35070970078045,0.0745632353207062],[-0.000435556849714414,-1.29810945016167],[-1.05836634650242,-0.621469285551222],[-0.000359306925453107,-1.29813072521363],[-0.000833126846169152,-1.29799438785112],[-0.00582573290174072,-0.77156476269449],[0.000419471329809573,-1.29816680234445],[-0.00538005547889181,-0.771636308683832],[-0.000645830234591638,-1.29805221775619],[-0.000807416095443825,-1.29797697054754],[-0.00080119804340828,-1.29800239323545],[-1.20030618346524,0.00509183986771244],[-0.000430874249386426,-1.29809794081101],[-0.000763854681078535,-1.29803592347605],[-0.000737424932233999,-1.29798461493079],[-0.000691091295894897,-1.29808192622294],[-1.18555432227671,-0.00155767079783109],[-1.1693776840876,-0.00882999393952155],[-1.05836257678033,-0.621471770804972],[-1.15470818592485,-0.0154053863208636]],"d":[[0.120375075819375,0.0313433835026759],[0.614529228336495,0.638992091250857]],"df":[0.738409511374066,0.748779214686356],"lambda":[[0,0],[0,0],[0,0],[0,0],[0,0],[0,0],[0,0],[3.56232803020818,0],[0,0],[0,0],[0,0],[0.788709312956978,0],[0.836638129726795,0],[0.932495763266429,0],[0.773822858693091,0],[0.965538125772359,0],[0.648192316625685,0],[1.03162285078422,0],[0.396931232490872,0],[1.16379230080794,0],[0.169215351175055,0],[1.7029374878092,0],[0,0],[0,0],[0,0],[0,0],[0,0],[0,0],[0,0],[0,0],[0,0],[0,0],[0,0],[0,0],[0,0],[0,0],[0,0],[0,0],[0,0],[0,0],[0,0],[0,0],[0,0],[0,0],[0,0],[0,0]],"rho":[0.00630384080012267,0.00630384080012267,0.00630384080012267,0.00630384080012267,0.00630384080012267,0.00630384080012267,0.00630384080012267,0.00315192040006134,0.00315192040006134,0.00315192040006134,0.00315192040006134,0.00157596020003067,0.000787980100015334,0.000393990050007667,0.000393990050007667,0.000196995025003834,0.000196995025003834,9.84975125019168e-05,9.84975125019168e-05,4.92487562509584e-05,4.92487562509584e-05,2.46243781254792e-05,2.46243781254792e-05,2.46243781254792e-05,2.46243781254792e-05,2.46243781254792e-05,2.46243781254792e-05,2.46243781254792e-05,2.46243781254792e-05,2.46243781254792e-05,2.46243781254792e-05,2.46243781254792e-05,2.46243781254792e-05,2.46243781254792e-05,2.46243781254792e-05,2.46243781254792e-05,2.46243781254792e-05,2.46243781254792e-05,2.46243781254792e-05,2.46243781254792e-05,2.46243781254792e-05,2.46243781254792e-05,2.46243781254792e-05,2.46243781254792e-05,2.46243781254792e-05,2.46243781254792e-05]}
