{"prog":[0.859677096484154,0.859677096484154,0.859677096484154,0.859677096484154,0.859677096484154,0.859677096484154,0.859677096484154,0.859677096484154,0.859677096484154,0.859677096484154,0.859677096484154,0.859677096484154,0.859677096484154,0.859677096484154,0.859677096484154,0.859677096484154,0.859677096484154,0.605622500219269,0.605622500219269,0.605622500219269,0.605622500219269,0.605622500219269,0.605622500219269,0.605622500219269,0.605622500219269,0.605622500219269,0.605569557140538,0.605569557140538,0.605569557140538,0.605569557140538,0.602611948135503,0.602611948135503,0.602611948135503,0.60035878762601,0.59992989903458,0.59992989903458,0.59992989903458,0.59992989903458,0.59992989903458,0.59992989903458,0.59992989903458,0.59992989903458,0.59992989903458,0.59992989903458,0.59992989903458,0.59992989903458,0.59992989903458,0.59992989903458,0.59992989903458,0.59992989903458],"mei":["Inf",0.0019992641618855,0.00244051370637382,0.000633845370728303,0.00145262445310559,0.00321254552185447,0.00207329168234852,0.00134839092573967,0.00447731552608912,0.0102655050779312,0.00762676670315046,"Inf",0.000415774471333102,"Inf","Inf","Inf","Inf","Inf",0.000116392946422498,"Inf","Inf","Inf","Inf","Inf",0.000491346838977881,"Inf","Inf","Inf",1.09439618783897e-05,"Inf","Inf","Inf","Inf","Inf","Inf","Inf","Inf","Inf","Inf","Inf","Inf","Inf","Inf","Inf","Inf","Inf"],"obj":[0.859677096484154,0.819108653049708,0.286424991103454,1.4474215212761,1.57713477547214,0,0.324251301976264,0.385543741205976,1,0.458581819889674,0.777332319089964,0.463622477370439,0.561233463875866,0.734191700445599,0.60312819475078,0.605228041563443,0.493598919045547,0.605622500219269,0.859454453100023,0.605724156229425,0.859429921045728,0.856269046387319,0.604544429161273,0.859508497226298,0.84831482351567,0.605889657074033,0.605569557140538,1.57712816530918,0.60136055254357,1.57712454124334,0.602611948135503,1.57712192517375,0.59876530482628,0.60035878762601,0.59992989903458,0.859499212025991,0.600083733526781,0.599814887506033,0.600200043337138,1.44741889404722,1.57712493216086,0.600642599643898,0.600577303973973,0.604327534207427,0.60085295656835,0.600663728593892,0.60536436198631,0.60544476133515,0.864695743390584,0.866126458151433],"X":[[0.0336709339948536,0.8260061624893],[0.706158213672731,0.112950439376978],[0.249808475186538,0.0366165159169157],[0.580454345443392,0.866967175832709],[0.835352766796796,0.741782008675342],[0,0],[0,0.324251301976264],[0,0.385543741205976],[1,0],[0,0.458581819889674],[0.666077883013787,0.111254436076177],[0.0713242539950898,0.392298223375349],[0.167866020720323,0.393367443155543],[0.591538521900776,0.142653178544823],[0.208674160609025,0.394454034141755],[0.210461642421987,0.394766399141456],[0.493598919045547,0],[0.210743897135724,0.394878603083544],[0.0334670087032744,0.825987444396749],[0.210894019378168,0.394830136851257],[0.0334439863512704,0.825985934694457],[0.751876262877529,0.10439278350979],[0.210151092261923,0.39439333689935],[0.0335184946631695,0.825990002563129],[0.706986841103081,0.141327982412589],[0.211095168641728,0.394794488432305],[0.210528125161603,0.395041431978935],[0.835347794542499,0.741780370766678],[0.204507915017145,0.396852637526425],[0.835345111957836,0.741779429285508],[0.205096347197295,0.397515600938208],[0.835343143875725,0.741778781298028],[0.195557203953885,0.403208100872395],[0.196637165336277,0.403721622289733],[0.19625297569659,0.40367692333799],[0.0335110522583648,0.825988159767626],[0.19714312598209,0.402940607544692],[0.196207599451812,0.40360728805422],[0.197365121159,0.402834922178138],[0.580452609518726,0.866966284528491],[0.835345150893095,0.741779781267766],[0.1966760633175,0.403966536326398],[0.196331174747931,0.404246129226042],[0.208343453896146,0.39598408031128],[0.20006399098135,0.400788965587],[0.196545472348494,0.404118256245398],[0.209681012408563,0.395683349577747],[0.20980429945412,0.395640461881031],[0.714776724723718,0.149919018666866],[0.715451715003127,0.150674743148307]],"C":[[-0.591807978563411,-0.816580087733614],[0.0730441774160584,-0.988582775507086],[1.21095179636757,-1.43625495648708],[-0.512941732947158,-0.41144066888454],[-1.30635592047038,-0.251945206610513],[1.5,-1.5],[0.449771825473067,-1.3948610931667],[0.233294935301268,-1.3513560236169],[0.5,-0.5],[0.334189691104777,-1.28970271446667],[0.119604974491101,-1.04396270421324],[0.152649144100075,-1.34101495472859],[0.0461214053675303,-1.31708305375279],[0.425701992436072,-1.1297322477585],[0.00262995513517078,-1.30086110964341],[0.00022928675687639,-1.29986538717793],[0.506800262825672,-1.25636010711707],[-0.000287181808295289,-1.29965789864684],[-0.591523099192596,-0.816624701027382],[-0.000325395061285372,-1.29963287562454],[-0.591494346634089,-0.81662873546386],[0.147229471806333,-0.923784232072399],[0.00134753767672041,-1.30029041423052],[-0.59158275786652,-0.816617026181277],[0.0209542264069852,-0.980196007894274],[-0.000440162015709678,-1.29957614167959],[-0.000433632451236399,-1.29962017553597],[-1.30634415146628,-0.251955943698234],[0.00182175902701143,-1.30068449678366],[-1.30633776707553,-0.251961822217016],[-4.06867232813357e-05,-1.29991683537706],[-1.30633310872607,-0.251966071595832],[0.00128277769754037,-1.29918060737262],[-0.000604635566808509,-1.29834267690426],[-0.000108251940666382,-1.29852971109461],[-0.591565788904725,-0.816620569300228],[-0.00016944095004795,-1.29877345466952],[3.14780085993727e-05,-1.29860373494687],[-0.000279407894916373,-1.29877103442363],[-0.512938797506626,-0.411444229593766],[-1.30633806279433,-0.251961234981738],[-0.000955681097634498,-1.29812956364638],[-0.000901888675642282,-1.29803913682786],[-0.000291182171175186,-1.29978961335865],[-0.000325339035460448,-1.29934260457632],[-0.000992800740965749,-1.29805831226849],[-0.00098102388348692,-1.29946855990225],[-0.00101129446896897,-1.29945078085313],[0.000270364197922257,-0.966618521635198],[-0.0014977513160831,-0.965425965276276]],"d":[[0.0699908984167364,0.0351073606972413],[0.685719034895387,0.693942808512892]],"df":[0.73756049057751,0.634666643331007],"lambda":[[0,0],[0,0],[0,0],[0,0],[0,0],[0,0],[0,0],[0,0],[0,0],[0,0],[0,0],[0.847505424541511,0],[0.995281154727609,0],[1.29083261509981,0],[0.550475832263379,0],[1.14157875300777,0],[0,0],[1.18220584148879,0],[0,0],[2.36441168297758,0],[0,0],[0,0],[0,0],[0,0],[0,0],[0,0],[0,0],[0,0],[0,0],[0,0],[0,0],[0,0],[0,0],[0,0],[0.649204274186228,0],[1.94761282255868,0],[0,0],[2.59681709674491,0],[0,0],[5.19363419348982,0],[0,0],[0,0],[0,0],[0,0],[0,0],[0,0]],"rho":[0.00310317203762271,0.00310317203762271,0.00310317203762271,0.00310317203762271,0.00310317203762271,0.00310317203762271,0.00310317203762271,0.00310317203762271,0.00310317203762271,0.00310317203762271,0.00310317203762271,0.00155158601881136,0.000775793009405678,0.000387896504702839,0.000387896504702839,0.000193948252351419,0.000193948252351419,9.69741261757097e-05,9.69741261757097e-05,4.84870630878549e-05,4.84870630878549e-05,4.84870630878549e-05,4.84870630878549e-05,4.84870630878549e-05,4.84870630878549e-05,4.84870630878549e-05,4.84870630878549e-05,4.84870630878549e-05,4.84870630878549e-05,4.84870630878549e-05,4.84870630878549e-05,4.84870630878549e-05,4.84870630878549e-05,4.84870630878549e-05,2.42435315439274e-05,1.21217657719637e-05,1.21217657719637e-05,6.06088288598186e-06,6.06088288598186e-06,3.03044144299093e-06,3.03044144299093e-06,3.03044144299093e-06,3.03044144299093e-06,3.03044144299093e-06,3.03044144299093e-06,3.03044144299093e-06]}
