{"prog":[1.12264972917332,1.12264972917332,1.12264972917332,1.12264972917332,1.12264972917332,1.12264972917332,1.12264972917332,1.12264972917332,1.12264972917332,1.12264972917332,0.60293351875057,0.601277257522159,0.601277257522159,0.601277257522159,0.601277257522159,0.601277257522159,0.601277257522159,0.601277257522159,0.601277257522159,0.601277257522159,0.599810855289113,0.599810855289113,0.599810855289113,0.599810855289113,0.599810855289113,0.599810855289113,0.599810855289113,0.599810855289113,0.599810855289113,0.599810855289113,0.599810855289113,0.599810855289113,0.599810855289113,0.599810855289113,0.599810855289113,0.599810855289113,0.599810855289113,0.599810855289113,0.599810855289113,0.599810855289113,0.599810855289113,0.599810855289113,0.599810855289113,0.599810855289113,0.599810855289113],"mei":["Inf",0.000764329464553464,0.000864878328757193,0.0152041501635594,0.00460218756635631,0.0963296676836703,0.491628095738275,0.0265710445931834,0.000593589006061245,7.14802449268798e-05,0.000120333504994471,2.91724006715067e-05,3.45123290697982e-05,3.87805398568504e-06,1.12414484764405e-07,0,3.34942651966147e-06,0,0,0,0,9.33835197358812e-06,0,0,2.2742056495967e-05,0.000408743780415388,0,0,0,5.12894125845737e-06,0,5.71878527700236e-06,0,1.30136050407482e-06,0,0,0,0,7.57339397033599e-06,0,0.000379379309024665],"obj":[1.12264972917332,1.24470688772497,0.460851682238479,1.73364066140112,0.394504746881897,0.401707939515055,0.340396525074252,0.459230203355077,0.541669097431065,0.597106612416403,0.60293351875057,0.601277257522159,0.598195250090065,0.00418741019245282,0.600357958141988,0.957957860031188,0.599811974596876,0.599342043179225,0.599599824095856,0.373905833862048,0.599810855289113,1.53423356532916,0.823161410395513,0.798882214655048,1.25144604147418,0.599083941596932,0.888308620531649,1.00610269762797,0.599178295128475,0.599248336545789,0.947508056163953,1.34752458172998,0.388622194063622,0.48925282926281,0.364906878764533,0.599302038971512,1.34855088075948,0.572046648602965,1.00205411889145,0.94940112500987,0.917432068184724,1.47246604616406,0.599304173571161,1.12625041149833,0.59932338696428],"X":[[0.479127922090499,0.643521807082817],[0.257554560703587,0.987152327021386],[0.315033495345859,0.14581818689262],[0.935598021842446,0.798042639558679],[0.0143892092011844,0.380115537680712],[0,0.401707939515055],[0,0.340396525074252],[0.05136425426839,0.407865949086687],[0.13985065279248,0.401818444638584],[0.196843887623583,0.400262724792819],[0.202818952693768,0.400114566056802],[0.201100105675485,0.400177151846674],[0.199377761713083,0.398817488376982],[0.00234958138868138,0.00183782880377144],[0.200341941487568,0.400016016654419],[0.957957860031188,0],[0.197891625241091,0.401920349355785],[0.195065706459196,0.404276336720029],[0.195893966568392,0.403705857527464],[0.130004774284923,0.243901059577125],[0.194895407594995,0.404915447694118],[0.758829511241668,0.775404054087494],[0.371445582592358,0.451715827803155],[0.60968849186457,0.189193722790478],[0.388237152896644,0.863208888577532],[0.192745881070537,0.406338060526395],[0.842253221932299,0.0460553985993507],[0.77221820513043,0.233884492497538],[0.193351980520193,0.405826314608282],[0.193887990819299,0.405360345726491],[0.398882781771543,0.54862527439241],[0.436332631280723,0.911191950449252],[0.302580284059881,0.0860419100037408],[0.488205520425534,0.00104730883727563],[0.15786572658002,0.207041152184513],[0.193710388587874,0.405591650383638],[0.478482376258933,0.870068504500545],[0.0078992234562886,0.564147425146676],[0.918256233413158,0.0837978854782874],[0.593237029918525,0.356164095091346],[0.449818025770601,0.467614042414123],[0.92258029081346,0.5498857553506],[0.194761428547487,0.404542745023674],[0.743801313870587,0.382449097627739],[0.194607572797467,0.404715814166813]],"C":[[-0.0894927490855673,-0.856316118082106],[-1.00513452310244,-0.459195931517044],[1.36093018348183,-1.37949095318152],[-1.52325816670584,0.0122157130292813],[0.226371096335618,-1.35530512867227],[0.224481282684327,-1.33863073133057],[0.365738240728007,-1.38413020571737],[0.171680953574202,-1.33100708095907],[0.0679308626765218,-1.31898373246175],[0.00399914681778646,-1.30104223504666],[-0.0022321532702998,-1.29877280645738],[-0.000484850830652639,-1.29941699463719],[0.00360052546792011,-1.30119311909896],[1.50550381481043,-1.49999110185259],[0.000592084340248156,-1.29985029290092],[0.789271209993606,-0.582316738404466],[0.000392977208593659,-1.29929893743316],[0.000524414753539981,-1.29851001373181],[0.000266974045508184,-1.29864713446012],[0.973102217115307,-1.42361103180028],[-2.31572790685974e-05,-1.29805926031705],[-0.887898661542184,-0.322926325773409],[-0.272520192898377,-1.15798099008473],[0.532864155038258,-1.09248567814459],[-0.843578609421138,-0.604142327791449],[0.000994600382762056,-1.29773840589799],[0.901630004933734,-0.788488410404517],[-0.101342376962154,-0.848977087834305],[0.000796529244024791,-1.29792001400038],[0.000661391602860217,-1.29809043712856],[-0.185606994269724,-1.03990283470405],[-1.12746828700129,-0.479343064316127],[1.2676677132202,-1.40104196142115],[0.511564670265146,-1.26165427297023],[1.24879112465014,-1.43221237367347],[0.000620911608619601,-1.29797169849221],[-0.753749942126548,-0.514035413085791],[0.724466609450978,-1.18167528496916],[0.860502056982912,-0.649783404187247],[0.578893158779085,-1.02121696370121],[-0.382160161227366,-1.07900085102896],[-0.0223706756665913,-0.346471263065051],[0.000562931265675859,-1.29841315339885],[0.476860986171831,-0.800492293208117],[0.000541307916584133,-1.29833300237317]],"d":[[0.151666199115744,0.0267976399901046],[0.881086771144436,0.994032024045637]],"df":[1.41762919838005,1.40829748523254],"lambda":[[0,0],[0,0],[0,0],[0,0],[0,0],[0,0],[60.1733203543698,0],[0,0],[0,0],[0,0],[0,0],[0,0],[0,0],[0,0],[0,0],[8.03407101495609,0],[0,0],[0,0],[0,0],[0,0],[0,0],[0,0],[0,0],[0,0],[0,0],[0,0],[0,0],[0,0],[0,0],[0,0],[0,0],[0,0],[0,0],[0,0],[0,0],[0,0],[0,0],[0,0],[0,0],[0,0],[0,0]],"rho":[6.64604644422956e-05,6.64604644422956e-05,6.64604644422956e-05,6.64604644422956e-05,6.64604644422956e-05,6.64604644422956e-05,3.32302322211478e-05,3.32302322211478e-05,3.32302322211478e-05,3.32302322211478e-05,3.32302322211478e-05,3.32302322211478e-05,3.32302322211478e-05,3.32302322211478e-05,3.32302322211478e-05,1.66151161105739e-05,1.66151161105739e-05,1.66151161105739e-05,1.66151161105739e-05,1.66151161105739e-05,1.66151161105739e-05,1.66151161105739e-05,1.66151161105739e-05,1.66151161105739e-05,1.66151161105739e-05,1.66151161105739e-05,1.66151161105739e-05,1.66151161105739e-05,1.66151161105739e-05,1.66151161105739e-05,1.66151161105739e-05,1.66151161105739e-05,1.66151161105739e-05,1.66151161105739e-05,1.66151161105739e-05,1.66151161105739e-05,1.66151161105739e-05,1.66151161105739e-05,1.66151161105739e-05,1.66151161105739e-05,1.66151161105739e-05]}
