{"prog":[1.72692156007675,0.898767380099457,0.898767380099457,0.898767380099457,0.898767380099457,0.898767380099457,0.898767380099457,0.898095752099672,0.896623784877362,0.891699726657281,0.88165871688237,0.88165871688237,0.88165871688237,0.88165871688237,0.88165871688237,0.626817857671847,0.626817857671847,0.611152120062765,0.611152120062765,0.611152120062765,0.600948107719455,0.600948107719455,0.600948107719455,0.600948107719455,0.600948107719455,0.600948107719455,0.600948107719455,0.600948107719455,0.600948107719455,0.600948107719455,0.59983775618367,0.59983775618367,0.59983775618367,0.59983775618367,0.59983775618367,0.59983775618367,0.59983775618367,0.59983775618367,0.59983775618367,0.59983775618367,0.59983775618367,0.59983775618367,0.59983775618367,0.59983775618367,0.59983775618367],"mei":["Inf",0.0072461294301847,0.00734455677796511,0.00662258231427691,0.00941278186686605,0.0112893309527851,0.00617993836065854,0.00554584555059895,0.109266438124821,0.0540296495699152,0.0162308503036405,0.232044855912371,0.0951826742815107,0.00958899929903482,0.0054934739120351,0.00205791133731378,0.00107225624328997,0.00326210079770766,0.000564855887159331,0.00146888998288223,0.000250693085555246,9.40980878202494e-06,9.56617809569387e-05,1.27616078403306e-06,0,1.31624229681651e-06,0.000670613725299704,0,0,0,0,0,0,0,0,9.62239217205793e-05,0,0,0,0,0],"obj":[1.72692156007675,0.898767380099457,0.918739920127843,0.485502579590656,1.66647070428973,1,0,0.898095752099672,0.896623784877362,0.891699726657281,0.88165871688237,0.439149534156967,0.509918600930193,0.357301423839348,0.570262575556798,0.626817857671847,0.595724444361838,0.611152120062765,0.599418033898203,0.599945072400574,0.600948107719455,0.59982781617089,0.599900696218293,0.599760890836588,0.599067333135587,0.369639446959492,0.599467832824559,0.568672177041523,1.59697385520837,0.599695277069954,0.59983775618367,0.515433869765381,0.961873698248126,1.19393630151123,0.539043038862581,0.76201349572698,0.476819469552631,0.723470834734074,0.772890146183337,0.599328767693335,1.16276318163941,1.16728037787161,0.852343544621101,1.21882841045904,0.817836112514566],"X":[[0.888288487412103,0.838633072664643],[0.0193311705718122,0.879436209527644],[0.520046273227792,0.398693646900052],[0.216909204050179,0.268593375540477],[0.670999470458133,0.995471233831595],[1,0],[0,0],[0.0185086449168518,0.87958710718282],[0.0168158884109242,0.879807896466438],[0.0111080585279857,0.880591668129295],[0,0.88165871688237],[0,0.439149534156967],[0,0.509918600930193],[0,0.357301423839348],[0.163470940004328,0.40679163555247],[0.216898248051862,0.409919609619985],[0.187780907605278,0.40794353675656],[0.202506951322261,0.408645168740504],[0.19093690445198,0.408481129446223],[0.190929954052941,0.409015118347633],[0.192642646175984,0.408305461543471],[0.192154272443531,0.407673543727359],[0.192575277712802,0.407325418505491],[0.193146638990322,0.406614251846265],[0.194147063485385,0.404920269650202],[0.368588544278547,0.00105090268094552],[0.194106834495772,0.405360998328787],[0.559140399899552,0.00953177714197118],[0.858940380087807,0.73803347512056],[0.194239573952019,0.405455703117934],[0.19422086192622,0.405616894257451],[0.145479460151512,0.369954409613869],[0.451735056422543,0.510138641825583],[0.317144174926389,0.876792126584843],[0.143034764717388,0.396008274145193],[0.550172614079335,0.211840881647645],[0.0422301929089311,0.4345892766437],[0.287542133657481,0.435928701076593],[0.716439608863471,0.0564505373198657],[0.194945276971746,0.404383490721589],[0.689454755051586,0.473308426587821],[0.344775303495437,0.822505074376172],[0.445766984747063,0.406576559874037],[0.778597573413839,0.440230837045198],[0.81655732385925,0.00127878865531618]],"C":[[-1.38858002154598,-0.00763813256417833],[-0.777490894009661,-0.726218259215973],[0.0983380842316191,-1.07059524962342],[0.776869279215198,-1.38080799581409],[-1.28842231856694,-0.058796733258706],[0.5,-0.5],[1.5,-1.5],[-0.77691324795277,-0.7259839509411],[-0.77557223340886,-0.725655291212253],[-0.77108460651077,-0.724434925057004],[-0.761568040608824,-0.722677906945333],[0.275551657641168,-1.30714768664972],[0.542321969686653,-1.23998302042539],[0.297712465628524,-1.37233569252237],[0.0362957681416503,-1.30779781701865],[-0.0316181457244845,-1.28492106364103],[0.00556034481563139,-1.29832040155749],[-0.0129957774409921,-1.29200006073121],[0.00125717836161632,-1.29668626540463],[0.000847994606591851,-1.29625238560841],[-0.000689262359031495,-1.29617546094809],[0.000451257619626833,-1.29687901732647],[0.000254696333048754,-1.29700076585316],[0.000242539226464944,-1.29735922604224],[0.000845728256215816,-1.29834649296641],[0.756850654863654,-1.36414138063018],[0.000403276885754422,-1.29800499783592],[0.440419004311599,-1.18727115842469],[-1.33365420452533,-0.217528013056084],[0.000143804754994259,-1.29787666072008],[-8.48821781557207e-06,-1.29775319188558],[0.12422242349293,-1.34196946148128],[-0.429363260461844,-1.03569400491527],[-0.980711362186724,-0.630655139069089],[0.0695283829370032,-1.32271850289079],[0.870683990604594,-1.15243353557986],[0.218554128737038,-1.30934877143318],[-0.144327692471053,-1.22728568894938],[0.37774514561239,-0.983527623687855],[0.000536649363927943,-1.29847033141823],[-0.0462999347746679,-0.800631274057718],[-0.57153840081788,-0.704615392725078],[-0.0882659469795122,-1.1359872962705],[0.335149223614795,-0.699982628788566],[1.10998468278793,-0.833232501551396]],"d":[[0.170596896892318,0.049769862038532],[0.90679871508512,0.823849159817279]],"df":[1.34461663856485,1.13347212166315],"lambda":[[0,0],[0,0],[0,0],[0,0],[0,0],[0,0],[0,0],[0,0],[0,0],[0,0],[0,0],[6.74667519879803,0],[0,0],[2.06711924751015,0],[0,0],[0.934739723890765,0],[2.19574495374126,0],[0.145818143543653,0],[1.48789794908941,0],[3.00287649023386,0],[0,0],[2.88533187016735,0],[0,0],[5.77066374033471,0],[0,0],[0,0],[6.84300760275601,0],[6.03517702652607,0],[5.22734645029613,0],[4.41951587406619,0],[3.61168529783625,0],[2.80385472160631,0],[1.99602414537637,0],[1.18819356914643,0],[0.380362992916496,0],[0,0],[0,0],[0,0],[0,0],[0,0],[0,0]],"rho":[0.00537980072734444,0.00537980072734444,0.00537980072734444,0.00537980072734444,0.00537980072734444,0.00537980072734444,0.00537980072734444,0.00537980072734444,0.00537980072734444,0.00537980072734444,0.00537980072734444,0.00268990036367222,0.00268990036367222,0.00134495018183611,0.00134495018183611,0.000672475090918054,0.000336237545459027,0.000336237545459027,0.000168118772729514,8.40593863647568e-05,8.40593863647568e-05,4.20296931823784e-05,4.20296931823784e-05,2.10148465911892e-05,2.10148465911892e-05,2.10148465911892e-05,1.05074232955946e-05,1.05074232955946e-05,1.05074232955946e-05,1.05074232955946e-05,1.05074232955946e-05,1.05074232955946e-05,1.05074232955946e-05,1.05074232955946e-05,1.05074232955946e-05,1.05074232955946e-05,1.05074232955946e-05,1.05074232955946e-05,1.05074232955946e-05,1.05074232955946e-05,1.05074232955946e-05]}
