{"prog":["Inf","Inf",1.36586235629531,1.3383386247089,1.16784826056283,1,1,1,0.786035367594516,0.786035367594516,0.786035367594516,0.786035367594516,0.786035367594516,0.623385044082544,0.623385044082544,0.61777339087334,0.609316253520996,0.609316253520996,0.609316253520996,0.609316253520996,0.60103960212334,0.60103960212334,0.60103960212334,0.60103960212334,0.60103960212334,0.60103960212334,0.60103960212334,0.60103960212334,0.599801189532953,0.599801189532953,0.599801189532953,0.599801189532953,0.599801189532953,0.599801189532953,0.599801189532953,0.599801189532953,0.599801189532953,0.599801189532953,0.599801189532953,0.599801189532953,0.599801189532953,0.599801189532953,0.599801189532953,0.599801189532953,0.599801189532953],"mei":["Inf",0.10774845560326,0.0837731921940249,0.0581493337172295,0.039255267641735,0.0522882311288246,0.074577843024748,0.0381215929474519,0.144832414994767,0.0523272182229522,0.0199682981439179,0.0215947505296506,0.0213736983682144,0.0079005242319009,0.00074321406038324,0.000257796618195696,0.0209346836211674,0.00010472003736465,0,0,0,0.00060835064315131,0.0012155091608005,1.43243996658402e-07,0.000669578098121548,0,0,0,0,0,0,0,0,0.00013766324954162,4.62800425709002e-07,0,2.27176131985847e-06,0,0,0,0],"obj":[0.94712371604683,0.449993610575328,1.36586235629531,1.3383386247089,1.16784826056283,1,0,0.5977701478483,0.786035367594516,0.726343852534349,0.325947595588929,0.49844110548563,0.58547273912254,0.623385044082544,0.583990541485862,0.61777339087334,0.609316253520996,0.602469835216306,0.444337445561365,0.549074813182961,0.60103960212334,0.599558008346948,0.631628315093561,0.683064934603932,1.28807173569754,0.599655891891764,0.599206157268102,0.602064330350949,0.599801189532953,0.402464114101106,0.778057445828816,1.21540048241275,1.39742709974875,0.542146506311034,1.37499164139204,1.46738932430874,1.7343038997391,0.599247553639989,0.59928381146305,1.03522855504729,0.291990958306723,0.435611577180077,1.09511739183341,0.29736392130036,1.68378993069618],"X":[[0.305641158876391,0.641482557170438],[0.323667599787858,0.12632601078747],[0.565398178860871,0.800464177434441],[0.946095315834064,0.392243308874835],[0.684934960982049,0.482913299580783],[0,1],[0,0],[0,0.5977701478483],[0,0.786035367594516],[0,0.726343852534349],[0,0.325947595588929],[0.107649711721277,0.390791393764353],[0.18227214072991,0.40320059839263],[0.218947955740523,0.404437088342021],[0.193822685510397,0.390167855975465],[0.226179531374197,0.391593859499143],[0.19361512321035,0.415701130310646],[0.206221624788142,0.396248210428164],[0.444337445561365,0],[0.549074813182961,0],[0.198595927119565,0.402443675003775],[0.194567653550797,0.40499035479615],[0.609742388433763,0.0218859266597978],[0.330504594356172,0.35256034024776],[0.64420990928435,0.643861826413186],[0.195084054763088,0.404571837128676],[0.194362911994714,0.404843245273388],[0.205803465178191,0.396260865172758],[0.194780738346874,0.405020451186078],[0.013693973134899,0.388770140966207],[0.316451042078913,0.461606403749903],[0.710089879321933,0.505310603090821],[0.876625950057997,0.520801149690757],[0.225886027830999,0.316260478480035],[0.902220514247897,0.472771127144147],[0.999450868735567,0.467938455573176],[0.897028187037266,0.837275712701836],[0.194361753225228,0.404885800414761],[0.19446338515156,0.40482042631149],[0.901181346295304,0.134047208751982],[0.291830433109861,0.000160525196862019],[0.159421894074888,0.276189683105189],[0.700134033406324,0.394983358427087],[0.156981953595202,0.140381967705158],[0.859911547400083,0.823878383296094]],"C":[[0.375758053417827,-0.995083610846772],[1.32425961044456,-1.37928102384609],[-0.175935888117291,-0.539581999985015],[-0.550767519386498,-0.451048839999764],[-0.140365831636268,-0.797658844312521],[-0.5,-0.5],[1.5,-1.5],[0.775472346896236,-1.14267085034142],[-0.290828463791672,-0.882148400890554],[0.193768731108113,-0.972424607885559],[0.440125447369592,-1.3937581649298],[0.114707916724451,-1.33569362612604],[0.0166194728973549,-1.30420614416956],[-0.026642237226213,-1.28849243425047],[0.0263576437502493,-1.31020181074505],[-0.00618372390535477,-1.29549706878991],[-0.00610365824008674,-1.28970575432269],[0.0012819638021202,-1.30045999720222],[0.582685279613998,-1.302564234472],[0.476857406273424,-1.1985168495281],[-0.00113013842020226,-1.29859874618098],[0.000274811528588936,-1.29812624071382],[0.405360741310233,-1.12773522596133],[0.181031657264479,-1.26646791959385],[-0.790521418099399,-0.670435541267726],[0.000154026084792591,-1.29826384017952],[0.000680810067636928,-1.29832500519745],[0.00167507862339095,-1.30062226045319],[-8.37356653532462e-06,-1.29801889809007],[0.216131762137577,-1.3486702525929],[-0.187884805363873,-1.18677826598425],[-0.24079167438249,-0.740433557688553],[0.076501174163299,-0.4602931061657],[0.396607135803746,-1.34895481218231],[0.0200171527807982,-0.462485605009112],[-0.628192610816669,-0.282131562779511],[-1.43629641074741,0.00569018741973082],[0.000633816418435185,-1.29829099750571],[0.000589527798480649,-1.29830441427638],[0.467301149993279,-0.669903526915186],[0.953749902326458,-1.41483497254257],[0.703893413092309,-1.39830391863583],[0.485641547006944,-0.853800481831852],[1.56188442376263,-1.45564956938866],[-1.28005221156221,-0.081776540185408]],"d":[[0.0816893256840848,0.0505587710608658],[0.838050209718758,0.928240963140103]],"df":[1.32028011041171,1.37187435263179],"lambda":[[0,0],[0,0],[0,0],[0,0],[0,0],[0,0],[0,0],[0,0],[1.89754992686688,0],[2.44740351119616,0],[0.684492048978162,0],[1.78419921763673,0],[0.965847691120351,0],[0.158092022439236,0],[0.327746594742398,0],[0.667055739348722,0],[1.34567402856137,0],[0.149177528390712,0],[0.440125102851867,0],[1.02202025177418,0],[2.1858105496188,0],[4.51339114530805,0],[0,0],[2.60911998877222,0],[7.82735996631667,0],[7.25998490503275,0],[6.69260984374883,0],[6.12523478246491,0],[5.55785972118099,0],[4.99048465989708,0],[4.42310959861316,0],[3.85573453732924,0],[3.28835947604532,0],[2.7209844147614,0],[2.15360935347748,0],[1.58623429219356,0],[1.01885923090964,0],[0.45148416962572,0],[-5.55111512312578e-17,0],[-5.55111512312578e-17,0],[-5.55111512312578e-17,0]],"rho":[0.0604505394563448,0.0604505394563448,0.0604505394563448,0.0604505394563448,0.0604505394563448,0.0604505394563448,0.0604505394563448,0.0604505394563448,0.0302252697281724,0.0151126348640862,0.0151126348640862,0.00755631743204311,0.00755631743204311,0.00755631743204311,0.00377815871602155,0.00188907935801078,0.000944539679005388,0.000944539679005388,0.000472269839502694,0.000236134919751347,0.000118067459875674,5.90337299378368e-05,5.90337299378368e-05,2.95168649689184e-05,1.47584324844592e-05,1.47584324844592e-05,1.47584324844592e-05,1.47584324844592e-05,1.47584324844592e-05,1.47584324844592e-05,1.47584324844592e-05,1.47584324844592e-05,1.47584324844592e-05,1.47584324844592e-05,1.47584324844592e-05,1.47584324844592e-05,1.47584324844592e-05,1.47584324844592e-05,1.47584324844592e-05,1.47584324844592e-05,1.47584324844592e-05]}
