{"prog":[1.04298361062142,1.04298361062142,1.04298361062142,1.04298361062142,0.915807755700268,0.915807755700268,0.915807755700268,0.915807755700268,0.910487682799528,0.861829825336438,0.861829825336438,0.622958612995129,0.622958612995129,0.622958612995129,0.600844751033447,0.600844751033447,0.600844751033447,0.600844751033447,0.600844751033447,0.600844751033447,0.600844751033447,0.600844751033447,0.600844751033447,0.600844751033447,0.600844751033447,0.600844751033447,0.600844751033447,0.600844751033447,0.600844751033447,0.600844751033447,0.600844751033447,0.600844751033447,0.600844751033447,0.600844751033447,0.600844751033447,0.600844751033447,0.600844751033447,0.600844751033447,0.600844751033447,0.600844751033447,0.600844751033447,0.600844751033447,0.600844751033447,0.600844751033447,0.600844751033447],"mei":["Inf",0.166377226092641,0.264616365748586,0.186672598336015,0.210133477189875,0.176080201707719,0.137989544769041,0.194852236557448,0.027816993486205,0.0325279093573085,0.0152049290434514,0.0115639804703205,0.00793366598405947,0.00151957564316589,0.000250973926343758,1.26300902814995e-05,2.31912525641903e-07,2.38450186610369e-05,0.000120938932044055,0.00147083961555021,3.45488755364088e-05,0,0,0,3.37628689925321e-05,0,7.0253027165355e-05,0,5.57551606352254e-05,3.67345119856618e-06,1.2145162735352e-06,0,0,0,0,0,6.33256963858265e-05,0,3.84931507431032e-05,0,0],"obj":[1.04298361062142,1.36441778774476,1.04009518897629,0.370147583244868,0.915807755700268,0.366209978687608,0.452495095567918,0.241685117792716,0.910487682799528,0.861829825336438,0.496291957005324,0.622958612995129,0,0.595874860213244,0.600844751033447,0.599277782734176,0.599639557382267,0.599610204496083,0.473553319234884,0.584715903872635,0.599584057555231,0.59956187283132,0.599749203588348,0.599604448606664,0.599728289221865,0.324850765856554,0.896627048461006,0.451847889155487,0.599525178997191,1.69395617957598,0.599654688393257,0.985058800282203,0.599558947837303,0.519974965890506,0.574506370398827,0.715629838853988,0.803320979815657,1.17237750919922,0.796819566889345,0.810717269446449,0.599626269799953,0.624391826224605,0.599612842237911,1.56242074473873,1.34668896499674],"X":[[0.162426476004167,0.88055713461725],[0.454053207941831,0.91036457980293],[0.701914093792884,0.338181095183404],[0.303219624646758,0.0669279585981108],[0.37491569342439,0.540892062275878],[0,0.366209978687608],[0,0.452495095567918],[0,0.241685117792716],[0.369891439289103,0.540596243510425],[0.326226576874006,0.535603248462432],[0.0954480267852425,0.400843930220081],[0.207203326712302,0.415755286282826],[0,0],[0.189350688143075,0.406524172070168],[0.194160308908521,0.406684442124926],[0.193749976043755,0.405527806690421],[0.194344982949845,0.405294574432423],[0.194374829688427,0.405235374807655],[0.473553319234884,0],[0.584715903872635,0],[0.192196829571233,0.407387227983998],[0.19437638698121,0.40518548585011],[0.194233489703191,0.405515713885157],[0.19427872823989,0.405325720366774],[0.194199186901098,0.405529102320767],[0.248423192961007,0.0764275728955463],[0.775222106583701,0.121404941877305],[0.112822769113635,0.339025120041851],[0.194343156087294,0.405182022909897],[0.850074505631829,0.843881673944155],[0.195891038479402,0.403763649913854],[0.868164750212236,0.116894050069967],[0.194755510900669,0.404803436936634],[0.310253259100374,0.209721706790132],[0.00621492138632826,0.568291449012499],[0.40782455419419,0.307805284659799],[0.772826535644621,0.0304944441710353],[0.433815444610411,0.738562064588806],[0.281388323987459,0.515431242901886],[0.242773523128259,0.567943746318189],[0.194547989478113,0.40507828032184],[0.149868782020702,0.474523044203902],[0.193960792834373,0.405652049403538],[0.917802357509081,0.644618387229652],[0.729916517064142,0.616772447932598]],"C":[[-0.921241760308049,-0.698236772567526],[-1.1044116014549,-0.465072016197968],[0.578936799867285,-0.892950151795468],[1.19308369022564,-1.40357850758697],[-0.137186249908306,-1.06687399979106],[0.270627221681895,-1.36589025150962],[0.313942633607152,-1.29524818848698],[1.06877869788722,-1.44158830383752],[-0.122305454462319,-1.07093602464305],[-0.00717076632029109,-1.10670538077756],[0.120649735551087,-1.33021381778852],[-0.0240976056220574,-1.28421432332724],[1.5,-1.5],[0.00488228810170999,-1.29888441442241],[-0.0010393824375412,-1.29690953897809],[0.000642660770524051,-1.2980081447839],[0.000196319481229223,-1.29796633553787],[0.000226680711122862,-1.29800271658809],[0.53297519274534,-1.27574725384162],[0.496335965476532,-1.15810731175841],[0.000655995948028953,-1.29709602517828],[0.0002801936011258,-1.29804254224054],[8.58195832122988e-05,-1.29783035726993],[0.000239878391827542,-1.29796683616265],[0.000111742634187839,-1.29783282297787],[1.36965485605454,-1.43244474330035],[0.0930514437366102,-0.884291525551697],[0.278243090632696,-1.37233299075014],[0.000323013337525269,-1.29805826599267],[-1.14649037386307,-0.0652370552560115],[0.000198211962676442,-1.2986016160517],[0.460470439250797,-0.732625747547165],[0.000268172104195719,-1.29820446841811],[1.21836436150707,-1.35975972091863],[0.735448348622063,-1.17700620373144],[0.633194078166521,-1.23893503973181],[0.779152433902277,-0.901809234678233],[0.0741783294612927,-0.766330236767791],[0.0382780500780072,-1.15515124496415],[0.353771313060603,-1.11850091748595],[0.000198833810002463,-1.29806266660152],[0.178538990619181,-1.25236722869509],[0.00026075345204013,-1.29782562565777],[-0.54322584391345,-0.242105967396216],[-0.939728537870799,-0.586813625588182]],"d":[[0.142355775273041,0.0378628870122953],[0.872175471663626,0.874352018099373]],"df":[1.20371077997098,1.38993937500947],"lambda":[[0,0],[0,0],[1.47891590440226,0],[0,0],[2.95783180880453,0],[0.284346404411878,0],[0.12760000924996,0],[2.76489291215185,0],[1.71138966171049,0],[0.65788641126912,0],[0.871331118822747,0],[0.780451319926956,0],[0.836643227230686,0],[0.870974142068239,0],[0.950254671337655,0],[1.08757833068787,0],[1.36222564938829,0],[1.91152028678915,0],[3.01010956159085,0],[3.97058962291397,0],[5.89154974556021,0],[9.7334699908527,0],[1.77635683940025e-15,0],[7.68384049058497,0],[1.77635683940025e-15,0],[15.3676809811699,0],[1.77635683940025e-15,0],[1.77635683940025e-15,0],[1.77635683940025e-15,0],[1.77635683940025e-15,0],[1.77635683940025e-15,0],[1.77635683940025e-15,0],[1.77635683940025e-15,0],[1.77635683940025e-15,0],[1.77635683940025e-15,0],[1.77635683940025e-15,0],[1.77635683940025e-15,0],[1.77635683940025e-15,0],[1.77635683940025e-15,0],[1.77635683940025e-15,0],[1.77635683940025e-15,0]],"rho":[0.182990270695125,0.182990270695125,0.0914951353475624,0.0914951353475624,0.0457475676737812,0.0457475676737812,0.0457475676737812,0.0228737838368906,0.0228737838368906,0.0228737838368906,0.0114368919184453,0.0114368919184453,0.00571844595922265,0.00285922297961132,0.00142961148980566,0.000714805744902831,0.000357402872451415,0.000178701436225708,8.93507181128539e-05,4.46753590564269e-05,2.23376795282135e-05,1.11688397641067e-05,1.11688397641067e-05,5.58441988205337e-06,5.58441988205337e-06,2.79220994102668e-06,2.79220994102668e-06,2.79220994102668e-06,2.79220994102668e-06,2.79220994102668e-06,2.79220994102668e-06,2.79220994102668e-06,2.79220994102668e-06,2.79220994102668e-06,2.79220994102668e-06,2.79220994102668e-06,2.79220994102668e-06,2.79220994102668e-06,2.79220994102668e-06,2.79220994102668e-06,2.79220994102668e-06]}
