{"prog":[0.858246150770748,0.858246150770748,0.858246150770748,0.858246150770748,0.858246150770748,0.858246150770748,0.858246150770748,0.858246150770748,0.822880039899287,0.822880039899287,0.822880039899287,0.614286753896864,0.614286753896864,0.614286753896864,0.614286753896864,0.604742428187983,0.604742428187983,0.604742428187983,0.604742428187983,0.604742428187983,0.604742428187983,0.604742428187983,0.604742428187983,0.604742428187983,0.604742428187983,0.604742428187983,0.604742428187983,0.599904900735199,0.599904900735199,0.599904900735199,0.599904900735199,0.599904900735199,0.599904900735199,0.599904900735199,0.599904900735199,0.599904900735199,0.599904900735199,0.599904900735199,0.599904900735199,0.599904900735199,0.599904900735199,0.599904900735199,0.599904900735199,0.599904900735199,0.599904900735199],"mei":["Inf",0.468660569436415,0.327731611262063,0.146758240448825,0.179984739739115,0.183418461718458,0.0229447682027291,0.0119855792629714,0.0290127766184131,0.0201435541944749,0.0472593950341815,0.0212505950961965,0.00267623862666921,0.0195792881339244,0.000420170048534734,5.99363799040149e-05,5.76827141932693e-05,0,0,0.000390202423009598,0,0,0,0.00137155519539613,2.02072154508515e-07,0,0,0,0,0,0,0,0,0,1.81475277592822e-05,0,0,0,0,0,1.658168720571e-07],"obj":[0.858246150770748,1.1501630066778,1.56200677939272,0.20582789501311,1.13748142782074,0.508643187044439,0.402156715949714,1,0.822880039899287,0.669477002882135,0.546030572046969,0.614286753896864,0.586012284466036,0.595771960328629,0.376835798359415,0.604742428187983,0,0.600654664420464,0.599595023807823,0.547649436224322,0.599658341354656,1.59160735630021,0.776427370982344,0.599313965150768,0.430411357615379,0.975730669353746,0.867320907010771,0.599904900735199,0.602613787706628,1.32389224438176,1.48952248061372,0.227521070792834,0.572329803560006,0.981795917132729,1.01902415225688,0.845394482250091,0.465480034869043,0.587071695650665,0.599283774424245,0.72252684928084,1.19128901376037,0.708486275829209,0.546454795624841,0.279645266440428,0.599391458395533],"X":[[0.420630365782564,0.437615784988183],[0.839696621773694,0.310466384904102],[0.595733574800131,0.966273204592586],[0.0619236349831157,0.143904260029994],[0.309237929123742,0.828243498697002],[0,0.508643187044439],[0.402156715949714,0],[0,1],[0.383657799140853,0.439222240758434],[0.212623006099096,0.456853996783039],[0.546030572046969,0],[0.205724524848643,0.408562229048222],[0.198297460411985,0.387714824054051],[0.20317977586832,0.39259218446031],[0,0.376835798359415],[0.204373467015617,0.400368961172365],[0,0],[0.201415966198171,0.399238698222292],[0.19748663022479,0.402108393583034],[0.447633781326502,0.100015654897821],[0.195339982618127,0.404318358736529],[0.684451779589581,0.907155576710625],[0.246458699330282,0.529968671652062],[0.193833366570717,0.40548059858005],[0.26434752069608,0.166063836919298],[0.764194261952861,0.211536407400886],[0.456214985104607,0.411105921906164],[0.195553824425274,0.404351076309925],[0.197648815413129,0.404964972293499],[0.961463682826903,0.362428561554856],[0.932947620695352,0.556574859918369],[0.0134446672922104,0.214076403500623],[0.404475921832602,0.167853881727404],[0.282314359650648,0.699481557482081],[0.42741710753078,0.5916070447261],[0.630882627553093,0.214511854696998],[0.307525608256395,0.157954426612648],[0.238878109438782,0.348193586211883],[0.194520874591471,0.404762899832774],[0.114753844817531,0.607773004463309],[0.250312583575983,0.940976430184389],[0.299841963312319,0.40864431251689],[0.0442101233811141,0.502244672243727],[0.258076794414426,0.0215684720260018],[0.19492209407641,0.404469364319124]],"C":[[-0.269714398798007,-1.1315625201108],[-0.212868737290134,-0.698520207226424],[-1.26265547155951,-0.211417601942231],[1.63891922824791,-1.4754570273757],[-0.652293340961262,-0.718384610057408],[0.536913659595928,-1.24128210827328],[0.67279208410016,-1.33826997581654],[-0.5,-0.5],[-0.258636942875933,-1.15989051638154],[0.00597390085315613,-1.24607588290075],[0.476676770077613,-1.20185061439006],[-0.0167901383195567,-1.29075432487095],[0.0281764586528027,-1.31035533240289],[0.0120027756871348,-1.30458935537878],[0.246461445791465,-1.35799478107482],[-0.00431758699627305,-1.29793618090978],[1.5,-1.5],[0.000723877369574188,-1.30004007040223],[0.000579864551592313,-1.29930787069253],[0.851252026647313,-1.2896208665907],[0.000156803411081541,-1.29836895597935],[-0.586706211796689,-0.208594521059468],[0.191076408647257,-1.15839131659177],[0.000595226012485017,-1.29801411017903],[1.40204494707287,-1.40254319036948],[-0.110972751328454,-0.871259478342249],[-0.106908592651412,-1.12285980833969],[-0.000129788763119199,-1.29825890883965],[-0.00328824066721062,-1.29693831698111],[-0.661415481654082,-0.444233124374207],[-0.0466148127782213,-0.319833162345731],[1.27703938607038,-1.45399053438564],[1.20112004389438,-1.30822430304671],[0.272118725999408,-0.931024153077487],[-0.108970222276389,-0.967315720820472],[0.536901745023445,-1.05597177444616],[1.36847880167541,-1.38047839938],[0.180834427855466,-1.32169847535186],[0.000588262019927677,-1.29832862426713],[0.647483411421814,-1.11744353014524],[-1.08561560526268,-0.551906968340961],[-0.112090680696389,-1.24310462288461],[0.459263534308112,-1.24579575419342],[1.12533032194904,-1.43293116919924],[0.00046229006837778,-1.29840991056815]],"d":[[0.144984858167467,0.0485322716221753],[0.933049117982725,0.92251621765653]],"df":[1.52635540295116,1.52543815822039],"lambda":[[0,0],[0,0],[0.343108290396045,0],[0,0],[0.859879564030182,0],[0.198764111164218,0],[0.214034312412325,0],[0.244574714908539,0],[0.072902102707263,0],[0.36099539696403,0],[0.606442791935913,0],[1.09733758187968,0],[0.744172444607111,0],[0.391007307334544,0],[0.450218216301717,0],[0.545080436397973,0],[0.734804876590487,0],[0.837413112620883,0],[1.04262958468168,0],[1.45306252880326,0],[2.27392841704643,0],[3.91566019353277,0],[7.19912374650544,0],[13.7660508524508,0],[2.89494363997612,0],[-8.88178419700125e-16,0],[-8.88178419700125e-16,0],[-8.88178419700125e-16,0],[-8.88178419700125e-16,0],[-8.88178419700125e-16,0],[-8.88178419700125e-16,0],[-8.88178419700125e-16,0],[-8.88178419700125e-16,0],[-8.88178419700125e-16,0],[-8.88178419700125e-16,0],[-8.88178419700125e-16,0],[-8.88178419700125e-16,0],[-8.88178419700125e-16,0],[-8.88178419700125e-16,0],[-8.88178419700125e-16,0],[-8.88178419700125e-16,0]],"rho":[1.56485189843759,1.56485189843759,0.782425949218796,0.782425949218796,0.391212974609398,0.391212974609398,0.195606487304699,0.0978032436523495,0.0978032436523495,0.0489016218261748,0.0244508109130874,0.0122254054565437,0.0122254054565437,0.0122254054565437,0.00611270272827184,0.00305635136413592,0.00152817568206796,0.000764087841033981,0.00038204392051699,0.000191021960258495,9.55109801292476e-05,4.77554900646238e-05,2.38777450323119e-05,1.19388725161559e-05,1.19388725161559e-05,1.19388725161559e-05,1.19388725161559e-05,1.19388725161559e-05,1.19388725161559e-05,1.19388725161559e-05,1.19388725161559e-05,1.19388725161559e-05,1.19388725161559e-05,1.19388725161559e-05,1.19388725161559e-05,1.19388725161559e-05,1.19388725161559e-05,1.19388725161559e-05,1.19388725161559e-05,1.19388725161559e-05,1.19388725161559e-05]}
