{"prog":["Inf",1.20249444264511,1.20249444264511,1.20249444264511,1.20249444264511,1.20249444264511,1.20249444264511,1.20249444264511,1.20249444264511,1.20249444264511,0.643095732309986,0.643095732309986,0.605456904181392,0.605456904181392,0.605456904181392,0.605456904181392,0.605456904181392,0.605456904181392,0.605456904181392,0.605456904181392,0.600399091106729,0.600399091106729,0.600399091106729,0.600399091106729,0.600399091106729,0.600399091106729,0.600399091106729,0.600399091106729,0.600399091106729,0.600399091106729,0.600399091106729,0.600399091106729,0.600399091106729,0.600399091106729,0.600399091106729,0.600399091106729,0.600399091106729,0.600399091106729,0.600399091106729,0.600399091106729,0.600399091106729,0.600399091106729,0.600399091106729,0.600399091106729,0.600399091106729],"mei":["Inf",0.0399689249535758,0.144005410181081,0.560876241012464,0.23821483641636,0.35364854890042,0.424126206330641,0.09382391454035,0.00890575312304961,0.000273090560903039,9.69927998839452e-07,0.00129494407419259,3.68400123053946e-07,0,0,0,5.96536942436187e-05,3.09511612630526e-06,0,0,3.49125197408075e-05,0,0,6.37596081951993e-05,2.35514045243584e-05,5.98699851894978e-05,8.76390537187417e-06,0.00151793972364438,4.20585270656008e-06,2.44868411107134e-08,0,0,0,0,0,0,0,0.00104448333693235,0,0,9.69037314102218e-06],"obj":[0.769928764819617,1.20249444264511,0.92589507323827,1.69799478558777,0.186501177834929,0.316724560674553,0.385464599071267,0.442756780575252,0.444439341056168,0.572294605322542,0.643095732309986,0.601820667378548,0.605456904181392,0.599422735414326,1.07851758502477,0.599488357768971,0.599526187943594,0.87970191317231,0.884705261111517,1.1919488016046,0.600399091106729,0.59958504042335,0.840237019575768,1.6364205271354,0.599444771928092,0.811801900747791,0.602708216013366,0.599455343085533,0.381853825280559,0.599516493345749,0.599536336336255,0.599553159264318,0.548298962703676,0.601335449299062,1.20254637947491,1.10227570569489,1.11431058567113,1.13903403866683,0.814054080032337,1.02782038213476,1.0670395710751,0.599621545188882,0.90124134897721,0.371610021116028,0.599585304753244],"X":[[0.762523621614679,0.00740514320493796],[0.203519137646891,0.998975304998219],[0.225997215794864,0.699897857443406],[0.957006676214982,0.740988109372786],[0.147578903373233,0.0389222744616965],[0,0.316724560674553],[0,0.385464599071267],[0,0.442756780575252],[0.0469074606456243,0.397531880410543],[0.17117319658135,0.401121408741192],[0.240591644636422,0.402504087673564],[0.203520418137596,0.398300249240951],[0.203476616954228,0.401980287227164],[0.196570389220768,0.402852346193559],[0.965374388205736,0.113143196819036],[0.194726075207449,0.404762282561522],[0.194569265767666,0.404956922175928],[0.106508235759825,0.773193677412484],[0.530867132273658,0.353838128837859],[0.578768267980769,0.613180533623831],[0.196777943124463,0.403621147982266],[0.194988854513874,0.404596185909476],[0.488376987377083,0.351860032198685],[0.747531341692789,0.88888918544261],[0.194490295134406,0.404954476793686],[0.188053694166954,0.623748206580837],[0.592367065669635,0.0103411503437304],[0.194732651333275,0.404722691752258],[0.381853825280559,0],[0.19473860269117,0.404777890654579],[0.195190397240395,0.40434593909586],[0.194983015368718,0.4045701438956],[0.45402608477925,0.0942728779244255],[0.205875485270348,0.395459964028713],[0.97460551664061,0.2279408628343],[0.532321394650853,0.569954311044038],[0.954262099499316,0.160048486171814],[0.473237750371973,0.665796288294856],[0.50842229739782,0.305631782634517],[0.600244451547192,0.427575930587569],[0.40964636193203,0.657393209143075],[0.196314573555645,0.403306971633237],[0.256841727965102,0.644399621012108],[0.015137243776195,0.356472777339833],[0.19520590365435,0.404379401098894]],"C":[[0.925934878786597,-0.918502890333749],[-0.836341416965765,-0.460628300615181],[0.281064306337625,-0.959068247599099],[-1.14076511297574,-0.0350748434480972],[1.44708973545049,-1.47670552382988],[0.494735162134075,-1.39968555266551],[0.233387771430279,-1.35141704286283],[0.285042454672947,-1.30396643325464],[0.17605262074374,-1.33976809419304],[0.0317699690768794,-1.3098013522216],[-0.0455181776790449,-1.28010611993721],[0.000143878826752541,-1.29993635085569],[-0.0058815683786716,-1.29700911503363],[0.000596259203535399,-1.29907006924794],[0.789061542028477,-0.55525090760997],[0.00034974577762964,-1.29824925024989],[0.000310729013980104,-1.29815269200043],[-0.262100117084403,-0.890827532924689],[0.486051520723904,-1.09297866645207],[-0.620468530271449,-0.789036925163335],[-0.000638608771163285,-1.29836841000118],[0.000236221558252814,-1.29828127296287],[0.416336815278462,-1.13768243594162],[-0.534779500550592,-0.151072909190152],[0.000405808381305606,-1.29818539682328],[0.550363829692071,-1.07557398289735],[0.449125274654501,-1.14899432011951],[0.000387660997535066,-1.29827873728552],[0.721509649939441,-1.3541876561186],[0.000317207005485876,-1.29823173585912],[0.000297140590030498,-1.29840507036182],[0.000273415374362262,-1.29830462238602],[0.802267706251079,-1.28497293882787],[0.00322576276630576,-1.30122670141511],[0.0505866315408767,-0.498187049984044],[-0.564318817132875,-0.891786016119287],[0.494930046358848,-0.563768327533268],[0.00813072145064053,-0.832761334115666],[0.779645967866176,-1.14809598095237],[0.0607535035337814,-0.956885421968985],[0.174419498928436,-0.900024026728423],[0.000292307436374095,-1.29880407484169],[0.447091714726007,-1.01878145521535],[0.285573971646198,-1.37269802286649],[0.000239420121557532,-1.29837195514539]],"d":[[0.145542781100133,0.0439745714110419],[0.926799090923937,0.931540803123147]],"df":[1.30187044135659,1.27278442939713],"lambda":[[0,0],[0,0],[0,0],[0,0],[0,0],[5.35974559438244,0],[7.29415533022303,0],[1.75113413010827,0],[1.76865511683495,0],[0.336187479717306,0],[0.481407590648144,0],[0.771847812509821,0],[1.1125729221522,0],[1.71800226042745,0],[2.92886093697796,0],[5.35057829007897,0],[10.194012996281,0],[0,0],[0,0],[0,0],[0,0],[0,0],[0,0],[0,0],[0,0],[0,0],[0,0],[0,0],[0,0],[0,0],[0,0],[0,0],[0,0],[0,0],[0,0],[0,0],[0,0],[0,0],[0,0],[0,0],[0,0]],"rho":[0.0328471972491121,0.0328471972491121,0.0328471972491121,0.0328471972491121,0.0328471972491121,0.0164235986245561,0.00821179931227804,0.00821179931227804,0.00410589965613902,0.00410589965613902,0.00205294982806951,0.00102647491403475,0.000513237457017377,0.000256618728508689,0.000128309364254344,6.41546821271722e-05,3.20773410635861e-05,3.20773410635861e-05,3.20773410635861e-05,3.20773410635861e-05,3.20773410635861e-05,3.20773410635861e-05,3.20773410635861e-05,3.20773410635861e-05,3.20773410635861e-05,3.20773410635861e-05,3.20773410635861e-05,3.20773410635861e-05,3.20773410635861e-05,3.20773410635861e-05,3.20773410635861e-05,3.20773410635861e-05,3.20773410635861e-05,3.20773410635861e-05,3.20773410635861e-05,3.20773410635861e-05,3.20773410635861e-05,3.20773410635861e-05,3.20773410635861e-05,3.20773410635861e-05,3.20773410635861e-05]}
