{"prog":[1.24115516662159,1.24115516662159,1.24115516662159,1.24115516662159,1.24115516662159,1.24115516662159,0.616438522293976,0.615192425794872,0.615192425794872,0.615192425794872,0.615192425794872,0.61297966232552,0.61297966232552,0.611355380476041,0.611355380476041,0.604468890856249,0.604468890856249,0.604468890856249,0.604468890856249,0.604468890856249,0.604468890856249,0.600027499771696,0.600027499771696,0.600027499771696,0.600027499771696,0.600027499771696,0.600027499771696,0.600027499771696,0.600027499771696,0.600027499771696,0.600027499771696,0.600027499771696,0.600027499771696,0.600027499771696,0.600027499771696,0.600027499771696,0.600027499771696,0.600027499771696,0.600027499771696,0.600027499771696,0.600027499771696,0.600027499771696,0.600027499771696,0.600027499771696,0.600027499771696],"mei":["Inf",0.0828604132293547,0.350683053695704,0.00421537008874724,0.00119226955503839,0.000714327554760498,0.000535586048805721,0.000223353805025426,0.000423767664886814,0.000557520999962584,0.00113534153958507,0.00892114940163378,0.000682146596747488,0.000861769619320473,0.000243875938795861,6.09590395794082e-05,4.25786755329297e-05,0.00682239212711145,1.94380465994529e-05,5.47983150094627e-06,2.78320929222411e-06,4.01018105813453e-05,0,0.000382518479006055,1.16369140213165e-06,0,0,0,2.02778589318073e-05,0,1.52449995650835e-07,0,2.81624825007513e-06,0,0.000208811233835174,0,0,0,0,0,1.64543881758775e-05],"obj":[1.24115516662159,1.32807274734789,0.582437981037059,1.61893373066535,0.781064781910056,0.604180997311417,0.616438522293976,0.615192425794872,0,0.613258711292542,0.612817261763727,0.61297966232552,0.611322543789466,0.611355380476041,0.604783717585205,0.604468890856249,0.600625266682295,0.599358295713622,0.598435354070234,0.360215617482771,0.181437940982118,0.600027499771696,0.418430342447086,0.562149434451613,0.558472736090625,0.599328612196131,1.19062724865466,0.599385288277289,0.564831044318488,1.74674552839895,0.495127884622181,1.44832108880131,0.427551492922365,1.23178656685105,0.59932285001579,0.894602588344832,0.599377163691057,0.765670983548339,0.599415759105294,1.55136523282811,0.81035332448528,0.327276973439026,1.32524777132465,1.66213639544382,0.599440466072113],"X":[[0.577668228619189,0.6634869380024],[0.408421529323892,0.919651218024001],[0.209729117595062,0.372708863441997],[0.976707532591351,0.642226198073995],[0.6790066481845,0.102058133725556],[0.219199615803573,0.384981381507844],[0.22454367894942,0.391894843344556],[0.223960835655879,0.391231590138994],[0,0],[0.223108714196007,0.390149997096535],[0.222693345207121,0.390123916556606],[0.222312516927307,0.390667145398213],[0.220513888070998,0.390808655718469],[0.219800197100381,0.39155518337566],[0.210448451151247,0.394335266433958],[0.208688653570215,0.395780237286034],[0.202393317410288,0.398231949272007],[0.198033739326289,0.401324556387332],[0.193338375923584,0.40509697814665],[0,0.360215617482771],[0.00103049501705751,0.180407445965061],[0.196035544167224,0.403991955604472],[0.418430342447086,0],[0.562149434451613,0],[0.00693694240845203,0.551535793682173],[0.19375092398895,0.405577688207181],[0.736532812757542,0.454094435897119],[0.194665853696348,0.404719434580941],[0.45650474597762,0.108326298340868],[0.914039596223189,0.832705932175765],[0.493093407216597,0.00203447740558406],[0.633579090603809,0.814741998197497],[0,0.427551492922365],[0.75267715494262,0.479109411908432],[0.194295180004288,0.405027670011502],[0.567050067967095,0.327552520377737],[0.194542211685767,0.40483495200529],[0.634256927068405,0.131414056479934],[0.194054676767242,0.405361082338052],[0.641876096717891,0.90948913611022],[0.590935320493145,0.219418003992135],[0.305988179107054,0.0212887943319717],[0.460540621617003,0.864707149707644],[0.888092772048175,0.774043623395647],[0.194767041569879,0.404673424502234]],"C":[[-0.425768384774248,-0.726084500744168],[-1.18959838681185,-0.487433491571704],[0.0679545143547124,-1.31710180034457],[-0.3237575595206,-0.133587906286736],[0.117351510676449,-1.02853410906171],[0.0186026522432553,-1.30374086432388],[-0.0056062829215423,-1.29599856800381],[-0.00333680017850613,-1.29677938696964],[1.5,-1.5],[0.000330883865044707,-1.29800548141538],[0.00074757589026142,-1.298211003731],[-0.000420985670299578,-1.29795632632386],[0.000721441691951041,-1.29864221978333],[-0.000631495879977351,-1.29837241172629],[0.00119248930644539,-1.3002111470545],[-0.000210025191830276,-1.29980704964486],[0.00144140144425081,-1.30044825964668],[0.0010966857017875,-1.29972123852896],[0.0015958983058143,-1.29851671069168],[0.288173085285348,-1.37024470892151],[1.52177648865937,-1.46745209152038],[-0.000250477760868506,-1.29836056522994],[0.635946721373129,-1.32491604851961],[0.480245152857967,-1.18398801334573],[0.691515052177138,-1.1957601471174],[0.00058801784132495,-1.29796731828195],[0.228858622420609,-0.751317659018742],[0.000469235126249745,-1.29830738467716],[0.852768058115575,-1.27986882998767],[-1.51769031316292,0.0288675529445599],[0.504015781754215,-1.25685475266121],[-0.267805774982559,-0.4347730123228],[0.250017890351882,-1.31719972089986],[0.103692779774069,-0.70393127184824],[0.000551583563167535,-1.29820196955215],[0.710502270382099,-1.07116356681271],[0.000480957371518931,-1.29826198950728],[0.218754512691546,-1.08044849622523],[0.00046452402806374,-1.29802517535048],[-0.684961602120529,-0.260824587759689],[0.737163773235127,-1.10265118651777],[0.993788387176401,-1.40591802148264],[-0.74424946179297,-0.540183881085106],[-1.43531218111325,-0.112147697316327],[0.000404516232537344,-1.29830521901975]],"d":[[0.0907491007537918,0.0355326921040711],[0.874340645978939,0.841306927510847]],"df":[1.26940418645007,1.33761893671999],"lambda":[[0,0],[0,0],[9.99986913235968,0],[3.97254627524049,0],[0.385147589336048,0],[-5.55111512312578e-17,0],[0.355733720674813,0],[1.06720116202444,0],[0,0],[3.10249201535409,0],[0,0],[10.256375790084,0],[6.64360160225201,0],[3.03082741441999,0],[-4.44089209850063e-16,0],[2.21617180758091e-17,0],[2.21617180758091e-17,0],[2.21617180758091e-17,0],[2.21617180758091e-17,0],[2.21617180758091e-17,0],[2.21617180758091e-17,0],[2.21617180758091e-17,0],[2.21617180758091e-17,0],[2.21617180758091e-17,0],[2.21617180758091e-17,0],[2.21617180758091e-17,0],[2.21617180758091e-17,0],[2.21617180758091e-17,0],[2.21617180758091e-17,0],[2.21617180758091e-17,0],[2.21617180758091e-17,0],[2.21617180758091e-17,0],[2.21617180758091e-17,0],[2.21617180758091e-17,0],[2.21617180758091e-17,0],[2.21617180758091e-17,0],[2.21617180758091e-17,0],[2.21617180758091e-17,0],[2.21617180758091e-17,0],[2.21617180758091e-17,0],[2.21617180758091e-17,0]],"rho":[0.00186028956949616,0.00186028956949616,0.000930144784748078,0.000930144784748078,0.000930144784748078,0.000930144784748078,0.000465072392374039,0.00023253619618702,0.00023253619618702,0.00011626809809351,0.00011626809809351,5.81340490467549e-05,5.81340490467549e-05,5.81340490467549e-05,5.81340490467549e-05,2.90670245233775e-05,2.90670245233775e-05,2.90670245233775e-05,2.90670245233775e-05,2.90670245233775e-05,2.90670245233775e-05,2.90670245233775e-05,2.90670245233775e-05,2.90670245233775e-05,2.90670245233775e-05,2.90670245233775e-05,2.90670245233775e-05,2.90670245233775e-05,2.90670245233775e-05,2.90670245233775e-05,2.90670245233775e-05,2.90670245233775e-05,2.90670245233775e-05,2.90670245233775e-05,2.90670245233775e-05,2.90670245233775e-05,2.90670245233775e-05,2.90670245233775e-05,2.90670245233775e-05,2.90670245233775e-05,2.90670245233775e-05]}
