{"prog":["Inf","Inf",0.938107981462522,0.938107981462522,0.938107981462522,0.938107981462522,0.938107981462522,0.938107981462522,0.938107981462522,0.623464444679769,0.616271762480916,0.616271762480916,0.616271762480916,0.616271762480916,0.601527868691809,0.601527868691809,0.600030733432985,0.600030733432985,0.600030733432985,0.600030733432985,0.600030733432985,0.600030733432985,0.600030733432985,0.600030733432985,0.600030733432985,0.600030733432985,0.600030733432985,0.600030733432985,0.600030733432985,0.600030733432985,0.600030733432985,0.600030733432985,0.600030733432985,0.600030733432985,0.600030733432985,0.600030733432985,0.600030733432985,0.600030733432985,0.600030733432985,0.600030733432985,0.600030733432985,0.600030733432985,0.600030733432985,0.600030733432985,0.600030733432985],"mei":["Inf",0.0251081836415362,0.0308545981259348,0.403637890544622,0.134604346475555,0.191314248928961,0.0176654739598887,0.0443968574515141,0.0213927462416763,0.000451919642277355,0.0119496106990514,2.92093042468237e-06,0.00134721639168,1.30319807828545e-06,4.77518885958205e-07,0,0,8.0718107844458e-05,9.38948547506785e-05,0,8.3359784943854e-08,0,0.000212282520980521,0.00188766751839577,3.92180294333971e-05,2.56362639629999e-06,0.000344870353670301,0,0.000959590128402209,0,1.30316748938799e-05,3.75458018890017e-06,0.00363815053590819,0.00353651306198511,2.16113756338365e-06,0,2.84914678623935e-05,0,0,0,0],"obj":[0.922156798528078,0.407660309022213,0.938107981462522,1.22412567530389,1.8452351556358,0,0.489811478372617,0.524076491981123,0.563916523418629,0.623464444679769,0.616271762480916,0.593261571018739,0.599200345200034,0.424177808801275,0.601527868691809,0.598506358989862,0.600030733432985,0.599249532917391,0.59916896364237,0.57455691855153,1.05298712205537,0.599304629528934,0.599335649702014,1.63076888449503,0.599383322029865,1.2108753155051,0.599152615363808,0.599242409695528,0.408848641292705,0.560783154022104,0.599221256756903,0.21226674035384,0.599236341638252,0.862325848678855,0.340545741100329,0.599267267763277,0.599287701229071,0.599357306563921,0.599313031692173,1.07209780701247,0.599335126690842,1.16305507570409,0.436227629843407,0.118048863687517,0.820719610395217],"X":[[0.887220465500658,0.0349363330274206],[0.11354147746543,0.294118831556784],[0.141866449136722,0.796241532325801],[0.685098653036426,0.539027022267465],[0.950805082565827,0.894430073069974],[0,0],[0.126908701383774,0.362902776988843],[0.132622468726909,0.391454023254214],[0.153632489591711,0.410284033826918],[0.209401915669601,0.414062529010169],[0.204227782839022,0.412043979641894],[0.192402588074778,0.400858982943961],[0.196935771117311,0.402264574082724],[0,0.424177808801275],[0.196228665636736,0.405299203055073],[0.000339171542459873,0.598167187447402],[0.195753631111208,0.404277102321777],[0.195409475036619,0.403840057880772],[0.195439862314731,0.403729101327639],[0.407213563712364,0.167343354839166],[0.414225130628754,0.638761991426619],[0.195729699831,0.403574929697934],[0.197022157119912,0.402313492582101],[0.855068717389197,0.775700167105836],[0.195409954518782,0.403973367511082],[0.738492983058163,0.472382332446934],[0.193856359332122,0.405296256031685],[0.194251746328342,0.404990663367185],[0.408848641292705,0],[0.560783154022104,0],[0.193598408092029,0.405622848664874],[0.127361182345208,0.0849055580086321],[0.194270560912899,0.404965780725353],[0.700720242082682,0.161605606596173],[0,0.340545741100329],[0.193818824567467,0.405448443195809],[0.193984314347102,0.405303386881969],[0.193265399196551,0.40609190736737],[0.194012128961633,0.40530090273054],[0.583973255416978,0.488124551595497],[0.194290799612815,0.405044327078027],[0.488198356580594,0.674856719123492],[0.242777400972363,0.193450228871044],[0.0292596330240973,0.08878923066342],[0.46682559932918,0.353894011066038]],"C":[[1.03238245145645,-0.711619298231394],[0.57025764176208,-1.40060244581864],[-0.453915503287677,-0.845873332808799],[-0.578692351329652,-0.740089704873145],[-1.57072195913221,0.204035460644968],[1.5,-1.5],[0.163229617163706,-1.35219575596687],[0.0867839134466646,-1.32917502846687],[0.0474115423784181,-1.30806406972857],[-0.0259765437956797,-1.2847030597836],[-0.0180041097843953,-1.28851077155753],[0.00801042421214426,-1.30229331989526],[0.00097995010636831,-1.29939951449248],[0.244121042900283,-1.32007318652055],[-0.00201756518555385,-1.29722686678535],[0.775170177961355,-1.14219590082393],[-0.000272226710085699,-1.29824054044508],[0.000656811361553433,-1.29872834471677],[0.000759130192443558,-1.29880607295958],[1.19452234275564,-1.30617331511985],[0.117036224940355,-0.920400659464292],[0.000619429619562128,-1.29881716072337],[0.000815565382350725,-1.29932612329021],[-1.35853711418007,-0.167146739294372],[0.000492680263808776,-1.29862046801672],[0.112176149796543,-0.731483045965849],[0.000768601188444795,-1.29815465679319],[0.000643988441496379,-1.2982488216338],[0.657370168811367,-1.33284278851311],[0.479690400377852,-1.18552225416502],[0.000719818738682543,-1.29798976102523],[1.61386240118642,-1.47657017545087],[0.000649987979955025,-1.29826166560409],[0.0412902549357012,-0.982874770252271],[0.365045647934089,-1.38402859821843],[0.00064712043390075,-1.29804582315338],[0.000610388541294027,-1.29809925036929],[0.000624473306925721,-1.29773784824413],[0.000580421465501968,-1.29809047206158],[-0.435743603595025,-0.920709659087392],[0.000538028276272584,-1.29819017828772],[-0.0158814276523149,-0.806230773285883],[1.31152749502509,-1.40363614252685],[1.74109551966704,-1.49126034639349],[0.357214680876459,-1.15683288874254]],"d":[[0.127697289100192,0.039813440670465],[0.874549378475447,0.687436165398057]],"df":[1.16518813450819,0.975203464125292],"lambda":[[0,0],[0,0],[0,0],[0,0],[3.91120654800052,0],[8.18472516767507,0],[3.50184677913476,0],[0.256185721320198,0],[1.7002516725546,0],[2.0535694357686,0],[2.76020496219658,0],[0,0],[1.41327105285597,0],[0.628067547742552,0],[0,0],[1.89448927743982,0],[0.324082267212974,0],[5.55111512312578e-17,0],[5.55111512312578e-17,0],[5.55111512312578e-17,0],[5.55111512312578e-17,0],[5.55111512312578e-17,0],[5.55111512312578e-17,0],[5.55111512312578e-17,0],[5.55111512312578e-17,0],[5.55111512312578e-17,0],[5.55111512312578e-17,0],[5.55111512312578e-17,0],[5.55111512312578e-17,0],[5.55111512312578e-17,0],[5.55111512312578e-17,0],[5.55111512312578e-17,0],[5.55111512312578e-17,0],[5.55111512312578e-17,0],[5.55111512312578e-17,0],[5.55111512312578e-17,0],[5.55111512312578e-17,0],[5.55111512312578e-17,0],[5.55111512312578e-17,0],[5.55111512312578e-17,0],[5.55111512312578e-17,0]],"rho":[0.0221885273461281,0.0221885273461281,0.0221885273461281,0.0221885273461281,0.011094263673064,0.00554713183653201,0.00554713183653201,0.00554713183653201,0.00277356591826601,0.001386782959133,0.000693391479566502,0.000693391479566502,0.000346695739783251,0.000346695739783251,0.000346695739783251,0.000173347869891625,0.000173347869891625,0.000173347869891625,0.000173347869891625,0.000173347869891625,0.000173347869891625,0.000173347869891625,0.000173347869891625,0.000173347869891625,0.000173347869891625,0.000173347869891625,0.000173347869891625,0.000173347869891625,0.000173347869891625,0.000173347869891625,0.000173347869891625,0.000173347869891625,0.000173347869891625,0.000173347869891625,0.000173347869891625,0.000173347869891625,0.000173347869891625,0.000173347869891625,0.000173347869891625,0.000173347869891625,0.000173347869891625]}
