{"prog":["Inf","Inf",0.914267068462043,0.914267068462043,0.914267068462043,0.914267068462043,0.914267068462043,0.914267068462043,0.914267068462043,0.914267068462043,0.624624425931543,0.624624425931543,0.603995800562716,0.600697847183274,0.600697847183274,0.600697847183274,0.600697847183274,0.600697847183274,0.600697847183274,0.600697847183274,0.600697847183274,0.600697847183274,0.600697847183274,0.600697847183274,0.600697847183274,0.600697847183274,0.600697847183274,0.600697847183274,0.600697847183274,0.600697847183274,0.600697847183274,0.600697847183274,0.600697847183274,0.600697847183274,0.600697847183274,0.600697847183274,0.600697847183274,0.600697847183274,0.600697847183274,0.600697847183274,0.600697847183274,0.600697847183274,0.600697847183274,0.600697847183274,0.600697847183274],"mei":["Inf",0.0420174606916814,0.154515733263701,0.0452892756923824,0.113309756847941,0.282258810440655,0.0574199202823967,0.00933841697302734,0.0289337137837705,0.0127877972147351,0.00866375131379103,0.02027623314584,0.000332116511031567,4.81435403451296e-05,0.00020068245204604,3.39586594720964e-06,1.25701399805997e-06,0,1.17333025370734e-06,4.01285303563629e-08,0,1.17163195130607e-06,0,0,0,0,0,0,0,0,0,0,1.88089057445188e-07,0,0,0,0,0,0,0,0],"obj":[0.922624974041857,0.398436895082341,0.914267068462043,1.78484960785249,1.48206534168731,0.358188422698436,0.459623701717202,0.406071001692199,0.529713086589743,0.598651166715439,0.624624425931543,0.601909936355114,0.603995800562716,0.600697847183274,0,0.598095538481685,0.474489779724849,0.605480413782837,0.599314417453596,0.547903936630418,0.598917919229356,0.915692812100773,0.591059964950316,0.599700584663596,1.10738667842406,0.599537945278302,1.80436844255774,0.464328139467847,1.89016130627072,0.829776808419911,0.433481396629634,1.09739606627356,0.251488468482459,1.53675187968876,0.631518706185585,1.69276350382733,0.599562909993742,0.772419567624251,0.79405338337418,1.09403455496739,1.6721123175931,0.949660687719346,0.847084290176836,1.2704709323236,0.700313118225642],"X":[[0.282493282491922,0.640131691549935],[0.030766461224008,0.367670433858333],[0.0659680227390416,0.848299045723001],[0.995003428090132,0.789846179762354],[0.536637616585157,0.945427725102154],[0.0218875437775923,0.336300878920844],[0.0434752302422348,0.416148471474967],[0,0.406071001692199],[0.136495991252136,0.393217095337607],[0.210173081289196,0.388478085426244],[0.23783901696043,0.386785408971112],[0.222649646324325,0.379260290030789],[0.201549053388367,0.402446747174349],[0.197060614950365,0.403637232232909],[0,0],[0.193533465188056,0.404562073293629],[0.474489779724849,0],[0.605480413782837,0],[0.194034375091285,0.405280042362312],[0.463134032238554,0.0847699043918644],[0.193387895396895,0.405530023832461],[0.55004339112077,0.365649420980003],[0.00499518980083052,0.586064775149486],[0.194701661574651,0.404998923088945],[0.599821265229588,0.507565413194468],[0.194859276068473,0.404678669209829],[0.979483737983993,0.824884704573752],[0.199994636750406,0.26433350271744],[0.995274149101245,0.89488715716947],[0.377635574438524,0.452141233981387],[0.242004098923133,0.191477297706501],[0.152626262875885,0.944769803397676],[0.146893624600371,0.104594843882088],[0.98966168241656,0.547090197272201],[0.47215527250803,0.159363433677555],[0.924550574789371,0.768212929037961],[0.195866202401282,0.40369670759246],[0.503918949436377,0.268500618187874],[0.538630535280339,0.255422848093841],[0.343098082255828,0.750936472711558],[0.919102560807136,0.753009756785959],[0.704439040891602,0.245221646827744],[0.117587379166202,0.729496911010634],[0.72471424414411,0.545756688179485],[0.0381552002909023,0.662157917934739]],"C":[[0.413217069591727,-1.01042896282036],[0.236294370616158,-1.36387187693018],[-0.730005820974464,-0.776036949001347],[-1.34170814072006,0.113888809596298],[-1.22864575227901,-0.318186485073968],[0.364183782365813,-1.38642265426445],[0.186691670443409,-1.32493035404443],[0.225489003115625,-1.33510634158469],[0.0801947095918655,-1.32674916030635],[0.0157933427606804,-1.30491205304497],[-0.000702498761058878,-1.29382964941835],[0.0353709039535435,-1.30658876739742],[-0.00443370311216468,-1.29741459476704],[-0.000982261560435349,-1.29824409879074],[1.5,-1.5],[0.00196943919788461,-1.29887432670466],[0.531597168263053,-1.27485944893666],[0.522820787665118,-1.13339346852536],[0.000577178110951926,-1.29809874854574],[0.727971429434885,-1.27832093149185],[0.00106739471485712,-1.2981465216844],[0.435090914589615,-1.06375276882135],[0.764175453734144,-1.15650312740784],[0.000108430676892146,-1.29806713527686],[-0.529101106560833,-0.882591801107106],[0.000291075178060096,-1.29826503721663],[-1.59458070167762,0.139823168814821],[0.806905207482619,-1.3901299446122],[-1.76134383561302,0.291393655936063],[-0.280573629830744,-1.15295967745227],[1.32141327329187,-1.40477046056742],[-0.914623732759105,-0.584115242468457],[1.60599093084084,-1.46748218168505],[-0.253775336467002,-0.221262070405089],[0.992225001038554,-1.25167269464937],[-1.41554926140099,-0.0550551303155595],[0.000310255859195807,-1.29866539903591],[0.948326937809561,-1.17397311043167],[0.942087846849684,-1.14463631513525],[-0.0123323588125678,-0.818378119903897],[-1.34941042165014,-0.0882267889029142],[0.286928500903842,-0.943631981594809],[0.0922939469368385,-0.954007465086767],[-0.518550660928982,-0.676938901641991],[0.586044021004227,-1.06009107240709]],"d":[[0.139299832972315,0.0404764770083827],[0.974781836961139,0.7850189385087]],"df":[1.4009082916762,1.28955873120207],"lambda":[[0,0],[0,0],[0,0],[0,0],[0,0],[0,0],[2.22646066245663,0],[2.02839165570828,0],[1.83032264895993,0],[0.580243331638646,0],[0.303295410265431,0],[0.0263474888922164,0],[0.581629415921239,0],[1.69219326997928,0],[0.584401584486426,0],[1.23534135258407,0],[0,0],[1.30187953619529,0],[0,0],[2.60375907239059,0],[3.58206144847253,0],[5.53866620063641,0],[0,0],[3.91320950432777,0],[11.7396285129833,0],[0,0],[15.6528380173111,0],[0,0],[0,0],[0,0],[0,0],[0,0],[0,0],[0,0],[0,0],[0,0],[0,0],[0,0],[0,0],[0,0],[0,0]],"rho":[0.00709347487112318,0.00709347487112318,0.00709347487112318,0.00709347487112318,0.00709347487112318,0.00709347487112318,0.00354673743556159,0.00354673743556159,0.00354673743556159,0.00354673743556159,0.00354673743556159,0.00354673743556159,0.0017733687177808,0.000886684358890398,0.000886684358890398,0.000443342179445199,0.000443342179445199,0.000221671089722599,0.000221671089722599,0.0001108355448613,5.54177724306499e-05,2.77088862153249e-05,2.77088862153249e-05,1.38544431076625e-05,6.92722155383123e-06,6.92722155383123e-06,3.46361077691562e-06,3.46361077691562e-06,3.46361077691562e-06,3.46361077691562e-06,3.46361077691562e-06,3.46361077691562e-06,3.46361077691562e-06,3.46361077691562e-06,3.46361077691562e-06,3.46361077691562e-06,3.46361077691562e-06,3.46361077691562e-06,3.46361077691562e-06,3.46361077691562e-06,3.46361077691562e-06]}
