{"prog":[1.03184825080257,1.03184825080257,1.03184825080257,1.03184825080257,1.03184825080257,1.03184825080257,1.03184825080257,1.03184825080257,1.03184825080257,1.03184825080257,1.03184825080257,0.606452663155642,0.605019085731797,0.601145662679516,0.601145662679516,0.601145662679516,0.601145662679516,0.601145662679516,0.601145662679516,0.601145662679516,0.601145662679516,0.601145662679516,0.601145662679516,0.601145662679516,0.601145662679516,0.599884152101994,0.599884152101994,0.599884152101994,0.599884152101994,0.599884152101994,0.599884152101994,0.599884152101994,0.599884152101994,0.599884152101994,0.599884152101994,0.599884152101994,0.599884152101994,0.599884152101994,0.599884152101994,0.599884152101994,0.599884152101994,0.599884152101994,0.599884152101994,0.599884152101994,0.599884152101994],"mei":["Inf",0.0125536642604775,0.0130350822115436,0.00913885741482343,0.113422456898076,0.0481840258503871,0.218737575469065,0.198279355796979,0.00951585318809503,0.0196751529640302,0.00139129242085569,0.00355117797858581,0.00593289734039271,0.000234650791406111,1.05166224761636e-06,1.04749556456227e-05,2.21131797112397e-07,3.38866471722932e-06,0,6.45337169353295e-07,0,6.60418883137171e-07,0,0.000122528844269296,0,0,0.000158955294176752,0,0,0,6.9720785187391e-06,1.28204422605981e-06,0,1.52823589666766e-07,5.24900757272477e-07,6.23488571898297e-06,4.27740609934306e-05,0,4.04285078445162e-05,0,0],"obj":[1.03184825080257,1.02706288871054,0.837152859814734,0.324502169202199,1.20542048798069,2,0,0.395860305467872,0.430752731624263,0.460434938770432,0.568711139314427,0.606452663155642,0.605019085731797,0.601145662679516,0.599048396350514,0.599285021040002,0.59967074535634,0.599737531323874,0.598471088635492,0.599438894892863,0.602518630541376,0.599628790779719,1.16904775090223,0.599709899428365,0.790147281093744,0.599884152101994,0.493241528461883,0.599340798679239,1.38980139807453,0.264776725187008,0.599367130780188,0.958305946443301,0.635729244620569,1.26761425599368,0.599285711179945,0.456818661956262,1.84936599968103,0.599320765038371,0.599344798982646,0.599358617978498,0.599368733514479,0.900306050913852,0.599351832297379,0.907798524763994,0.45220689077601],"X":[[0.0601841875072997,0.971664063295271],[0.394275340208382,0.632787548502159],[0.831573307894071,0.00557955192066253],[0.193833637906665,0.130668531295533],[0.809377198454313,0.396043289526376],[1,1],[0,0],[0,0.395860305467872],[0,0.430752731624263],[0.0718300778574315,0.388604860913001],[0.168825400796628,0.399885738517799],[0.205041274200401,0.401411388955241],[0.205524244393906,0.399494841337891],[0.19991684963825,0.401228813041266],[0.195849768270706,0.403198628079808],[0.193593253637901,0.405691767402102],[0.193799000616391,0.405871744739949],[0.194160789897274,0.4055767414266],[2.49909955165474e-05,0.598446097639976],[0.193275577577039,0.406163317315824],[0.182370257512194,0.420148373029183],[0.195515837755421,0.404112953024298],[0.62300229918384,0.546045451718393],[0.195715010949284,0.403994888479081],[0.548858509615683,0.241288771478061],[0.195003979497746,0.404880172604247],[0.203846283399371,0.289395245062512],[0.194529211878643,0.404811586800595],[0.565224458199885,0.824576939874649],[0.117966128263521,0.146810596923486],[0.194674117541783,0.404693013238406],[0.525353230558604,0.432952715884697],[0.00202736705309417,0.633701877567475],[0.953446744285535,0.314167511708142],[0.194418403368943,0.404867307811002],[0.45655304795728,0.0002656139989818],[0.861480751504442,0.987885248176587],[0.194039811468689,0.405280953569683],[0.194047469083084,0.405297329899562],[0.194142452977472,0.405216165001025],[0.1941377027705,0.405231030743979],[0.783158073834087,0.117147977079765],[0.194168206213517,0.405183626083863],[0.126821560917381,0.780976963846613],[0.208110959564874,0.244095931211136]],"C":[[-0.688433072436065,-0.552246811674609],[0.159156910395725,-0.944126874564192],[1.11015492885934,-0.808454702198477],[1.53805196377521,-1.44535425574494],[0.277707206527495,-0.688058263443374],[-1.5,0.5],[1.5,-1.5],[0.225360365962192,-1.34329461855488],[0.256269835715923,-1.31445208419824],[0.155751226127749,-1.34382670198978],[0.0358613910670814,-1.31158938017593],[-0.00671737804725359,-1.2968269726913],[-0.00406438152743843,-1.29816365671073],[-0.000835389895180061,-1.29904869281621],[0.000961562165128826,-1.29907373458287],[0.000652680115653004,-1.29793584200805],[0.000219489520732086,-1.29771007418184],[0.000105574717542578,-1.29780909448025],[0.775503532325614,-1.14186226759493],[0.000539464724138683,-1.29767591077927],[0.0090997318095794,-1.29021643381587],[0.000200694192665996,-1.29846627838478],[-0.694317403872139,-0.813702499869305],[0.000114962594981061,-1.2984837645719],[0.922743166782693,-1.14053406518106],[-0.000109580613846805,-1.298045493812],[0.601443554522389,-1.37469708487947],[0.000522809341338637,-1.29828596491786],[-0.275734321719312,-0.500594182079606],[1.57972901013514,-1.46453064121348],[0.000490077142520529,-1.29832555299535],[-0.158931736370341,-1.0365559289497],[0.727583853201114,-1.09841782015029],[-0.572493104504838,-0.492238080398429],[0.000588647006156517,-1.29828394749734],[0.560299178404785,-1.29155924385012],[-0.839896514128593,0.218066348777575],[0.000569789837981782,-1.29809590023884],[0.000542809678305445,-1.29807965411873],[0.00052065229853937,-1.29810856757375],[0.000509806685427772,-1.29809836408517],[0.138081540468514,-0.872939782854601],[0.000526444713640606,-1.29812493684936],[-0.33089426607249,-0.873991273627405],[0.973415796838646,-1.39710700487516]],"d":[[0.128078688011208,0.0370298412268312],[0.748228419089777,0.922486023951965]],"df":[1.29957993593772,1.31223131327616],"lambda":[[0,0],[0,0],[0,0],[0,0],[0,0],[0,0],[0,0],[2.92160810086677,0],[1.82708580067325,0],[0.732563500479726,0],[0.596445976172048,0],[0.753121873427252,0],[0.965815855052172,0],[1.10886939374546,0],[1.24648723436615,0],[1.52172291560753,0],[2.07219427809029,0],[3.17313700305582,0],[5.37502245298687,0],[9.77879335284897,0],[0,0],[8.8075417997242,0],[0,0],[0,0],[0,0],[0,0],[0,0],[0,0],[0,0],[0,0],[0,0],[0,0],[0,0],[0,0],[0,0],[0,0],[0,0],[0,0],[0,0],[0,0],[0,0]],"rho":[0.0122745384832559,0.0122745384832559,0.0122745384832559,0.0122745384832559,0.0122745384832559,0.0122745384832559,0.0122745384832559,0.00613726924162797,0.00613726924162797,0.00613726924162797,0.00613726924162797,0.00306863462081398,0.00153431731040699,0.000767158655203496,0.000383579327601748,0.000191789663800874,9.5894831900437e-05,4.79474159502185e-05,2.39737079751092e-05,1.19868539875546e-05,1.19868539875546e-05,5.99342699377731e-06,5.99342699377731e-06,5.99342699377731e-06,5.99342699377731e-06,5.99342699377731e-06,5.99342699377731e-06,5.99342699377731e-06,5.99342699377731e-06,5.99342699377731e-06,5.99342699377731e-06,5.99342699377731e-06,5.99342699377731e-06,5.99342699377731e-06,5.99342699377731e-06,5.99342699377731e-06,5.99342699377731e-06,5.99342699377731e-06,5.99342699377731e-06,5.99342699377731e-06,5.99342699377731e-06]}
