{"prog":[1.26573280735541,1.26573280735541,1.26573280735541,1.26573280735541,1.26573280735541,1.26573280735541,1.26573280735541,1.26573280735541,0.85144901069651,0.776850762533494,0.664482294909974,0.664482294909974,0.607367416263562,0.607367416263562,0.607367416263562,0.603321389756371,0.601421926924162,0.601421926924162,0.601421926924162,0.601421926924162,0.601421926924162,0.601421926924162,0.601421926924162,0.601421926924162,0.601421926924162,0.601421926924162,0.601421926924162,0.601421926924162,0.601421926924162,0.601421926924162,0.601421926924162,0.601421926924162,0.601421926924162,0.601421926924162,0.601421926924162,0.601421926924162,0.601421926924162,0.601421926924162,0.601421926924162,0.600442885388856,0.600442885388856,0.600442885388856,0.600442885388856,0.600442885388856,0.600442885388856],"mei":["Inf",0.0628851876624529,0.107431302726923,0.128562655435071,0.401713643458422,0.0679300103140758,0.0725799540893039,0.0508789583036389,0.0251828308947023,0.0203996789473173,0.00386205432978027,0.0132756433176216,0.00114102402674196,0.00079477591936979,0.000178490672038856,5.96195792938006e-05,0,7.90980094166132e-06,2.57602738932385e-06,0,0,0.000592098845989701,6.08699417900641e-06,0,0,0,4.97227105845616e-05,0,0,7.89203514825777e-06,1.34114063273038e-05,0,0,1.12054858585603e-06,2.49018693920999e-06,7.44166461059064e-07,0,0,0,0,1.81161655408669e-06],"obj":[1.26573280735541,1.47141052951371,0.959200642155297,0.470123647267493,0.920722157764417,0.980120937185314,0.881383951017952,0.830232012386999,0.85144901069651,0.776850762533494,0.664482294909974,0.592157825542888,0.607367416263562,0.599304149275507,0.418574756339535,0.603321389756371,0.601421926924162,0.599601626225379,0,0.599359226415277,0.81933513832901,0.599660015135319,0.43803933860283,1.50956512457676,1.17602935319832,0.599773581631272,0.461710563282773,1.09126092292514,1.02983856766597,1.38935179067504,0.599729284669549,1.19336336701628,0.755677127810912,0.275896775199812,0.599807448371009,1.13829559705455,0.836356942402887,0.599779320825121,0.599686600295865,0.600442885388856,1.3630838626038,1.71112454801596,1.49984389693561,1.31356941038481,0.599532960946753],"X":[[0.656615360443624,0.609117446911781],[0.565418670961032,0.905991858552674],[0.366875901610329,0.592324740544969],[0.248795968286878,0.221327678980615],[0.857687653782239,0.0630345039821776],[0.377200863675592,0.602920073509722],[0.326325143514601,0.55505880750335],[0.286816627576775,0.543415384810225],[0.320797363256728,0.530651647439782],[0.278136787644688,0.498713974888807],[0.221562698080882,0.442919596829092],[0.185837251581721,0.406320573961167],[0.193537716859956,0.413829699403607],[0.188871410715402,0.410432738560105],[0.0317971610041946,0.38677759533534],[0.191776991183993,0.411544398572378],[0.190827962178041,0.410593964746121],[0.191357080372656,0.408244545852723],[0,0],[0.193200943126383,0.406158283288894],[0.0965858214177158,0.722749316911294],[0.1942167124208,0.405443302714519],[0.436471041181962,0.0015682974208675],[0.76235937705379,0.747205747522974],[0.656027330826416,0.520002022371907],[0.194305703578305,0.405467878052966],[0.00198494881285734,0.459725614469916],[0.852958807742074,0.238302115183068],[0.832038155633686,0.197800412032288],[0.602104841060355,0.787246949614688],[0.194731078315478,0.404998206354071],[0.868350849716307,0.325012517299972],[0.503002675306425,0.252674452504486],[0.00253727172535907,0.273359503474453],[0.193635594743561,0.406171853627448],[0.266501999563142,0.87179359749141],[0.49783021030436,0.338526732098527],[0.19407403474128,0.405705286083842],[0.194481485607818,0.405205114688046],[0.198929204930284,0.401513680458573],[0.452123591088346,0.910960271515455],[0.78499988202909,0.926124665986869],[0.910968020303866,0.588875876631745],[0.530262612642968,0.783306797741844],[0.194728167638312,0.404804793308441]],"C":[[-0.861333447643916,-0.697832204297163],[-0.853175883893077,-0.359480478764932],[0.103137140801721,-1.01455347455594],[1.14908721375432,-1.38911462468125],[0.833886860380784,-0.760398539857239],[0.111372042110653,-0.994206893401419],[0.0749587130811038,-1.08542162092313],[0.140698261649617,-1.12243594169704],[-0.0113310933325033,-1.11549788079698],[-0.0162546869092366,-1.1739242986093],[-0.0349497049699487,-1.25473220156387],[0.00929764110720022,-1.30036810710042],[-0.00533005459200686,-1.29128813204416],[0.00243740255804858,-1.29587255733243],[0.199655373370947,-1.34939203229869],[-0.0019096126756501,-1.29385279365611],[-0.000129603154975677,-1.29499728496504],[0.000934752689220775,-1.29671885857276],[1.5,-1.5],[0.000633387846702027,-1.29770884449089],[0.153111338807488,-0.968304604005322],[0.000184210229385917,-1.2978955969004],[0.598608590748599,-1.30949057065273],[-1.01608973336761,-0.360491751086792],[-0.513852175195905,-0.799226037937895],[5.27122108407441e-05,-1.29784109342416],[0.336166827919679,-1.28864841937847],[-0.329554419152769,-0.715673374194496],[-0.206280562738172,-0.768587504569552],[-0.190809886813668,-0.517712000694052],[7.48470375845356e-05,-1.29805625998808],[-0.322361396009534,-0.640333665395303],[0.991594507272099,-1.18314392968614],[0.806089776631067,-1.42526814411239],[0.000102522791769366,-1.29752968176915],[-0.952065879302708,-0.668952607601832],[0.540224756019223,-1.13756473336301],[7.02014474833201e-05,-1.29773848988287],[0.000135121522661263,-1.29798576678642],[-0.000170990005698868,-1.29921393583042],[-1.11056154737678,-0.465735642101866],[-0.639175648776594,-0.0260682882650252],[-0.180348873088211,-0.323362467904849],[-0.109217871358843,-0.605252022244472],[0.000298504387662768,-1.29821402004274]],"d":[[0.0982844644677214,0.034508087022215],[0.893727201247973,0.857211580032972]],"df":[1.24085726793994,1.24209262699838],"lambda":[[0,0],[0,0],[0,0],[0,0],[0,0],[0,0],[0,0],[0,0],[2.21265974964542,0],[0,0],[1.16010985403606,0],[3.48032956210819,0],[0,0],[0,0],[1.77962528556617,0],[1.28613635668994,0],[3.69788235230913,0],[2.71090449455668,0],[4.11373622044732,0],[6.91939967222858,0],[2.97148824121877,0],[8.58281514478131,0],[11.7942051726094,0],[18.2169852282655,0],[-3.5527136788005e-15,0],[12.8455601113123,0],[38.5366803339368,0],[0,0],[51.3822404452491,0],[0,0],[0,0],[0,0],[0,0],[0,0],[0,0],[0,0],[0,0],[0,0],[0,0],[0,0],[0,0]],"rho":[0.00420202026483746,0.00420202026483746,0.00420202026483746,0.00420202026483746,0.00420202026483746,0.00420202026483746,0.00420202026483746,0.00420202026483746,0.00210101013241873,0.00210101013241873,0.00105050506620937,0.000525252533104683,0.000525252533104683,0.000525252533104683,0.000262626266552341,0.000262626266552341,0.000131313133276171,0.000131313133276171,6.56565666380853e-05,3.28282833190427e-05,3.28282833190427e-05,1.64141416595213e-05,8.20707082976066e-06,4.10353541488033e-06,4.10353541488033e-06,2.05176770744017e-06,1.02588385372008e-06,1.02588385372008e-06,5.12941926860042e-07,5.12941926860042e-07,5.12941926860042e-07,5.12941926860042e-07,5.12941926860042e-07,5.12941926860042e-07,5.12941926860042e-07,5.12941926860042e-07,5.12941926860042e-07,5.12941926860042e-07,5.12941926860042e-07,5.12941926860042e-07,5.12941926860042e-07]}
