{"prog":[1.52206070956356,1.52206070956356,1.52206070956356,1.34948230871686,1.18888523941601,1.18888523941601,1.18888523941601,1.18888523941601,1.18888523941601,0.809436347123475,0.809436347123475,0.809436347123475,0.758586357970968,0.758586357970968,0.758586357970968,0.758586357970968,0.758586357970968,0.758586357970968,0.625517152162968,0.625517152162968,0.620610990697851,0.617370600664998,0.613573098937306,0.613573098937306,0.612670190334603,0.611166020462532,0.608658172759374,0.605098995704958,0.602075354933432,0.602075354933432,0.602075354933432,0.602075354933432,0.602075354933432,0.602075354933432,0.600457440893588,0.600457440893588,0.600457440893588,0.600457440893588,0.600457440893588,0.600457440893588,0.600457440893588,0.600457440893588,0.600457440893588,0.600457440893588,0.600457440893588],"mei":["Inf",0.242004795201109,0.16502482647468,0.161869840972577,0.282661121674174,0.134845320904148,0.161729114630214,0.0423071154753705,0.0658341036741859,0.0272686833024925,0.0159537160137902,0.0243003055279356,0.0239204259222713,0.021390784400941,0.136308978982637,0.0439067513531861,0.0216275630055005,0.00913010051776749,0.020814578009495,0.0043253374010206,0.0029147098679366,0.00781177465868621,0.0158511674498101,0.0148086935019125,0.00218930557058276,0.00535764390786815,0.000279288058481387,0,0,0,0.00276699164828204,0,0,0,0.00383717568564069,0,0,2.17532870191191e-05,0,0,0],"obj":[1.52206070956356,0.702460365938596,0.768591951925445,1.34948230871686,1.18888523941601,0,0.304059614756327,0.490184875186777,0.654920772084641,0.809436347123475,0.237843731110576,0.736839738767273,0.758586357970968,0.748526916408727,0.400939833013593,0.503946592644891,0.456026708664917,0.595592337731724,0.625517152162968,0.629346134665908,0.620610990697851,0.617370600664998,0.613573098937306,0.611735281488568,0.612670190334603,0.611166020462532,0.608658172759374,0.605098995704958,0.602075354933432,0.600061605251939,0.599168272912008,0.69742857126869,0.826557847792832,0.854010122092769,0.600457440893588,1.59294241406842,1.62462270887783,1.84607457413605,0.599449330654568,0.647240617281161,1.41995361306396,0.599438403021913,0.326407193027112,1.27142835837342,1.15036551530039],"X":[[0.809823893352836,0.712236816210727],[0.0376188818266659,0.66484148411193],[0.480369819905695,0.28822213201975],[0.53396883314335,0.815513475573508],[0.866740120455329,0.322145118960679],[0,0],[0.304059614756327,0],[0.490184875186777,0],[0.654920772084641,0],[0,0.809436347123475],[0,0.237843731110576],[0,0.736839738767273],[2.60432699706325e-05,0.758560314700997],[0,0.748526916408727],[0,0.400939833013593],[0.0766583886171706,0.427288204027721],[0,0.456026708664917],[0.171387246056482,0.424205091675242],[0.201919794398444,0.423597357764524],[0.205984178773692,0.423361955892216],[0.197113481588831,0.423497509109021],[0.193977498612446,0.423393102052552],[0.189992685172663,0.423580413764642],[0.188047315541892,0.423687965946677],[0.189605509921055,0.423064680413548],[0.18940131179766,0.421764708664872],[0.188932015232762,0.419726157526612],[0.189056023460147,0.416042972244811],[0.190142529604381,0.411932825329051],[0.191693544427196,0.408368060824743],[0.193255903224946,0.405912369687061],[0.39724677721929,0.3001817940494],[0.063981103355666,0.762576744437166],[0.347824708960537,0.506185413132232],[0.196153266624969,0.404304174268619],[0.803368517574009,0.789573896494409],[0.968630793000113,0.65599191587772],[0.963254129266891,0.882820444869162],[0.194469148538152,0.404980182116416],[0.452551812786458,0.194688804494703],[0.534516427806745,0.885437185257216],[0.194594412384738,0.404843990637175],[0.0336199620920746,0.292787230935038],[0.999042359864535,0.27238599850889],[0.40939162959433,0.740973885706061]],"C":[[-1.23086531414407,-0.33690397938886],[0.573447144790623,-1.05657062073396],[0.8555054921734,-1.18617283873776],[-0.253058896997474,-0.549815056389546],[-0.322296906429681,-0.644984085922891],[1.5,-1.5],[0.921554370707504,-1.40754775067423],[0.510747067096699,-1.25971878813812],[0.629127951671878,-1.07107878229206],[-0.458556014668121,-0.844812799955405],[1.10039591080823,-1.4434303595714],[0.108632483906017,-0.957067199373376],[-0.070829040966382,-0.924586248282472],[0.0122012957644434,-0.939707455411643],[0.224449987214515,-1.33924725030303],[0.161869487013591,-1.31154828215338],[0.325502092533609,-1.29203964098424],[0.0265086664538311,-1.29067645208597],[-0.0180216654062502,-1.279793675125],[-0.023894700866247,-1.27833517239804],[-0.0111145803899528,-1.28179613515438],[-0.00661814022572571,-1.28311101116638],[-0.000801324955576055,-1.28448241265586],[0.00205502038515076,-1.28512671462946],[-0.000415677437985484,-1.28506602679416],[-0.000478662001492824,-1.28624167361416],[-0.000133116313628778,-1.28813464630803],[-9.39330691267504e-05,-1.29116606523914],[-3.76219718152826e-05,-1.29415716585207],[0.000420650154896063,-1.29648911192318],[0.000820773424522192,-1.29788730400374],[0.678954872738513,-1.25208588851017],[-0.155103335465452,-0.914383127257005],[-0.17553366028348,-1.12279429936867],[-0.000766723830749549,-1.29806203066132],[-1.08469725131663,-0.231172086945577],[-0.424269400952101,-0.13142899315505],[-1.65475092280866,0.207230455428701],[0.000401490464686793,-1.2981728023598],[1.11641532223188,-1.25729312614811],[-0.758857605362968,-0.430293179368494],[0.000409719289750754,-1.29823435791361],[0.627789464675792,-1.41314533555032],[-0.188389482747483,-0.427720231012616],[0.0683496885062959,-0.78335619431976]],"d":[[0.108071723954675,0.0430332774388934],[0.886203755880234,0.977111008215121]],"df":[1.35945139756867,1.35015381438891],"lambda":[[0,0],[0,0],[0,0],[0,0],[0,0],[0,0],[0,0],[0,0],[0.785493962392129,0],[0,0],[0.176448955445455,0],[0.529346866336365,0],[0,0],[0.70579582178182,0],[3.77263501416418,0],[0,0],[0,0],[0,0],[0,0],[0,0],[0.475498612448248,0],[0.283136486586767,0],[0.061627133992348,0],[2.51928319772513e-05,0],[2.16501621318199e-18,0],[-9.70820250749313e-19,0],[0.194663339034999,0],[0.954318332853597,0],[2.47362832049079,0],[4.03093503277078,0],[3.75237124975435,0],[0,0],[0,0],[0,0],[0,0],[2.97274962719386,0],[0,0],[0,0],[0,0],[0,0],[0,0]],"rho":[0.138298305406688,0.138298305406688,0.138298305406688,0.138298305406688,0.138298305406688,0.138298305406688,0.138298305406688,0.138298305406688,0.0691491527033442,0.0691491527033442,0.0345745763516721,0.0172872881758361,0.0172872881758361,0.00864364408791803,0.00432182204395902,0.00432182204395902,0.00432182204395902,0.00432182204395902,0.00432182204395902,0.00432182204395902,0.00216091102197951,0.00216091102197951,0.00216091102197951,0.00216091102197951,0.00216091102197951,0.00216091102197951,0.00108045551098975,0.000540227755494877,0.000270113877747438,0.000135056938873719,0.000135056938873719,0.000135056938873719,0.000135056938873719,0.000135056938873719,0.000135056938873719,6.75284694368596e-05,6.75284694368596e-05,6.75284694368596e-05,6.75284694368596e-05,6.75284694368596e-05,6.75284694368596e-05]}
