{"prog":[1.3389961582839,1.3389961582839,1.3389961582839,1.3389961582839,1.26169334023765,1.26169334023765,1.26169334023765,1.26169334023765,1.26169334023765,1.26169334023765,1.26169334023765,1.25779217456328,1.25779217456328,1.25779217456328,0.633679276797497,0.616429566837633,0.616429566837633,0.604839288840455,0.604839288840455,0.604839288840455,0.604839288840455,0.604839288840455,0.604839288840455,0.604839288840455,0.600248287314014,0.600248287314014,0.600248287314014,0.600248287314014,0.600248287314014,0.600248287314014,0.600248287314014,0.600248287314014,0.600248287314014,0.600248287314014,0.600248287314014,0.600248287314014,0.600248287314014,0.600248287314014,0.600248287314014,0.600248287314014,0.600248287314014,0.600248287314014,0.600248287314014,0.600248287314014,0.600248287314014],"mei":["Inf",0.217414908171005,0.182922800594185,0.225234393995148,0.173557854442498,0.231953713854292,0.116078817032999,0.311307277480338,0.376961975293446,0.588000279442633,0.275479693042842,0.0322997951129434,0.0198956219213376,0.0095667696666971,0.010556488000192,0.00945304420717314,0.00019680996291535,0.000138896216990905,1.69080296865595e-07,9.8586153307522e-07,0.00268490574809168,0,1.11830135501796e-05,0,0,0,0,0,0,0,0,3.88903677879155e-06,1.11685118654659e-06,0,0.00153984146396032,6.11618311543428e-08,0,5.98474913115817e-05,1.85654176527248e-05,0,0],"obj":[1.3389961582839,1.36483589974345,0.72310890860928,0.534386479117532,1.26169334023765,0,0.630020894785893,0.497327854082989,0.400866422938918,0.331946847781433,0.45851395641903,1.25779217456328,0.487665073478126,0.591201431355176,0.633679276797497,0.616429566837633,0.6014145080642,0.604839288840455,0.603169642444572,0.601230345869072,0.599657640831885,0.599395692094578,0.961111593090271,0.60198309252981,0.600248287314014,1.09300933962409,0.335671270444464,1.7931601686207,1.31055294570507,0.433840974127418,1.0745652847065,0.651888509739537,1.06119926759712,0.835729122576846,0.837170542670174,0.599376771250409,0.599418184105215,1.01695317055582,0.599445849970854,0.599448484765378,1.39949686352166,0.599484105570983,0.599462598149169,1.50357435750621,1.33612107420054],"X":[[0.541079057432031,0.79791710085187],[0.96381789268549,0.401018007057956],[0.128759774176581,0.594349134432699],[0.532661519938303,0.00172495917922933],[0.700155907757616,0.56153743248003],[0,0],[0.630020894785893,-2.16840434497101e-19],[0.410305413227362,0.0870224408556276],[0,0.400866422938918],[0,0.331946847781433],[0,0.45851395641903],[0.69654791154266,0.561244263020622],[0.0821219035306877,0.405543169947438],[0.176594413142319,0.414607018212857],[0.214625614792883,0.419053662004615],[0.199450229122984,0.416979337714649],[0.186326082090631,0.415088425973569],[0.189624952021102,0.415214336819353],[0.189380781695302,0.41378886074927],[0.190199160044397,0.411031185824675],[0.193153572105165,0.40650406872672],[0.195406327673627,0.403989364420951],[0.0119506807133439,0.949160912376927],[0.226103970217901,0.375879122311909],[0.195461928450597,0.404786358863417],[0.62425521540373,0.468754124220357],[0.335642571150973,2.86992934908066e-05],[0.943777531381831,0.849382637238871],[0.647627497762029,0.662925447943044],[0.0421092669437428,0.391731707183675],[0.531641005871082,0.542924278835422],[0.0667974000399926,0.585091109699544],[0.237023738020012,0.824175529577112],[0.306255118064968,0.529474004511878],[0.46731560112045,0.369854941549724],[0.194299208297358,0.405077562953051],[0.194337773285896,0.405080410819319],[0.711609674804427,0.305343495751392],[0.194321942359405,0.405123907611449],[0.195036904997649,0.404411579767729],[0.970123470409243,0.429373393112415],[0.19448771887164,0.404996386699343],[0.194242674485712,0.405219923663457],[0.505052818478842,0.998521539027365],[0.40050171938052,0.935619354820023]],"C":[[-0.164451242794944,-0.570561753776611],[-0.623622310804795,-0.410239627754566],[0.623863699001716,-1.1301700269531],[0.472909561014851,-1.21626872969285],[-0.693799298082182,-0.694457416755844],[1.5,-1.5],[0.568329718880261,-1.10307367213318],[0.933535215413147,-1.32407656266385],[0.224449304315006,-1.33930611096016],[0.407514876891582,-1.38981129024797],[0.333955572417503,-1.28976495176897],[-0.698850538096322,-0.699825884151996],[0.135655516612089,-1.32879073026948],[0.0167858344556105,-1.29691543369556],[-0.0353883648942215,-1.2783298738353],[-0.0142695615002622,-1.28634783802184],[0.00375491421611396,-1.29298418975554],[-0.000661427042767504,-1.29163943207066],[0.000115985744631841,-1.2929136982443],[0.000395293604675107,-1.29487764379797],[0.000342829626807428,-1.29744613969164],[0.000477323819655928,-1.29860896053986],[-0.708774035677702,-0.598950743646287],[0.0459966225934595,-1.30759188006173],[-0.000535306914709655,-1.29794263820447],[-0.209725214541647,-0.890574997067649],[0.839340674751873,-1.38734406360751],[-1.6096521142279,0.112166893184042],[-0.75079440230934,-0.641108474612007],[0.184306364884622,-1.34477307922442],[-0.589808743052364,-0.922591068327421],[0.694538929326529,-1.15320650069845],[-0.65902123510148,-0.764554444061308],[0.0262030125744264,-1.12586508120517],[0.226177180593201,-1.14482345116068],[0.000490966537012305,-1.29815998564704],[0.000442611119846448,-1.29814269064473],[0.482412928294284,-0.900377020327057],[0.000412571314430732,-1.2981136021993],[0.00039720291742551,-1.29841187983871],[-0.576306893265967,-0.374498941448258],[0.000361489726328545,-1.29815245396858],[0.000398872636765024,-1.29806659687482],[-1.50145879508279,-0.247876386644999],[-1.256679305846,-0.464214795659411]],"d":[[0.123220605143113,0.044982631271972],[0.920879962897039,0.835922315648497]],"df":[1.39653807877726,1.40774532540027],"lambda":[[0,0],[0,0],[0,0],[0,0],[0,0],[2.5324791654221,0],[4.44089209850063e-16,0],[5.06495833084421,0],[1.77635683940025e-15,0],[6.12244748172681,0],[7.63761461179365,0],[1.24897931143614,0],[0,0],[0.677871881975451,0],[0.439058013820409,0],[0.480935654943875,0],[0.766383901494008,0],[1.26151013010096,0],[2.25176258731487,0],[4.23226750174269,0],[8.19327733059832,0],[0,0],[0,0],[0,0],[0,0],[0,0],[0,0],[0,0],[0,0],[0,0],[0,0],[0,0],[0,0],[0,0],[0,0],[0,0],[0,0],[0,0],[0,0],[0,0],[0,0]],"rho":[0.088628292536257,0.088628292536257,0.088628292536257,0.088628292536257,0.088628292536257,0.0443141462681285,0.0443141462681285,0.0221570731340643,0.0221570731340643,0.0110785365670321,0.00553926828351606,0.00553926828351606,0.00553926828351606,0.00276963414175803,0.00276963414175803,0.00138481707087902,0.000692408535439508,0.000346204267719754,0.000173102133859877,8.65510669299385e-05,4.32755334649693e-05,4.32755334649693e-05,4.32755334649693e-05,4.32755334649693e-05,4.32755334649693e-05,4.32755334649693e-05,4.32755334649693e-05,4.32755334649693e-05,4.32755334649693e-05,4.32755334649693e-05,4.32755334649693e-05,4.32755334649693e-05,4.32755334649693e-05,4.32755334649693e-05,4.32755334649693e-05,4.32755334649693e-05,4.32755334649693e-05,4.32755334649693e-05,4.32755334649693e-05,4.32755334649693e-05,4.32755334649693e-05]}
