{"prog":["Inf","Inf",1.04141769885584,1.04141769885584,1.04141769885584,1.04141769885584,1.04141769885584,1.04141769885584,1.04141769885584,1.04141769885584,1.04141769885584,1.04141769885584,1.04141769885584,1.04141769885584,1.04141769885584,1.04141769885584,0.599850833509711,0.599850833509711,0.599850833509711,0.599850833509711,0.599850833509711,0.599850833509711,0.599850833509711,0.599850833509711,0.599850833509711,0.599850833509711,0.599850833509711,0.599850833509711,0.599850833509711,0.599850833509711,0.599850833509711,0.599850833509711,0.599850833509711,0.599850833509711,0.599850833509711,0.599850833509711,0.599850833509711,0.599850833509711,0.599850833509711,0.599850833509711,0.599850833509711,0.599850833509711,0.599850833509711,0.599850833509711,0.599850833509711],"mei":["Inf",0.0055569099913491,0.022447301778553,0.0748197462742852,0.0311372189422729,0.174361233189657,0.399279540211425,0.00528405590602752,0.000826263249975554,0.00105161047031839,0.000956536487510329,1.85717005979515e-06,2.34918768276951e-06,4.03168250338854e-05,1.14487049574473e-06,0,0,2.67514153536437e-07,0,0,0.00139222892546243,8.29939299299673e-05,0.00149210726383751,0.000106229842382179,4.48987935079484e-05,1.94589899368845e-05,9.70108864273047e-06,0,3.85828844467346e-05,1.2650753031077e-06,0.000247713412030251,0,1.61504183777134e-06,3.8687089986129e-05,0,0.000311563608139021,0,2.0177189459753e-05,0,0.0011473472392055,0],"obj":[0.215517309097461,0.824688262982454,1.04141769885584,1.77385096211309,1.28233090447782,0.345836142165614,0.415689523784818,0.56284686831313,0.454241938441285,0.543750198788867,0.599087715634254,0.597880880307894,0.599541369762364,0.599178859660595,0.59961780922796,0.599506491109636,0.599850833509711,0.599406277043769,0.601862000577813,0.913523917042772,0.373914416338856,0.599376634842081,1.01889322082118,0.939058307486181,0.219898799881323,0.599264712751446,0.59926156468282,0.59927328598577,0.426318012935809,0,0.501690400817696,0.945624506417295,0.599296862206755,0.599320883938338,0.5993160799897,1.18031340806748,0.547544493185796,0.599288589870798,1.81612640529855,0.599244684586622,0.324944646858877,0.599247559167464,1.32037383429682,0.599284119985497,0.487764457549147],"X":[[0.204916787665551,0.01060052143191],[0.792085209449773,0.0326030535326812],[0.26590670745026,0.775510991405582],[0.777735612992601,0.996115349120487],[0.622556850426494,0.659774054051324],[0,0.345836142165614],[0,0.415689523784818],[0.0168647816566856,0.545982086656445],[0.0521561065537184,0.402085831887566],[0.139021920655873,0.404728278132994],[0.192312582513071,0.406775133121183],[0.192230097704851,0.405650782603043],[0.193999680341758,0.405541689420606],[0.194813404437284,0.404365455223311],[0.19507022640794,0.40454758282002],[0.196198948600481,0.403307542509155],[0.195087420114571,0.40476341339514],[0.197557345515146,0.401848931528623],[0.207303615498393,0.394558385079421],[0.836844793863232,0.0766791231795398],[0.0295297612743289,0.344384655064527],[0.192873750078398,0.406502884763683],[0.772702111336054,0.246191109485131],[0.630207628839558,0.308850678646623],[0.0321632656371479,0.187735534244175],[0.194714300963676,0.40455041178777],[0.19492582157313,0.404335743109691],[0.194940658675343,0.404332627310426],[0.426318012935809,0],[0,0],[0.377240326396833,0.124450074420863],[0.916117576042543,0.0295069303747515],[0.194736069560448,0.404560792646307],[0.194758598124202,0.404562285814137],[0.194775357256996,0.404540722732704],[0.51235879841269,0.667954609654787],[0.539783774654079,0.00776071853171739],[0.194817360549625,0.404471229321173],[0.962375390183687,0.853751015114866],[0.194977463913877,0.404267220672745],[0.162228551414429,0.162716095444447],[0.194957235542438,0.404290323625026],[0.979282418380511,0.341091415916311],[0.195033972574497,0.404250147411],[0.177495371577026,0.31026908597212]],"C":[[1.20875452335819,-1.4578967390782],[0.833158619214552,-0.871538061871254],[-0.255245882423893,-0.827876325142094],[-0.944903229247383,0.0971184724704077],[-0.649375444334315,-0.677121165587724],[0.341531178085116,-1.38039736277201],[0.232571186606938,-1.32720221981555],[0.663525039539624,-1.20161914018995],[0.169572756655614,-1.33560672434444],[0.0673312489734418,-1.31686792645665],[0.00108656153214864,-1.2975498616814],[0.00230843687247784,-1.29849503210992],[0.000333297807568966,-1.29790006216918],[0.000710859375683381,-1.2985363160736],[0.000198489077966768,-1.29828886000363],[0.000423375652186697,-1.29884899872329],[-7.26013621879518e-05,-1.29810747768976],[0.000867013515579718,-1.29948853146231],[0.00372650939473673,-1.30134889176481],[0.655167649670537,-0.793811103052421],[0.319284950014036,-1.38052720255517],[0.000678491866665465,-1.2975551212095],[-0.0707586349331216,-0.842321384747285],[0.743549524141392,-1.00744960285194],[1.44716841461887,-1.46372089352561],[0.000608761807240898,-1.29842530532257],[0.000615747632560726,-1.29851653092797],[0.000602253363033656,-1.29851326608747],[0.61895886884951,-1.31825295184646],[1.5,-1.5],[1.18424433875594,-1.34220191511665],[1.01585993070603,-0.659857927925794],[0.000571355167700183,-1.29840842826554],[0.000543425528199026,-1.29839844535354],[0.000549105285584162,-1.29840936385631],[-0.125769374453352,-0.791325101130026],[0.451272898336122,-1.20857324786807],[0.000581677262738167,-1.2984492206799],[-1.6602175022142,0.155057187440868],[0.000637424359677619,-1.29855180285525],[1.48872019274431,-1.44720536938929],[0.000633323493009486,-1.29854101053282],[-0.654387329467606,-0.424662591039024],[0.000592400191540388,-1.29854356786],[0.436621484622499,-1.37222848735876]],"d":[[0.0954056304885718,0.0499063137374841],[0.810347246530073,0.774464652371496]],"df":[1.3473455281772,1.069632029045],"lambda":[[0,0],[0,0],[0,0],[0,0],[0,0],[0,0],[0,0],[0.239941621503392,0],[0.719824864510176,0],[1.01422886842694,0],[1.60303687626046,0],[2.30434337105427,0],[3.70695636064188,0],[2.68088868266491,0],[1.65482100468794,0],[0.628753326710963,0],[0,0],[0,0],[0,0],[0,0],[0,0],[0,0],[0,0],[0,0],[0,0],[0,0],[0,0],[0,0],[0,0],[0,0],[0,0],[0,0],[0,0],[0,0],[0,0],[0,0],[0,0],[0,0],[0,0],[0,0],[0,0]],"rho":[0.004528441232249,0.004528441232249,0.004528441232249,0.004528441232249,0.004528441232249,0.004528441232249,0.004528441232249,0.0022642206161245,0.00113211030806225,0.000566055154031126,0.000283027577015563,0.000141513788507781,7.07568942538907e-05,7.07568942538907e-05,7.07568942538907e-05,7.07568942538907e-05,7.07568942538907e-05,7.07568942538907e-05,7.07568942538907e-05,7.07568942538907e-05,7.07568942538907e-05,7.07568942538907e-05,7.07568942538907e-05,7.07568942538907e-05,7.07568942538907e-05,7.07568942538907e-05,7.07568942538907e-05,7.07568942538907e-05,7.07568942538907e-05,7.07568942538907e-05,7.07568942538907e-05,7.07568942538907e-05,7.07568942538907e-05,7.07568942538907e-05,7.07568942538907e-05,7.07568942538907e-05,7.07568942538907e-05,7.07568942538907e-05,7.07568942538907e-05,7.07568942538907e-05,7.07568942538907e-05]}
