{"prog":["Inf",1.21323080882738,1.21323080882738,1.21323080882738,0.95068400822363,0.95068400822363,0.772536772554938,0.772536772554938,0.772536772554938,0.772536772554938,0.772536772554938,0.604296085000142,0.604296085000142,0.604296085000142,0.600069468519861,0.600069468519861,0.600069468519861,0.600069468519861,0.600069468519861,0.600069468519861,0.600069468519861,0.600069468519861,0.600069468519861,0.600069468519861,0.600069468519861,0.600069468519861,0.600069468519861,0.600069468519861,0.600069468519861,0.600069468519861,0.600069468519861,0.600069468519861,0.600069468519861,0.600069468519861,0.600069468519861,0.600069468519861,0.600069468519861,0.600069468519861,0.600069468519861,0.600069468519861,0.600069468519861,0.600069468519861,0.600069468519861,0.600069468519861,0.600069468519861],"mei":["Inf",0.292333023420497,0.227915974725157,0.117119332220211,0.145043383922049,0.182871497251992,0.108802098827893,0.0972768397996799,0.0322269326060262,0.0129749305383539,0.0136298814536534,0.00786769006662756,0.00758479761132111,0.0104776287472672,0.00783684458737011,0.00545708015272134,0.00319637795260068,0.0102354362600193,0.00861515229485585,0.00572436757142368,0.00845944519392886,0.00364879370082037,0.0026208621168779,4.5738902960369e-05,0.000123558337956425,1.03154226041737e-05,1.06116686986128e-05,2.08512448872116e-07,0.000788994941271176,0,1.08449892925936e-06,0,2.50396046313728e-06,1.09500483421699e-06,0,0,0,0,8.52852815488478e-06,0,0],"obj":[0.192597774037299,1.21323080882738,1.48152927457856,0.585159806894408,0.95068400822363,1,0.772536772554938,0.468240283671027,0.58207884829475,0.412226936455854,0.499087606277769,0.604296085000142,0.64836008739786,0,0.600069468519861,0.599542726487933,0.599150149999652,0.598829859055159,0.598518171463061,0.598222645121419,0.597930879903722,0.597643716163651,0.599330012479117,0.599047174323512,0.599628631351048,0.599346451632449,0.59960616553162,0.599780825894797,0.599569011136471,0.44046308999674,0.599508429407993,0.599209940731981,0.599424633005044,0.998491286202588,0.598203108560519,0.470311352487773,0.599256312762746,0.599413119666264,1.29672507244957,1.84099539091457,0.919850956531114,1.11008625666422,0.599467479677168,0.493872865248814,1.1764639911865],"X":[[0.0338288243007448,0.158768949736554],[0.668496995817054,0.544733813010327],[0.528090267704821,0.953439006873742],[0.453469801427207,0.131690005467201],[0.155192711654863,0.795491296568767],[1,0],[0,0.772536772554938],[0,0.468240283671027],[0,0.58207884829475],[0,0.412226936455854],[0.10106194354594,0.398025662731829],[0.201160057272783,0.403136027727359],[0.245109858285093,0.403250229112766],[0,0],[0.195750745718438,0.404318722801423],[0.194030714977276,0.405512011510657],[0.193977803610389,0.405172346389263],[0.193809731429636,0.405020127625523],[0.19363023588148,0.40488793558158],[0.193415344323663,0.404807300797756],[0.193209069128926,0.404721810774796],[0.192988597965807,0.404655118197844],[0.19452075135676,0.404809261122357],[0.19429695749689,0.404750216826622],[0.194836360662479,0.404792270688568],[0.194610066313379,0.40473638531907],[0.194858262914176,0.404747902617444],[0.195059361427096,0.404721464467701],[0.195016763160086,0.404552247976385],[0.440366726559515,9.63634372258747e-05],[0.195410935874597,0.404097493533396],[0.197183077978596,0.402026862753384],[0.193898924195556,0.405525708809488],[0.99768344694811,0.000807839254477955],[0.220190857494561,0.378012251065958],[0.422646527002018,0.047664825485755],[0.192820715067498,0.406435597695247],[0.196296857100599,0.403116262565664],[0.326999610532168,0.9697254619174],[0.841777426495305,0.999217964419261],[0.100007588800091,0.819843367731023],[0.607705437615678,0.502380819048542],[0.194991246102241,0.404476233574927],[0.00978378582046921,0.484089079428345],[0.969437147194947,0.207026843991556]],"C":[[1.60575437179519,-1.47364803124598],[-0.648335724486894,-0.756376839546804],[-1.29511992369744,-0.312074729327064],[0.960607842876825,-1.27702288165362],[-0.450206805595694,-0.843108819332553],[0.5,-0.5],[-0.184790957909595,-0.9031869350504],[0.369222806315081,-1.28075103674768],[0.764860283829717,-1.16118421436786],[0.229266573820028,-1.33006895286022],[0.115509273166522,-1.33136205537361],[-0.00496820504081846,-1.29701597450622],[-0.0514839431791548,-1.27731041009196],[1.5,-1.5],[-0.000318904217784521,-1.2982080159429],[0.000328742573456386,-1.29791209016599],[0.000762326887573384,-1.29820798142791],[0.00112846992433602,-1.29839648422138],[0.00148655722366098,-1.29857309137297],[0.00182853900657282,-1.29872155380099],[0.00216601849034959,-1.2988705114895],[0.00249890810782694,-1.29900963637148],[0.000535338418079734,-1.29829113940117],[0.000863912696110136,-1.29842595428625],[0.000186720612924907,-1.29818201015459],[0.00051473146160036,-1.29831538048836],[0.000212256560667756,-1.29820939270085],[8.58753034227444e-06,-1.29815238171877],[0.000255132564659422,-1.29830594074382],[0.590366491358097,-1.30607713685335],[0.00034048883188148,-1.29851978186064],[0.00103352392748746,-1.29949323538356],[0.000469300047102106,-1.29795210669037],[0.520310120995979,-0.504627087081477],[0.0414723826044551,-1.30862272431986],[0.732113331612293,-1.31909797762455],[0.000808352399485068,-1.29763027676697],[0.000559504589616622,-1.29896482274752],[-1.20073176581128,-0.452703783220896],[-0.855802223480444,0.20702577617523],[-0.603500964602339,-0.817855334569847],[-0.488467902789181,-0.878307613744453],[0.000373949616724378,-1.29837739041654],[0.422436842841699,-1.26556204071324],[0.197067261272736,-0.517331503505418]],"d":[[0.162856911888197,0.0539686278768628],[0.732605869858873,0.728419552986452]],"df":[0.900790808199229,1.01855979200077],"lambda":[[0,0],[0,0],[0,0],[0,0],[0.760785885720754,0],[0,0],[0.94481039874328,0],[1.89684069797632,0],[1.81494455921623,0],[0.966280681643608,0],[0.884384542883514,0],[0.879127709911388,0],[0.873870876939261,0],[0.868614043967134,0],[0.863357210995008,0],[0.858100378022881,0],[0.852843545050754,0],[0.847586712078628,0],[0.872091195219626,0],[0.861577529275373,0],[0.87922661944394,0],[0.858199287555433,0],[0.870510935001408,0],[0.895134229893358,0],[0.897399146323301,0],[0.901928979183189,0],[0.910988644902963,0],[0.929107976342513,0],[0.965346639221612,0],[1.03782396497981,0],[1.18277861649621,0],[1.472687919529,0],[2.05250652559458,0],[3.21214373772575,0],[5.53141816198808,0],[10.1699670105127,0],[19.4470647075621,0],[4.61852778244065e-14,0],[18.5541953940987,0],[4.61852778244065e-14,0],[37.1083907881974,0]],"rho":[0.485317634363428,0.485317634363428,0.485317634363428,0.485317634363428,0.242658817181714,0.242658817181714,0.121329408590857,0.0606647042954284,0.0606647042954284,0.0606647042954284,0.0606647042954284,0.0606647042954284,0.0606647042954284,0.0606647042954284,0.0606647042954284,0.0606647042954284,0.0606647042954284,0.0606647042954284,0.0303323521477142,0.0303323521477142,0.0151661760738571,0.0151661760738571,0.00758308803692856,0.00379154401846428,0.00189577200923214,0.000947886004616069,0.000473943002308035,0.000236971501154017,0.000118485750577009,5.92428752885043e-05,2.96214376442522e-05,1.48107188221261e-05,7.40535941106304e-06,3.70267970553152e-06,1.85133985276576e-06,9.2566992638288e-07,4.6283496319144e-07,4.6283496319144e-07,2.3141748159572e-07,2.3141748159572e-07,1.1570874079786e-07]}
