{"prog":["Inf","Inf",0.964918671898758,0.964918671898758,0.964918671898758,0.964918671898758,0.964918671898758,0.964918671898758,0.964918671898758,0.964918671898758,0.964918671898758,0.964918671898758,0.617498463460752,0.614757068996489,0.610742389663427,0.601914526402054,0.601914526402054,0.601914526402054,0.601914526402054,0.601914526402054,0.601914526402054,0.601914526402054,0.601914526402054,0.601914526402054,0.59987201355143,0.59987201355143,0.59987201355143,0.59987201355143,0.59987201355143,0.59987201355143,0.59987201355143,0.59987201355143,0.59987201355143,0.59987201355143,0.59987201355143,0.59987201355143,0.59987201355143,0.59987201355143,0.59987201355143,0.59987201355143,0.59987201355143,0.59987201355143,0.59987201355143,0.59987201355143,0.59987201355143],"mei":["Inf",0.40104654173381,0.385771656986444,0.0657358568776183,0.144046576090622,0.0792090969024428,0.0193154875947217,0.0772084516068222,0.0201684313713287,0.0091683352814388,0.0193014282769212,0.0212264979965242,0.0184046815332952,0.0100773089784063,0.0100071033124439,0.000288359596148282,3.68565117515009e-06,0.0024687997869514,7.59883288131145e-07,0,1.82990153160561e-07,5.16502281792718e-07,0.00198851085123128,1.17620245121033e-07,0,8.15475428452008e-07,0,0.00179669353504705,0,0,0,0,0.00217568480072676,0,0,2.41980208718062e-06,0,0,1.09499455360013e-07,0,5.16960809875746e-07],"obj":[0.0771857973880102,0.626923081615689,0.964918671898758,1.21447435582394,1.72654862574454,1,0.410334679280265,0.447655265285031,0.340299557353716,0.49285875431967,0.530909422397786,0.59941345202658,0.617498463460752,0.614757068996489,0.610742389663427,0.601914526402054,0.595190198467229,0.599487116846312,0.599590164436955,0.420863718996297,0.562197281317439,0.599546959984955,0.582481031039777,1.05676001545525,0.59987201355143,0.59939496459386,0.599294585364797,0.5992975511318,1.69388257795453,0.599184327098939,1.07762048876924,0.599215814276167,1.01865127957893,0.800802738394822,0.805865521969755,0.963213803953914,0.599283223672372,1.12185215037895,0.957942609821247,0.599530030686451,1.45601809255463,0.679133382195684,0.599238783670735,1.47622668888597,0.599296851825905],"X":[[0.00798543706256557,0.0692003603254446],[0.442487709685808,0.184435371929881],[0.0273933933506239,0.937525278548134],[0.5145160314102,0.699958324413737],[0.896173253854777,0.830375371889764],[1,0],[0,0.410334679280265],[0,0.447655265285031],[0,0.340299557353716],[0.0971000465460553,0.395758707773615],[0.140083495764665,0.39082592663312],[0.210022736822694,0.389390715203886],[0.227663898053816,0.389834565406936],[0.223723481467899,0.39103358752859],[0.21465241230214,0.396089977361287],[0.194764319597588,0.407150206804466],[0.191000597815108,0.404189600652121],[0.194571778343214,0.404915338503098],[0.194613445565283,0.404976718871672],[0.420863718996297,0],[0.562197281317439,0],[0.194541697800295,0.40500526218466],[0.00105633989982748,0.58142469113995],[0.714107813161963,0.342652202293289],[0.195352640553613,0.404519372997816],[0.193082765010468,0.406312199583392],[0.194068212216599,0.405226373148198],[0.194071527402968,0.405226023728832],[0.839053526113381,0.85482905184115],[0.194385708006877,0.404798619092062],[0.170907021763853,0.906713467005387],[0.194305667682998,0.404910146593169],[0.277835441744336,0.740815837834593],[0.625645198596931,0.17515753979789],[0.198812459262836,0.607053062706919],[0.376861151471981,0.586352652481932],[0.193872692256811,0.405410531415561],[0.844424311421678,0.27742783895727],[0.14920560210813,0.808737007713117],[0.197200839155121,0.40232919153133],[0.475222285933332,0.980795806621294],[0.29259482115209,0.386538561043595],[0.194733649903662,0.404505133767073],[0.520383195465566,0.955843493420408],[0.194410743981795,0.404886107844111]],"C":[[1.73551919724292,-1.49514754292575],[1.13136729274252,-1.27018822035809],[-0.757548573550115,-0.620295954083982],[-0.0389828768096427,-0.745331597505812],[-1.44689503744085,-0.00735024083427716],[0.5,-0.5],[0.227816464501616,-1.33162545097996],[0.299007369493581,-1.29960476346259],[0.36618917550385,-1.38419621126486],[0.121510925376293,-1.33394662618211],[0.0796919455336944,-1.32763170928571],[0.0135129168165436,-1.30426532093051],[-0.00249348070412342,-1.29619816113693],[-0.00260162033462857,-1.2970405372644],[-0.00668258840402552,-1.29703707172681],[-0.00221873731414657,-1.29629556891077],[0.00534542422040224,-1.30014953835895],[0.000354935002444046,-1.29818539171728],[0.000236681799577532,-1.29811946397714],[0.630640266494517,-1.32287373003261],[0.480265437622073,-1.18393421687928],[0.000288343126360335,-1.29812426541971],[0.762985010418741,-1.16194421267883],[0.546595454353774,-0.872639499444599],[-9.62657940063449e-05,-1.29820142269818],[0.000618602437522153,-1.29762944232562],[0.000596527475286657,-1.29812911551221],[0.000593020972256997,-1.2981281119444],[-1.03097388650196,-0.0652564724450617],[0.000705062238493759,-1.29835227450382],[-0.972822547546601,-0.648661478662881],[0.000671765640871513,-1.29829308069216],[0.0230301264422108,-0.87399936172416],[0.396299457588477,-1.07788792172456],[0.531983715525854,-1.09196018510001],[0.0462247968278981,-1.01416623943861],[0.000624789397903558,-1.29805568021445],[-0.318381402731397,-0.709981376451525],[-0.548271138096086,-0.823682140654784],[0.000593336704952208,-1.29924305067826],[-1.43481260556744,-0.312203364666385],[-0.0275700924779848,-1.26497621146132],[0.000639160500990721,-1.29845440235128],[-1.31909967137441,-0.315564545962916],[0.000576237284062198,-1.29827170229929]],"d":[[0.128000011225736,0.0397918737210688],[0.780866809494685,0.7973257029868]],"df":[1.41940938006374,1.41621411538471],"lambda":[[0,0],[0,0],[0,0],[0.343477722929111,0],[1.03043316878733,0],[2.40434406050378,0],[0,0],[0.96120912235507,0],[1.28718281584948,0],[1.16688175489941,0],[1.04136336370931,0],[0.7189536199453,0],[0.611907893696062,0],[0.8698044973791,0],[0.904053053858183,0],[0.949729078620941,0],[1.04108112814646,0],[1.22378522719749,0],[1.58919342529956,0],[2.32000982150369,0],[3.78164261391195,0],[2.59266026243375,0],[1.40367791095555,0],[0.214695559477357,0],[0,0],[0,0],[0,0],[0,0],[0,0],[0,0],[0,0],[0,0],[0,0],[0,0],[0,0],[0,0],[0,0],[0,0],[0,0],[0,0],[0,0]],"rho":[0.663264163273359,0.663264163273359,0.663264163273359,0.33163208163668,0.16581604081834,0.0829080204091699,0.0829080204091699,0.041454010204585,0.0207270051022925,0.0207270051022925,0.0207270051022925,0.0207270051022925,0.0207270051022925,0.0103635025511462,0.00518175127557312,0.00259087563778656,0.00129543781889328,0.00064771890944664,0.00032385945472332,0.00016192972736166,8.096486368083e-05,8.096486368083e-05,8.096486368083e-05,8.096486368083e-05,8.096486368083e-05,8.096486368083e-05,8.096486368083e-05,8.096486368083e-05,8.096486368083e-05,8.096486368083e-05,8.096486368083e-05,8.096486368083e-05,8.096486368083e-05,8.096486368083e-05,8.096486368083e-05,8.096486368083e-05,8.096486368083e-05,8.096486368083e-05,8.096486368083e-05,8.096486368083e-05,8.096486368083e-05]}
