{"prog":["Inf","Inf",1.68350632601965,1.31321088766521,0.848855509652955,0.848855509652955,0.848855509652955,0.848855509652955,0.848855509652955,0.848855509652955,0.848855509652955,0.848855509652955,0.848855509652955,0.64788887316801,0.614017422638415,0.614017422638415,0.614017422638415,0.604485164353057,0.604485164353057,0.604485164353057,0.599987631851066,0.599987631851066,0.599987631851066,0.599987631851066,0.599987631851066,0.599987631851066,0.599987631851066,0.599987631851066,0.599987631851066,0.599987631851066,0.599987631851066,0.599987631851066,0.599987631851066,0.599987631851066,0.599987631851066,0.599987631851066,0.599987631851066,0.599987631851066,0.599987631851066,0.599987631851066,0.599987631851066,0.599987631851066,0.599987631851066,0.599987631851066,0.599987631851066],"mei":["Inf",0.0712331122070453,0.0334571271149251,0.0525252322369544,0.045846297583098,0.21180522887858,0.113600638606182,0.109257406127875,0.215458833948772,0.159973947465972,0.0351385612356695,0.0113906276264059,0.00798998964051028,0.0209687309886471,0.0208772516886031,0.0102085547364507,0.000434579788695192,7.15029570722917e-06,0,0,0,1.93283826842231e-05,2.65050735350794e-05,0.000733079987091309,0,1.09283392786831e-06,0,0,0,0.00239193412404008,0,2.93166112179663e-05,0,0,0,0.000294910298233421,0,0,9.04465039293109e-06,0,0.000964361683516987],"obj":[0.989954749851011,0.614013836266011,1.68350632601965,1.31321088766521,0.848855509652955,0,1,0.353389148352369,0.366818639055619,0.418344186497146,0.550493330933054,0.465752552943024,0.583686542902069,0.64788887316801,0.614017422638415,0.606743153716151,0.583789432655333,0.604485164353057,0.600666201032194,0.598773115617467,0.599987631851066,0.512122296853962,0.584065936971099,1.26131863209492,0.717757685528686,0.599087958885531,0.599277135931923,0.599175727806998,1.5866269721712,0.599447114074671,0.634132382543509,0.863611019392035,1.17893388972402,0.599401300696273,0.97486762899148,0.184860129753612,0.756189045923992,0.797214060539662,0.546706694625809,0.599335282094816,0.797933260538134,1.20631178298726,0.599346158523699,1.42594183568599,0.599358790595202],"X":[[0.294671340034034,0.695283409816977],[0.608206230911474,0.00580760535453623],[0.844834734975555,0.838671591044094],[0.729967710513148,0.583243177152063],[0.0547271032153459,0.794128406437609],[0,0],[1,0],[0.353389148352369,0],[0,0.366818639055619],[0,0.418344186497146],[0,0.550493330933054],[0.0751354508705573,0.390617102072466],[0.191507085016395,0.392179457885674],[0.253924589086639,0.393964284081371],[0.221056803854912,0.392960618783503],[0.214022671781965,0.392720481934186],[0.204678403790054,0.379111028865279],[0.206538328943092,0.397946835409965],[0.20038167068367,0.400284530348524],[0.194456832922469,0.404316282694998],[0.195296435469417,0.40469119638165],[0.405731143960274,0.106391152893688],[0.0311089953657493,0.552956941605349],[0.590143851243598,0.671174780851317],[0.251033870782525,0.466723814746161],[0.192105961431118,0.406981997454413],[0.193624483776322,0.405652652155601],[0.194113457716449,0.405062270090549],[0.683285393011683,0.903341579159522],[0.186627647428786,0.412819466645884],[0.0131688832000291,0.62096349934348],[0.681867669406921,0.181743349985113],[0.576696240647346,0.602237649076674],[0.194480969956948,0.404920330739325],[0.29967332079361,0.67519430819787],[0,0.184860129753612],[0.524524040567485,0.231665005356508],[0.259437200110275,0.537776860429388],[0.499277604051418,0.0474290905743905],[0.194460621262308,0.404874660832508],[0.0559302953180229,0.742002965220111],[0.232183095557332,0.974128687429924],[0.194521395925403,0.404824762598295],[0.707975124593073,0.717966711092919],[0.194613398578221,0.404745392016981]],"C":[[0.286532887937837,-0.929749781395824],[0.491538910294051,-1.1300514524005],[-1.13554536296038,-0.0828842329543518],[-0.76865679885963,-0.62697453791376],[-0.398212096868775,-0.86636501826252],[1.5,-1.5],[0.5,-0.5],[0.793315486301168,-1.37511610982679],[0.26900286988328,-1.36544408604138],[0.235664826428414,-1.32498814162404],[0.695408002370481,-1.19695709259823],[0.150078955570407,-1.34177294359099],[0.0241869396018685,-1.30952030920102],[-0.0349126217255633,-1.28031444592543],[-0.00532510595319852,-1.29671584155474],[0.00159625994847806,-1.29996491903269],[0.0482475198741442,-1.31438157881467],[-0.00232867804438697,-1.29898023486459],[0.000119720721662719,-1.29961948081768],[0.00118233872241996,-1.29871488367746],[-0.000232174476636982,-1.29808433786413],[1.03050086174261,-1.32406316140664],[0.669296866086767,-1.19327085113779],[-0.451087991813764,-0.70125464838856],[-0.0480405488371408,-1.21915087646873],[0.0011392304352873,-1.29746095333064],[0.00065729932573283,-1.29795548508148],[0.000725638553295105,-1.29824452288246],[-0.567475358730124,-0.217095063058451],[0.00408019333911419,-1.2947502091734],[0.744233101046345,-1.11423091299836],[0.157062715243436,-1.00202583615376],[-0.641550988058294,-0.80473126005782],[0.000455370074465944,-1.29821667807856],[0.348832758719939,-0.95430854698173],[1.49536509187634,-1.46582673242748],[0.974928210942393,-1.17120585615993],[0.190903251900518,-1.14348838758565],[0.493350954947619,-1.24847235545996],[0.000530984313332539,-1.29826157579404],[0.0199937174450202,-0.946303401670201],[-0.988508957608928,-0.497164310463469],[0.000516880016373011,-1.29827833811447],[-0.843333720103156,-0.48329502471984],[0.000500493893327902,-1.29830679273485]],"d":[[0.123422563705809,0.0460524094886148],[0.817229998687792,0.921734780648846]],"df":[1.31308974318488,1.44421010083354],"lambda":[[0,0],[0,0],[0,0],[0,0],[0,0],[0,0],[0,0],[0,0],[3.10337753641254,0],[4.10366708066903,0],[1.21593253884507,0],[0.775476003646962,0],[0.907507766462845,0],[1.17157129209461,0],[0.401121673223452,0],[0.440731607537194,0],[1.22309172834546,0],[0.915829438536458,0],[0.608567148727453,0],[0.301304858918449,0],[0,0],[1.56472024161654,0],[0.950195661998528,0],[0.335671082380518,0],[0,0],[1.73975450566313,0],[0.510705346427113,0],[-1.11022302462516e-16,0],[3.24622213142597e-17,0],[3.24622213142597e-17,0],[3.24622213142597e-17,0],[3.24622213142597e-17,0],[3.24622213142597e-17,0],[3.24622213142597e-17,0],[3.24622213142597e-17,0],[3.24622213142597e-17,0],[3.24622213142597e-17,0],[3.24622213142597e-17,0],[3.24622213142597e-17,0],[3.24622213142597e-17,0],[3.24622213142597e-17,0]],"rho":[0.0483598768791423,0.0483598768791423,0.0483598768791423,0.0483598768791423,0.0483598768791423,0.0483598768791423,0.0483598768791423,0.0483598768791423,0.0241799384395712,0.0120899692197856,0.0120899692197856,0.0120899692197856,0.00604498460989279,0.0030224923049464,0.0030224923049464,0.0015112461524732,0.000755623076236599,0.000755623076236599,0.000755623076236599,0.000755623076236599,0.000755623076236599,0.0003778115381183,0.0003778115381183,0.0003778115381183,0.0003778115381183,0.00018890576905915,0.00018890576905915,0.00018890576905915,9.44528845295749e-05,9.44528845295749e-05,9.44528845295749e-05,9.44528845295749e-05,9.44528845295749e-05,9.44528845295749e-05,9.44528845295749e-05,9.44528845295749e-05,9.44528845295749e-05,9.44528845295749e-05,9.44528845295749e-05,9.44528845295749e-05,9.44528845295749e-05]}
