{"prog":["Inf","Inf",1.51487117311332,1.51487117311332,1.51487117311332,1.51487117311332,1.51487117311332,0.743060741872386,0.743060741872386,0.720506077148386,0.61344581242841,0.61344581242841,0.61344581242841,0.61344581242841,0.606782474231946,0.606782474231946,0.606782474231946,0.606782474231946,0.606782474231946,0.606782474231946,0.606782474231946,0.606782474231946,0.606782474231946,0.606782474231946,0.606782474231946,0.606782474231946,0.606782474231946,0.606782474231946,0.606782474231946,0.606782474231946,0.606782474231946,0.606782474231946,0.606782474231946,0.606782474231946,0.600234291059947,0.600234291059947,0.600234291059947,0.600234291059947,0.600234291059947,0.600234291059947,0.600234291059947,0.600234291059947,0.600234291059947,0.600234291059947,0.600234291059947],"mei":["Inf",0.278910636621197,0.23385126574337,0.0800566260699614,0.022164827120699,0.0199941005871781,0.0889078181567256,0.0212424445218927,0.0255658020867431,0.0191960619387337,0.00831585724526365,0.0190480075469585,0.01305894684113,0.000176393053300429,3.67599786927776e-05,0,7.37906591258125e-07,0,1.32221641697294e-07,6.33373265830105e-06,0.000319225501883471,0,0,0,0,0,0,0,0,0,1.56331396230776e-06,0,0,8.72138679319361e-07,0,9.01626183251379e-07,6.88423608634667e-07,0,0,0,0],"obj":[0.948702840774484,1.08158912223801,1.51487117311332,0.321238708063317,0.661601035828144,0.728242873662992,0.728012068678634,0.743060741872386,0,0.720506077148386,0.61344581242841,0.597683221406366,0.37214444648,0.604575934355887,0.606782474231946,0.599781662589685,0.597199265327077,0.426476855637724,0.560672237342289,0.710842390736109,0.599160056634233,0.79229806512685,0.599256856596389,0.599286520927568,0.599522553816072,1.41608175764519,0.946188763504519,0.852510193026138,0.603347654671396,1.10474617660761,1.40242941540117,0.824163837924079,1.7591619552045,1.00028189368702,0.600234291059947,1.25822445483725,0.532210142145541,0.599261334404286,0.778550717133365,0.599488002680238,0.599438540972679,0.786579496143381,0.164476489567029,0.530076355002931,1.18733512465151],"X":[[0.641198773710336,0.307504067064147],[0.945723536705068,0.135865585532939],[0.757657369579574,0.757213803533747],[0.133435267092063,0.187803440971254],[0.116205586822751,0.545395449005392],[0.101049392794072,0.627193480868921],[0.234988485189421,0.493023583489213],[0.256626433630228,0.486434308242158],[0,0],[0.271888895542159,0.448617181606227],[0.219269631675209,0.3941761807532],[0.211116826220516,0.386566395185849],[0,0.37214444648],[0.213494201216485,0.391081733139401],[0.210426840477973,0.396355633753973],[0.195231819397663,0.404549843192022],[0.193368784998457,0.40383048032862],[0.426476855637724,0],[0.560672237342289,0],[0.591276801292477,0.119565589443633],[0.193743027437726,0.405417029196507],[0.287444871087057,0.504853194039793],[0.192950273406702,0.406306583189687],[0.194321103982957,0.404965416944611],[0.196446530753341,0.403076023062731],[0.934631384749904,0.481450372895284],[0.772861935809549,0.173326827694971],[0.707014430407112,0.145495762619026],[0.521812645447956,0.0815350092234404],[0.252731057523268,0.852015119084347],[0.853643146336461,0.54878626906471],[0.79878634614241,0.0253774917816691],[0.932248805855366,0.826913149349138],[0.563601137652388,0.436680756034628],[0.195790040029618,0.404444251030329],[0.336522375056502,0.92170207978075],[0.307735005910866,0.224475136234675],[0.19449450921265,0.404766825191636],[0.687409586659355,0.0911411304740098],[0.193948738237803,0.405539264442434],[0.195766932768145,0.403671608204533],[0.311928975061497,0.474650521081884],[0.0899088647987016,0.0745676247683278],[0.448048291898204,0.0820280631047273],[0.708518660104116,0.478816464547398]],"C":[[0.722939458110817,-0.994305381331369],[0.630866624178406,-0.587147534789849],[-0.955028227697591,-0.352582566059716],[1.38057932102126,-1.44692489705543],[0.526377276450761,-1.18904006579539],[0.644228913873743,-1.09641735777148],[0.0684300434012265,-1.20170815795184],[-0.00528787694255917,-1.1975245373272],[1.5,-1.5],[-0.117010621956382,-1.22481905284855],[-0.00668851232215123,-1.29654596715184],[0.0202792786383567,-1.30599610779959],[0.256032986854937,-1.36150851095409],[0.00611778302595734,-1.30147530405162],[-0.00311383672661603,-1.29862275639794],[8.16017612759179e-06,-1.29822396106799],[0.00301971883730712,-1.29952945614578],[0.618623233488616,-1.31811749160536],[0.479647438922091,-1.18564664227359],[0.349726627819192,-1.13609581407433],[0.000770405711195243,-1.29810067175674],[-0.0182998283353119,-1.16249869855356],[0.000782225110935841,-1.297685152449],[0.000591283671814824,-1.29824231962572],[0.000441944190865906,-1.29893848018691],[-0.131305431935049,-0.394669713079469],[-0.119511267002738,-0.872642238977915],[0.0185911862626474,-0.978961578256015],[0.498301103128186,-1.22106360532154],[-0.842332627743544,-0.710197249414857],[-0.0843017215636311,-0.470127009598823],[0.911184463913644,-0.861296356127329],[-1.57421206262801,0.0528731925852657],[-0.108444132362951,-0.99166367494596],[-0.00051444425106506,-1.29809110803372],[-1.17604540367649,-0.537217967214172],[1.13983303841198,-1.35491007934946],[0.000614507503874206,-1.29833570311041],[0.146212237382815,-1.01916135450473],[0.000395969336271396,-1.29792179193145],[0.000455482909380245,-1.29872454076412],[-0.162010961292236,-1.17740719735378],[1.64831002946146,-1.48635606536702],[0.773645277013947,-1.29252412499039],[-0.0285705387854889,-0.768736101562599]],"d":[[0.112965814181332,0.0463873242824883],[0.758221837453035,0.90989228738833]],"df":[1.08224199161684,1.32037938163894],"lambda":[[0,0],[0,0],[0,0],[0.748269851044062,0],[0.632625940986944,0],[0.516982030929825,0],[0,0],[0,0],[0.443500312195686,0],[0.150949738193696,0],[0.41853703558658,0],[0.146143212313484,0],[0.146857052430718,0],[0.675178111960251,0],[0.678033472429189,0],[0.683744193367064,0],[0.695165635242816,0],[0.718008518994319,0],[0.763694286497325,0],[0.855065821503337,0],[1.03780889151536,0],[1.40329503153941,0],[2.13426731158751,0],[3.5962118716837,0],[6.52010099187608,0],[12.3678792322609,0],[24.0634357130304,0],[47.4545486745695,0],[94.2367745976476,0],[187.801226443804,0],[374.930130136117,0],[2.1600499167107e-12,0],[2.1600499167107e-12,0],[2.1600499167107e-12,0],[2.1600499167107e-12,0],[2.1600499167107e-12,0],[2.1600499167107e-12,0],[2.1600499167107e-12,0],[2.1600499167107e-12,0],[2.1600499167107e-12,0],[2.1600499167107e-12,0]],"rho":[0.0914510230577191,0.0914510230577191,0.0914510230577191,0.0457255115288595,0.0457255115288595,0.0457255115288595,0.0457255115288595,0.0457255115288595,0.0228627557644298,0.0228627557644298,0.0114313778822149,0.0114313778822149,0.00571568894110744,0.00285784447055372,0.00142892223527686,0.00071446111763843,0.000357230558819215,0.000178615279409608,8.93076397048038e-05,4.46538198524019e-05,2.23269099262009e-05,1.11634549631005e-05,5.58172748155024e-06,2.79086374077512e-06,1.39543187038756e-06,6.9771593519378e-07,3.4885796759689e-07,1.74428983798445e-07,8.72144918992224e-08,4.36072459496112e-08,2.18036229748056e-08,2.18036229748056e-08,2.18036229748056e-08,2.18036229748056e-08,2.18036229748056e-08,2.18036229748056e-08,2.18036229748056e-08,2.18036229748056e-08,2.18036229748056e-08,2.18036229748056e-08,2.18036229748056e-08]}
