{"prog":["Inf","Inf",1.37048927676643,1.37048927676643,1.37048927676643,1.37048927676643,1.37048927676643,0.649906607248925,0.649906607248925,0.64731749223049,0.646531849228853,0.644432488114107,0.639830237385094,0.632760889649906,0.632760889649906,0.610819377824802,0.610819377824802,0.606481827234585,0.606481827234585,0.606481827234585,0.606481827234585,0.600996836202574,0.600996836202574,0.600996836202574,0.600996836202574,0.600996836202574,0.600996836202574,0.600996836202574,0.600996836202574,0.600996836202574,0.600996836202574,0.600996836202574,0.600996836202574,0.600996836202574,0.600996836202574,0.600996836202574,0.600996836202574,0.600996836202574,0.600996836202574,0.600996836202574,0.600996836202574,0.600996836202574,0.600996836202574,0.600996836202574,0.600996836202574],"mei":["Inf",0.150697799454958,0.635604111163419,0.00114704735828704,0.00100112927111292,0.000779594314199491,0.00413722707301972,0.00138650252400895,0.00890088202999254,0.0184193153732895,0.0192326905620613,0.0347050116051892,0.00587286975524534,0.0192711691288544,0.0019191948393975,0.000662976441385111,3.00385054273836e-05,0.00200225920120809,2.2730743234081e-05,2.91770584850414e-06,2.09598966378887e-06,8.32032324485108e-05,0,0,0,6.8092050989008e-07,0,0,0,0,3.20950900137618e-06,0,0,0,4.70593317474437e-05,0,0,0,0,1.80962398787276e-06,0],"obj":[0.628515136453443,1.83831350699494,1.37048927676643,1.02323261532542,0.808492063425596,0.617360288957815,0.646261740218014,0.649906607248925,0,0.64731749223049,0.646531849228853,0.644432488114107,0.639830237385094,0.632760889649906,0.605093629706619,0.610819377824802,0.611500746705429,0.606481827234585,0.602025640333128,0.342823912263092,0.361425034339097,0.600996836202574,0.198125828527483,0.567045214889343,0.621808822364818,0.599247294550206,1.29007687597877,1.60525654038327,1.68570579133763,0.599662524192042,1.11265194711742,1.05383006931931,0.514390003890356,1.16903092639028,0.434295766746612,0.822126286523725,0.692549369863921,1.80248204555243,0.599501554794874,0.13087398340932,1.46729668860107,1.86097512757675,1.17889312501561,0.599622334375975,1.7331213706312],"X":[[0.174168328264302,0.454346808189141],[0.880930664302067,0.957382842692869],[0.619885636428344,0.750603640338081],[0.962831532648492,0.0604010826769287],[0.462485182141532,0.346006881284063],[0.157273379799197,0.460086909158618],[0.201187032239197,0.445074707978817],[0.206645017855067,0.443261589393858],[0,0],[0.202943020909689,0.4443744713208],[0.202369723305859,0.444162125922995],[0.201368542770662,0.443063945343445],[0.1993420172191,0.440488220165994],[0.196264589021993,0.436496300627913],[0.184908493953992,0.420185135752627],[0.189165928875556,0.421653448949246],[0.190531726001002,0.420969020704426],[0.189056397294978,0.417425429939606],[0.189704503234376,0.412321137098752],[0,0.342823912263092],[0.359783550417828,0.00164148392126812],[0.191504476199937,0.409492360002637],[0.0204750621548403,0.177650766372642],[0.560935127791059,0.00611008709828363],[0.00055814311148741,0.621250679253331],[0.194784258027398,0.404463036522808],[0.462770779594167,0.827306096384606],[0.728141786046778,0.877114754336494],[0.722382494874481,0.963323296463146],[0.194821750487409,0.404840773704634],[0.426704344665563,0.68594760245186],[0.505573403464391,0.548256665854914],[0.46343204296409,0.0509579609262659],[0.859128378866782,0.309902547523496],[0.00261123955030669,0.431684527196305],[0.336216396384876,0.485909890138849],[0.0581453508124094,0.634404019051512],[0.949917238361555,0.852564807190878],[0.194388173545249,0.405113381249624],[0.00697172042978269,0.123902262979537],[0.547229656001048,0.920067032600024],[0.965139959932617,0.895835167644135],[0.723936447606128,0.454956677409484],[0.194839538173575,0.4047827962024],[0.835167485410573,0.897953885220632]],"C":[[0.0711246937316579,-1.26323437131796],[-0.913001544006617,0.192620742790358],[-0.285868806021784,-0.552335972861048],[0.885470238886658,-0.56930714894921],[0.414018992864926,-1.16638669440359],[0.117189946023776,-1.26358512002741],[0.00355243382884973,-1.26143228237635],[-0.00877901291185984,-1.26081699996371],[1.5,-1.5],[-0.000652853211146942,-1.26134545950241],[-2.1858461484725e-06,-1.26176650098468],[-1.22755874485403e-05,-1.26314505031912],[-0.00038363728407792,-1.26623288806601],[-0.000468920094930492,-1.27095119063417],[0.00554854151059025,-1.28925330055621],[-0.00016913060063517,-1.28642462034185],[-0.00222990098604969,-1.28648274499424],[-0.000293487013988902,-1.29001368908158],[0.000327726953938123,-1.29400348135419],[0.354670390543163,-1.38247176518063],[0.780809908493356,-1.37055310237928],[-0.000220818257555488,-1.29564204269486],[1.51952742628685,-1.46802097703697],[0.453728842712293,-1.18531444924568],[0.756385590794278,-1.11404728200354],[0.000629724278618515,-1.29846874491147],[-0.434651656623142,-0.601407828438672],[-0.489008386246329,-0.20047924713784],[-0.867494234708854,-0.0501717575902991],[0.000148127916949181,-1.29814843348326],[0.166078611120861,-0.847399288934078],[-0.522713884577827,-0.943810162055085],[0.609084731184661,-1.28263402777237],[-0.317286217220319,-0.665858839664182],[0.255581514959436,-1.31364165040731],[-0.195727880474256,-1.15085011346722],[0.670699511949702,-1.09415065879019],[-1.62779685593112,0.129209510196862],[0.000346711231569041,-1.29809638631824],[1.74517405219021,-1.4845996243428],[-1.01375775126374,-0.354016359115562],[-1.64171585458449,0.234015789846728],[0.194847192123063,-0.768930441507943],[0.000193906102878949,-1.29818844226287],[-0.841256188178903,0.00382590866984778]],"d":[[0.0754102680270236,0.0443352295616509],[0.871207690892429,0.906071615479668]],"df":[1.3389145019642,1.31061858547969],"lambda":[[0,0],[0,0],[0,0],[1.92482307295586,0],[0,0],[0,0],[0,0],[0,0],[0,0],[0,0],[0,0],[6.01275701976728,0],[5.64619539117152,0],[0.813266672276544,0],[0.177183802497461,0],[0.887475881631162,0],[2.30806003989856,0],[5.14922835643337,0],[1.32054213126845,0],[-2.22044604925031e-16,0],[-2.22044604925031e-16,0],[-2.22044604925031e-16,0],[-2.22044604925031e-16,0],[-2.22044604925031e-16,0],[-2.22044604925031e-16,0],[-2.22044604925031e-16,0],[2.56833525209387,0],[7.7050057562816,0],[0,0],[10.2733410083755,0],[0,0],[0,0],[0,0],[0,0],[0,0],[0,0],[0,0],[0,0],[0,0],[0,0],[0,0]],"rho":[0.00184558979927149,0.00184558979927149,0.00184558979927149,0.000922794899635743,0.000922794899635743,0.000922794899635743,0.000922794899635743,0.000922794899635743,0.000922794899635743,0.000922794899635743,0.000922794899635743,0.000461397449817871,0.000461397449817871,0.000461397449817871,0.000461397449817871,0.000230698724908936,0.000115349362454468,5.76746812272339e-05,5.76746812272339e-05,5.76746812272339e-05,5.76746812272339e-05,5.76746812272339e-05,5.76746812272339e-05,5.76746812272339e-05,5.76746812272339e-05,5.76746812272339e-05,2.8837340613617e-05,1.44186703068085e-05,1.44186703068085e-05,7.20933515340424e-06,7.20933515340424e-06,7.20933515340424e-06,7.20933515340424e-06,7.20933515340424e-06,7.20933515340424e-06,7.20933515340424e-06,7.20933515340424e-06,7.20933515340424e-06,7.20933515340424e-06,7.20933515340424e-06,7.20933515340424e-06]}
