{"prog":[0.870026968133176,0.870026968133176,0.870026968133176,0.870026968133176,0.870026968133176,0.870026968133176,0.870026968133176,0.870026968133176,0.870026968133176,0.622943881012328,0.608318142971267,0.608318142971267,0.602533966249176,0.602533966249176,0.602533966249176,0.602533966249176,0.601056603497386,0.601056603497386,0.601056603497386,0.601056603497386,0.600142417124881,0.600142417124881,0.600142417124881,0.600142417124881,0.600142417124881,0.600142417124881,0.600142417124881,0.600142417124881,0.600142417124881,0.600142417124881,0.600142417124881,0.600142417124881,0.600142417124881,0.600142417124881,0.600142417124881,0.600142417124881,0.600142417124881,0.600142417124881,0.600142417124881,0.600142417124881,0.600142417124881,0.600142417124881,0.600142417124881,0.600142417124881,0.600142417124881],"mei":["Inf",0.029014052455731,0.175752888653962,0.119862670197716,0.123547163917053,0.261447533959097,0.0267986533673122,0.021638779190132,0.0188415028615032,0.00397882244190084,0.0203764869803386,0.000520805073742275,0.00481731262334699,0.00154605757610154,0.00165751596949726,1.77791204149762e-05,0.000266112129899827,0.00787739620361847,0.0017234080861571,0.00128123619664686,2.74335165379749e-06,1.23013183777293e-05,7.19852658267134e-05,0,0,0,0,0,0,0,0,1.72486667519243e-06,2.81101862826036e-05,0.000510591828765473,0,0,0,0,3.63424647559658e-05,8.00662149712742e-06,0.000368378113604372],"obj":[0.870026968133176,1.42437856808407,1.26929624202878,0.288092944414376,0.767178254636744,0.386883400872226,0.419417277281792,0.238650697487767,0.467506305128858,0.622943881012328,0.608318142971267,0.619276446061955,0.602533966249176,0.457114474889691,0.595948356446123,0.592993205373309,0.601056603497386,0,0.598902643031432,0.574875046437871,0.600142417124881,0.599539021670003,0.599464681500582,0.59914173654306,0.59951358719446,0.599277697117467,0.599496557455864,0.912565012640218,1.19061165286592,1.57569294571269,0.921262108642948,1.42288054486217,0.872299820680381,1.00305398880622,1.14226530285046,0.563096563898927,0.599428451271756,0.599447500399208,0.717835444690668,0.477617080613928,0.955712799993649,0.20246466654224,0.599461435280913,0.59949253117453,0.599484030253164],"X":[[0.37081443546126,0.499212532671916],[0.798459438290088,0.625919129793979],[0.336895671854004,0.932400570174772],[0.184610485677749,0.103482458736627],[0.629355455825421,0.137822798811324],[0,0.386883400872226],[0,0.419417277281792],[0,0.238650697487767],[0.0708265584384772,0.396679746690381],[0.202640391791842,0.420303489220486],[0.20819562340924,0.400122519562027],[0.212192552356276,0.407083893705679],[0.197996863021314,0.404537103227863],[0.457114474889691,0],[0.191815282098871,0.404133074347252],[0.592993205373309,0],[0.196112129314535,0.404944474182851],[0,0],[0.194379331776085,0.404523311255347],[0,0.574875046437871],[0.194787301547743,0.405355115577138],[0.195683040582197,0.403855981087806],[0.194284249961674,0.405180431538908],[0.194646405579515,0.404495330963545],[0.194810884916709,0.404702702277751],[0.196209519198922,0.403068177918545],[0.194160485009677,0.405336072446188],[0.721245076507713,0.191319936132506],[0.855566952465467,0.335044700400449],[0.770412910549439,0.805280035163248],[0.104964083183921,0.816298025459027],[0.542536164636942,0.880344380225228],[0.166958107915232,0.705341712765149],[0.388409408806453,0.614644579999765],[0.735136557951462,0.407128744898999],[0.400608344088699,0.162488219810228],[0.195079576513274,0.404348874758481],[0.195202208163447,0.404245292235761],[0.330264501083611,0.387570943607057],[0.243763990148707,0.233853090465221],[0.611031790760446,0.344681009233203],[0.113314261247663,0.0891504052945763],[0.195048783904443,0.40441265137647],[0.194846193410769,0.404646337763761],[0.194829320298949,0.404654709954215]],"C":[[-0.252643903515464,-1.11328350167684],[-0.879302714313183,-0.470687768363425],[-1.20168006982342,-0.517130483023798],[1.55087045565609,-1.45521034931165],[0.251712899694236,-1.08491658635059],[0.231797799199469,-1.35032123412954],[0.237050966802909,-1.32408914751753],[1.0937668774665,-1.4430458445886],[0.150254122039521,-1.33762877718542],[-0.01921650757351,-1.28228184856353],[-0.0079708957945922,-1.29655655173257],[-0.0227482737283611,-1.28925702420995],[-0.00317887487525342,-1.29714697434573],[0.559421905101438,-1.29104635684632],[0.00446246297678926,-1.29988335577197],[0.505549876798935,-1.14835905838109],[-0.00147578580096502,-1.29756000556449],[1.5,-1.5],[0.00102973511027116,-1.29857756602929],[0.754296431874868,-1.16951868098306],[-0.000389966520298601,-1.29774513743119],[0.000322610368839404,-1.29860849416811],[0.000393867131312398,-1.29808244811477],[0.000751975098812696,-1.29849630402367],[0.000319611570655021,-1.29826444188705],[0.00072147092624153,-1.29903786852515],[0.000367487039025394,-1.29800437443471],[0.0158007145820617,-0.943202221651637],[-0.215270966669157,-0.655750238582527],[-0.827592380901346,-0.257988012226221],[-0.583431961170187,-0.822640074873052],[-0.69827551756466,-0.430648282266896],[0.258147451090881,-0.974618058434892],[0.118836913114218,-0.971350171427535],[0.445010962493601,-0.793820426240243],[1.20396745526397,-1.31311053306941],[0.000422024847291091,-1.29844594630895],[0.000403575291177127,-1.29848184163334],[-0.0374744543900304,-1.24071412299553],[1.06097589556235,-1.38589184918665],[0.657224031405112,-1.00783515255406],[1.63949087153347,-1.47921208343371],[0.00038216198480262,-1.29840637930405],[0.000343784906519651,-1.29829630224771],[0.000353706858488401,-1.29829610166372]],"d":[[0.0950083687601878,0.0446543398540538],[0.891081702200591,0.910970326878645]],"df":[1.26459467715718,1.34105012917068],"lambda":[[0,0],[0,0],[0,0],[0,0],[0,0],[4.12646494513453,0],[3.07096984398657,0],[2.0154747428386,0],[0.765992161885288,0],[0.591387757564827,0],[0.416783353244366,0],[0.661890732565889,0],[1.15210549120894,0],[0.827866619540166,0],[0.503627747871397,0],[0.729866643823445,0],[1.18234443572754,0],[0.839632629047917,0],[1.12315025582745,0],[0.437726642468203,0],[1.00476189602727,0],[0,0],[1.12352884787158,0],[0,0],[2.24705769574316,0],[0,0],[0,0],[0,0],[0,0],[0,0],[0,0],[0,0],[0,0],[0,0],[0,0],[0,0],[0,0],[0,0],[0,0],[0,0],[0,0]],"rho":[0.0364123103036858,0.0364123103036858,0.0364123103036858,0.0364123103036858,0.0364123103036858,0.0182061551518429,0.0182061551518429,0.0182061551518429,0.0182061551518429,0.0182061551518429,0.0182061551518429,0.00910307757592146,0.00455153878796073,0.00455153878796073,0.00455153878796073,0.00227576939398036,0.00113788469699018,0.00113788469699018,0.000568942348495091,0.000568942348495091,0.000284471174247546,0.000284471174247546,0.000142235587123773,0.000142235587123773,7.11177935618864e-05,7.11177935618864e-05,7.11177935618864e-05,7.11177935618864e-05,7.11177935618864e-05,7.11177935618864e-05,7.11177935618864e-05,7.11177935618864e-05,7.11177935618864e-05,7.11177935618864e-05,7.11177935618864e-05,7.11177935618864e-05,7.11177935618864e-05,7.11177935618864e-05,7.11177935618864e-05,7.11177935618864e-05,7.11177935618864e-05]}
