{"prog":[1.42177098589525,1.42177098589525,1.42177098589525,1.42177098589525,1.36511179093391,1.36511179093391,1.36511179093391,1.36511179093391,1.36511179093391,1.36511179093391,0.611585931291514,0.603807987382349,0.603807987382349,0.603807987382349,0.603807987382349,0.603807987382349,0.603807987382349,0.603807987382349,0.603807987382349,0.603807987382349,0.603807987382349,0.603807987382349,0.603807987382349,0.600496272345078,0.600496272345078,0.600496272345078,0.600496272345078,0.600496272345078,0.600496272345078,0.600496272345078,0.600496272345078,0.600496272345078,0.600496272345078,0.600496272345078,0.600496272345078,0.600496272345078,0.600496272345078,0.600496272345078,0.600496272345078,0.600496272345078,0.600496272345078,0.600496272345078,0.600496272345078,0.600496272345078,0.600496272345078],"mei":["Inf",0.175545270077871,0.446850981336891,0.56821092635021,0.260182222485609,0.126519971826322,0.238365391156,0.0118732571951412,0.00531878204229454,0.0166382652159715,0.000588472814785756,0.000771993219864755,1.08503305230089e-05,0.000642343679050319,0.00395193910269849,9.05371984283866e-05,0,0.00266028348149541,0,7.96906275379947e-05,0,0,3.45713648130435e-05,8.05807936716271e-05,4.67507286137745e-05,0.000396693964800449,0,0,0,0,0,0,0,0,0,0,0,0,0,0,1.27041725980818e-05],"obj":[1.42177098589525,0.22842120374749,0.535930620319194,1.60568979628982,1.36511179093391,0.6081160255,0.414883961231538,0.302884672169415,0.489918176571736,0.545489044027714,0.611585931291514,0.603807987382349,0.608446157334616,0.599754945786066,0.520380853714019,0.599577776804336,0.549683365124199,0.599347489884918,0.599481099999035,0.599390762000668,0.622677612844035,0.599592855025081,0.263694586703296,0.600496272345078,0.921560122965686,0.777880486745453,0.599647109725942,0.599534815826039,0.599609972752463,0.599638344674767,1.21072999029107,0.528682874218394,0.184104449272646,0.557546997682598,1.18531233411485,1.13679552175868,0.146332541600739,1.04850642221084,0.742682641506261,0.385338623777576,0.493432474130679,0.777245162520847,1.86878756325636,1.2432564759507,0.599445425188523],"X":[[0.466528336644761,0.955242649250488],[0.210357092486312,0.0180641112611778],[0.0176433048997175,0.518287315419476],[0.796934672993825,0.808755123295997],[0.992793065088986,0.372318725844919],[0,0.6081160255],[0.0259976243030712,0.388886336928466],[0.00274405886067784,0.300140613308738],[0.0957573505050614,0.394160826066675],[0.150882775314265,0.394606268713449],[0.218136221171604,0.39344971011991],[0.19959984297527,0.404208144407079],[0.201871034272704,0.406575123061912],[0.19386076077641,0.405894185009656],[0.520380853714019,0],[0.193564974382411,0.406012802421925],[0.441096332037513,0.108587033086687],[0.193134544964104,0.406212944920814],[0.193114218519528,0.406366881479507],[0.193247955523138,0.40614280647753],[0.0633506043036353,0.559327008540399],[0.193531868302523,0.406060986722558],[0.0130003662846983,0.250694220418598],[0.198814721567381,0.401681550777697],[0.371508280611063,0.550051842354623],[0.721056399900526,0.0568240868449267],[0.193718902478527,0.405928207247415],[0.193695100953165,0.405839714872874],[0.19316848991283,0.406441482839633],[0.193789920132684,0.405848424542083],[0.878164852685613,0.332565137605454],[0.306231118508016,0.222451755710377],[0.00924040230858149,0.174864046964064],[0.180323881930607,0.377223115751991],[0.570727219685197,0.614585114429655],[0.303659306394136,0.833136215364546],[0.117584061315885,0.028748480284854],[0.347718095436347,0.700788326774488],[0.57051417039086,0.172168471115401],[0.237368396343516,0.14797022743406],[0.304940050459313,0.188492423671366],[0.497584518406862,0.279660644113985],[0.967005628050213,0.901781935206145],[0.802872501179081,0.440383974771617],[0.194421764099975,0.405023661088548]],"C":[[-1.34510840039778,-0.369862792160382],[1.22801010757006,-1.45542358152505],[0.55872353795491,-1.23106697246749],[-0.969607547833411,-0.210810277522701],[-0.736631401631355,-0.375740696296433],[0.772556046598412,-1.13019489953008],[0.203458837316753,-1.34809154048096],[0.602386895099815,-1.40990808238362],[0.124285252977941,-1.33546777301869],[0.0625720536751544,-1.32152028080551],[-0.00390947218729842,-1.29761391461953],[-0.00461424375902575,-1.29677567867923],[-0.0100780121845571,-1.29394475482886],[0.000122810792328898,-1.29766791600654],[0.483881515664509,-1.22920376708787],[0.000350032033123726,-1.29768620496183],[0.91251639485377,-1.29364288210848],[0.000656947949280118,-1.29769009092027],[0.00052630546545851,-1.29757285624221],[0.000593221275542066,-1.29770324843268],[0.647803805883856,-1.18313999845161],[0.000339603902391461,-1.29765989101324],[0.981780273904103,-1.43698339832517],[-0.00028967841752281,-1.29912463825291],[-0.0896011255790211,-1.0594245681597],[0.387573417535138,-0.976848691316733],[0.000255329460622566,-1.29769527738341],[0.000376136337540356,-1.29777633369865],[0.000387116367250639,-1.29749125553192],[0.000254721700934935,-1.29773252315168],[-0.352331717806139,-0.618226920757121],[1.15128448479414,-1.3567377184387],[1.54619874836336,-1.46933718004453],[0.0729865160575287,-1.32518601854784],[-0.584977270471766,-0.796555577831893],[-0.694301518264055,-0.713675072288274],[1.46040016465278,-1.48534751340577],[0.241450847020767,-0.887987847162732],[0.644231189600747,-1.14487159893701],[1.46562335495029,-1.42176105621042],[1.30671155296426,-1.37148217184437],[0.905953159792725,-1.17419957117556],[-1.6383400898211,0.248310543344926],[0.314471269398297,-0.661457701614799],[0.000407937600098496,-1.29815601160268]],"d":[[0.110501361633128,0.0526778553137331],[0.72031417282508,0.966359236113164]],"df":[1.23281120133674,1.45144782111622],"lambda":[[0,0],[0,0],[0,0],[1.7794297056031,0],[5.3382891168093,0],[-8.88178419700125e-16,0],[2.18899454098066,0],[1.91545986300636,0],[1.5926143175589,0],[0.887484395806254,0],[0.896077118537623,0],[0.913262564000361,0],[0.947633454925836,0],[1.01637523677679,0],[1.15385880047869,0],[1.4288259278825,0],[1.97876018269011,0],[3.07862869230533,0],[5.27836571153577,0],[9.67783974999665,0],[1.77635683940025e-15,0],[8.79894807692177,0],[1.77635683940025e-15,0],[1.77635683940025e-15,0],[1.77635683940025e-15,0],[1.77635683940025e-15,0],[1.77635683940025e-15,0],[1.77635683940025e-15,0],[1.77635683940025e-15,0],[1.77635683940025e-15,0],[1.77635683940025e-15,0],[1.77635683940025e-15,0],[1.77635683940025e-15,0],[1.77635683940025e-15,0],[1.77635683940025e-15,0],[1.77635683940025e-15,0],[1.77635683940025e-15,0],[1.77635683940025e-15,0],[1.77635683940025e-15,0],[1.77635683940025e-15,0],[1.77635683940025e-15,0]],"rho":[0.114339350790929,0.114339350790929,0.114339350790929,0.0571696753954647,0.0285848376977324,0.0285848376977324,0.0142924188488662,0.0142924188488662,0.0142924188488662,0.0142924188488662,0.00714620942443309,0.00357310471221654,0.00178655235610827,0.000893276178054136,0.000446638089027068,0.000223319044513534,0.000111659522256767,5.58297611283835e-05,2.79148805641918e-05,1.39574402820959e-05,1.39574402820959e-05,6.97872014104794e-06,6.97872014104794e-06,6.97872014104794e-06,6.97872014104794e-06,6.97872014104794e-06,6.97872014104794e-06,6.97872014104794e-06,6.97872014104794e-06,6.97872014104794e-06,6.97872014104794e-06,6.97872014104794e-06,6.97872014104794e-06,6.97872014104794e-06,6.97872014104794e-06,6.97872014104794e-06,6.97872014104794e-06,6.97872014104794e-06,6.97872014104794e-06,6.97872014104794e-06,6.97872014104794e-06]}
