{"prog":["Inf","Inf","Inf","Inf",1.49488499361437,1.49488499361437,0.666405665491995,0.666405665491995,0.666405665491995,0.663614233107038,0.660372678299637,0.65235832257676,0.65235832257676,0.624874003785216,0.624874003785216,0.624874003785216,0.601194101128388,0.601194101128388,0.601194101128388,0.601194101128388,0.601194101128388,0.601194101128388,0.601194101128388,0.601194101128388,0.599903116943171,0.599903116943171,0.599903116943171,0.599903116943171,0.599903116943171,0.599903116943171,0.599903116943171,0.599903116943171,0.599903116943171,0.599903116943171,0.599903116943171,0.599903116943171,0.599903116943171,0.599903116943171,0.599903116943171,0.599903116943171,0.599903116943171,0.599903116943171,0.599903116943171,0.599903116943171,0.599903116943171],"mei":["Inf",0.270025860862242,0.757197372647986,0.00244943726552216,0.00187277215135614,0.00239693738577307,0.00430224489444205,0.0162602869226063,0.0100299671896007,0.0167071644545306,0.00949790874160403,0.0061330532499157,0.0194652224631568,0.0123262571515787,4.33927076869205e-05,7.17181858195866e-06,5.02304571927009e-06,0,0,2.57796220159316e-05,8.658157403653e-05,0,0,0,0,0,0,0,0,0,0,5.42224058012337e-07,2.88053168760109e-05,2.15011740307587e-06,0,0,0,1.12951226012685e-06,0,0,6.33945706471141e-08],"obj":[0.967654976250524,0.552831209081419,0.602984829564342,0.177563267689562,1.49488499361437,0.623101496735677,0.666405665491995,0.663989338181073,0.664047363034343,0.663614233107038,0.660372678299637,0.65235832257676,0.630441485368715,0.624874003785216,0.60269630189454,0.598534055002886,0.601194101128388,0.599703546681955,0.972801148777969,0.342116166101733,0.367771786275527,0.449670243085146,1.48948071277232,0.599538653020849,0.599903116943171,1.1742972311184,0.965427464340028,0.908321236199169,0.610256711523388,1.52558267800724,0.90820757645895,1.26210925167895,0.369878631317727,0.888344427638115,0.660738632025183,0.599485033317975,0.599508232139004,0.600124585341253,0.722960638838392,0.969100129142753,1.50598730527302,0.562161975904076,0.277579236423545,0.990440657121372,0.602276797569827],"X":[[0.238036444456791,0.729618531793733],[0.0317103165508505,0.521120892530568],[0.244041821836504,0.358943007727839],[0.0462263011667473,0.131336966522815],[0.587749614782573,0.907135378831796],[0.256865322936224,0.366236173799453],[0.284734768128114,0.381670897363881],[0.283259801776175,0.380729536404898],[0.283824252334519,0.380223110699823],[0.282146933307524,0.381467299799514],[0.278680870483535,0.381691807816103],[0.269905798235145,0.382452524341615],[0.245604191152372,0.384837294216343],[0.237590421333391,0.387283582451824],[0.206507965606131,0.396188336288408],[0.195117787974421,0.403416267028464],[0.200154626197615,0.401039474930773],[0.194902187156536,0.404801359525419],[0.972801148777969,0],[0.342116166101733,0],[0,0.367771786275527],[0.130804568102165,0.31886567498298],[0.850688616600886,0.638792096171433],[0.194639019443848,0.404899633577001],[0.19592574448043,0.403977372462741],[0.463685184276357,0.710612046842047],[0.0627347569962346,0.902692707343794],[0.101948263353237,0.806372972845932],[0.214382020135359,0.395874691388028],[0.688028423520184,0.837554254487053],[0.0941954852279265,0.814012091231023],[0.996770155960827,0.26533909571812],[0.290442795645409,0.079435835672318],[0.775540616294169,0.112803811343946],[0.484271729733858,0.176466902291325],[0.194940580674222,0.404544452643753],[0.195061140574679,0.404447091564325],[0.189010470421477,0.411114114919777],[0.483651960750029,0.239308678088362],[0.426399881466758,0.542700247675995],[0.854151249502681,0.651836055770339],[0.546619372279976,0.0155426036240994],[0.260066714618836,0.0175125218047091],[0.406509732035759,0.583930925085612],[0.19758716486592,0.404689632703907]],"C":[[0.0900344764825594,-0.910995449173527],[0.5541508026707,-1.22742747119239],[0.118743258753432,-1.31160350639801],[1.69000434700114,-1.48061373030503],[-0.80469444433383,-0.33165579479463],[0.077923383000764,-1.29989127087361],[-0.00347766388280357,-1.27325343792448],[0.00124511292013502,-1.27480890480663],[0.003463226494406,-1.2748741798765],[-0.00184707290657055,-1.27487580720883],[-0.00183615369043344,-1.27664833627261],[-0.00203789041472713,-1.28088092670378],[0.000938995123750785,-1.29157883826863],[-0.00215898470650067,-1.2935622184539],[0.00111607528678759,-1.30038926233024],[0.00151972783552068,-1.29918436431279],[-0.000808982475142273,-1.29910546515894],[9.95352210065303e-05,-1.29814899676797],[0.69259484520462,-0.553657924936263],[0.822439759568419,-1.38295652889185],[0.266517641480964,-1.36474391321971],[0.387769797061023,-1.38121484628125],[-0.794425026741937,-0.368273535454577],[0.000294241486401892,-1.29817193883915],[-0.000106169458202354,-1.29841538518789],[0.0962928715665722,-0.780026568765558],[-0.842221280787438,-0.681210226372955],[-0.514533624216693,-0.839369180262873],[-0.00595646100467506,-1.29732357816112],[-0.385961625289956,-0.325119759218967],[-0.562544950585068,-0.828511525892372],[-0.143032641225793,-0.436044420469319],[1.27632115835524,-1.40933293046872],[0.147204190928563,-0.88581205262434],[1.00142055969829,-1.23434032417628],[0.000352762785531868,-1.29834195584156],[0.000327168246247067,-1.29837370156286],[0.00185488784320909,-1.29526022658478],[1.03745327660776,-1.20881213745425],[-0.296511097025701,-1.02365958225755],[-0.882289429829831,-0.345535399370777],[0.42538690954021,-1.20096568932083],[1.1031772922696,-1.4320586155274],[-0.0661670908157216,-0.993774512488876],[-0.0028893449539642,-1.29718561346222]],"d":[[0.200991917248995,0.0273150269039254],[0.910798306712102,0.883623725283451]],"df":[1.34645412821432,1.46224576552267],"lambda":[[0,0],[0,0],[0,0],[0,0],[0.459228497344237,0],[1.37768549203271,0],[0,0],[0,0],[0,0],[1.38529867522981,0],[0,0],[3.2930897661486,0],[9.87926929844579,0],[0.331340260244254,0],[1.50609404808734,0],[3.85560162377351,0],[8.55461677514585,0],[0,0],[9.39803030274468,0],[0,0],[18.7960606054894,0],[0,0],[0,0],[0,0],[0,0],[0,0],[0,0],[0,0],[0,0],[0,0],[0,0],[0,0],[0,0],[0,0],[0,0],[0,0],[0,0],[0,0],[0,0],[0,0],[0,0]],"rho":[0.00271131457942098,0.00271131457942098,0.00271131457942098,0.00271131457942098,0.00135565728971049,0.000677828644855244,0.000677828644855244,0.000677828644855244,0.000677828644855244,0.000338914322427622,0.000338914322427622,0.000169457161213811,8.47285806069055e-05,8.47285806069055e-05,4.23642903034527e-05,2.11821451517264e-05,1.05910725758632e-05,1.05910725758632e-05,5.29553628793159e-06,5.29553628793159e-06,2.6477681439658e-06,2.6477681439658e-06,2.6477681439658e-06,2.6477681439658e-06,2.6477681439658e-06,2.6477681439658e-06,2.6477681439658e-06,2.6477681439658e-06,2.6477681439658e-06,2.6477681439658e-06,2.6477681439658e-06,2.6477681439658e-06,2.6477681439658e-06,2.6477681439658e-06,2.6477681439658e-06,2.6477681439658e-06,2.6477681439658e-06,2.6477681439658e-06,2.6477681439658e-06,2.6477681439658e-06,2.6477681439658e-06]}
