{"prog":[0.859736113450428,0.859736113450428,0.859736113450428,0.859736113450428,0.859736113450428,0.859736113450428,0.858809143073502,0.856659569654928,0.849161515396556,0.849161515396556,0.849161515396556,0.695430686893301,0.634613343379585,0.604708218704464,0.604708218704464,0.604708218704464,0.604708218704464,0.604708218704464,0.604708218704464,0.604708218704464,0.604708218704464,0.599912627869906,0.599912627869906,0.599912627869906,0.599912627869906,0.599912627869906,0.599912627869906,0.599912627869906,0.599912627869906,0.599912627869906,0.599912627869906,0.599912627869906,0.599912627869906,0.599912627869906,0.599912627869906,0.599912627869906,0.599912627869906,0.599912627869906,0.599912627869906,0.599912627869906,0.599912627869906,0.599912627869906,0.599912627869906,0.599912627869906,0.599912627869906],"mei":["Inf",0.00507289218714214,0.0064073409210258,0.0098158131310141,0.0277693338671598,0.00723745060786176,0.0353260011518603,0.162213110588415,0.0565635878258713,0.0303037297647631,0.0135523071677886,0.00931958140458765,0.00660387468454041,0.00456984263513793,0.00028085078785712,0.0104469844449649,4.96060254438619e-05,0.000351807322615501,1.58009974707824e-05,2.06628196486309e-05,3.42355206888927e-07,0.000581210855849412,9.47429267977962e-07,2.3376454024794e-05,0,0,0,0,1.16721838178333e-06,0,0,0,0,0,0,0,0,0,0,9.99479777497605e-08,0],"obj":[0.859736113450428,0.875756657276246,0.299909499688053,0.748989034446187,1.36244758595304,2,0.858809143073502,0.856659569654928,0.849161515396556,0.770071646864791,0.717384108016319,0.695430686893301,0.634613343379585,0.604708218704464,0.48279441578403,0.417823672903662,0.601340972924032,0.6002100888858,0.599548445685588,0.599165817019958,0.00467887734231535,0.599912627869906,0.478261987313672,0.599351192927271,0.59936376576671,0.599343042186373,0.591999308589904,0.599280991711954,1.28632541282017,0.286315383948739,0.402533604940431,0.83558191968123,0.58702247769027,1.30508363845076,0.729182707489837,1.0226295453203,1.72335023021483,1.19667028882552,0.618583524111049,1.0752716555345,0.374010669032068,1.06697500737085,0.59259009388196,0.59918585154204,0.439768535857454],"X":[[0.0229121898680255,0.836823923582403],[0.760737936319955,0.115018720956291],[0.151286560509188,0.148622939178865],[0.226093715081479,0.522895319364708],[0.384761925759903,0.977685660193135],[1,1],[0.0221887561085756,0.836620386964926],[0.0203649100686671,0.836294659586261],[0.0140898106829359,0.83507170471362],[0.212019837255162,0.558051809609629],[0.23207793610924,0.485306171907079],[0.230927740798914,0.464502946094388],[0.216653605563374,0.417959737816211],[0.206088203166195,0.398620015538269],[0.112593164751316,0.370201251032713],[0,0.417823672903662],[0.20396019478232,0.397380778141712],[0.200560589292153,0.399649499593647],[0.196473416540066,0.403075029145522],[0.193875581077855,0.405290235942103],[0.00467887734231535,0],[0.194358206170393,0.405554421699512],[0.478261987313672,0],[0.192981273531136,0.406369919396135],[0.193255334515451,0.40610843125126],[0.193402951584574,0.405940090601799],[0.591999308589904,0],[0.193214621851762,0.406066369860193],[0.609612976297274,0.676712436522896],[0.188323196860059,0.0979921870886796],[0.0854665600484392,0.317067044891991],[0.448010919796352,0.387570999884878],[0.465486309789775,0.121536167900496],[0.922226431845135,0.382857206605621],[0.0960515851968088,0.633131122293028],[0.722414376758089,0.300215168562209],[0.856369384064705,0.866980846150122],[0.420914108536419,0.775756180289098],[0.470673711676866,0.147909812434183],[0.937591279033663,0.137680376500841],[0.340721048645005,0.0332896203870628],[0.556223087435501,0.510751919935353],[0.172739921523104,0.419850172358856],[0.194303000534252,0.404882851007788],[0.0489769993708881,0.390791536486566]],"C":[[-0.63935512530432,-0.799200752475604],[0.102301276870537,-0.908048486073235],[1.54562310371571,-1.45502359855914],[0.211381216849217,-1.17546211698714],[-1.30804423939579,-0.396089010338244],[-1.5,0.5],[-0.637677014299717,-0.799573987217011],[-0.634357753112807,-0.800196512785395],[-0.622303121270176,-0.802456725221608],[0.38803301270846,-1.14362576640171],[0.0475423996370092,-1.21061775108017],[-0.0119770788112576,-1.23090939159914],[-0.0376510923163719,-1.27837087276099],[-0.0031039069477965,-1.298629735728],[0.151893278522029,-1.3502738129851],[0.235020433708826,-1.32542337836129],[0.00137691162177367,-1.30048875610785],[0.000952910150928243,-1.30005572749733],[0.000412705697112659,-1.29892871747241],[0.00075259956385676,-1.29815208371172],[1.4952523472471,-1.49997810810682],[-0.000103033504067984,-1.2977504987342],[0.52619461172363,-1.27126547149078],[0.000681911827009163,-1.29762171667628],[0.000619536036226553,-1.29772831774796],[0.000617601936214351,-1.29780794116058],[0.504349208326499,-1.14953681862908],[0.000710981650545006,-1.29777821317125],[-0.520100001198806,-0.670432297385226],[1.53872738141301,-1.45493190479398],[0.42280515546804,-1.39216395615695],[0.0514538194740349,-1.14907493579146],[0.873983569575985,-1.26855145529036],[-0.441885834437111,-0.502918767756332],[0.637197605231669,-1.08991907496515],[0.414024261829382,-0.887988320818386],[-1.08846758110643,-0.0149756904454574],[-0.117418098684754,-0.72103366197826],[0.958500690545064,-1.25658894452201],[0.590305857593352,-0.601966707406607],[0.939651219113981,-1.38280096818473],[-0.563631603979232,-0.92974835328607],[0.0225112199055373,-1.29388675228243],[0.000705800503975673,-1.29831622094319],[0.177822587331208,-1.34488322854309]],"d":[[0.140481525066743,0.0470528022704612],[0.893245808495827,0.682679854166606]],"df":[1.27420392433138,1.26300703036121],"lambda":[[0,0],[0,0],[0,0],[0,0],[0,0],[0,0],[0,0],[0,0],[0,0],[0,0],[0,0],[0,0],[0,0],[0.226224231875567,0],[0.539347258119596,0],[0.810574627672087,0],[1.35302936677707,0],[2.43793884498703,0],[1.89623551538154,0],[1.35453218577605,0],[0.812828856170564,0],[0.271125526565075,0],[0,0],[0,0],[0,0],[0,0],[0,0],[0,0],[0,0],[0,0],[0,0],[0,0],[0,0],[0,0],[0,0],[0,0],[0,0],[0,0],[0,0],[0,0],[0,0]],"rho":[0.00608649042747564,0.00608649042747564,0.00608649042747564,0.00608649042747564,0.00608649042747564,0.00608649042747564,0.00608649042747564,0.00608649042747564,0.00608649042747564,0.00608649042747564,0.00608649042747564,0.00608649042747564,0.00608649042747564,0.00304324521373782,0.00152162260686891,0.000760811303434455,0.000380405651717227,0.000190202825858614,0.000190202825858614,0.000190202825858614,0.000190202825858614,0.000190202825858614,0.000190202825858614,0.000190202825858614,0.000190202825858614,0.000190202825858614,0.000190202825858614,0.000190202825858614,0.000190202825858614,0.000190202825858614,0.000190202825858614,0.000190202825858614,0.000190202825858614,0.000190202825858614,0.000190202825858614,0.000190202825858614,0.000190202825858614,0.000190202825858614,0.000190202825858614,0.000190202825858614,0.000190202825858614]}
