{"prog":["Inf","Inf","Inf",1.48103307403182,1.3893875685682,1.3893875685682,1.3893875685682,1.3893875685682,1.3893875685682,1.3893875685682,1.3893875685682,0.63397264012595,0.63397264012595,0.60415963285306,0.60415963285306,0.602373070473991,0.600018937629565,0.600018937629565,0.600018937629565,0.600018937629565,0.600018937629565,0.600018937629565,0.600018937629565,0.600018937629565,0.600018937629565,0.600018937629565,0.600018937629565,0.600018937629565,0.600018937629565,0.600018937629565,0.600018937629565,0.600018937629565,0.600018937629565,0.600018937629565,0.600018937629565,0.600018937629565,0.600018937629565,0.600018937629565,0.600018937629565,0.600018937629565,0.600018937629565,0.600018937629565,0.600018937629565,0.600018937629565,0.600018937629565],"mei":["Inf",0.275909738614278,0.238907869504314,0.330675411916558,0.248548049567225,0.148936170068844,0.402441385102229,0.0724266637276667,0.00709908894403553,0.0136829150423454,0.00104073648182728,0.0204953494795598,0.00467282804301757,0.00110498339777767,0.000907558176442581,5.98430516135446e-06,8.83122411533401e-07,2.00806548215139e-07,6.21299807954495e-05,0.00424598285457431,0,0,3.20867347226298e-05,3.61981736558549e-06,0.000773141228355874,0,0,0,0.000599962529136922,0,0,0.000126242335392095,0,0,0,0,0,0.000105740663477198,0,0,0],"obj":[0.952313013796767,0.983152362653788,0.460396277448255,1.48103307403182,1.3893875685682,0,0.417704224796293,0.471841021258565,0.316734306017466,0.455420830560782,0.596558551733644,0.63397264012595,0.577796644605577,0.60415963285306,0.392131054451513,0.602373070473991,0.600018937629565,0.598538163713712,0.599520798739488,0.542090098162043,0.596080662704554,0.599360095935067,0.59927375967532,0.599449221696851,0.705371814393479,1.24151835559535,0.599478986364279,0.599351980724515,0.599340010447279,1.72866478308408,1.2174348379775,1.10022397005237,0.599352054114464,1.14309528118374,0.442870753012987,0.599338072028395,1.15719338511154,1.50007662309196,1.5355878489465,1.18347184397207,1.24162403672194,0.599341456902458,1.34276022889804,1.20699960502321,1.04790503060275],"X":[[0.617555147311081,0.334757866485687],[0.90144489579402,0.081707466859768],[0.314737547029447,0.145658730418808],[0.49970909828779,0.981323975744034],[0.641218366013192,0.74816920255501],[0,0],[0,0.417704224796293],[0,0.471841021258565],[0,0.316734306017466],[0.0556965597238957,0.399724270836886],[0.185735696543398,0.410822855190246],[0.219788518819639,0.414184121306312],[0.15609389368603,0.421702750919547],[0.197890511091835,0.406269121761225],[0.392131054451513,0],[0.195172526580701,0.40720054389329],[0.193794052000548,0.406224885629017],[0.19382301302784,0.404715150685872],[0.194939910329851,0.404580888409637],[0.542090098162043,0],[0,0.596080662704554],[0.194929094428487,0.40443100150658],[0.194624908236517,0.404648851438804],[0.194425177674123,0.405024044022728],[0.51545646333286,0.189915351060618],[0.717395100754312,0.524123254841036],[0.195147704019443,0.404331282344836],[0.195075544116668,0.404276436607847],[0.195281515894873,0.404058494552406],[0.87420875300714,0.854456030076941],[0.281248245421156,0.936186592556347],[0.130732978569328,0.969490991483045],[0.19460924369316,0.404742810421305],[0.587883603738733,0.555211677445008],[0.108221144478959,0.334649608534027],[0.194990993467274,0.404347078561121],[0.159816184552576,0.997377200558963],[0.567962569214441,0.932114053877516],[0.612155193691551,0.923432655254945],[0.951853486769612,0.231618357202462],[0.777006044436853,0.464617992285084],[0.194757992101503,0.404583464800954],[0.56185178330933,0.780908445588711],[0.396130295891299,0.81086930913191],[0.44433537318081,0.603569657421943]],"C":[[0.698639756718722,-1.00656281085554],[0.838143922676966,-0.680720989706268],[1.36139743939523,-1.37972381074267],[-1.44886195058397,-0.287294071718326],[-0.382556481009396,-0.529081851435572],[1.5,-1.5],[0.234875146351994,-1.32552318058733],[0.383059145821268,-1.27736605065767],[0.494674735283954,-1.39967937939163],[0.165905342051364,-1.33711840053884],[0.00617664077712637,-1.29672683268287],[-0.039264294267926,-1.28014452065279],[0.0468114577689825,-1.29780148622082],[-0.00504459150552955,-1.29578474632318],[0.6965187453758,-1.34623323613474],[-0.00275789391034259,-1.29609540192111],[-0.000140155888457727,-1.2974252077049],[0.00145682615775272,-1.29863828642612],[0.000310965927837026,-1.29831273609426],[0.476777633113835,-1.20613832547467],[0.775183542003876,-1.1446878435497],[0.000499323660050011,-1.29843821316567],[0.00059840848407039,-1.29838045212318],[0.000403512385883265,-1.29815437404986],[0.933326280446295,-1.1982367938399],[-0.370388435216984,-0.710639083148549],[0.000364021746883991,-1.29843358773332],[0.000512909120052696,-1.29850609489125],[0.000537106766329287,-1.29860186252984],[-1.25346154644331,-0.00566394883085364],[-1.13525398054105,-0.544454088365258],[-0.805369355213804,-0.542996105747615],[0.000508303687848766,-1.29831049968144],[-0.69614194262836,-0.84613286168386],[0.304425271093262,-1.37629782339569],[0.00052678952234142,-1.29848195252573],[-0.750688146999907,-0.479697506960224],[-1.06153938941942,-0.308581910535354],[-0.87191521927275,-0.272538150045261],[-0.090979947210981,-0.540327876331365],[0.238549365455645,-0.680391728153573],[0.000519457753589192,-1.29838154452225],[-0.123815761216245,-0.574504573200349],[-0.40824367758606,-0.685571752185011],[-0.121003196695652,-0.938269744779828]],"d":[[0.105029103906062,0.0398222948693695],[0.884042613131441,0.954629626879972]],"df":[1.39706485823461,1.45476617663372],"lambda":[[0,0],[0,0],[0,0],[1.33716153859941,0],[4.01148461579823,0],[0,0],[3.77804541493378,0],[4.05935798846731,0],[0.482805597921086,0],[1.04543074498816,0],[0.126415331884495,0],[1.25166562601864,0],[0.246808440444199,0],[0.195741700317194,0],[0.726546104090932,0],[0.953151156507209,0],[1.40636126133976,0],[0.997827340323719,0],[0.589293419307674,0],[1.49571362897278,0],[0.678645786940694,0],[-1.11022302462516e-16,0],[1.81284041933022,0],[0.17870473526604,0],[-8.32667268468867e-17,0],[-8.32667268468867e-17,0],[-8.32667268468867e-17,0],[-8.32667268468867e-17,0],[-8.32667268468867e-17,0],[-8.32667268468867e-17,0],[-8.32667268468867e-17,0],[-8.32667268468867e-17,0],[-8.32667268468867e-17,0],[-8.32667268468867e-17,0],[-8.32667268468867e-17,0],[-8.32667268468867e-17,0],[-8.32667268468867e-17,0],[-8.32667268468867e-17,0],[-8.32667268468867e-17,0],[-8.32667268468867e-17,0],[-8.32667268468867e-17,0]],"rho":[0.175652035727868,0.175652035727868,0.175652035727868,0.0878260178639339,0.0439130089319669,0.0439130089319669,0.0219565044659835,0.0109782522329917,0.0109782522329917,0.00548912611649587,0.00548912611649587,0.00274456305824793,0.00274456305824793,0.00274456305824793,0.00137228152912397,0.000686140764561984,0.000343070382280992,0.000343070382280992,0.000343070382280992,0.000171535191140496,0.000171535191140496,0.000171535191140496,8.57675955702479e-05,8.57675955702479e-05,8.57675955702479e-05,8.57675955702479e-05,8.57675955702479e-05,8.57675955702479e-05,8.57675955702479e-05,8.57675955702479e-05,8.57675955702479e-05,8.57675955702479e-05,8.57675955702479e-05,8.57675955702479e-05,8.57675955702479e-05,8.57675955702479e-05,8.57675955702479e-05,8.57675955702479e-05,8.57675955702479e-05,8.57675955702479e-05,8.57675955702479e-05]}
