{"prog":[1.06435375206739,1.06435375206739,1.06435375206739,1.06435375206739,1.06435375206739,1.06435375206739,0.798088131809704,0.798088131809704,0.793790780176596,0.792557476886007,0.787609216318993,0.780836111250351,0.746896524760752,0.71036972785238,0.71036972785238,0.71036972785238,0.655096268090324,0.655096268090324,0.61421882146213,0.6081408121404,0.6081408121404,0.6081408121404,0.6081408121404,0.6081408121404,0.6081408121404,0.600169068277948,0.600169068277948,0.600169068277948,0.600169068277948,0.600169068277948,0.600169068277948,0.600169068277948,0.600169068277948,0.600169068277948,0.600169068277948,0.600169068277948,0.600169068277948,0.600169068277948,0.600169068277948,0.600169068277948,0.600169068277948,0.600169068277948,0.600169068277948,0.600169068277948,0.600169068277948],"mei":["Inf",0.0705831261083794,0.306058284127221,0.0413526158016809,0.00329740141271017,0.00210843603913262,0.00747485096593584,0.0194713977190838,0.0276401786037984,0.0350833650159235,0.0349545500980656,0.0254260627271909,0.0653364442437878,0.0192966859183471,0.0146837046400933,0.00517698960800145,0.00206340464911288,0.00237042735532299,0.00321507040068453,8.26972085598778e-05,9.42537684700728e-06,0.000117320946177631,0.000153130787397549,2.69812938926752e-06,0,0,9.09684083182507e-06,2.44871632478053e-06,0,0,1.07996401543082e-06,0,0,0,0,0,0,1.49109922061883e-06,9.58318496273978e-08,0,0],"obj":[1.06435375206739,1.14815048867095,0.20237100383322,0.992803376818263,0.767495245721074,0.785596273105114,0.798088131809704,0.803867910164296,0.793790780176596,0.792557476886007,0.787609216318993,0.780836111250351,0.746896524760752,0.71036972785238,0.651836734610804,0.623504067968942,0.655096268090324,0.615318811569111,0.61421882146213,0.6081408121404,0.605642123388596,0.599483633148304,0.608585187565736,0.371725038479684,0.231680366922134,0.600169068277948,0.599496398966729,0.59546740008813,1.43073552849547,0.866989143137073,0.465237478153361,0.4310944615705,0.664771492116566,0.994269422606441,0.569013476834084,1.49406118432182,1.307916127014,1.22554014760045,1.10111648972857,0.543277381061129,1.0779656309843,0.599536353387938,0.59996792829904,1.68144063841832,1.35145342808111],"X":[[0.303437057580668,0.760916694486727],[0.545971111088519,0.602179377582432],[0.0650226724252623,0.137348331407958],[0.899495150935719,0.0933082258825442],[0.393511959876286,0.373983285844788],[0.402281701949335,0.383314571155779],[0.408294070315455,0.389794061494249],[0.410708461871297,0.393159448292999],[0.405925309452268,0.387865470724328],[0.405163101205429,0.387394375680579],[0.400555774340748,0.387053441978244],[0.394191739223353,0.386644372026998],[0.363911204241163,0.38298532051959],[0.32950269122712,0.38086703662526],[0.270675497471362,0.381161237139442],[0.238052888339335,0.385451179629607],[0.272317400546077,0.382778867544247],[0.226462109296017,0.388856702273094],[0.223399842617278,0.390818978844852],[0.215046676538988,0.393094135601412],[0.211097361205393,0.394544762183203],[0.197358610460938,0.402125022687366],[0.215654272793275,0.392930914772461],[0,0.371725038479684],[0.231680366922134,0],[0.197994876163035,0.402174192114913],[0.195911300769175,0.403585098197554],[0.0046586893171672,0.590808710770963],[0.542617953773965,0.888117574721509],[0.657500426456588,0.209488716680484],[0.464935620943832,0.000301857209529142],[0.00372535340933251,0.427369108161167],[0.331173779964907,0.333597712151659],[0.449511059981936,0.544758362624505],[0.484835456748209,0.0841780200858753],[0.871831030516287,0.622230153805537],[0.940355216841436,0.367560910172565],[0.368163368404043,0.857376779196406],[0.321046285415591,0.780070204312976],[0.515737765433578,0.0275396156275504],[0.557668596788,0.520297034196299],[0.195469459247442,0.404066894140496],[0.186645658101099,0.413322270197941],[0.87562983309902,0.805810805319299],[0.686082028971073,0.665371399110037]],"C":[[-0.111696947788286,-0.828931736138179],[-0.528051501883241,-0.839295543071204],[1.65615130989692,-1.47690748793013],[0.761788558555723,-0.682202048425781],[0.082397504673837,-1.20528483934306],[0.0251358816066873,-1.19123937181641],[-0.0135227826775896,-1.18135654176906],[-0.0338528849734626,-1.17674420756526],[-0.00267561229921986,-1.18478501976588],[-0.000190240056379631,-1.18576845911265],[-0.00215378294038931,-1.18974470469508],[-0.0049188722871315,-1.19511900230792],[-0.00188686725463583,-1.22089087969425],[-0.00150402846632453,-1.24636827688638],[0.00321222347696848,-1.28145088637096],[0.00361754688670723,-1.29475821047544],[-0.00436556324245885,-1.27932357192137],[0.00129826065585537,-1.29750537815049],[-0.00174718095007614,-1.29735303609324],[-0.000237075307893908,-1.29923192746531],[0.000108670475669592,-1.29977233472592],[0.000699827824358012,-1.29934504500561],[-0.000398148338571325,-1.29909853084208],[0.256973284034955,-1.36182049576728],[1.1028706678347,-1.44632420758283],[-8.07449931713444e-05,-1.2990539482099],[0.000398674886934958,-1.2987378307438],[0.768249113120642,-1.150923363891],[-0.761803477811092,-0.416812929712941],[0.381695602781052,-1.02380766679297],[0.546120571469564,-1.2838347772598],[0.245928728709472,-1.3173417671315],[0.324836504483468,-1.27903649391093],[-0.363855636886745,-1.00117813330458],[0.64331760227405,-1.25784864081418],[-0.56727014281229,-0.352740289924047],[-0.578402948842981,-0.480631043472212],[-0.821613983569446,-0.629360792660187],[-0.247946711285022,-0.788419758963963],[0.444191270044893,-1.23325612687667],[-0.59416087244422,-0.918296732363039],[0.000310113764426412,-1.29852163556117],[0.00386194747041768,-1.29432809927043],[-1.40097880723542,-0.0839413414176455],[-0.902012857646259,-0.586572350769288]],"d":[[0.107585245330762,0.0351067386837065],[0.84326891659954,0.749835930669195]],"df":[1.30629597421568,1.19556464430492],"lambda":[[0,0],[0,0],[7.88101209126269,0],[8.88178419700125e-16,0],[-1.99619247641945e-16,0],[7.23301691935726e-17,0],[4.34281498469326e-18,0],[4.34281498469326e-18,0],[4.34281498469326e-18,0],[4.34281498469326e-18,0],[4.34281498469326e-18,0],[4.02859505116245,0],[13.1024540710154,0],[0,0],[6.51283012006847,0],[0,0],[0,0],[1.09030855076908,0],[15.1332812397562,0],[5.61882080217229,0],[9.9800550052486,0],[18.7025234114012,0],[5.74048109857578,0],[0,0],[0,0],[0,0],[0,0],[0,0],[0,0],[0,0],[0,0],[0,0],[0,0],[0,0],[0,0],[0,0],[0,0],[0,0],[0,0],[0,0],[0,0]],"rho":[0.00318942304815828,0.00318942304815828,0.00159471152407914,0.00159471152407914,0.00159471152407914,0.00079735576203957,0.00079735576203957,0.00079735576203957,0.00079735576203957,0.00079735576203957,0.00079735576203957,0.000398677881019785,0.000199338940509893,0.000199338940509893,9.96694702549463e-05,9.96694702549463e-05,9.96694702549463e-05,4.98347351274732e-05,2.49173675637366e-05,2.49173675637366e-05,1.24586837818683e-05,6.22934189093414e-06,6.22934189093414e-06,6.22934189093414e-06,6.22934189093414e-06,6.22934189093414e-06,6.22934189093414e-06,6.22934189093414e-06,6.22934189093414e-06,6.22934189093414e-06,6.22934189093414e-06,6.22934189093414e-06,6.22934189093414e-06,6.22934189093414e-06,6.22934189093414e-06,6.22934189093414e-06,6.22934189093414e-06,6.22934189093414e-06,6.22934189093414e-06,6.22934189093414e-06,6.22934189093414e-06]}
