{"prog":["Inf",1.60146342184429,1.60146342184429,1.60146342184429,1.60146342184429,1.60146342184429,0.841821406520128,0.827485663303886,0.809547450070223,0.801625542048211,0.769679709897793,0.769679709897793,0.769679709897793,0.769679709897793,0.615615888148021,0.614234679407095,0.61064016500673,0.605403938629138,0.60152473504511,0.60152473504511,0.60152473504511,0.59991866095423,0.59991866095423,0.59991866095423,0.59991866095423,0.59991866095423,0.59991866095423,0.59991866095423,0.59991866095423,0.59991866095423,0.59991866095423,0.59991866095423,0.59991866095423,0.59991866095423,0.59991866095423,0.59991866095423,0.59991866095423,0.59991866095423,0.59991866095423,0.59991866095423,0.59991866095423,0.59991866095423,0.59991866095423,0.59991866095423,0.59991866095423],"mei":["Inf",0.084640316461697,0.831945046116912,0.0126124357818147,0.0286351672984637,0.0174033491171527,0.0228749605033908,0.00441745172087218,0.00342052091996076,0.124978436631364,0.161185912914383,0.0931675926564991,0.0125777253041384,0.00371117439484203,0.0156729250502252,0.00190951320474823,0.000287355188344073,0.00426642668150575,3.54166570238126e-05,4.0632728804852e-05,0.00057258252294655,2.08531775694489e-05,1.69276366357086e-05,3.13268512705392e-08,0,0,0.00170328676480014,8.27026399095171e-05,0.0008297925766104,0,0,0,0,1.17827316827583e-07,0,0,0,0,5.68447031928335e-07,3.39763217800482e-05,0],"obj":[0.890557667685337,1.60146342184429,1.8163237332451,0.688945013924722,0.867426835211792,0.856437150124516,0.841821406520128,0.827485663303886,0.809547450070223,0.801625542048211,0.769679709897793,0.620105245083329,0.629452494093654,0.619687518830968,0.615615888148021,0.614234679407095,0.61064016500673,0.605403938629138,0.60152473504511,0.599118382594219,0.0943147675101411,0.59991866095423,0.367749550626175,0.385885919634331,0.59923637386148,0.534000265670493,0.541164800419902,1.0361873885606,0.206029982510356,0.672897661035857,0.599398784260004,0.599387038202174,0.599399494491891,1.37227983978365,0.950669034933129,1.53205682871664,0.306361684420975,0.599428724746133,1.77396840178882,0.554428397003801,0.718406071340853,1.84115026763863,0.599293404808056,0.59926245251402,0.681385814425625],"X":[[0.612427646958369,0.278130020726968],[0.934500328207971,0.666963093636316],[0.877174623798852,0.939149109446246],[0.335787088260005,0.353157925664717],[0.136306764217165,0.731120070994627],[0.119949836272018,0.736487313852498],[0.098614185624336,0.743207220895792],[0.0781826473657526,0.749303015938133],[0.0532187261443047,0.756328723925918],[0.0424216562665948,0.759203885781616],[0,0.769679709897793],[0.279214926195078,0.340890318888251],[0.256071301158621,0.373381192935033],[0.237702634420772,0.381984884410196],[0.22124002978787,0.394375858360151],[0.220976920023851,0.393257759383244],[0.216546681531003,0.394093483475726],[0.209119354021263,0.396284584607875],[0.202157925770087,0.399366809275023],[0.194311083669658,0.404807298924561],[0,0.0943147675101411],[0.196396948181554,0.403521712772676],[0,0.367749550626175],[0.385885919634331,0],[0.193882438620172,0.405353935241307],[0.534000265670493,0],[0,0.541164800419902],[0.994919333241069,0.0412680553195304],[0.0279127489480918,0.178117233562264],[0.00982186766835439,0.663075793367502],[0.194958289999941,0.404440494260063],[0.194991864314235,0.404395173887939],[0.19505565108182,0.404343843410071],[0.635338783297347,0.736941056486299],[0.659685782570784,0.290983252362344],[0.952156752406516,0.579900076310127],[0.134366121141372,0.171995563279604],[0.195023702740284,0.404405022005848],[0.818880894104596,0.955087507684223],[0.451558730959603,0.102869666044197],[0.0839325736102957,0.634473497730557],[0.914689376470141,0.926460891168486],[0.194371173430773,0.404922231377284],[0.194408879334987,0.404853573179033],[0.32290151144208,0.358484302983546]],"C":[[0.785308134491483,-1.04757606881145],[-0.646015780450074,-0.18186936830627],[-0.939521471325749,0.151436370410334],[0.180600912170312,-1.26252651089806],[0.0747750702908553,-0.946883907817458],[0.0357161500672795,-0.943198473312648],[-0.0120586498300703,-0.937918269202003],[-0.0532150735684841,-0.9324324639569],[-0.0967233953202185,-0.925134628552169],[-0.112910904471942,-0.921809862893693],[-0.161754143971096,-0.907593144171649],[0.235489314401244,-1.30583281547814],[0.0431738389027218,-1.29501397348534],[0.0160760664594239,-1.29758500567155],[-0.00896618275207606,-1.29552053156216],[-0.00599630080789837,-1.29651753550164],[-0.00398586006271812,-1.29779786099988],[-0.00167520299939078,-1.29922762377589],[-0.000281029492740059,-1.29963832469782],[0.000782247899244692,-1.29837425350052],[1.77465655332909,-1.49110472462951],[-7.6619594172711e-05,-1.29859846606598],[0.266574805035512,-1.36476026801425],[0.711631662417898,-1.35109205702797],[0.000674912736337741,-1.29809778717908],[0.478148692531756,-1.21484371626384],[0.664934591532201,-1.20714065878649],[0.697506468257065,-0.508432467953291],[1.51005190451804,-1.46749512955429],[0.608015163811074,-1.06023402316556],[0.000454265297832879,-1.29841915176298],[0.00046882122163816,-1.2984427161874],[0.000455716966627828,-1.29845934927742],[-0.395686926384198,-0.553262509703104],[0.656830062421858,-0.980143415118604],[-0.11205781935172,-0.257113420342185],[1.46580208671064,-1.45236327170155],[0.000420262572349839,-1.29842233354592],[-0.730121160804522,0.0827580660640046],[0.848463630416882,-1.28551254430211],[0.645722903090925,-1.0903987037647],[-1.21660165604257,0.194986438292041],[0.000581529836584882,-1.29825783347559],[0.00061538764281438,-1.29829877191988],[0.134920654197454,-1.26722361842282]],"d":[[0.0889966165443371,0.0450355843689611],[0.866040572436891,0.87717570381464]],"df":[1.34058360380765,1.10255095635915],"lambda":[[0,0],[0,0],[20.4596405030377,0],[6.64428582396337,0],[8.88178419700125e-16,0],[8.88178419700125e-16,0],[8.88178419700125e-16,0],[8.88178419700125e-16,0],[8.88178419700125e-16,0],[8.88178419700125e-16,0],[18.418028810114,0],[3.5527136788005e-15,0],[-4.22162518528548e-16,0],[-4.22162518528548e-16,0],[7.4697006137583e-17,0],[7.4697006137583e-17,0],[3.58482328529916,0],[1.00906419306479,0],[0.306811862145873,0],[0,0],[0,0],[0,0],[0,0],[0,0],[0,0],[0,0],[0,0],[0,0],[0,0],[0,0],[0,0],[0,0],[0,0],[0,0],[0,0],[0,0],[0,0],[0,0],[0,0],[0,0],[0,0]],"rho":[0.0017456880565412,0.0017456880565412,0.000872844028270601,0.000872844028270601,0.000872844028270601,0.000872844028270601,0.000872844028270601,0.000872844028270601,0.000872844028270601,0.000872844028270601,0.0004364220141353,0.0004364220141353,0.0004364220141353,0.0004364220141353,0.00021821100706765,0.00021821100706765,0.000109105503533825,0.000109105503533825,0.000109105503533825,0.000109105503533825,0.000109105503533825,0.000109105503533825,0.000109105503533825,0.000109105503533825,0.000109105503533825,0.000109105503533825,0.000109105503533825,0.000109105503533825,0.000109105503533825,0.000109105503533825,0.000109105503533825,0.000109105503533825,0.000109105503533825,0.000109105503533825,0.000109105503533825,0.000109105503533825,0.000109105503533825,0.000109105503533825,0.000109105503533825,0.000109105503533825,0.000109105503533825]}
