{"prog":["Inf",1.32238951135017,1.32238951135017,1.32238951135017,1.32238951135017,1.32238951135017,1.14179340558731,1.14179340558731,1.14179340558731,0.917247109192323,0.917247109192323,0.917247109192323,0.917247109192323,0.608716355113443,0.608716355113443,0.608716355113443,0.608716355113443,0.608716355113443,0.60058091135201,0.60058091135201,0.60058091135201,0.60058091135201,0.60058091135201,0.60058091135201,0.60058091135201,0.60058091135201,0.60058091135201,0.60058091135201,0.60058091135201,0.60058091135201,0.60058091135201,0.60058091135201,0.60058091135201,0.60058091135201,0.60058091135201,0.60058091135201,0.60058091135201,0.60058091135201,0.60058091135201,0.60058091135201,0.60058091135201,0.60058091135201,0.60058091135201,0.60058091135201,0.60058091135201],"mei":["Inf",0.0442380244661768,0.076547706174427,0.0176594537846258,0.012745155930551,0.131068036465012,0.00650777658990898,0.0317936490956064,0.0506671661105043,0.0741198825738783,0.0198004920347184,0.007401752608358,0.0021458924617688,0.00376635618321238,0.000971921327257863,5.96115979184863e-05,0.000254970468662957,2.34475216447049e-05,3.04379219516077e-05,0.00023508698855158,1.10770096444469e-05,0.000447858853343064,0,0,4.01597900646231e-07,0,0,0,0,0,0,0,0.000510382886729163,0,8.61078950471335e-07,0,0,9.52963630037627e-07,0,0,0],"obj":[1.10704147258006,1.32238951135017,0.862716214294246,0.420568207139282,0.790249308275583,1.13501221760372,1.14179340558731,0.281983417588829,0.9129862183583,0.917247109192323,0.331331634865196,0.483200057122181,0.549587074696107,0.608716355113443,0.602547695722871,0.600159509108129,0.601086518758719,0.60030498657706,0.60058091135201,0.415916749513086,0.599084753948114,0.391139204528265,0.00704409439514484,0.599345327971674,0.523627224442039,0.599439326316295,1.13710358489056,0.897705565648783,0.59947904939787,0.590802215184412,1.78210126166318,1.88740153640956,0.499323949872312,1.15721012594742,0.820843829700268,0.380204099516851,0.599367757329525,1.08683761046413,0.574801922196928,1.62357232749797,0.703693396675981,0.594667181577198,0.581005180797448,0.864971261367055,1.25447529290688],"X":[[0.787976447527291,0.319065025052769],[0.36235502314343,0.960034488206737],[0.158887193407604,0.703829020886642],[0.125470956695609,0.295097250443673],[0.531948193337756,0.258301114937826],[0.81041059695771,0.324601620646009],[0.815646206273314,0.326147199313995],[0,0.281983417588829],[0.174441463590657,0.738544754767643],[0.175701780078896,0.741545329113427],[0.153115307326442,0.178216327538753],[0.110015126271269,0.373184930850912],[0.142186768130905,0.407400306565202],[0.195077412848686,0.413638942264757],[0.18926154686223,0.413286148860641],[0.188797103301751,0.411362405806378],[0.190263229684352,0.410823289074368],[0.191271646306926,0.409033340270134],[0.19225192534975,0.40832898600226],[0,0.415916749513086],[0.193990542031299,0.405094211916815],[0.391139204528265,0],[0.006632999571481,0.000411094823663848],[0.194334057017094,0.40501127095458],[0.523627224442039,-2.16840434497101e-19],[0.194281485997076,0.40515784031922],[0.164498258616845,0.972605326273713],[0.135714137026694,0.761991428622089],[0.194442642506821,0.405036406891049],[0.225037950136661,0.365764265047751],[0.782385924763136,0.999715336900045],[0.993611775128127,0.89378976128143],[0.193249125701526,0.306074824170786],[0.956977864097938,0.200232261849482],[0.358099179550842,0.462744650149426],[0.342043449368897,0.0381606501479542],[0.194478557166618,0.404889200162907],[0.870691566528681,0.216146043935452],[0.000943160852194778,0.573858761344733],[0.673383656886496,0.950188670611472],[0.21225989535429,0.491433501321691],[0.594667181577198,0],[0.161133776328185,0.419871404469263],[0.451086223804505,0.41388503756255],[0.507144943381693,0.747330349525188]],"C":[[0.127896134862766,-0.777290627930345],[-1.26766374193775,-0.447032618656352],[0.270163354853917,-0.979379569128805],[0.558875875601071,-1.39717465180647],[0.948808161977293,-1.15031165362657],[0.0166380795363521,-0.737868452212633],[-0.00868686208257512,-0.728349270571588],[0.740442214941168,-1.42048535220492],[0.0129230626775985,-0.924121820985552],[-0.0109303718145274,-0.919239409347167],[1.42400560825765,-1.44479464326093],[0.146056164266391,-1.34862967937732],[0.062502399367477,-1.31380791317907],[-0.00724840002485772,-1.29084762843836],[0.000467793012637774,-1.29337462603926],[0.0019871318038524,-1.29513662487406],[0.000439712383719981,-1.2950241285842],[0.00041164529485338,-1.29610688386649],[-0.000230902685940393,-1.29630663638968],[0.232817126829024,-1.32701325747447],[0.000834066020184876,-1.2982663490739],[0.698902945747032,-1.347010122681],[1.49498956633864,-1.49995583431773],[0.000524503754525951,-1.29820014468303],[0.482134771028887,-1.22581452982313],[0.000422209060768619,-1.29810182862663],[-0.855659740046063,-0.526979202216031],[-0.17717492026954,-0.900950735717567],[0.000369174919487125,-1.29813756786775],[0.0898412777974826,-1.31557442341237],[-0.956622066091177,0.111558490100638],[-1.75641266182203,0.286124497044784],[0.468153600356194,-1.36897297742442],[0.19068165558033,-0.544100408941188],[-0.261711404578985,-1.1576323663631],[0.955245317094262,-1.38155004352411],[0.000493514002234963,-1.29824282639383],[-0.247323414608705,-0.695177083666886],[0.751589905015269,-1.1706852324755],[-0.910114488114254,-0.143695940879774],[0.114439466295675,-1.21343885060289],[0.507630245050225,-1.14637094315503],[0.0387358579373092,-1.29774390983523],[-0.130831840196023,-1.12522039437564],[-0.00335568745223092,-0.68430135508094]],"d":[[0.0843822630416466,0.0564373839591417],[0.833778979724283,0.890581918918474]],"df":[1.25143024473055,1.4447146849261],"lambda":[[0,0],[0,0],[2.69015775128543,0],[0,0],[0,0],[4.17897716578788,0],[0,0],[0,0],[0,0],[0,0],[0,0],[0.302543811308305,0],[0.907631433924914,0],[2.04516240900268,0],[4.17500587476659,0],[1.7856353024507,0],[-2.22044604925031e-16,0],[5.84372737100419e-17,0],[5.84372737100419e-17,0],[5.84372737100419e-17,0],[5.84372737100419e-17,0],[5.84372737100419e-17,0],[5.84372737100419e-17,0],[5.84372737100419e-17,0],[5.84372737100419e-17,0],[5.84372737100419e-17,0],[5.84372737100419e-17,0],[5.84372737100419e-17,0],[5.84372737100419e-17,0],[5.84372737100419e-17,0],[5.84372737100419e-17,0],[5.84372737100419e-17,0],[5.84372737100419e-17,0],[5.84372737100419e-17,0],[5.84372737100419e-17,0],[5.84372737100419e-17,0],[5.84372737100419e-17,0],[5.84372737100419e-17,0],[5.84372737100419e-17,0],[5.84372737100419e-17,0],[5.84372737100419e-17,0]],"rho":[0.00618479698017784,0.00618479698017784,0.00309239849008892,0.00309239849008892,0.00309239849008892,0.00154619924504446,0.00154619924504446,0.00154619924504446,0.00154619924504446,0.00154619924504446,0.00154619924504446,0.00077309962252223,0.000386549811261115,0.000193274905630557,9.66374528152787e-05,9.66374528152787e-05,9.66374528152787e-05,4.83187264076393e-05,4.83187264076393e-05,4.83187264076393e-05,4.83187264076393e-05,4.83187264076393e-05,4.83187264076393e-05,4.83187264076393e-05,4.83187264076393e-05,4.83187264076393e-05,4.83187264076393e-05,4.83187264076393e-05,4.83187264076393e-05,4.83187264076393e-05,4.83187264076393e-05,4.83187264076393e-05,4.83187264076393e-05,4.83187264076393e-05,4.83187264076393e-05,4.83187264076393e-05,4.83187264076393e-05,4.83187264076393e-05,4.83187264076393e-05,4.83187264076393e-05,4.83187264076393e-05]}
