{"prog":[1.00769740550958,1.00769740550958,0.759957339386446,0.759957339386446,0.759957339386446,0.759957339386446,0.759957339386446,0.759957339386446,0.759957339386446,0.759957339386446,0.681718588678261,0.681718588678261,0.681718588678261,0.681718588678261,0.603222453387553,0.603222453387553,0.603222453387553,0.603222453387553,0.603222453387553,0.603222453387553,0.603222453387553,0.603222453387553,0.603222453387553,0.603222453387553,0.603222453387553,0.603222453387553,0.603222453387553,0.603222453387553,0.599979044073141,0.599979044073141,0.599979044073141,0.599979044073141,0.599979044073141,0.599979044073141,0.599979044073141,0.599979044073141,0.599979044073141,0.599979044073141,0.599979044073141,0.599979044073141,0.599979044073141,0.599979044073141,0.599979044073141,0.599979044073141,0.599979044073141],"mei":["Inf",0.46572598164977,0.296970303685411,0.232328212015786,0.178646304432915,0.0557454145680623,0.122368137117188,0.0890432891395808,0.0242593541790429,0.0493814473870275,0.0209991019620093,0.0152135142809554,0.0027605835237185,0.000319029306102708,0.00269520287015958,0.000274640359500103,3.03344580182251e-05,5.97246681566027e-06,2.48198745124067e-06,1.28436506959787e-06,0.000287230937034321,2.8362072664055e-07,0,0.000235348820918135,1.61140222895053e-07,0,0,0,0,0,0,1.58093853376999e-06,5.15357867000021e-05,0,0,0,0,0,0,0,0],"obj":[1.00769740550958,1.27836594169456,0.759957339386446,1.58062579415287,1.21613679448518,0,1,0.328169000349189,0.432740420532412,0.388869559885442,0.681718588678261,0.591321157877841,0.529593855580042,0.55329347877399,0.603222453387553,0.598333423530242,0.599439691543539,0.599843432239136,0.599644273347813,0.599622506938773,0.488387153812008,0.566573415111348,0.532021158530384,0.599518172433684,0.59955092608353,0.600227118315231,1.50771928107932,0.59976329621584,0.599979044073141,1.28693265025758,1.41609145576947,1.81375061534158,0.221622099030256,1.23690239030377,0.29096859050085,0.599383505259291,0.599400918716086,0.909304324768368,1.19831979073806,0.947016931631327,1.34567028710811,0.689269132918787,0.89860258051483,1.2758143530556,0.908023284766782],"X":[[0.0112958366170749,0.996401568892505],[0.329552395690594,0.948813546003963],[0.316616523111383,0.443340816275063],[0.743038117509111,0.837587676643764],[0.697684849365075,0.518451945120108],[0,0],[1,0],[0,0.328169000349189],[0,0.432740420532412],[0.388869559885442,0],[0.256542162929082,0.425176425749179],[0.188840071263253,0.402481086614588],[0.198577226464943,0.331016629115098],[0.128351663908518,0.424941814865471],[0.198481254419389,0.404741198968164],[0.195022727961492,0.403310695568749],[0.196396864752936,0.403042826790603],[0.196608875457724,0.403234556781412],[0.196354727852296,0.403289545495516],[0.198513652125446,0.401108854813327],[0.380529216373372,0.107857937438636],[0,0.566573415111348],[0.532021158530384,0],[0.195248733593275,0.404269438840409],[0.195641584507033,0.403909341576497],[0.206169907159441,0.39405721115579],[0.799933076375009,0.707786204704313],[0.194985287702906,0.404778008512934],[0.197177074513882,0.402801969559259],[0.464468160566703,0.822464489690881],[0.562705673018262,0.853385782751205],[0.998221468213438,0.815529147128139],[0.130904414729612,0.0907176843006438],[0.790929765642139,0.445972624661627],[0.116541681645937,0.174426908854914],[0.194095158402918,0.405288346856373],[0.194080717858702,0.405320200857384],[0.650923191396362,0.258381133372006],[0.43661173847141,0.761708052266647],[0.523960808032369,0.423056123598958],[0.572253269084648,0.773417018023463],[0.376255135965593,0.313013996953194],[0.0659215113611244,0.832681069153706],[0.965514038524431,0.310300314531173],[0.344528156353656,0.563495128413126]],"C":[[-0.527101316736754,-0.507056317583674],[-1.2122257772737,-0.491148073413975],[-0.190252850845999,-1.20320289791742],[-0.568974006159009,-0.246341239863018],[-0.389514700454325,-0.744443431567608],[1.5,-1.5],[0.5,-0.5],[0.427773662457745,-1.39230510720981],[0.260464316474045,-1.31273572843743],[0.704381869791001,-1.3487804653945],[-0.095167299403778,-1.25341112562682],[0.00987018987772631,-1.30234840240283],[0.291206805509713,-1.35099507637877],[0.0888716650898542,-1.30295030435075],[-0.00398643984886216,-1.29678975350192],[0.00176191715012713,-1.29930661841831],[0.000541806385283228,-1.29898475128786],[5.07712632594193e-05,-1.29874684230855],[0.000269009418100541,-1.29880236334407],[0.000887337687616396,-1.29970401651016],[1.1192374360479,-1.34356418081775],[0.73803327262009,-1.17899456528906],[0.478718491934835,-1.21695348687599],[0.000320856151485249,-1.29844415284988],[0.000304505636993579,-1.29858161419882],[0.00590600584842321,-1.30221288371799],[-1.20901122236443,-0.359145761751478],[2.95503691205012e-05,-1.29813550140372],[-2.27258076087034e-05,-1.29887177460533],[-0.3942313142838,-0.607821491017301],[-0.451089458264103,-0.455095031351178],[-1.50352849095726,0.161533889417742],[1.61690666847654,-1.47463433595943],[0.314480762277928,-0.675538523873691],[1.46454013715906,-1.45599328990646],[0.000496639276572286,-1.29806842538697],[0.000478647465367688,-1.29804820973238],[0.608297993231853,-1.00953818881977],[-0.0261584137974618,-0.729171032941124],[-0.0874358561437403,-1.04648858793149],[-0.12832426272684,-0.574352312253627],[0.546459475661916,-1.2604543103709],[-0.655150102906579,-0.802296591412906],[-0.549109213680567,-0.471496356214099],[0.0545155170431916,-1.06377358973423]],"d":[[0.179038860820785,0.0371554519322729],[0.923559557251902,0.915152072809488]],"df":[1.38484527295895,1.43772357141308],"lambda":[[0,0],[0,0],[0,0],[0,0],[0.855547324915491,0],[0.0945359215314929,0],[1.13639318742767,0],[0.375054792197449,0],[0.454016311219259,0],[0.61193934926288,0],[0.927785425350122,0],[0.672653275022944,0],[0.785415972631081,0],[0.854767189947334,0],[0.867764633341745,0],[0.893759520130568,0],[0.945749293708213,0],[1.0497288408635,0],[1.25768793517409,0],[1.67360612379525,0],[2.50544250103757,0],[4.16911525552222,0],[7.49646076449153,0],[14.1511517824301,0],[21.8976037451548,0],[9.98273552560294,0],[0,0],[0,0],[0,0],[0,0],[0,0],[0,0],[0,0],[0,0],[0,0],[0,0],[0,0],[0,0],[0,0],[0,0],[0,0]],"rho":[0.5,0.5,0.5,0.5,0.25,0.25,0.125,0.125,0.0625,0.03125,0.015625,0.015625,0.0078125,0.00390625,0.001953125,0.0009765625,0.00048828125,0.000244140625,0.0001220703125,6.103515625e-05,3.0517578125e-05,1.52587890625e-05,7.62939453125e-06,3.814697265625e-06,1.9073486328125e-06,1.9073486328125e-06,1.9073486328125e-06,1.9073486328125e-06,1.9073486328125e-06,1.9073486328125e-06,1.9073486328125e-06,1.9073486328125e-06,1.9073486328125e-06,1.9073486328125e-06,1.9073486328125e-06,1.9073486328125e-06,1.9073486328125e-06,1.9073486328125e-06,1.9073486328125e-06,1.9073486328125e-06,1.9073486328125e-06]}
