{"prog":[1.38560276567601,1.38560276567601,1.38560276567601,1.38560276567601,1.38560276567601,1.38560276567601,1.38560276567601,0.933984965577989,0.933977528580989,0.93328016702062,0.932050210874569,0.928971221673418,0.924490382129221,0.919996606339594,0.919996606339594,0.900834129965722,0.888556569696183,0.882693755557453,0.878225648390275,0.872514333240681,0.872514333240681,0.872514333240681,0.872514333240681,0.861396260217054,0.861396260217054,0.861396260217054,0.861396260217054,0.861396260217054,0.861396260217054,0.861396260217054,0.861396260217054,0.861396260217054,0.861396260217054,0.861396260217054,0.631599336910934,0.630047217121227,0.619476770481984,0.619476770481984,0.619476770481984,0.619476770481984,0.604738577824844,0.604738577824844,0.604738577824844,0.600140176973735,0.600140176973735],"mei":["Inf",0.0566149466675009,0.364134875128716,0.0369701723155187,0.00555710497157549,0.00193296658879126,0.00437365474130404,0.0194303375951859,0.0280012735045403,0.0244042413068506,0.014036766918862,0.0309672193825154,0.0292065505318989,0.00520054766740542,0.00739577893732642,0.0221414869554352,0.0102615107677436,0.00362884500828435,0.000860812151363738,0.000509362731761767,0.000260760527032621,0.000456683591769954,0.000401177174542192,0.000302679233493272,0.00978807618919888,0.0022434468045884,0.00611321194604867,0.0163095202260368,0.102556255776825,0.00116546726662128,0.0155054556984546,0.00258437332372007,0.00172717557152744,0.00068734382758916,0.00165586652570628,0.000294635685739097,1.73326294792998e-06,0,2.96505863780761e-05,0.000320307086861827,0],"obj":[1.38560276567601,0.961716511571248,1.39944836837227,0.590530853865326,0.933400702982536,0.932672934678883,0.933960143482475,0.933984965577989,0.933977528580989,0.93328016702062,0.932050210874569,0.928971221673418,0.924490382129221,0.919996606339594,0.884343900744807,0.900834129965722,0.888556569696183,0.882693755557453,0.878225648390275,0.872514333240681,0.866492902086152,0.860909082205394,0.687881216579038,0.861396260217054,0.424352701390949,0.190222440054138,0.169830190837067,0.361216375170893,0.399268834920915,0.469105735312263,0.553736548871789,0.61971821956319,0.631341997838146,0.595496409775366,0.631599336910934,0.630047217121227,0.619476770481984,0.609801342205041,0.609109276200185,0.606862293165947,0.604738577824844,0.659770896096102,0.600132902557164,0.600140176973735,0.567439163464689],"X":[[0.431303127741279,0.954299637934728],[0.953693474278248,0.00802303729299992],[0.666621558900602,0.732826809471666],[0.327256238755597,0.263274615109729],[0.721181150372415,0.212219552610121],[0.711686168200408,0.220986766478474],[0.730445192992085,0.20351495049039],[0.73207883524038,0.20190613033761],[0.731710599354266,0.202266929226723],[0.731387022234682,0.201893144785937],[0.730872843042911,0.201177367831659],[0.730058024526549,0.198913197146869],[0.72808947900782,0.1964009031214],[0.726486902092584,0.19350970424701],[0.715191813333114,0.169152087411694],[0.721173329873909,0.179660800091814],[0.717388257973317,0.171168311722866],[0.71599835313572,0.166695402421733],[0.715353988902274,0.162871659488001],[0.714716811211647,0.157797522029034],[0.714416618481603,0.152076283604549],[0.716921655797442,0.143987426407952],[0.613676712794052,0.0742045037849862],[0.719382267967911,0.142013992249143],[0.424352701390949,0],[0.190222440054138,0],[0,0.169830190837067],[0,0.361216375170893],[0,0.399268834920915],[0.0724660600346509,0.396639675277612],[0.139518360471337,0.414218188400452],[0.187236822983619,0.432481396579572],[0.195298456419764,0.436043541418382],[0.15942194977841,0.436074459996956],[0.196115332013198,0.435484004897736],[0.195151821200747,0.43489539592048],[0.191509781874622,0.427966988607362],[0.188567556485717,0.421233785719324],[0.188786030957743,0.420323245242442],[0.188766875248071,0.418095417917877],[0.189170228369734,0.41556834945511],[0.277325390353456,0.382445505742646],[0.191351206808237,0.408781695748927],[0.194407195935456,0.405732981038279],[0.239361975981147,0.328077187483543]],"C":[[-1.33249853874614,-0.403289813038236],[0.840460375400021,-0.590404387991679],[-0.565654365687298,-0.518580564528511],[0.888576974643379,-1.32358983123436],[0.071617413365668,-0.93486060983748],[0.149140603540677,-0.944667647033608],[0.00561048577618323,-0.92503148496165],[-0.00491732284476648,-0.923294493525181],[-0.00258691915668047,-0.923687688133813],[-0.0021013676860101,-0.924312181795129],[-0.00160281083259078,-0.925352553974699],[-0.00326869942478025,-0.927448820825204],[-0.000711413490318058,-0.931312395811219],[-0.000288040125129896,-0.934770775450155],[0.00360350597577752,-0.95988824146556],[-0.00394907630275371,-0.947631025188948],[-0.00132702590582912,-0.956055496383953],[-0.000811787015972509,-0.959559001118393],[-0.00119848867990563,-0.96174149309723],[-0.000991290024067337,-0.964279821812952],[0.000212971992717415,-0.96648169920234],[0.000776765893167497,-0.965290960485068],[0.242601629291742,-1.11789458379231],[-0.000720084093066287,-0.962321178538805],[0.623133213191991,-1.3199247848222],[1.19707716117209,-1.46381542329985],[1.58307431583578,-1.47115770628025],[0.285048954189023,-1.3695227303084],[0.224534525946157,-1.3405843974609],[0.148459549398868,-1.33742563813873],[0.0659767131358809,-1.30895791948964],[0.00950359176067789,-1.27790221373158],[0.000566700137522747,-1.27172454290737],[0.0579745017437814,-1.28442370726721],[-0.00138853548829437,-1.27189245802758],[-0.000487982915338359,-1.2727817612892],[-0.000844908474088912,-1.28016826010868],[0.00059072528695403,-1.28700437440957],[0.000133825368621221,-1.28768820402408],[5.85662377644014e-05,-1.28956328832516],[-0.000144673695408437,-1.2915175716297],[-0.0047330958813846,-1.27682606300255],[0.000508615414732461,-1.29628224087366],[-0.000352870457578702,-1.2975865902663],[0.313495402882138,-1.33507120350729]],"d":[[0.0981861838125361,0.0337108261875998],[0.780293958993862,0.666122943282642]],"df":[0.790985431665247,0.694928410045447],"lambda":[[0,0],[0,0],[0,0],[3.03132108341695,0],[4.44089209850063e-16,0],[-2.45425678962983e-17,0],[-2.45425678962983e-17,0],[-2.45425678962983e-17,0],[-2.45425678962983e-17,0],[-2.45425678962983e-17,0],[-2.45425678962983e-17,0],[3.89391723795599,0],[0,0],[0,0],[0,0],[0,0],[0,0],[0.460271368616361,0],[3.81773726054798,0],[10.5326690444112,0],[0,0],[0,0],[0,0],[0,0],[0,0],[0,0],[0,0],[0,0],[0,0],[9.79793989113936,0],[29.3938196734181,0],[-3.5527136788005e-15,0],[1.96340543170386e-16,0],[1.96340543170386e-16,0],[1.96340543170386e-16,0],[18.5101478660948,0],[34.7114067477092,0],[0,0],[0,0],[0,0],[0,0]],"rho":[0.00185083850301302,0.00185083850301302,0.00185083850301302,0.000925419251506508,0.000925419251506508,0.000925419251506508,0.000925419251506508,0.000925419251506508,0.000925419251506508,0.000925419251506508,0.000925419251506508,0.000462709625753254,0.000462709625753254,0.000462709625753254,0.000462709625753254,0.000462709625753254,0.000462709625753254,0.000231354812876627,0.000115677406438314,5.78387032191568e-05,5.78387032191568e-05,5.78387032191568e-05,5.78387032191568e-05,5.78387032191568e-05,5.78387032191568e-05,5.78387032191568e-05,5.78387032191568e-05,5.78387032191568e-05,5.78387032191568e-05,2.89193516095784e-05,1.44596758047892e-05,1.44596758047892e-05,7.2298379023946e-06,7.2298379023946e-06,7.2298379023946e-06,3.6149189511973e-06,1.80745947559865e-06,1.80745947559865e-06,1.80745947559865e-06,1.80745947559865e-06,1.80745947559865e-06]}
