{"prog":["Inf",1.05885770922034,1.05885770922034,1.05885770922034,1.05885770922034,1.05885770922034,1.05885770922034,0.622623457253965,0.622623457253965,0.622623457253965,0.618734802099664,0.618734802099664,0.603676665628322,0.603676665628322,0.603676665628322,0.603676665628322,0.603676665628322,0.603676665628322,0.603676665628322,0.600481316522625,0.600481316522625,0.600481316522625,0.600481316522625,0.600481316522625,0.600481316522625,0.600481316522625,0.600481316522625,0.600481316522625,0.600481316522625,0.600481316522625,0.600481316522625,0.600481316522625,0.600481316522625,0.600481316522625,0.600481316522625,0.600481316522625,0.600481316522625,0.600481316522625,0.600481316522625,0.600481316522625,0.600481316522625,0.600481316522625,0.600481316522625,0.600481316522625,0.600481316522625],"mei":["Inf",0.129242035936405,0.231590954965061,0.478967603517028,0.0256043154253589,0.0216830936206207,0.0215381233980919,0.0361905228680464,0.0301246488859772,0.0212787962934293,0.0207131877220947,0.0131169612280616,0.00116804502343163,0.000421580612024984,0.000233382533566901,0.000594343001345772,2.19231279627153e-05,1.61077128786438e-06,1.19632703987588e-06,0,0,0.000608723883570009,3.18497518725766e-06,0.000115843999518105,0,0,0,0,1.99514573055513e-05,0,0,0,0,0,0,6.30625630420875e-06,0,0,0.000124057104785207,0.000140132946625368,0],"obj":[0.963898624611063,1.05885770922034,1.09788381517815,0.208370611138728,0.571219682733347,0.552932586500087,0.596689480638646,0.622623457253965,0,0.636394468981637,0.618734802099664,0.574878478939267,0.603676665628322,0.610318067663276,0.59998411123723,0.598608175388014,0.385815531072768,0.403556774309272,0.53567995321543,0.600481316522625,0.599748883114832,0.536333789336834,1.96743807263165,1.33032682458044,1.31664196837895,0.599438630437416,0.599714967431507,0.599636711907786,0.848034144699628,1.21740235909354,1.66778345698984,0.579641043886366,0.599508676701634,0.62845894153655,0.849455235240202,1.23928303362012,1.25934985071662,1.35307974718411,1.40874299401667,0.599373884959721,0.961823893869627,0.726165900766935,0.599368226970975,0.599408868896015,0.901401604759554],"X":[[0.293031924109215,0.670866700501849],[0.83935704601448,0.219500663205865],[0.581783356243228,0.516100458934927],[0.0193351375170367,0.189035473621691],[0.0719396518850559,0.499280030848291],[0.0118493979943224,0.541083188505765],[0.14346701383524,0.453222466803405],[0.195861846223011,0.426761611030954],[0,0],[0.217444747222597,0.41894972175904],[0.191391577254142,0.427343224845523],[0.185045457119001,0.389833021820267],[0.207326075586323,0.396350590042],[0.207683913217958,0.402634154445319],[0.198859536489456,0.401124574747773],[0.194720893186739,0.403887282201275],[0,0.385815531072768],[0.403556774309272,0],[0.53567995321543,0],[0.195815633715618,0.404665682807007],[0.191476300807644,0.408272582307188],[0.45258427518073,0.083749514156104],[0.999209431705275,0.96822864092637],[0.434534802286684,0.895792022293758],[0.891544625387281,0.425097342991665],[0.194685621335114,0.404753009102303],[0.194876012995322,0.404838954436185],[0.195075668529211,0.404561043378575],[0.5191663954853,0.328867749214328],[0.607546239548676,0.609856119544864],[0.897449030692561,0.770334426297279],[0.544007899623599,0.0356331442627667],[0.195145601006228,0.404363075695406],[0.464365601138437,0.164093340398114],[0.439846525326615,0.409608709913587],[0.475965112721167,0.763317920898953],[0.94354953180881,0.315800318907807],[0.544836845301519,0.808242901882586],[0.744338272635438,0.664404721381237],[0.194782189024664,0.404591695935057],[0.383668885434994,0.578155008434634],[0.144838468329059,0.581327432437876],[0.194661587666555,0.404706639304419],[0.194809942888806,0.404598926007209],[0.268495959468488,0.632905645291066]],"C":[[0.364895136279275,-0.964070161610614],[-0.275983289129361,-0.747299208158032],[-0.58305715160867,-0.895168442685523],[1.45010537801455,-1.46389174216982],[0.408723843473804,-1.24554413728279],[0.652418884972003,-1.20708857488361],[0.121468654243931,-1.27400661152584],[-0.00806082110762163,-1.27951266454438],[1.5,-1.5],[-0.0391499033374263,-1.27719891254332],[-0.00105845616129263,-1.2807470323348],[0.0354951322200898,-1.3137883938981],[-2.64656620486137e-05,-1.29992210815533],[-0.0114993778756517,-1.29475312986458],[0.000483348429578312,-1.29955396028062],[0.001391609484652,-1.29895883703263],[0.232979849562572,-1.35114637598304],[0.669536458907613,-1.3371419299091],[0.477736803266929,-1.21304698772311],[-0.000805937223593622,-1.29790192275089],[0.000765575101047022,-1.29665032476524],[0.763702707561467,-1.28815349273775],[-1.62544642006378,0.435886189518905],[-1.0269906604067,-0.508736158396532],[-0.0713572770090534,-0.524440429924479],[0.000407558808244224,-1.29827251046799],[8.69139768430172e-05,-1.29812876053006],[0.000176402116666863,-1.29827584572832],[0.646142573216843,-1.1223122573255],[-0.730656515149914,-0.758963080263944],[-1.43597335286292,-0.101170108970225],[0.391040747682752,-1.20278568417707],[0.0003286701717648,-1.29840869742207],[1.03229420182405,-1.25743796411633],[-0.114284910671655,-1.13875573892103],[-0.0271631142719992,-0.690802963106827],[-0.574405883826604,-0.509984439601104],[-0.208426892912255,-0.549896223558305],[-1.06710441465184,-0.504526902096413],[0.000481739949659055,-1.29836545841915],[-0.0113802545462091,-1.01853497257102],[0.581099449665861,-1.14108023438728],[0.000488951955800399,-1.29831940239006],[0.000441051006682458,-1.29834879522547],[0.434757105536241,-1.0273403639078]],"d":[[0.144409406544163,0.0482719454621668],[0.856730549043925,0.730911542241079]],"df":[1.391384605067,1.15106095998786],"lambda":[[0,0],[0,0],[0,0],[1.93194905162069,0],[1.67553564536231,0],[1.41912223910394,0],[0.173770191786571,0],[0.1401008737272,0],[1.26919524719482,0],[1.26751151039824,0],[0.535924836638641,0],[0.566675306245423,0],[0.743742790253322,0],[1.09787775826912,0],[1.34388151512337,0],[1.83588902883188,0],[0.195138194360866,0],[1.17915322177788,0],[0,0],[1.96803005483403,0],[0,0],[0,0],[3.31888109965201,0],[4.73441745516627,0],[0,0],[2.83107271102852,0],[8.49321813308557,0],[1.77635683940025e-15,0],[11.3242908441141,0],[1.77635683940025e-15,0],[1.77635683940025e-15,0],[1.77635683940025e-15,0],[1.77635683940025e-15,0],[1.77635683940025e-15,0],[1.77635683940025e-15,0],[1.77635683940025e-15,0],[1.77635683940025e-15,0],[1.77635683940025e-15,0],[1.77635683940025e-15,0],[1.77635683940025e-15,0],[1.77635683940025e-15,0]],"rho":[0.0628736322741185,0.0628736322741185,0.0628736322741185,0.0314368161370593,0.0314368161370593,0.0314368161370593,0.0314368161370593,0.0314368161370593,0.0157184080685296,0.0157184080685296,0.0157184080685296,0.00785920403426482,0.00392960201713241,0.0019648010085662,0.000982400504283102,0.000491200252141551,0.000491200252141551,0.000245600126070776,0.000245600126070776,0.000122800063035388,0.000122800063035388,0.000122800063035388,6.14000315176939e-05,3.07000157588469e-05,3.07000157588469e-05,1.53500078794235e-05,7.67500393971173e-06,7.67500393971173e-06,3.83750196985587e-06,3.83750196985587e-06,3.83750196985587e-06,3.83750196985587e-06,3.83750196985587e-06,3.83750196985587e-06,3.83750196985587e-06,3.83750196985587e-06,3.83750196985587e-06,3.83750196985587e-06,3.83750196985587e-06,3.83750196985587e-06,3.83750196985587e-06]}
