{"prog":["Inf","Inf",1.27457854608413,1.27457854608413,1.27457854608413,1.27457854608413,1.27457854608413,1.27457854608413,1.27457854608413,1.27457854608413,0.601321845746568,0.601321845746568,0.601321845746568,0.601321845746568,0.601321845746568,0.601321845746568,0.601321845746568,0.601321845746568,0.601321845746568,0.601321845746568,0.601321845746568,0.601321845746568,0.601321845746568,0.601321845746568,0.601321845746568,0.601321845746568,0.601321845746568,0.601321845746568,0.601321845746568,0.601321845746568,0.601321845746568,0.601321845746568,0.601321845746568,0.601321845746568,0.601321845746568,0.600137985365678,0.600137985365678,0.600137985365678,0.600137985365678,0.600137985365678,0.600137985365678,0.600137985365678,0.600137985365678,0.600137985365678,0.600137985365678],"mei":["Inf",0.0659737212354587,0.0497147077915469,0.127829071411003,0.0436482926883798,0.0460517200110393,0.0108690613330805,0.0123538659350413,0.00794500367636689,0.0026745316273142,0.000481044017456015,0.000359207110576771,7.30840516633899e-05,2.78542471319468e-05,0.000113995709050866,0,0,0,3.48822422348781e-05,0,2.91682846739997e-05,0,0,7.42699520187731e-05,5.27945606258296e-05,7.91958324778584e-06,5.00922280087958e-07,1.11542157951405e-06,0,6.11146651411817e-05,3.74515867274092e-06,5.14036959087601e-05,1.48320404545581e-06,0,0,4.73962273487149e-05,1.0914101794092e-05,0,0,2.22329197887716e-06,0],"obj":[0.688253100385948,0.821679379241932,1.27457854608413,1.36438645646544,1.87446715069806,0,0.722714623708383,0.618642847091533,0.611979933983343,0.596385166797266,0.601321845746568,0.605622646218291,0.599473839499952,0.3486847186458,0.423037427018754,0.599624706786942,0.350215765867916,0.493369179450403,0.599752548153176,0.789105152026169,0.931196703707193,1.37228775485528,0.599298361628946,1.04687608549988,0.599506108629071,0.601929330003851,0.703028984841152,0.599753837866487,0.599613643094845,0.599998894003424,0.599647413180463,0.599707936932501,1.00807631949263,0.599810164919136,0.599759502518662,0.600137985365678,0.599600877410907,1.24134135076216,1.37484142638348,0.18959178146615,0.59951492883104,1.14953220766283,0.640971690921339,0.526074120147963,0.210669085812771],"X":[[0.141697687646769,0.546555412739179],[0.502964664428254,0.318714714813678],[0.988936414483221,0.285642131600911],[0.460262112957486,0.904124343507952],[0.927599713380355,0.946867437317704],[0,0],[0.109326871123148,0.613387752585235],[0.180865064939321,0.437777782152211],[0.183817452111283,0.42816248187206],[0.187230252340912,0.409154914456354],[0.191613814961405,0.409708030785163],[0.196602499330442,0.409020146887849],[0.194046895144436,0.405426944355516],[0.00261529454379819,0.346069424102002],[0,0.423037427018754],[0.194986991000782,0.40463771578616],[0.350215765867916,0],[0.493369179450403,0],[0.194325234424458,0.405427313728718],[0.370351975584717,0.418753176441452],[0.0193074161370535,0.91188928757014],[0.710561695952751,0.661726058902528],[0.194613446949784,0.404684914679163],[0.777544773323542,0.269331312176336],[0.194474208043225,0.405031900585845],[0.328673189146228,0.273256140857622],[0.157522291219868,0.545506693621284],[0.19408528891567,0.405668548950817],[0.195384909025955,0.40422873406889],[0.192501271074198,0.407497622929226],[0.195216491217202,0.404430921963261],[0.195065931859578,0.404642005072923],[0.8840013506094,0.124074968883226],[0.196971128465986,0.402839036453149],[0.194320511797449,0.405438990721214],[0.1934064306057,0.406731554759978],[0.194639234510282,0.404961642900625],[0.803667266503923,0.437674084258237],[0.614983514676751,0.759857911706729],[0,0.18959178146615],[0.194345026101626,0.405169902729414],[0.514697882589581,0.634834325073248],[0.586325674630964,0.0546460162903755],[0.433635206259146,0.0924389138888167],[0.11106628412997,0.0996028016828007]],"C":[[0.48666240213691,-1.18119894612106],[0.691541920665825,-1.14544747689781],[-0.336800516519663,-0.440413340763558],[-1.05319856315952,-0.470717958852225],[-1.21750070154058,0.256999172115913],[1.5,-1.5],[0.651734498508791,-1.11180310022886],[0.0262689479475093,-1.27563844173839],[0.0108937130953727,-1.28288803341647],[0.00533479176243823,-1.29753708858457],[-0.000513347292319832,-1.29542347542608],[-0.00614319963387278,-1.29404997669687],[0.000401891216100403,-1.29797479527535],[0.337933736763443,-1.38022911393616],[0.242292292158645,-1.32103933534135],[0.000190006266531983,-1.29824839230382],[0.801487141067654,-1.37734891733755],[0.507058968300548,-1.25658685276844],[7.39346382224726e-05,-1.2978663965486],[-0.183721136717269,-1.18748519140069],[-0.790840600645472,-0.668085150896934],[-0.988342592375848,-0.557220699214079],[0.000570083581817704,-1.29835572609744],[-0.0174111525375533,-0.822884769758615],[0.000337300596735923,-1.29812894191378],[0.813290143069863,-1.31730501622005],[0.453492773681591,-1.17760917498322],[9.61291581911827e-05,-1.29776392901866],[0.000212169199640677,-1.29842386787798],[0.000187540273156983,-1.29688894794185],[0.000166096633531787,-1.29832615091679],[9.31996952499015e-05,-1.29821412995832],[0.471728091086291,-0.703147014217383],[0.000160502101406779,-1.29892308526033],[6.67511805060861e-05,-1.29785876349774],[-0.000183325217831987,-1.29716339496289],[0.000223600836960491,-1.29812163616848],[0.316829305391639,-0.662560320718826],[-0.246434108688441,-0.544411230692518],[1.46495521924468,-1.46405495640049],[0.000334291686418464,-1.2980673607518],[-0.269431298970236,-0.832071469366595],[0.306755942362105,-1.15323601617214],[0.87155495780822,-1.30341555509164],[1.6509067124214,-1.4777435624265]],"d":[[0.105682125793131,0.030840885245259],[0.809550090628735,0.953585778257245]],"df":[1.21017925312916,1.28507950952408],"lambda":[[0,0],[0,0],[0,0],[0,0],[1.01385496209865,0],[1.85474475330705,0],[2.67833389908003,0],[2.51983202054623,0],[0.623048504309499,0],[0.747137037883494,0],[0.995314105031484,0],[1.49166823932746,0],[1.96100119390357,0],[2.89966710305579,0],[4.77699892136023,0],[6.23800177503729,0],[9.1600074823914,0],[15.0040188970996,0],[3.5527136788005e-15,0],[11.6880228294164,0],[3.5527136788005e-15,0],[23.3760456588329,0],[3.5527136788005e-15,0],[3.5527136788005e-15,0],[3.5527136788005e-15,0],[3.5527136788005e-15,0],[3.5527136788005e-15,0],[3.5527136788005e-15,0],[3.5527136788005e-15,0],[3.5527136788005e-15,0],[3.5527136788005e-15,0],[42.2096781915944,0],[7.105427357601e-15,0],[7.105427357601e-15,0],[7.105427357601e-15,0],[7.105427357601e-15,0],[7.105427357601e-15,0],[7.105427357601e-15,0],[7.105427357601e-15,0],[7.105427357601e-15,0],[7.105427357601e-15,0]],"rho":[0.0259099663458108,0.0259099663458108,0.0259099663458108,0.0259099663458108,0.0129549831729054,0.00647749158645269,0.00323874579322635,0.00323874579322635,0.00323874579322635,0.00161937289661317,0.000809686448306587,0.000404843224153293,0.000202421612076647,0.000101210806038323,5.06054030191617e-05,2.53027015095808e-05,1.26513507547904e-05,6.32567537739521e-06,6.32567537739521e-06,3.1628376886976e-06,3.1628376886976e-06,1.5814188443488e-06,1.5814188443488e-06,1.5814188443488e-06,1.5814188443488e-06,1.5814188443488e-06,1.5814188443488e-06,1.5814188443488e-06,1.5814188443488e-06,1.5814188443488e-06,1.5814188443488e-06,7.90709422174401e-07,7.90709422174401e-07,7.90709422174401e-07,7.90709422174401e-07,7.90709422174401e-07,7.90709422174401e-07,7.90709422174401e-07,7.90709422174401e-07,7.90709422174401e-07,7.90709422174401e-07]}
