{"prog":["Inf",0.874826488409849,0.874826488409849,0.874826488409849,0.874826488409849,0.874826488409849,0.874826488409849,0.874826488409849,0.874826488409849,0.874826488409849,0.854596289045856,0.854596289045856,0.617385002133186,0.617385002133186,0.609140858740078,0.605128094449901,0.605128094449901,0.600291083537976,0.600291083537976,0.600291083537976,0.600291083537976,0.600291083537976,0.600291083537976,0.600291083537976,0.600291083537976,0.600291083537976,0.600291083537976,0.600291083537976,0.600291083537976,0.600291083537976,0.600291083537976,0.600291083537976,0.600291083537976,0.600291083537976,0.600291083537976,0.600291083537976,0.600291083537976,0.600291083537976,0.600291083537976,0.600291083537976,0.600291083537976,0.600291083537976,0.600291083537976,0.600291083537976,0.600291083537976],"mei":["Inf",0.140437915375998,0.0952866167476343,0.195978200330168,0.260341705868885,0.144584754014928,0.179784423089045,0.262699259614681,0.185698843667198,0.0236941519903407,0.021067190133559,0.0011830790027953,0.020838249404535,0.014600592565099,6.92979197520264e-05,0.0182310533306292,4.12609455079509e-06,0,0,6.36342450988282e-05,0,0,0,0,1.28701682762211e-06,0,0,0.000506124993721519,1.01560261424314e-06,0.00144166202790894,4.27439922337646e-06,0,5.71195878050509e-05,0,0,9.3884920126909e-07,4.0850062480661e-05,0,1.51915638037029e-05,0,0],"obj":[0.796444907415762,0.874826488409849,1.04212005352651,1.13519054776411,0.564192233757161,0,0.581047634133308,0.492408354590889,0.437839326159997,0.385902777980583,0.854596289045856,0.548459750393515,0.617385002133186,0.593681948305968,0.609140858740078,0.605128094449901,0.598845027929726,0.600291083537976,0.371626500797775,0.59832562282556,0.532916421703812,0.8126669842899,1.14496177097404,0.599414028493127,1.40024909617357,0.954694245083466,0.514989645996548,1.2289976558351,0.599567764411305,1.38961632620818,0.331232918334294,0.599381612458253,0.599619130678006,0.599503138275417,0.599492050763691,0.742670127107173,0.521510153811805,0.564460667963573,1.19761973236092,0.599428543075065,0.599466767166864,1.80469762673781,0.599445210472527,0.362500602088892,0.917893624526936],"X":[[0.785774261901568,0.0106706455141936],[0.0503390760557584,0.824487412354091],[0.654623756384157,0.387496297142351],[0.361961683151769,0.773228864612344],[0.0605898235413688,0.503602410215792],[0,0],[0.00889474989739172,0.572152884235917],[0.0572461583245787,0.43516219626631],[0.0671495283301523,0.370689797829844],[0,0.385902777980583],[0.0335338407948429,0.821062448251014],[0.15006060046134,0.398399149932175],[0.214326936194781,0.403058065938404],[0.198807561857607,0.394874386448361],[0.195760917753799,0.413379940986279],[0.196154373272302,0.4089737211776],[0.187540997729563,0.411304030200163],[0.195133206957816,0.40515787658016],[0.371626500797775,0],[0.193689255525378,0.404636367300182],[0.412543431191441,0.120372990512371],[0.105504973117892,0.707162011172008],[0.244548951731424,0.90041281924262],[0.195054431273225,0.404359597219902],[0.717939530221079,0.682309565952492],[0.30079542991938,0.653898815164086],[0.117312828984091,0.397676817012456],[0.755185652548956,0.473812003286139],[0.194591199838713,0.404976564572591],[0.91197426884523,0.477642057362954],[0.231460688842009,0.0997722294922853],[0.194275517175071,0.405106095283182],[0.194683214173519,0.404935916504487],[0.19468916118559,0.404813977089827],[0.19432871718412,0.405163333579571],[0.67401521119485,0.0686549159123225],[0.521510153811805,0],[0.154066291610214,0.410394376353359],[0.262750689600443,0.934869042760476],[0.19472084934455,0.404707693730515],[0.194724899542917,0.404741867623947],[0.998620797504909,0.806076829232899],[0.194644356932838,0.404800853539688],[0.174954463940336,0.187546138148556],[0.516985441283319,0.400908183243617]],"C":[[0.976777326481948,-0.882444946657356],[-0.597149450835232,-0.817686484291508],[0.481327856651645,-0.921314357278463],[-0.155093459236493,-0.771100862860244],[0.443305870158518,-1.24271348570807],[1.5,-1.5],[0.740383244552155,-1.17256196048478],[0.201658177774239,-1.30735674029776],[0.193171261521657,-1.35808001462991],[0.23287992968366,-1.35107904594687],[-0.56291101863299,-0.824731937593598],[0.05894819296834,-1.3187599335225],[-0.0194205866093251,-1.29160815990335],[0.0114441619064281,-1.30454977227526],[-0.00800974194314968,-1.29079468747037],[-0.00555419231125137,-1.2942639572323],[0.00361940218413359,-1.2956573689117],[-0.000575750274204201,-1.29777012658741],[0.746936332742689,-1.3618937439048],[0.00170277280151626,-1.29875388255214],[1.06117345162863,-1.3153182605359],[0.265890411761397,-0.988790590602553],[-1.04457916912939,-0.629452565150618],[0.000438433907385738,-1.29844708497684],[-0.988572381985565,-0.519016487155658],[0.380903191685268,-0.98193844886662],[0.0971512262129527,-1.32809084936659],[0.145555679581033,-0.705196815726183],[0.000262864066421398,-1.29812824709231],[-0.0168576753537079,-0.440160998002293],[1.46593352874684,-1.43647145174292],[0.00048684510351088,-1.29814607499077],[0.000201383004485245,-1.29812534964374],[0.000333477561920981,-1.29822177446957],[0.000360720272301551,-1.29807902280026],[0.232312055682045,-1.04098999759903],[0.483247383732573,-1.22802715947119],[0.0468368024272045,-1.30784003364701],[-1.10733271413808,-0.556981948002603],[0.000418706422236903,-1.29829547346586],[0.000374601768849347,-1.29826623409028],[-1.44121862706481,0.147003351835504],[0.000400766384682338,-1.29824984328774],[1.36440392886862,-1.43421738161291],[0.0735299300153303,-1.07199868210939]],"d":[[0.128582206996571,0.050254212438404],[0.840839556335974,0.946414669591644]],"df":[1.25379864215013,1.30768636126648],"lambda":[[0,0],[0,0],[0,0],[0,0],[1.79539823604252,0],[0,0],[3.43967545495094,0],[0,0],[2.09930453287616,0],[0.716065337674134,0],[1.53118043299305,0],[0.39018616519906,0],[5.55111512312578e-17,0],[0.515586790966393,0],[0.351554599365103,0],[0.187522407763813,0],[0.67264515445784,0],[0.344580771255259,0],[1.31482626464331,0],[0.658697498238153,0],[1.15833963770706,0],[2.22044604925031e-16,0],[0.999284278937822,0],[2.22044604925031e-16,0],[1.99856855787564,0],[2.22044604925031e-16,0],[2.39649283185085,0],[0,0],[4.7929856637017,0],[0,0],[0,0],[0,0],[0,0],[0,0],[0,0],[0,0],[0,0],[0,0],[0,0],[0,0],[0,0]],"rho":[0.112319469700907,0.112319469700907,0.112319469700907,0.112319469700907,0.0561597348504533,0.0561597348504533,0.0280798674252266,0.0280798674252266,0.0140399337126133,0.0140399337126133,0.00701996685630666,0.00701996685630666,0.00701996685630666,0.00350998342815333,0.00350998342815333,0.00350998342815333,0.00175499171407666,0.00175499171407666,0.000877495857038332,0.000877495857038332,0.000438747928519166,0.000438747928519166,0.000219373964259583,0.000219373964259583,0.000109686982129792,0.000109686982129792,5.48434910648958e-05,5.48434910648958e-05,2.74217455324479e-05,2.74217455324479e-05,2.74217455324479e-05,2.74217455324479e-05,2.74217455324479e-05,2.74217455324479e-05,2.74217455324479e-05,2.74217455324479e-05,2.74217455324479e-05,2.74217455324479e-05,2.74217455324479e-05,2.74217455324479e-05,2.74217455324479e-05]}
