{"prog":[1.27279974272307,1.27279974272307,1.27279974272307,1.27279974272307,1.27279974272307,1.27279974272307,1.27279974272307,1.27279974272307,1.27279974272307,1.27279974272307,0.642194738735069,0.615536847499278,0.601368743746692,0.600678712020972,0.600678712020972,0.600678712020972,0.600678712020972,0.600678712020972,0.600678712020972,0.600678712020972,0.600678712020972,0.600678712020972,0.600678712020972,0.600678712020972,0.600678712020972,0.600678712020972,0.600678712020972,0.600678712020972,0.600678712020972,0.600678712020972,0.600678712020972,0.600678712020972,0.600678712020972,0.600678712020972,0.600678712020972,0.600678712020972,0.600678712020972,0.600678712020972,0.600678712020972,0.600678712020972,0.600678712020972,0.600678712020972,0.600678712020972,0.600678712020972,0.600678712020972],"mei":["Inf",0.10811475005488,0.279022301688255,0.353122577048403,0.188688791674909,0.379557147969322,0.446393060115765,0.033230472220322,0.0120817529593146,0.00868946509360904,0.000162441913087114,0.00346828553941437,0.000910313710689008,0.000266014569631289,0.00663543632481939,3.15635466871182e-05,1.17360873463243e-06,1.72299569344577e-07,2.13530990911038e-05,9.20393810373609e-07,0,0,0,1.47641030992086e-05,0,0,1.07128123434034e-05,0,0,9.47851991538365e-07,0,0,0,0,8.76559638831175e-06,0,1.1401239813286e-06,0,0,0,0],"obj":[1.27279974272307,0.193904238192808,0.887521627561078,1.52468211881925,0.531910655724795,0.614003638109597,0.382717572536031,0.266252126797555,0.441773407858694,0.562303469370357,0.642194738735069,0.615536847499278,0.601368743746692,0.600678712020972,0.599128639497094,0.59970361725131,0.599578396891112,0.599611799170843,0.599461703464405,0.599372307961383,0.579310797817845,0.599475852492648,0.599610995410042,0.599753922517182,1.44584459143594,1.0918358062754,0.617293812806833,0.599679203047415,0.969200015060278,1.0895038439879,0.600024582279369,0.642095883145811,0.809096002717758,0.599746671163584,0.808885701310655,0.962507145504585,1.60160125892069,1.04130227771455,0.599661173864524,1.03840688213166,0.535863496764988,1.38597085704402,1.53348149304615,1.18999074982404,0.271552283515165],"X":[[0.568975027610775,0.703824715112295],[0.156827850699617,0.0370763874931904],[0.803498683111625,0.0840229444494524],[0.526612174577688,0.998069944241566],[0.00654855922482641,0.525362096499969],[0,0.614003638109597],[0,0.382717572536031],[0,0.266252126797555],[0.0453109369075536,0.39646247095114],[0.163183750173086,0.399119719197271],[0.242015708890758,0.400179029844311],[0.216572189768306,0.398964657730972],[0.201421761778161,0.399946981968531],[0.197921643899852,0.40275706812112],[0.194224743988196,0.404903895508899],[0.194603884743383,0.405099732507927],[0.194392270434049,0.405186126457064],[0.195166392485605,0.404445406685238],[0.194340478750714,0.405121224713691],[0.193736328588207,0.405635979373176],[0.568261392740966,0.0110494050768785],[0.193866422397858,0.405609430094791],[0.194386541691533,0.405224453718509],[0.195371971272123,0.404381951245059],[0.888753233249475,0.557091358186466],[0.483479270262662,0.608356536012738],[0.26154475762419,0.355749055182643],[0.194615043736502,0.405064159310913],[0.270559885405973,0.698640129654305],[0.776172985460836,0.313330858527061],[0.192578998734556,0.407445583544814],[0.022179084518221,0.61991679862759],[0.0106855577944046,0.798410444923353],[0.195993667197588,0.403753003965996],[0.0731472767644905,0.735738424546164],[0.759793208156012,0.202713937348573],[0.671243485512455,0.930357773408237],[0.715362514808672,0.325939762905878],[0.193678179825611,0.405982994038913],[0.83416419919463,0.20424268293703],[0.455273964590589,0.0805895321743983],[0.589008249254899,0.796962607789124],[0.739713252747085,0.793768240299068],[0.606796748358988,0.583194001465057],[0.198081427123463,0.0734708563917016]],"C":[[-0.225038573352261,-0.680898188352415],[1.42220605813505,-1.47403036673539],[0.458204635408238,-0.847330011043928],[-1.51318725637176,-0.226536003988196],[0.599269961104778,-1.22395178393324],[0.767226585848371,-1.12299953238818],[0.236914383627188,-1.35352725967213],[0.866089013346592,-1.42910980497578],[0.178160973305545,-1.34076442812388],[0.0431789755356096,-1.31407451342734],[-0.0417080901332946,-1.28128514072297],[-0.0144911197784761,-1.29392368850057],[-0.000458077725583039,-1.29947168549645],[-0.000802579818890037,-1.29861376695446],[0.000773417696778522,-1.29832958422444],[0.000109322322465077,-1.29802353476479],[0.000260854426744006,-1.29803584812222],[0.00020707110980156,-1.29833399225537],[0.000393841255486471,-1.29810857160542],[0.000542950320729818,-1.29792568722313],[0.434916077442291,-1.17695690016754],[0.000417731095328722,-1.29789680048483],[0.000225036104086973,-1.29800701451774],[4.39915251861378e-05,-1.29830503034848],[-0.0564391976220971,-0.399766909022564],[-0.253620156311588,-0.896150120316866],[0.135580909854862,-1.30503694949596],[0.00013620217464333,-1.29804801159318],[0.278971193096608,-0.938699317645723],[0.172952674814611,-0.799379269735508],[0.000140540432552849,-1.29690142569622],[0.736866553391256,-1.11521125098925],[-0.392966519541358,-0.862426580291916],[9.37121169974908e-05,-1.29856999420688],[0.0609915554905646,-0.953338446548268],[-0.106156306204063,-0.881621340444633],[-0.7644376090359,-0.183866596615958],[0.51828678012163,-0.882019743363472],[0.000246595811285832,-1.29766657121064],[-0.228948302256658,-0.762455015248666],[0.74075033427503,-1.28623094446988],[-0.183022614744197,-0.517919884095638],[-0.701807281874929,-0.322756284402847],[-0.750443397977195,-0.791682462836134],[1.46810167578745,-1.4553657814898]],"d":[[0.0868411464751347,0.0281386426441965],[0.927883537299579,0.805776080929502]],"df":[1.31691993185728,1.44700874679992],"lambda":[[0,0],[0,0],[0,0],[2.87251659448036,0],[0,0],[4.32029786012723,0],[6.41442691822408,0],[2.36884119404106,0],[0.963236978746866,0],[0.918804526882914,0],[0.84095618984705,0],[0.915975870271591,0],[0.93718388174782,0],[0.979599904700277,0],[1.06443195060519,0],[1.23409604241502,0],[1.57342422603469,0],[2.25208059327401,0],[3.60939332775266,0],[6.32401879670995,0],[8.50876043036331,0],[12.87824369767,0],[-8.88178419700125e-15,0],[8.73896653461341,0],[26.2168996038402,0],[-7.105427357601e-15,0],[34.9558661384537,0],[-7.105427357601e-15,0],[-7.105427357601e-15,0],[-7.105427357601e-15,0],[-7.105427357601e-15,0],[-7.105427357601e-15,0],[-7.105427357601e-15,0],[-7.105427357601e-15,0],[-7.105427357601e-15,0],[-7.105427357601e-15,0],[-7.105427357601e-15,0],[-7.105427357601e-15,0],[-7.105427357601e-15,0],[-7.105427357601e-15,0],[-7.105427357601e-15,0]],"rho":[0.0824762454227164,0.0824762454227164,0.0824762454227164,0.0412381227113582,0.0412381227113582,0.0206190613556791,0.0103095306778396,0.0103095306778396,0.0103095306778396,0.0103095306778396,0.0103095306778396,0.00515476533891978,0.00257738266945989,0.00128869133472994,0.000644345667364972,0.000322172833682486,0.000161086416841243,8.05432084206215e-05,4.02716042103107e-05,2.01358021051554e-05,1.00679010525777e-05,5.03395052628884e-06,5.03395052628884e-06,2.51697526314442e-06,1.25848763157221e-06,1.25848763157221e-06,6.29243815786105e-07,6.29243815786105e-07,6.29243815786105e-07,6.29243815786105e-07,6.29243815786105e-07,6.29243815786105e-07,6.29243815786105e-07,6.29243815786105e-07,6.29243815786105e-07,6.29243815786105e-07,6.29243815786105e-07,6.29243815786105e-07,6.29243815786105e-07,6.29243815786105e-07,6.29243815786105e-07]}
