{"prog":[1.17659262838228,1.17659262838228,1.17659262838228,1.17659262838228,1.17659262838228,1.17659262838228,1.17659262838228,1.17659262838228,0.607164266000372,0.600991049665634,0.60003596494877,0.60003596494877,0.60003596494877,0.60003596494877,0.60003596494877,0.60003596494877,0.60003596494877,0.60003596494877,0.60003596494877,0.60003596494877,0.60003596494877,0.60003596494877,0.60003596494877,0.60003596494877,0.60003596494877,0.60003596494877,0.60003596494877,0.60003596494877,0.60003596494877,0.60003596494877,0.60003596494877,0.60003596494877,0.60003596494877,0.60003596494877,0.60003596494877,0.60003596494877,0.60003596494877,0.60003596494877,0.60003596494877,0.60003596494877,0.60003596494877,0.60003596494877,0.60003596494877,0.60003596494877,0.60003596494877],"mei":["Inf",0.10213990408701,0.363044914249914,0.163968272679065,0.293908318226706,0.155808189668964,0.0115258531644822,0.000464901645742567,0.00025567382828427,0.000110863704207627,1.67451350742316e-05,0.000313328767795803,1.12970956781868e-05,0.00450148132237966,4.43451652945663e-06,1.00141240924833e-06,0,3.911098857538e-08,0,0.00209374217373774,0,1.11982668197757e-05,7.04702170031041e-05,0,0,0,0,0,0,0,0.000232562726670515,0,8.32369644534566e-05,9.2677662856677e-07,5.76721128725258e-07,0,1.43661607026654e-05,5.0416596929541e-06,0,8.99184796511871e-07,0],"obj":[1.17659262838228,0.998300846162788,1.19004907758675,0.58978686028388,0.59319775477359,0.590765439514186,0.586151381846969,0.592413792662693,0.607164266000372,0.600991049665634,0.60003596494877,0.41453134028114,0.00133722038549652,0.415068210530888,1,0.59883456749665,0.399956526953272,0.599213206656212,0.532769163539292,0.580382793580192,1.49229512361248,0.599346484380803,0.953102386557335,0.599390413879399,1.26170277259478,0.196627262733045,0.600596295381916,1.58693029372411,0.60785490200465,1.81213179346536,1.29147499416775,1.66275786159759,0.903201026513614,0.784428069891228,0.218933871414886,1.05781476929998,0.599293850190399,0.59930313848239,0.599304213293008,1.53438399927835,0.599327512280466,0.599320714162777,0.417981141233673,0.599310085755386,1.59657002345709],"X":[[0.607091863366564,0.569500765015721],[0.987139224611954,0.0111616215508342],[0.428283388197488,0.76176568938926],[0.162607795643296,0.427179064640584],[0.385777595859435,0.207420158914155],[0.158618732987602,0.432146706526585],[0.17626746300567,0.409883918841299],[0.185943855501814,0.406469937160878],[0.199651908605697,0.407512357394676],[0.194175188516638,0.406815861148996],[0.194063630470182,0.405972334478588],[0.0574166218125308,0.357114718468609],[0,0.00133722038549652],[0,0.415068210530888],[0,1],[0.195394849661669,0.403439717834981],[0.396915687578771,0.00304083937450159],[0.196352777234708,0.402860429421504],[0.532383307326355,0.000385856212937035],[0,0.580382793580192],[0.968829120516737,0.523466003095747],[0.20477502502755,0.394571459353253],[0.22683153190837,0.726270854648964],[0.194352854298938,0.405037559580461],[0.764957481301473,0.496745291293307],[0.00157866628672431,0.195048596446321],[0.189804519251469,0.410791776130448],[0.59302755148011,0.993902742244001],[0.553843877852299,0.0540110241523504],[0.916720189496018,0.895411603969338],[0.901158622678732,0.390316371489017],[0.780279613421829,0.882478248175764],[0.889595487159024,0.0136055393545901],[0.693014542430736,0.0914135274604926],[0.218933871414886,0],[0.843670640323141,0.214144128976842],[0.19435622850947,0.404937621680929],[0.194412312719794,0.404890825762596],[0.193926768178311,0.405377445114697],[0.778706821344585,0.755677177933761],[0.19443356176404,0.404893950516427],[0.194635675317799,0.404685038844978],[0.119027831546177,0.298953309687496],[0.194632779095428,0.404677306659958],[0.665832841171425,0.930737182285669]],"C":[[-0.741975198207693,-0.807108348080622],[0.638696488139825,-0.525431569436867],[-0.0298271728789526,-0.736286373863385],[0.041765539650943,-1.29107675152882],[1.19685255880697,-1.30815252420894],[0.053471550463944,-1.28808932158363],[0.0186718177312796,-1.30092495456084],[0.00903595760980286,-1.30020707278555],[-0.00844001717167558,-1.29407279396074],[-0.00118676354765956,-1.29679685128213],[-0.000199363061320679,-1.29752577096674],[0.243341926650653,-1.36917240939272],[1.5057271672944,-1.49999821184164],[0.231916869554508,-1.32771838060669],[-0.5,-0.5],[0.00117315417254971,-1.29905724679892],[0.689814484199018,-1.34244869024977],[0.00083198805136403,-1.29914906127854],[0.477335929426927,-1.21656786519523],[0.762682237135124,-1.16315581291605],[-0.201177091509963,-0.287353478841729],[0.00615887434805379,-1.30238055258881],[0.111744299841501,-0.921078101819565],[0.000472973482074257,-1.29817154335496],[0.0138785646582378,-0.668084167378835],[1.42680684309184,-1.46195355283708],[0.00103881127634381,-1.29522436113531],[-1.45821399338545,-0.16047566214536],[0.363862824645841,-1.19033976823554],[-1.36071482253659,0.142137846352558],[-0.27996538726371,-0.535566266919418],[-0.629727954479503,-0.112395866374915],[1.08121330061197,-0.70843475852517],[0.146208442478851,-1.01137441097675],[1.13274921727045,-1.45206795994729],[-0.260928889980207,-0.74236214268149],[0.000581592402559061,-1.29825117898697],[0.000569049999771643,-1.29826727187622],[0.000597135592391218,-1.2980615355762],[-1.07118070186315,-0.322567689141479],[0.000540680627273582,-1.29825647889495],[0.000544052544959317,-1.29834697322862],[0.531962679877322,-1.39645929394431],[0.000556352767119794,-1.29835435877603],[-0.78132907080326,-0.190394925128522]],"d":[[0.0684849497155101,0.0390363726034422],[0.850985735238832,0.952921223757829]],"df":[1.47772817596338,1.45153832907909],"lambda":[[0,0],[0,0],[0,0],[25.1887446323098,0],[49.5682059164044,0],[4.02503699964635,0],[0,0],[0,0],[0,0],[0,0],[0,0],[0,0],[0,0],[0,0],[0,0],[0,0],[0,0],[0,0],[0,0],[0,0],[2.55221177268988,0],[0.400646108117394,0],[1.66533453693773e-16,0],[-1.25989663718442e-16,0],[-1.25989663718442e-16,0],[-1.25989663718442e-16,0],[-1.25989663718442e-16,0],[-1.25989663718442e-16,0],[-1.25989663718442e-16,0],[-1.25989663718442e-16,0],[-1.25989663718442e-16,0],[-1.25989663718442e-16,0],[-1.25989663718442e-16,0],[-1.25989663718442e-16,0],[-1.25989663718442e-16,0],[-1.25989663718442e-16,0],[-1.25989663718442e-16,0],[-1.25989663718442e-16,0],[-1.25989663718442e-16,0],[-1.25989663718442e-16,0],[-1.25989663718442e-16,0]],"rho":[0.000741276232850806,0.000741276232850806,0.000741276232850806,0.000370638116425403,0.000185319058212701,0.000185319058212701,0.000185319058212701,0.000185319058212701,0.000185319058212701,0.000185319058212701,0.000185319058212701,0.000185319058212701,0.000185319058212701,0.000185319058212701,0.000185319058212701,0.000185319058212701,0.000185319058212701,0.000185319058212701,0.000185319058212701,0.000185319058212701,9.26595291063507e-05,9.26595291063507e-05,9.26595291063507e-05,9.26595291063507e-05,9.26595291063507e-05,9.26595291063507e-05,9.26595291063507e-05,9.26595291063507e-05,9.26595291063507e-05,9.26595291063507e-05,9.26595291063507e-05,9.26595291063507e-05,9.26595291063507e-05,9.26595291063507e-05,9.26595291063507e-05,9.26595291063507e-05,9.26595291063507e-05,9.26595291063507e-05,9.26595291063507e-05,9.26595291063507e-05,9.26595291063507e-05]}
