{"prog":["Inf",1.40457291451855,1.19356058985776,1.19356058985776,1.19356058985776,1.19356058985776,1.19356058985776,1.19356058985776,1.19356058985776,1.19356058985776,1.19356058985776,1.19356058985776,0.950211263571264,0.950211263571264,0.950211263571264,0.787828650679956,0.787828650679956,0.787828650679956,0.787828650679956,0.617189640249288,0.617189640249288,0.616553240297248,0.606412517604676,0.606412517604676,0.606412517604676,0.606412517604676,0.606412517604676,0.601075061369813,0.601075061369813,0.601075061369813,0.601075061369813,0.601075061369813,0.601075061369813,0.601075061369813,0.601075061369813,0.601075061369813,0.601075061369813,0.601075061369813,0.601075061369813,0.601075061369813,0.601075061369813,0.601075061369813,0.601075061369813,0.601075061369813,0.601075061369813],"mei":["Inf",0.360107737139557,0.275244933196412,0.318045346032558,0.249956017922882,0.318076162047182,0.247331757588425,0.169110052259355,0.337002591157827,0.0337109789361438,0.112797034029363,0.183761084579807,0.0778240096593527,0.00122092108377168,0.101954086392004,0.0683579913273166,0.00983111256520871,0.0215402420872844,0.0188145672934542,0.00124701303065476,2.62202726516388e-05,2.50078253064199e-05,7.40771905481504e-07,3.09909705025932e-07,0,9.42555807121355e-07,0,1.10112014568928e-06,0,4.26474393622296e-05,0,0,1.1733472009887e-07,3.1412995714885e-05,0,0,9.92354603463884e-07,0,0,0.000210571299858481,0],"obj":[0.867187312852402,1.40457291451855,1.19356058985776,1.25228969295795,0.654235874226837,0,0.25699416422235,0.270956031630708,0.466735627077555,1.24797130667194,0.647841042132876,0.882003925299667,0.950211263571264,0.933346673609851,0.795068458519138,0.787828650679956,0.748784663411321,0.558738725019412,0.592386901859688,0.617189640249288,0.579273092977379,0.616553240297248,0.606412517604676,0.600684737675556,0.408431141075943,0.599310153642709,0.563744411463322,0.601075061369813,1.01668852677068,0.600880774083113,0.771512560672665,0.599691374789488,1.15986372678994,0.599367056034656,0.438720061722891,0.803717744641266,0.599981405716186,0.599645395079821,1.5091109000346,1.25286000264354,0.599568869821277,1.38774249092865,0.881352219700942,0.599673686506621,0.707163258138523],"X":[[0.561992309950756,0.305195002901646],[0.831076771032782,0.573496143485768],[0.961158571117827,0.232402018739935],[0.31750015019381,0.934789542764143],[0.0543599666176271,0.59987590760921],[0,0],[0.25699416422235,0],[0,0.270956031630708],[0.466735627077555,0],[0.317896286677505,0.930075019994439],[0.647841042132876,0],[0.166471495851773,0.715532429447894],[0.201161981816022,0.749049281755241],[0.197463955864607,0.735882717745244],[0.0605884331330122,0.734480025386125],[0.0311887119362075,0.756639938743748],[0,0.748784663411321],[0.158698218879881,0.400040506139531],[0.186983265539509,0.405403636320179],[0.209967191067921,0.407222449181367],[0.18351137297957,0.395761719997809],[0.209574075165112,0.406979165132136],[0.204983210205422,0.401429307399254],[0.200523134141623,0.400161603533933],[0,0.408431141075943],[0.194260728453427,0.405049425189282],[0.456025915377323,0.107718496085999],[0.200736321811524,0.400338739558289],[0.962430580230018,0.0542579465406616],[0.182205908769761,0.418674865313352],[0.213476511848829,0.558036048823836],[0.195704960110429,0.403986414679058],[0.953406623249083,0.206457103540855],[0.194653461720768,0.404713594313888],[0.187720359301036,0.250999702421855],[0.776593445944738,0.0271242986965283],[0.198055705203543,0.401925700512643],[0.194317861793712,0.405327533286109],[0.78407917754191,0.725031722492685],[0.735356264466549,0.517503738176987],[0.195178838066051,0.404390031755225],[0.605356139683061,0.782386351245592],[0.33937413087007,0.541978088830872],[0.195010744312026,0.404662942194595],[0.593223367075674,0.113939891062849]],"C":[[0.808152986122308,-1.09102065376008],[-0.34251117295322,-0.480413574056677],[-0.0532818608943448,-0.522163502852339],[-1.18360506222378,-0.525362165365712],[0.718210704168679,-1.13719388949936],[1.5,-1.5],[1.04142036057209,-1.43395399955566],[0.827933901182166,-1.42658282892294],[0.543436126721018,-1.28215785441652],[-1.17723068459469,-0.533902408098998],[0.61045119302804,-1.08030198412819],[0.18777201452584,-0.960300583477268],[-0.067725332970979,-0.898459030573807],[0.035744608088245,-0.919484611858175],[0.0786366189990599,-0.956868134079283],[-0.0830940942582895,-0.926523267345617],[0.0100665613273941,-0.939321527839995],[0.0473255378227703,-1.31478246877198],[0.00878728984384558,-1.30068515006656],[-0.0203269528665297,-1.29008365555778],[0.0255727913272187,-1.30969623697153],[-0.0195751593740296,-1.29044666616704],[-0.0066824329254721,-1.29683639469484],[0.000162846588448673,-1.29966116373117],[0.226615291610814,-1.3331840029994],[0.000567524820783816,-1.29819773253458],[0.852019260437858,-1.28043709010525],[-0.000350290071038983,-1.29943382271446],[0.884422670750694,-0.570783453475302],[0.0091069126701645,-1.29151236396423],[0.38476093195454,-1.14302354710194],[0.000136918862090218,-1.29849454534294],[0.121333909204619,-0.548391275142301],[0.000490401346760205,-1.29831693641765],[0.913947806330173,-1.40176021608803],[0.820222798352767,-0.896166892135899],[0.00020252221086231,-1.29922966890375],[0.000191901638944392,-1.29795015934812],[-1.16405991959386,-0.359548844724492],[-0.252330640287014,-0.691441045282647],[0.000258173371748549,-1.29837392338819],[-0.196261360512734,-0.521415541532631],[-0.0207787880888165,-1.09108495052342],[0.000133046978370799,-1.29821871281728],[0.327495467058344,-1.13510373797999]],"d":[[0.163062039538953,0.0378555979579152],[0.93539141601347,0.952846215595105]],"df":[1.3493281516342,1.3966211611387],"lambda":[[0,0],[0,0],[0,0],[0,0],[0,0],[2.51489133893075,0],[4.44089209850063e-16,0],[-5.47217651532801e-18,0],[1.73792719992294,0],[0.484261166767559,0],[-5.55111512312578e-17,0],[1.45564523460589,0],[0,0],[0.372684945299194,0],[3.8768637609067,0],[5.17815842480343,0],[0,0],[2.60258932779344,0],[0,0],[0,0],[0.0964626866065931,0],[0.289388059819779,0],[1.63408847879078,0],[4.32348931673278,0],[1.00356258903865,0],[2.54696557474414,0],[-4.44089209850063e-16,0],[3.08680597141098,0],[8.27748224071574,0],[0,0],[10.3813525386095,0],[0,0],[0,0],[0,0],[0,0],[0,0],[0,0],[0,0],[0,0],[0,0],[20.1755633311342,0]],"rho":[0.216087318886736,0.216087318886736,0.216087318886736,0.216087318886736,0.216087318886736,0.108043659443368,0.108043659443368,0.108043659443368,0.0540218297216839,0.0540218297216839,0.0540218297216839,0.027010914860842,0.027010914860842,0.013505457430421,0.00675272871521049,0.00337636435760525,0.00337636435760525,0.00168818217880262,0.00168818217880262,0.00168818217880262,0.000844091089401312,0.000422045544700656,0.000211022772350328,0.000105511386175164,0.000105511386175164,5.2755693087582e-05,5.2755693087582e-05,2.6377846543791e-05,1.31889232718955e-05,1.31889232718955e-05,6.59446163594775e-06,6.59446163594775e-06,6.59446163594775e-06,6.59446163594775e-06,6.59446163594775e-06,6.59446163594775e-06,6.59446163594775e-06,6.59446163594775e-06,6.59446163594775e-06,6.59446163594775e-06,3.29723081797387e-06]}
