{"prog":[1.17839082744866,1.17839082744866,1.16972407635528,1.16972407635528,1.16972407635528,1.16972407635528,1.16972407635528,1.16972407635528,0.867534932182162,0.865934849524816,0.863268953387594,0.826679713890964,0.818231790627042,0.754038544341915,0.694274553126297,0.694274553126297,0.661618198938416,0.639748672984996,0.639748672984996,0.639748672984996,0.639748672984996,0.639748672984996,0.600501261374397,0.600501261374397,0.600501261374397,0.600501261374397,0.600501261374397,0.600501261374397,0.600501261374397,0.600501261374397,0.600501261374397,0.600501261374397,0.600501261374397,0.600501261374397,0.600501261374397,0.600501261374397,0.600501261374397,0.600501261374397,0.600501261374397,0.600501261374397,0.600501261374397,0.600501261374397,0.600501261374397,0.600501261374397,0.600501261374397],"mei":["Inf",0.0248545847415814,0.0165339718666278,0.0459497109792747,0.0202753236318108,0.0256808474706977,0.0224516421325282,0.0332533215972542,0.0283084603902924,0.036755702494392,0.0420175672148367,0.01577314594063,0.0465655808569226,0.0311010935234728,0.0250048774223795,0.0184615820853068,0.0080567210239393,0.00157775637004417,0.00579121703282098,0.00196770076978452,2.14942767077606e-05,1.19568918496099e-05,1.19680549755233e-05,6.60016374233869e-06,9.27485622329229e-05,1.44926902086415e-06,2.87041601843457e-09,9.4047340730267e-07,0,0,9.67829152744797e-05,0.00017150574700815,0,0,0,0,0,0,0,0,0],"obj":[1.17839082744866,0.841721224193862,1.16972407635528,0.919524422339053,1.82462756723273,0,0.93775690102416,0.869435487831101,0.867534932182162,0.865934849524816,0.863268953387594,0.826679713890964,0.818231790627042,0.754038544341915,0.694274553126297,0.667461744678133,0.661618198938416,0.639748672984996,0.610349762643998,0.608080742384233,0.602314142094523,0.379136697056298,0.600501261374397,0.599703768775667,0.366115985273338,0.473954548845148,0.526761373075915,0.599410585952246,0.599360494079031,0.599491339640671,0.599390045172164,0.599585353981848,1.06346343802774,1.25387290126548,0.599565029373794,0.599583526682208,1.73808374363377,0.938839167403951,1.04584607246054,1.58890332057939,0.169065614311738,1.15801881468585,0.625709209178646,1.19431300563857,0.320063551378963],"X":[[0.258691347143308,0.919699480305356],[0.536267689703095,0.305453534490767],[0.836074895671586,0.333649180683691],[0.302337589846537,0.617186832492516],[0.967612987022757,0.857014580209976],[0,0],[0.286333299152135,0.651423601872025],[0.32854345708529,0.540892030745811],[0.329153296334923,0.538381635847239],[0.329604820442569,0.536330029082248],[0.330051353345818,0.533217600041776],[0.333797062833707,0.492882651057258],[0.333674529621555,0.484557261005487],[0.324012936734424,0.43002560760749],[0.305302060606907,0.38897249251939],[0.28954906910693,0.377912675571203],[0.278653956380292,0.382964242558124],[0.254841342509077,0.38490733047592],[0.219690994525653,0.390658768118345],[0.215332289447363,0.39274845293687],[0.205519265874457,0.396794876220066],[0,0.379136697056298],[0.199404830080123,0.401096431294274],[0.195180272466746,0.404523496308921],[0.364540421040048,0.00157556423329062],[0,0.473954548845148],[0.526761373075915,0],[0.194692119999811,0.404718465952435],[0.194287840769104,0.405072653309927],[0.193903901251182,0.405587438389489],[0.194020381005586,0.405369664166577],[0.194183317712567,0.405402036269281],[0.276920255811401,0.786543182216339],[0.968918695068992,0.284954206196487],[0.194244029957699,0.405320999416095],[0.194489671182566,0.405093855499642],[0.778014464249512,0.960069279384257],[0.0830524270499247,0.855786740354026],[0.0504497031251084,0.995396369335427],[0.87097232672958,0.717930993849815],[0.0287357219221852,0.140329892389553],[0.344717120641032,0.81330169404482],[0.063067811476455,0.562641397702191],[0.412544047878902,0.781768957759666],[0.180763190749558,0.139300360629405]],"C":[[-1.09311198192755,-0.587231652839239],[0.800694110614653,-1.1191151032476],[-0.102375004962121,-0.689656993056848],[0.354416927648652,-1.02767239556364],[-1.6740588440371,0.170748883347583],[1.5,-1.5],[0.402462465756429,-0.993660532720732],[0.00786807584893778,-1.09949500788212],[-0.00447407591955079,-1.10180332169431],[-0.0143368209267917,-1.10371076224566],[-0.0284191262445478,-1.10674509516028],[-0.174568193159444,-1.14564621313036],[-0.192461867759337,-1.15386556908869],[-0.183810793098038,-1.21009359363054],[-0.0417938857819405,-1.25549105185243],[0.0134996537411814,-1.27334334622193],[-0.00745494383457646,-1.27569036151549],[-0.00468922858657328,-1.28690223709407],[0.00182321576852329,-1.29912159381659],[0.000336746791088027,-1.29938065783705],[0.000909011160683815,-1.30031565755993],[0.242402018818264,-1.35625536494524],[-7.34241122470336e-05,-1.29935936654372],[9.89597430879896e-05,-1.29826540217381],[0.768386807971537,-1.36710779902529],[0.391348653128695,-1.27536708562899],[0.480671839652356,-1.22252245583518],[0.000439750304548792,-1.29829794172709],[0.000509772659442076,-1.29816838046974],[0.000397069573751463,-1.29790010690022],[0.000495490546258637,-1.29803152712792],[0.000268487257894801,-1.29794202811086],[-0.338702676450072,-0.804664994430344],[-0.405678941183323,-0.479997662716731],[0.000285838828612162,-1.29798414425813],[0.000249659457228879,-1.29807273603973],[-0.739066421099688,0.0270395277988609],[-0.774487578975306,-0.760731349395347],[-0.578130257057462,-0.506640895368439],[-1.25552863074677,-0.225982294141079],[1.68184554645965,-1.47948177958755],[-0.495731954395438,-0.719710461200782],[0.656900576794086,-1.17945710874729],[-0.165537595903238,-0.718644705243056],[1.54047223737124,-1.44792007839856]],"d":[[0.172505804674673,0.0536133750650237],[0.864867410016053,0.663388877115497]],"df":[1.29989041834253,1.0404207364113],"lambda":[[0,0],[0,0],[0,0],[0,0],[0.631344233683946,0],[0,0],[0,0],[0,0],[0,0],[0,0],[0,0],[0,0],[2.1664581556812,0],[0,0],[0,0],[0.585188442164915,0],[0.801356307189958,0],[1.96839936202691,0],[4.30248547170083,0],[3.92542035319993,0],[4.43362217018272,0],[5.45002580414831,0],[3.94176533014473,0],[5.97457259807589,0],[2.95805165006873,0],[7.02366618593107,0],[0.990624289916748,0],[9.12185336164142,0],[0,0],[0,0],[0,0],[0,0],[0,0],[0,0],[0,0],[0,0],[0,0],[0,0],[0,0],[0,0],[0,0]],"rho":[0.0124624181692876,0.0124624181692876,0.0124624181692876,0.0124624181692876,0.00623120908464382,0.00623120908464382,0.00623120908464382,0.00623120908464382,0.00623120908464382,0.00623120908464382,0.00623120908464382,0.00623120908464382,0.00311560454232191,0.00311560454232191,0.00311560454232191,0.00155780227116095,0.000778901135580477,0.000389450567790239,0.000194725283895119,0.000194725283895119,9.73626419475597e-05,4.86813209737798e-05,4.86813209737798e-05,2.43406604868899e-05,2.43406604868899e-05,1.2170330243445e-05,1.2170330243445e-05,6.08516512172248e-06,6.08516512172248e-06,6.08516512172248e-06,6.08516512172248e-06,6.08516512172248e-06,6.08516512172248e-06,6.08516512172248e-06,6.08516512172248e-06,6.08516512172248e-06,6.08516512172248e-06,6.08516512172248e-06,6.08516512172248e-06,6.08516512172248e-06,6.08516512172248e-06]}
