{"prog":["Inf",1.07295478389434,1.07295478389434,1.07295478389434,1.07295478389434,1.07295478389434,1.07295478389434,1.07295478389434,0.943896160638163,0.943896160638163,0.943896160638163,0.943896160638163,0.943896160638163,0.757534711382646,0.757534711382646,0.757534711382646,0.632228065247606,0.624856589745123,0.624856589745123,0.623464212819948,0.623464212819948,0.602891087339255,0.602891087339255,0.602891087339255,0.602891087339255,0.602891087339255,0.602891087339255,0.602891087339255,0.602891087339255,0.602891087339255,0.602891087339255,0.602891087339255,0.602891087339255,0.602891087339255,0.602891087339255,0.602891087339255,0.602891087339255,0.602891087339255,0.600062245914623,0.600062245914623,0.600062245914623,0.600062245914623,0.600062245914623,0.600062245914623,0.600062245914623],"mei":["Inf",0.101622770054477,0.0985286534103452,0.107035561708172,0.119780816832045,0.108614904018177,0.120725010178355,0.128692195554321,0.0874912761119834,0.0146898968275173,0.0159647911215225,0.0605483791891722,0.0701936204184165,0.0163931451834717,0.0105848322547092,0.00565996761283764,0.0266339891485417,0.0214367256234843,0.0209195037224561,1.41466916060171e-05,1.41131942269655e-07,0,9.29441233259959e-06,0,0,0,1.87557140408921e-07,0,0,2.24498552654043e-06,0,0,0,0,4.45840731644012e-06,0,0,0,0,1.04061471559998e-06,0],"obj":[0.616415006252102,1.07295478389434,0.250906819037839,1.12157819492314,0.63881747570327,2,0.562644436026694,0.800209733214803,0.943896160638163,0.405438224341139,0.949617717141602,0.827519970806487,0.763073239058311,0.757534711382646,0.50264085906328,0.590356113826095,0.632228065247606,0.624856589745123,0.621512122548405,0.623464212819948,0.596233141199718,0.602891087339255,0.599441249363721,0.0316058966095348,0.908518851563163,1.13185552729914,0.599928779375829,0.910629922421703,0.98207582603108,1.52170498820439,0.599166143745234,1.28818148780204,1.42556931560956,0.599450652170028,0.178990515025098,1.55516216635093,0.975483204728617,0.946173102959239,0.600062245914623,1.29525737290137,1.19129225368884,0.430855413564633,1.55746182490952,0.600104618672539,0.754454176346831],"X":[[0.499303483585665,0.117111522666437],[0.271888538112838,0.801066245781506],[0.113009447495688,0.13789737154215],[0.755250571126875,0.36632762379626],[0.0761917219674661,0.562625753735803],[1,1],[0.562644436026694,0],[0.124284100094486,0.675925633120317],[0.193500507085627,0.750395653552536],[0,0.405438224341139],[0.193801148659046,0.755816568482556],[0.088646723497064,0.738873247309423],[0.0153220615936252,0.747751177464686],[0.00561636245405343,0.751918348928593],[0.11483162151265,0.38780923755063],[0.203150145872661,0.387205967953434],[0.24545969984271,0.386768365404896],[0.238093038723707,0.386763551021416],[0.234890299708145,0.38662182284026],[0.235428326449211,0.388035886370737],[0.196315300152444,0.399917841047274],[0.196479855603234,0.406411231736021],[0.195404611774325,0.404036637589396],[0.0316058966095348,0],[0.907384650131392,0.00113420143177163],[0.451362639446362,0.680492887852782],[0.19345266298643,0.406476116389398],[0.30178043295396,0.608849489467742],[0.926176327076782,0.0558994989542988],[0.667052848124004,0.854652140080382],[0.192725986290063,0.406440157455172],[0.564468740295914,0.723712747506125],[0.936291914090396,0.489277401519166],[0.193025274531555,0.406425377638474],[0.0481505309276633,0.130839984097434],[0.93401405241988,0.621148113931052],[0.0776577579772234,0.897825446751394],[0.459326185352897,0.486846917606342],[0.193613378399833,0.406448867514791],[0.340018019674723,0.955239353226647],[0.730431036484854,0.460861217203983],[0.300016848542312,0.130838565022321],[0.67326588616992,0.884195938739599],[0.190455145274395,0.409649473398144],[0.131607046178497,0.622847130168333]],"C":[[0.719166220468861,-1.23698092253797],[-0.462179295225456,-0.784369492712388],[1.60952271668238,-1.46821317969849],[0.438006367335608,-0.795400646856315],[0.639560280495277,-1.17764708273685],[-1.5,0.5],[0.480457818141998,-1.1834312386082],[0.451972469985196,-1.0276780009546],[-0.0801638719987092,-0.899463916887068],[0.225255962907822,-1.3356198462431],[-0.124345874847279,-0.891182429585689],[0.0276422612092498,-0.946208082823663],[0.00404069926626586,-0.940633411028697],[-0.0214061663598918,-0.934587253017283],[0.11107456354071,-1.33641769397117],[0.0252401762449035,-1.30880155661316],[-0.00575209578862595,-1.29015976727515],[-0.000806092576279394,-1.29372566051262],[0.0018945365964847,-1.29535011320669],[-0.00301954504611052,-1.2940016539938],[0.00510784357557709,-1.30152602333814],[-0.00352478135999096,-1.29622557706094],[0.000421691338024277,-1.29857143318278],[1.46525588436186,-1.49900106729951],[1.0413074676997,-0.676651810293044],[0.105136590189182,-0.833201197293795],[1.32889537888259e-05,-1.29735323398845],[0.337670934755525,-1.03823086946099],[0.961867053027574,-0.639072657179221],[-0.378386648514189,-0.324610217265677],[0.000917027803442771,-1.29766309261634],[-0.149999776710597,-0.657614900325879],[-0.11611523110239,-0.383965075971596],[0.000574155298081025,-1.29755965580344],[1.68930480197686,-1.48056242493277],[-0.311641023095243,-0.241792770442091],[-0.857895610062583,-0.687878739791611],[-0.43142566656235,-1.05199953426636],[-0.000151352909116165,-1.29731317780055],[-1.23076045093323,-0.471905524343618],[0.17091213737445,-0.754077439416925],[1.37895827293296,-1.39287116049364],[-0.482911461765584,-0.264910588436232],[0.000972137921709137,-1.29591414658313],[0.618089870661737,-1.09474103783724]],"d":[[0.12039905305145,0.0521128886697857],[0.919722444613857,0.91449522227742]],"df":[1.38252469312807,1.50878266726938],"lambda":[[0,0],[0,0],[0,0],[0,0],[0,0],[0,0],[2.51957252906965,0],[0,0],[0.618378142670469,0],[0.799165096997294,0],[0,0],[0,0],[2.25856679218065,0],[1.22913717112117,0],[1.08487400064703,0],[1.42393165237442,0],[0.343139806475034,0],[2.1714005551346,0],[4.44089209850063e-16,0],[0.301873661537263,0],[0.905620984611788,0],[2.11311563076084,0],[4.52810492305894,0],[4.68031426772426,0],[4.9847329570549,0],[5.59357033571618,0],[6.81124509303875,0],[9.24659460768389,0],[14.1172936369742,0],[23.8586916955547,0],[43.3414878127158,0],[82.3070800470379,0],[160.238264515682,0],[1.33582034322899e-12,0],[155.86236893729,0],[5.6843418860808e-14,0],[5.6843418860808e-14,0],[5.6843418860808e-14,0],[5.6843418860808e-14,0],[5.6843418860808e-14,0],[5.6843418860808e-14,0]],"rho":[0.0894024523243224,0.0894024523243224,0.0894024523243224,0.0894024523243224,0.0894024523243224,0.0894024523243224,0.0447012261621612,0.0447012261621612,0.0223506130810806,0.0111753065405403,0.0111753065405403,0.0111753065405403,0.00558765327027015,0.00558765327027015,0.00558765327027015,0.00279382663513507,0.00279382663513507,0.00139691331756754,0.00139691331756754,0.000698456658783768,0.000349228329391884,0.000174614164695942,8.7307082347971e-05,4.36535411739855e-05,2.18267705869928e-05,1.09133852934964e-05,5.45669264674819e-06,2.7283463233741e-06,1.36417316168705e-06,6.82086580843524e-07,3.41043290421762e-07,1.70521645210881e-07,8.52608226054405e-08,8.52608226054405e-08,4.26304113027202e-08,4.26304113027202e-08,4.26304113027202e-08,4.26304113027202e-08,4.26304113027202e-08,4.26304113027202e-08,4.26304113027202e-08]}
