{"prog":["Inf",1.16329653242214,1.16329653242214,1.16329653242214,1.16329653242214,1.16329653242214,1.16329653242214,1.16329653242214,1.16329653242214,1.16329653242214,0.622445543862776,0.622445543862776,0.603161469099087,0.603161469099087,0.603161469099087,0.603161469099087,0.603161469099087,0.603161469099087,0.603161469099087,0.603161469099087,0.603161469099087,0.603161469099087,0.603161469099087,0.603161469099087,0.603161469099087,0.603161469099087,0.603161469099087,0.603161469099087,0.603161469099087,0.600307745693494,0.600307745693494,0.600307745693494,0.600307745693494,0.600307745693494,0.600307745693494,0.600307745693494,0.600307745693494,0.600307745693494,0.600307745693494,0.600307745693494,0.600307745693494,0.600307745693494,0.600307745693494,0.600307745693494,0.600307745693494],"mei":["Inf",0.0320544923981979,0.212964485671363,0.15101856841589,0.296574449426616,0.371857200321409,0.04431586867078,0.0204052049889043,0.0200686368209686,0.0142581698260681,0.00722680177616341,0.00210985559915328,0.000509182169110078,0.000866653959439066,6.74799220024119e-06,0,0.000199494587896076,8.59850542139806e-05,0,0,0,0,0,0,0,1.21725065653796e-06,0,0,0,0,0,0,2.98979625287226e-06,0,0,0,0,0,1.77693893276729e-06,0,0],"obj":[1.08914370512337,1.16329653242214,0.471899402004643,1.80013182970698,0.653520904959534,0.4818120683685,0.455842440303466,0.409669382941586,0.528267371522006,0.601925361623197,0.622445543862776,0.601267870113727,0.603161469099087,0.600382314121126,0.599185755597083,0.599560670040694,0,0.599572744988796,0.979980406620872,0.643633973358346,0.599645380054612,0.599649613018441,0.957008396492016,0.905610619552808,1.16489208638493,1.36239729527049,0.473911880122803,1.12597175869699,0.640339563144776,0.600307745693494,0.96687294134518,1.28023848812516,1.38701628714009,0.778334077888153,0.980227275869303,1.40979021483361,0.599345020944414,0.147375077892834,1.59280928292983,0.981406329305332,0.432724612348043,0.494849308343383,0.599407352491706,1.1441043887798,1.11332097356471],"X":[[0.777298032598872,0.311845672524498],[0.263916483997348,0.899380048424792],[0.0212215757559104,0.450677826248733],[0.920897495234594,0.879234334472389],[0.428744207687849,0.224776697271684],[0,0.4818120683685],[0.0555708132363655,0.4002716270671],[0.0411276124853114,0.368541770456274],[0.11386831962221,0.414399051899796],[0.180512514316796,0.421412847306401],[0.199623648552749,0.422821895310027],[0.186256036018745,0.415011834094982],[0.192186337130545,0.410975131968542],[0.192003955987423,0.408378358133703],[0.193828320795448,0.405357434801635],[0.19473825092871,0.404822419111984],[0,0],[0.195357716276271,0.404215028712525],[0.979980406620872,0],[0.125937789140627,0.517696184217719],[0.194773014550262,0.40487236550435],[0.194802684974314,0.404846928044127],[0.659323769858555,0.297684626633461],[0.238126084696112,0.667484534856697],[0.273824774107948,0.891067312276984],[0.364319920735043,0.998077374535445],[0.223677340707713,0.25023453941509],[0.770349967245746,0.355621791451243],[0.377401259412524,0.262938303732252],[0.19261154353175,0.407696202161743],[0.105514459664913,0.861358481680266],[0.348404169344111,0.931834318781047],[0.586934826773995,0.800081460366091],[0.304374102890718,0.473959974997435],[0.804201728661498,0.176025547207805],[0.615147893530305,0.79464232130331],[0.19451663584447,0.404828385099944],[0.0958486317198371,0.051526446172997],[0.982735144662376,0.610074138267449],[0.0503348070556612,0.931071522249671],[0.338895795145234,0.0938288172028095],[0.267868016141995,0.226981292201388],[0.193803682369317,0.405603670122389],[0.990861697168756,0.153242691611043],[0.58210814606033,0.531212827504383]],"C":[[0.160115758385673,-0.798560045045666],[-1.0583749976129,-0.621463617969896],[0.285835792721049,-1.29643914165015],[-1.44617393878076,0.121105211644453],[1.11926176249366,-1.26565384073775],[0.423090066199742,-1.26785713077447],[0.16594800350768,-1.33669450928131],[0.22389346210177,-1.36248548292021],[0.0995007346274489,-1.31530743157096],[0.0120527118791794,-1.28982644430014],[-0.0148568121551679,-1.28137204378493],[0.00386580293941058,-1.2930738666077],[-0.00208492241346003,-1.29416385272378],[3.17675542367835e-05,-1.2963615974932],[0.000734762625690111,-1.29811593210866],[0.000266549312452957,-1.29819582260955],[1.5,-1.5],[0.000260073502611258,-1.29844557325425],[0.643263914632902,-0.53963840263919],[0.399877648522438,-1.21613033411278],[0.000168876291690434,-1.29814184045392],[0.00016332663091212,-1.29815087878003],[0.668580691505709,-0.9766760295656],[0.41904059915863,-0.99776036351444],[-1.03795065687412,-0.631019038076202],[-1.23878243406912,-0.371112549796046],[0.929054240954658,-1.38735112253764],[0.355619657672491,-0.780094069409487],[0.931026891414544,-1.28843173782425],[-0.000124064817098812,-1.29668460004121],[-0.813736295449762,-0.746928264839088],[-1.2114851927321,-0.510299337125502],[-0.187415058974657,-0.515377165898243],[-0.146838840077231,-1.1827183475899],[-0.136671049430385,-0.822274586348051],[-0.219462582852601,-0.490136650278916],[0.000518300133436178,-1.29827725699712],[1.57918634957376,-1.48815806514222],[-0.203072744077116,-0.162041181262648],[-0.798515395568459,-0.63057222765435],[1.19428263883939,-1.3763457930952],[1.11535054676822,-1.37672621891874],[0.000497943481475138,-1.29792579548334],[0.648613840823515,-0.494709774551656],[-0.637658260359829,-0.878963038185005]],"d":[[0.0952896210624161,0.0531743768224551],[0.925860136972425,0.841002209151971]],"df":[1.43734549044117,1.43516648693787],"lambda":[[0,0],[0,0],[0,0],[0,0],[0,0],[0,0],[1.91196323976724,0],[0,0],[1.22649129696783,0],[0,0],[0.0201575866168227,0],[0.952621015167636,0],[1.62915919791558,0],[2.98223556341146,0],[3.30475694928062,0],[3.94979972101895,0],[5.2398852644956,0],[7.82005635144891,0],[12.9803985253555,0],[23.3010828731688,0],[43.9424515687952,0],[-1.77635683940025e-13,0],[41.2827373912528,0],[-1.77635683940025e-13,0],[82.5654747825057,0],[-1.70530256582424e-13,0],[-2.96354516750981e-14,0],[-2.96354516750981e-14,0],[-2.96354516750981e-14,0],[-2.96354516750981e-14,0],[-2.96354516750981e-14,0],[-2.96354516750981e-14,0],[-2.96354516750981e-14,0],[-2.96354516750981e-14,0],[-2.96354516750981e-14,0],[-2.96354516750981e-14,0],[-2.96354516750981e-14,0],[-2.96354516750981e-14,0],[-2.96354516750981e-14,0],[-2.96354516750981e-14,0],[-2.96354516750981e-14,0]],"rho":[0.00630384080012267,0.00630384080012267,0.00630384080012267,0.00630384080012267,0.00630384080012267,0.00630384080012267,0.00315192040006134,0.00315192040006134,0.00157596020003067,0.00157596020003067,0.000787980100015334,0.000393990050007667,0.000196995025003834,9.84975125019168e-05,4.92487562509584e-05,2.46243781254792e-05,1.23121890627396e-05,6.1560945313698e-06,3.0780472656849e-06,1.53902363284245e-06,7.69511816421225e-07,7.69511816421225e-07,3.84755908210612e-07,3.84755908210612e-07,1.92377954105306e-07,1.92377954105306e-07,9.61889770526531e-08,9.61889770526531e-08,9.61889770526531e-08,9.61889770526531e-08,9.61889770526531e-08,9.61889770526531e-08,9.61889770526531e-08,9.61889770526531e-08,9.61889770526531e-08,9.61889770526531e-08,9.61889770526531e-08,9.61889770526531e-08,9.61889770526531e-08,9.61889770526531e-08,9.61889770526531e-08]}
