{"prog":["Inf",1.47558583992896,1.47558583992896,1.1198864818271,0.847643862517468,0.847643862517468,0.847643862517468,0.847643862517468,0.847643862517468,0.847643862517468,0.847643862517468,0.831805011763801,0.759882972539763,0.759882972539763,0.604936518029519,0.604936518029519,0.604936518029519,0.60043472081334,0.60043472081334,0.60043472081334,0.60043472081334,0.60043472081334,0.60043472081334,0.60043472081334,0.60043472081334,0.60043472081334,0.60043472081334,0.60043472081334,0.60043472081334,0.60043472081334,0.60043472081334,0.60043472081334,0.60043472081334,0.60043472081334,0.60043472081334,0.60043472081334,0.60043472081334,0.60043472081334,0.60043472081334,0.60043472081334,0.60043472081334,0.60043472081334,0.60043472081334,0.60043472081334,0.60043472081334],"mei":["Inf",0.248584361693173,0.147759418612483,0.109799625606178,0.104258912407843,0.328247123787854,0.166888577364024,0.148473211863687,0.161489422976153,0.0682029057891966,0.1779318120402,0.0219664363056352,0.0169974212826154,0.0119448963021291,0.0115236536761512,0.00294018978866142,0.00140955303070775,4.83332249170274e-05,1.4238688021735e-05,3.11257003498215e-07,8.60703100105796e-07,0,1.51346776937977e-05,4.57830314696131e-07,0,4.16559456811744e-05,0,6.21200469930355e-05,0,0,0.000128300778443684,0,0,0,0,0,0,0.000113459472075808,0,0.000275901007432575,0],"obj":[0.431770799442141,1.47558583992896,0.755368333550954,1.1198864818271,0.847643862517468,0,2,1,0.422017975224739,0.505340279058472,0.366229207324624,0.831805011763801,0.759882972539763,0.514945163598269,0.604936518029519,0.621580083306444,0.599135603521837,0.60043472081334,0.599536049936506,0.599532264105887,0.599649803515193,0.599648392927997,0.458640610014052,0.599648005814071,0.599574236605411,1.23701094896868,0.547665596277258,0.59946113645681,0.419900982861244,0.599391488738116,0.911030666536566,0.599579287359474,0.77709985032517,1.49026958261655,0.599502020514422,1.16676018152143,0.818610972737617,0.458855030295964,1.15211161605998,1.09807651772682,1.34349893319362,0.599528214823127,0.472082116160933,0.599586101153547,1.41480994539494],"X":[[0.186687597470984,0.245083201971157],[0.994646735422929,0.480939104506033],[0.578860423895265,0.176507909655689],[0.61289933716713,0.506987144659969],[0.0540118021783446,0.793632060339123],[0,0],[1,1],[1,0],[0,0.422017975224739],[0,0.505340279058472],[0,0.366229207324624],[0.0425497061181539,0.789255305645647],[0,0.759882972539763],[0.11225911619793,0.402686047400339],[0.194317035206422,0.410619482823098],[0.209343783080673,0.412236300225771],[0.189625213042668,0.409510390479169],[0.193026292168857,0.407408428644483],[0.195141239985195,0.40439480995131],[0.195819780274044,0.403712483831843],[0.195796162724762,0.40385364079043],[0.195652501770108,0.403995891157889],[0.458640610014052,0],[0.195304782201959,0.404343223612112],[0.195273186429826,0.404301050175585],[0.737731185879403,0.499279763089279],[0.547665596277258,0],[0.194918693679599,0.404542442777212],[0.0633680022336934,0.356532980627551],[0.194736611239546,0.404654877498571],[0.215776174769592,0.695254491766974],[0.194701249684271,0.404878037675203],[0.0973319582562735,0.679767892068896],[0.711860599613716,0.778408983002838],[0.194579461045628,0.404922559468793],[0.339478866512812,0.827281315008616],[0.290254131963536,0.528356840774081],[0.356204563184596,0.102650467111368],[0.313496246651163,0.838615369408814],[0.162886866765164,0.935189650961661],[0.418173161621106,0.925325771572517],[0.194782022318114,0.404746192505012],[0.344314795357155,0.127767320803778],[0.196171877723123,0.403414223430424],[0.651245054502889,0.76356489089205]],"C":[[0.96169355196511,-1.40508196506208],[-0.542315929929712,-0.279375449469444],[0.624353506331904,-1.13376556747677],[-0.50876222874316,-0.867318437649625],[-0.394028297853417,-0.867230878027326],[1.5,-1.5],[-1.5,0.5],[0.5,-0.5],[0.240729005007993,-1.32190082858721],[0.522848225571547,-1.24463120236111],[0.270575460742683,-1.36587616770238],[-0.352801505381887,-0.875265585019455],[-0.0817029872428226,-0.922577868044134],[0.100314586714544,-1.32524183805955],[-0.00453388954551992,-1.29363253015468],[-0.0245746088910423,-1.28623641326164],[0.00210437514269618,-1.29634351866812],[-0.000366610363385145,-1.29675922280098],[0.000296087039421744,-1.29838473414148],[0.000343787566141673,-1.29867084405175],[0.000195468511922425,-1.29856609948257],[0.000185732413701789,-1.29850741847864],[0.556794595288255,-1.28964879084594],[0.000167904131000929,-1.29836259956801],[0.000254780530802245,-1.29840904348846],[-0.0947215485685128,-0.706472415550484],[0.476745609044684,-1.20006239465427],[0.00038054276984556,-1.29835211484609],[0.240024931422189,-1.36886873001774],[0.000461410256909378,-1.29833208235955],[0.309100898724813,-0.970061834079649],[0.000246174571022939,-1.29816519797966],[0.447525729720924,-1.02844210281421],[-0.613953607872373,-0.387333941898088],[0.00033776293202753,-1.29817655417243],[-0.616306180192389,-0.700359725028791],[0.0669630968479378,-1.13659158768533],[1.17500770946041,-1.36258119076829],[-0.728710279673062,-0.698444365526951],[-0.948831298266461,-0.598888185369634],[-1.21543897415087,-0.468903423363535],[0.00030305931133473,-1.29824048343436],[1.2792945827736,-1.36512283343278],[0.000317521521632225,-1.29877355872461],[-0.376885852774761,-0.492848536382541]],"d":[[0.106454706491979,0.0505382031694972],[0.863016585328473,0.870281248208017]],"df":[1.30894682513701,1.29829903174053],"lambda":[[0,0],[0,0],[0,0],[0,0],[0,0],[1.04691332667949,0],[0,0],[2.09382665335898,0],[0,0],[0,0],[1.74504402057101,0],[1.58730351442004,0],[0.732317700139313,0],[0.805531923116674,0],[0.780022124653363,0],[0.800624708370595,0],[0.841829875805059,0],[0.924240210673988,0],[1.02763055453417,0],[1.23441124225454,0],[1.60827524356136,0],[2.35600324617501,0],[0,0],[1.49545600522729,0],[4.48636801568188,0],[0,0],[5.98182402090917,0],[0,0],[0,0],[0,0],[0,0],[0,0],[0,0],[0,0],[0,0],[0,0],[0,0],[0,0],[0,0],[0,0],[0,0]],"rho":[0.229941676042578,0.229941676042578,0.229941676042578,0.229941676042578,0.229941676042578,0.114970838021289,0.114970838021289,0.0574854190106446,0.0574854190106446,0.0574854190106446,0.0287427095053223,0.0287427095053223,0.0287427095053223,0.0143713547526611,0.0143713547526611,0.00718567737633057,0.00359283868816528,0.00179641934408264,0.000898209672041321,0.000449104836020661,0.00022455241801033,0.000112276209005165,0.000112276209005165,5.61381045025826e-05,2.80690522512913e-05,2.80690522512913e-05,1.40345261256456e-05,1.40345261256456e-05,1.40345261256456e-05,1.40345261256456e-05,1.40345261256456e-05,1.40345261256456e-05,1.40345261256456e-05,1.40345261256456e-05,1.40345261256456e-05,1.40345261256456e-05,1.40345261256456e-05,1.40345261256456e-05,1.40345261256456e-05,1.40345261256456e-05,1.40345261256456e-05]}
