{"prog":[0.996271743293915,0.996271743293915,0.996271743293915,0.996271743293915,0.978929832125765,0.978929832125765,0.978929832125765,0.974924232814823,0.974924232814823,0.974924232814823,0.974924232814823,0.974924232814823,0.974924232814823,0.631503792403864,0.631503792403864,0.631503792403864,0.631503792403864,0.631503792403864,0.603074864496501,0.603074864496501,0.603074864496501,0.603074864496501,0.603074864496501,0.60137212526669,0.60137212526669,0.60137212526669,0.60137212526669,0.60137212526669,0.60137212526669,0.60137212526669,0.60137212526669,0.60137212526669,0.60137212526669,0.60137212526669,0.60137212526669,0.60137212526669,0.60137212526669,0.60137212526669,0.60137212526669,0.60137212526669,0.60137212526669,0.60137212526669,0.60137212526669,0.60137212526669,0.60137212526669],"mei":["Inf",0.64963301001263,0.339790675731287,0.318728369421695,0.286291535980869,0.374291517654147,0.0832400795980886,0.17364737126959,0.199206765176683,0.122243653635348,0.0173078904453486,0.0673422859793382,0.0433025059666613,0.00317539513681031,0.0177562727388927,0.00202045859980836,1.34217652333959e-05,2.5987822487928e-05,0,0.000735560203141178,0,0.0176312110430331,3.39240260589563e-06,0,0,0,0,0,0,0,0,1.15494313680452e-06,0,0,0,0,0,0,0,0,0],"obj":[0.996271743293915,1.18663345845105,1.18766582161367,1.67243577903892,0.978929832125765,0,0.367779341241722,0.974924232814823,0.359719797349896,0.432798219727791,0.438514471123663,0.578013134025761,0.558352041873408,0.631503792403864,0.596234807216002,0.571328996032604,0.597868796818453,0.177091666153348,0.603074864496501,0.50628150905904,0.57433888293766,0.597221780234557,0.604777568773687,0.60137212526669,0.669907626461635,0.599491115035267,0.599090770834118,0.64167618577198,0.326366089217171,1.09068562000326,0.737787494988411,0.747367277002094,0.607190800730044,0.540652555721452,1.05494203798881,0.599761966161311,0.314148541190649,1.50102731987648,1.19341842858512,0.863366970447257,1.15971171694391,1.5082171001975,1.1695460231529,0.589826957615238,0.837508622105864],"X":[[0.566933939048772,0.429337804245143],[0.371532838482301,0.815100619968749],[0.875189273961631,0.312476547652035],[0.935533722503002,0.736902056535916],[0.0138834919021194,0.965046340223645],[0,0],[0.367779341241722,0],[0,0.974924232814823],[0,0.359719797349896],[0,0.432798219727791],[0.0866199648841858,0.351894506239477],[0,0.578013134025761],[0.183253538666188,0.37509850320722],[0.245379761955848,0.386124030448016],[0.239668660868211,0.35656614634779],[0.159993992273289,0.411335003759315],[0.19679262499277,0.401076171825683],[0,0.177091666153348],[0.199073020041668,0.404001844454833],[0.50628150905904,0],[0.495990586252505,0.0783482966851548],[0.193430316086287,0.40379146414827],[0.0871946982490352,0.517582870524652],[0.196552498533406,0.404819626733285],[0.181725083287555,0.48818254317408],[0.19515607318598,0.404335041849287],[0.194291577588125,0.404799193245993],[0.630097114580054,0.0115790711919263],[0.203054803920643,0.123311285296528],[0.466395215820893,0.624290404182368],[0.291910533339882,0.445876961648529],[0.606468206923983,0.140899070078111],[0.601256194417797,0.00593460631224667],[0.316380012394763,0.224272543326689],[0.783189280706455,0.271752757282358],[0.194842758960511,0.4049192072008],[0.307795894032343,0.00635264715830624],[0.992519074155092,0.508508245721391],[0.991057866321052,0.202360562264072],[0.344345229333347,0.51902174111391],[0.713503830297409,0.446207886646504],[0.66682676535906,0.84139033483844],[0.281369047190242,0.888176975962654],[0.233433312992666,0.356393644622572],[0.70381088995198,0.133697732153884]],"C":[[-0.0416035839184405,-0.994254958600603],[-0.477128353900517,-0.697574329255846],[-0.387400198866223,-0.636402141909979],[-1.1996116998048,-0.0817520131328136],[-0.657150237373443,-0.568492809873552],[1.5,-1.5],[0.756622046944242,-1.36473835615581],[-0.604809651981257,-0.54952274027043],[0.289749720955246,-1.37060166739455],[0.260589802685156,-1.31268570100045],[0.237797485331801,-1.36866723816194],[0.759317631224494,-1.16590081689372],[0.0775093314871989,-1.32571925345802],[-0.00347104284713912,-1.29069700553307],[0.132442071422184,-1.31541951627632],[0.039045790067235,-1.30520543711878],[0.00283278355392297,-1.30041056714211],[1.54246146295376,-1.46863854177903],[-0.00374852832036499,-1.29715244236858],[0.494112775368061,-1.2436790335849],[0.581232002084577,-1.24785488275543],[0.00299568814426143,-1.29953716629976],[0.463798537717498,-1.22450505673672],[-0.00184293478056136,-1.2974881851318],[0.167646618752597,-1.22865379864422],[0.000349856435255258,-1.29842728103136],[0.000814253763379069,-1.29838839602571],[0.49067733291989,-1.10284355130822],[1.53081099695729,-1.44356307352327],[-0.118027735128014,-0.892736993905199],[-0.152441647477785,-1.2159819755963],[0.354498945659315,-1.11234376604153],[0.48170199113589,-1.13845576912215],[1.14242860439115,-1.34960551406687],[-0.0392430835463965,-0.812764989495941],[3.40331751605971e-05,-1.29807673492053],[0.933044882614095,-1.40522133149091],[-0.409919528719011,-0.256325251471672],[0.338115308274352,-0.476854508443333],[-0.124723724797064,-1.11204279528645],[0.228658016804292,-0.791810806045388],[-0.350999088472294,-0.347404369441231],[-1.03044462387274,-0.63197311865309],[0.134507699886828,-1.31849245845791],[0.0335827340125872,-0.98677514760191]],"d":[[0.121481192828986,0.0481990085826471],[1.00630540582057,1.0107900960964]],"df":[1.51887650833323,1.46473367942735],"lambda":[[0,0],[0,0],[0,0],[1.51324409388848,0],[0,0],[1.15899888382099,0],[2.22044604925031e-16,0],[1.90237988265441,0],[2.22044604925031e-16,0],[1.24014930379518,0],[1.12907593268673,0],[1.01800256157828,0],[0.906929190469828,0],[0.997578264195363,0],[1.17887641164643,0],[0.699064786639714,0],[1.06166108154185,0],[0.102037831528418,0],[0.868933996459345,0],[2.4027263263212,0],[0.515561111026369,0],[0,0],[0.358252989701384,0],[1.07475896910415,0],[2.50777092790969,0],[5.37379484552076,0],[0,0],[5.73204783522215,0],[0,0],[0,0],[0,0],[0,0],[1.11519908366245,0],[3.34559725098734,0],[7.80639358563712,0],[16.7279862549367,0],[34.5711715935358,0],[0,0],[35.6863706771983,0],[0,0],[71.3727413543966,0]],"rho":[0.5,0.5,0.5,0.25,0.25,0.125,0.125,0.0625,0.0625,0.03125,0.03125,0.03125,0.03125,0.015625,0.0078125,0.0078125,0.00390625,0.00390625,0.001953125,0.0009765625,0.0009765625,0.0009765625,0.00048828125,0.000244140625,0.0001220703125,6.103515625e-05,6.103515625e-05,3.0517578125e-05,3.0517578125e-05,3.0517578125e-05,3.0517578125e-05,3.0517578125e-05,1.52587890625e-05,7.62939453125e-06,3.814697265625e-06,1.9073486328125e-06,9.5367431640625e-07,9.5367431640625e-07,4.76837158203125e-07,4.76837158203125e-07,2.38418579101562e-07]}
