{"prog":[1.65253014071671,1.65253014071671,1.65253014071671,1.4025372550689,1.4025372550689,1.4025372550689,0.970387304043017,0.970387304043017,0.970387304043017,0.605776567328167,0.60326083542346,0.60326083542346,0.60326083542346,0.60326083542346,0.60326083542346,0.60326083542346,0.60326083542346,0.60326083542346,0.60326083542346,0.60326083542346,0.60326083542346,0.60326083542346,0.60326083542346,0.60326083542346,0.60326083542346,0.60326083542346,0.60326083542346,0.60326083542346,0.60326083542346,0.60326083542346,0.60326083542346,0.60326083542346,0.60326083542346,0.60326083542346,0.60326083542346,0.60326083542346,0.60326083542346,0.600823390792505,0.600823390792505,0.600823390792505,0.600823390792505,0.600823390792505,0.600823390792505,0.600823390792505,0.600823390792505],"mei":["Inf",0.0946258369040636,0.149061714155651,0.0514835264701977,0.191152444827649,0.307877945276347,0.00901055039852074,0.008641850047444,0.00319638947578252,0.00460175196856254,0.000360896241424259,5.58715106559756e-05,1.75191856362239e-06,0.0186427981763635,0.000164719304795837,0.000137449969724273,0.00103626326944231,0.000323417039812237,0,0.00011072941293195,0,1.21723709770089e-07,0,0,0,0,0,0,0,0,2.26823784324274e-06,2.97512317273127e-06,0,5.64586125114378e-06,0,0,0,1.33612212307064e-06,0,0,0],"obj":[1.65253014071671,0.921542478497499,0.540060323602534,1.4025372550689,0.575460391919003,0.515691162465337,0.970387304043017,0.494136775501184,0.584222677141352,0.605776567328167,0.60326083542346,0.584934779644629,0.280695306576738,0,0.548417825907056,1,0.55368975175982,0.600066596295409,0.599273786499105,0.599627614100955,0.599488081489191,0.599466741032247,0.977564704141292,0.599469170136833,0.979952803574678,0.602268710285535,1.29180241001383,1.01759145400063,1.03785973376223,0.862979070594855,1.69063525576681,1.34550371987952,0.882172314131766,1.27419961993671,0.603132864393234,0.599981062118805,1.04607212333476,0.600823390792505,0.470048660285037,0.668000306192646,1.22893634930009,0.599619395566913,0.905490991136779,1.03935160932079,0.892558884356674],"X":[[0.909053865091189,0.743476275625517],[0.191544452619633,0.729998025877866],[0.120465805609819,0.419594517992715],[0.49659689534842,0.905940359720481],[0.52839684860045,0.0470635433185528],[0.116413341517886,0.399277820947451],[0.212614951042475,0.757772353000542],[0.0891396105706477,0.404997164930537],[0.182150219082516,0.402072458058836],[0.204389973955601,0.401386593372566],[0.201879153020406,0.401381682403054],[0.19559414508023,0.389340634564399],[0,0.280695306576738],[0,0],[0.548417825907056,0],[1,0],[0.398313891519472,0.155375860240348],[0.197837599773017,0.402228996522392],[0.196415532356463,0.402858254142642],[0.196404236313393,0.403223377787562],[0.195693456434339,0.403794625054851],[0.195681346898545,0.403785394133701],[0.10066395491894,0.876900749222352],[0.195182647360505,0.404286522776328],[0.585472046400437,0.394480757174241],[0.187276030313345,0.41499267997219],[0.465886757815323,0.825915652198511],[0.394544707001127,0.623046746999502],[0.910595887347915,0.127263846414318],[0.821978114613187,0.0410009559816683],[0.800051851512457,0.890583404254351],[0.68247988905862,0.663023830820905],[0.410847403438028,0.471324910693738],[0.327005984498329,0.947193635438381],[0.206298705721333,0.396834158671901],[0.193143015805208,0.406838046313597],[0.146080471862685,0.899991651472075],[0.199785846606155,0.401037544186349],[0.182103962641327,0.28794469764371],[0.619980401783618,0.0480199044090276],[0.332583826649325,0.896352522650769],[0.19574401917322,0.403875376393693],[0.692221460233028,0.21326953090375],[0.979115686582568,0.0602359227382196],[0.877851996980247,0.0147068873764265]],"C":[[-1.31913324071043,-0.120864097944781],[0.0801814523634957,-0.930413604885063],[0.0943821707515231,-1.30942843014924],[-1.00783620319233,-0.432663588159837],[0.418503802610244,-1.21858179327942],[0.0970750863061658,-1.3270251556161],[-0.135517164430285,-0.880575943621228],[0.127365789669293,-1.32803142622554],[0.0180370958688257,-1.30515903615872],[-0.00596986396453131,-1.2971135412072],[-0.00322003333691001,-1.29813755260706],[0.0266293156096564,-1.31015680068732],[0.750492236340695,-1.42121014486579],[1.5,-1.5],[0.476799227266615,-1.19923788822738],[0.5,-0.5],[1.19928132948879,-1.31720438587719],[1.85188129460667e-05,-1.29907211847264],[0.00076378448401776,-1.29912616571827],[0.000298177586721793,-1.29883628356374],[0.000386581750446369,-1.29865397188559],[0.000411941766094437,-1.29866616596026],[-0.854069824743384,-0.720911844193355],[0.000376912095874149,-1.29845614167077],[0.291431010073195,-1.00160741510292],[0.00251562755115925,-1.29270876403957],[-0.418512401460743,-0.600812864345834],[0.128409426829377,-0.956147225230733],[0.560911521331806,-0.654619043340896],[0.873533652897594,-0.82267090070554],[-0.693800563539261,-0.0667782349582207],[-0.893245217992851,-0.594620600794106],[-0.347891684487961,-1.10905723964777],[-1.20761166972648,-0.495891303087302],[4.51188572396233e-05,-1.29996349452887],[2.92681158413632e-05,-1.2971785795174],[-0.937987922012711,-0.668675523020943],[-0.000402101000045008,-1.29925450364884],[0.609380743578625,-1.3839259978892],[0.298414565241554,-1.11331839018477],[-1.08046290355521,-0.585940153388894],[0.000228549304570613,-1.29856895930077],[0.218890013002444,-0.975345557180948],[0.825586534171695,-0.537704105899822],[1.0919719173446,-0.729159578861489]],"d":[[0.110801019379593,0.0339314563413958],[0.923117308551189,1.0312106753972]],"df":[1.3961088667031,1.48020075094164],"lambda":[[0,0],[0,0],[0,0],[0,0],[0,0],[7.86979062633019,0],[2.66035116776023,0],[0,0],[0,0],[0,0],[0,0],[0,0],[0,0],[0,0],[0.0161599385614627,0],[1.34915146149242,0],[1.41379121573827,0],[1.54307072422997,0],[1.80162974121338,0],[2.31874777518018,0],[3.3529838431138,0],[5.42145597898102,0],[9.55840025071548,0],[17.8322887941844,0],[34.3800658811222,0],[67.4756200549978,0],[133.666728402749,0],[-1.22213350550737e-12,0],[132.382216695501,0],[-1.22213350550737e-12,0],[264.764433391004,0],[-1.25055521493778e-12,0],[-1.25055521493778e-12,0],[-1.25055521493778e-12,0],[2.99534279002443e-13,0],[2.99534279002443e-13,0],[2.99534279002443e-13,0],[2.99534279002443e-13,0],[2.99534279002443e-13,0],[2.99534279002443e-13,0],[2.99534279002443e-13,0]],"rho":[0.00229194100901216,0.00229194100901216,0.00229194100901216,0.00229194100901216,0.00229194100901216,0.00114597050450608,0.00114597050450608,0.00114597050450608,0.00114597050450608,0.00114597050450608,0.00114597050450608,0.00114597050450608,0.00114597050450608,0.00114597050450608,0.000572985252253041,0.000286492626126521,0.00014324631306326,7.16231565316301e-05,3.58115782658151e-05,1.79057891329075e-05,8.95289456645377e-06,4.47644728322688e-06,2.23822364161344e-06,1.11911182080672e-06,5.5955591040336e-07,2.7977795520168e-07,1.3988897760084e-07,1.3988897760084e-07,6.99444888004201e-08,6.99444888004201e-08,3.497224440021e-08,3.497224440021e-08,3.497224440021e-08,3.497224440021e-08,1.7486122200105e-08,1.7486122200105e-08,1.7486122200105e-08,1.7486122200105e-08,1.7486122200105e-08,1.7486122200105e-08,1.7486122200105e-08]}
