{"prog":["Inf",1.36823480291018,1.14019979635724,1.14019979635724,1.14019979635724,1.14019979635724,1.14019979635724,1.14019979635724,1.14019979635724,1.14019979635724,1.14019979635724,0.646490181630587,0.613716061306424,0.613716061306424,0.606098497916315,0.606098497916315,0.606098497916315,0.606098497916315,0.606098497916315,0.600723013716947,0.600723013716947,0.600723013716947,0.600723013716947,0.600723013716947,0.600723013716947,0.600723013716947,0.600723013716947,0.600723013716947,0.600723013716947,0.600723013716947,0.600723013716947,0.600723013716947,0.600723013716947,0.600723013716947,0.600723013716947,0.600723013716947,0.600723013716947,0.600723013716947,0.600723013716947,0.600723013716947,0.600723013716947,0.600723013716947,0.600723013716947,0.600723013716947,0.600723013716947],"mei":["Inf",0.568432318195457,0.338283977281904,0.180222233664029,0.221594980710677,0.0566270768821929,0.247182906810155,0.117912062453823,0.0441346845031876,0.0212760489821242,0.0211826124225174,0.00172066335352581,0.00616281230455306,2.70386672896813e-05,0,0.0154305705753024,4.00466627207095e-06,0.00323325109555818,0.000623291192620335,1.38071326278781e-06,3.10459155935074e-05,0,2.44986915543226e-05,0.000159069649912148,0,0,5.6275857952238e-07,0,2.19683166118429e-05,0,2.37970641374848e-07,0,0,2.15620402204141e-07,5.12671936636243e-05,5.26395776412488e-06,0,1.23990813993495e-06,0,0,0],"obj":[0.918972734086908,1.36823480291018,1.14019979635724,0.750453990728234,1.33079799186224,0,0.358441418389767,0.417941314124563,0.581811376352213,0.446469302905568,0.56555031071989,0.646490181630587,0.613716061306424,0.587116764571813,0.606098497916315,0.597379797452603,0.598869983160242,0.42714863754414,1.0929756468614,0.600723013716947,0.599334970653165,0.599531581586558,0.599697209134928,0.5995899338662,0.599662021381518,0.559566881221618,0.167709109281381,0.59965210177093,1.60050909310205,0.581360961707952,0.599735311295656,0.945730416779483,0.599518121563395,1.17802942013345,0.599630391398987,0.824426147759479,0.291692543823899,0.599593308876447,0.599645154189721,0.599618812224072,1.0382802588707,0.565849013437005,1.66949885627429,1.66016973342438,0.506794370562908],"X":[[0.900883341524956,0.018089392561952],[0.830909323708832,0.53732547920135],[0.192803313628026,0.947396482729212],[0.498696716534602,0.251757274193633],[0.468457340502287,0.862340651359954],[0,0],[0,0.358441418389767],[0,0.417941314124563],[0,0.581811376352213],[0.0543847528087675,0.3920845500968],[0.15408889720549,0.4114614135144],[0.222826229829298,0.42366395180129],[0.196305296709776,0.417410764596647],[0.183839249203357,0.403277515368456],[0.206839452025965,0.39925904589035],[0.193023545759451,0.404356251693152],[0.194117970140522,0.40475201301972],[0.42714863754414,0],[0.809172968939918,0.283802677921486],[0.195891486813759,0.404831526903189],[0.195093096416374,0.404241874236791],[0.194249065475663,0.405282516110895],[0.194409035959505,0.405288173175422],[0.194299576594106,0.405290357272094],[0.194840699514694,0.404821321866823],[0.474322318174253,0.0852445630473654],[0.00147068581895272,0.166238423462429],[0.194117788245423,0.405534313525507],[0.712184449484894,0.888324643617152],[0.154853609888361,0.426507351819591],[0.194961432517809,0.404773878777848],[0.180307749420942,0.765422667358542],[0.194712340618539,0.404805780944856],[0.996375944834988,0.181653475298466],[0.194498793158998,0.40513159823999],[0.167106182169706,0.657319965589773],[0.237119769480713,0.0545727743431862],[0.194274227883988,0.405319080992459],[0.195252633113167,0.404392521076555],[0.194821986420556,0.404796825803516],[0.644381861468168,0.393898397402535],[0.563357153220174,0.00249186021683012],[0.877156514322189,0.792342341952106],[0.969602979654633,0.690566753769751],[0.338212787539189,0.168581583023719]],"C":[[1.05657790545708,-0.68808197883957],[-0.0731186882655628,-0.520871025174772],[-0.977575960346285,-0.56526678676637],[0.997559825690839,-1.1879198598082],[-0.709563147725695,-0.536916321141615],[1.5,-1.5],[0.293902617357579,-1.37151974958273],[0.235164468799274,-1.32532505794783],[0.764529679698218,-1.16149552234714],[0.171029862797576,-1.34331200423732],[0.0466697359380774,-1.30695611694673],[-0.0478874202272864,-1.27085732724418],[-0.0101310747045633,-1.28723248408253],[0.0147088185245379,-1.30357037605059],[-0.0050329051078391,-1.29780965536033],[0.00279997454680275,-1.29923793249911],[0.00107065083304669,-1.29849402162501],[0.617206678825773,-1.31754404144418],[-0.137104303023402,-0.764695146341551],[-0.00108784644319354,-1.29773796021913],[0.000533882565698807,-1.2985271908442],[0.000322261038944616,-1.29801338269665],[0.000128158171246118,-1.29794662342142],[0.000254296443829127,-1.29798740083761],[0.000148314539514638,-1.29815679917462],[0.687320450339977,-1.26775170295267],[1.60040762406417,-1.47236262364795],[0.000202034983457777,-1.2978602048401],[-0.49255995366828,-0.203672637454357],[0.0525260016440453,-1.29411183834838],[6.21069888402381e-05,-1.29814814688974],[-0.205920700677513,-0.88161725579249],[0.00031583073003133,-1.29821938412448],[0.503633856301454,-0.474236991466174],[0.000196751104386383,-1.29803860756721],[0.50500831513389,-1.04000598671772],[1.31694045379386,-1.4407960272219],[0.000252463197870367,-1.29797396696351],[0.000169701226588825,-1.29834309815972],[0.000198246617364783,-1.29818392342655],[0.42673401840719,-0.929616069134534],[0.469584298008528,-1.18262250854832],[-1.42036703184748,-0.102790062532001],[-0.669609255715007,-0.0829876204327644],[1.31732665803119,-1.35719236021019]],"d":[[0.0896856749699103,0.0460754662691989],[0.870487406377409,0.895716442387511]],"df":[1.53920427238031,1.42347817374813],"lambda":[[0,0],[0,0],[0,0],[0.6734983051304,0],[1.7512898034654,0],[-6.66133814775094e-16,0],[1.56770734138386,0],[2.42328292863865,0],[0.667485221214768,0],[0.296028215270718,0],[0.835328718862724,0],[0.466264642824207,0],[0.671587413054382,0],[0.828609551160182,0],[1.14265382737178,0],[1.77074237979498,0],[0.494389946911089,0],[1.12078562606921,0],[1.87699283464023,0],[2.4784563764384,0],[3.68138346003474,0],[6.08723762722742,0],[-1.77635683940025e-15,0],[4.81170833438536,0],[-1.77635683940025e-15,0],[9.62341666877072,0],[-1.77635683940025e-15,0],[9.3272465710283,0],[-1.77635683940025e-15,0],[18.6544931420566,0],[-3.5527136788005e-15,0],[-3.5527136788005e-15,0],[-3.5527136788005e-15,0],[-3.5527136788005e-15,0],[-3.5527136788005e-15,0],[-3.5527136788005e-15,0],[-3.5527136788005e-15,0],[-3.5527136788005e-15,0],[-3.5527136788005e-15,0],[-3.5527136788005e-15,0],[-3.5527136788005e-15,0]],"rho":[0.436382118735509,0.436382118735509,0.436382118735509,0.218191059367755,0.109095529683877,0.109095529683877,0.0545477648419387,0.0272738824209693,0.0272738824209693,0.0272738824209693,0.0136369412104847,0.0136369412104847,0.00681847060524234,0.00340923530262117,0.00170461765131058,0.000852308825655292,0.000852308825655292,0.000426154412827646,0.000213077206413823,0.000106538603206911,5.32693016034557e-05,2.66346508017279e-05,2.66346508017279e-05,1.33173254008639e-05,1.33173254008639e-05,6.65866270043197e-06,6.65866270043197e-06,3.32933135021598e-06,3.32933135021598e-06,1.66466567510799e-06,1.66466567510799e-06,1.66466567510799e-06,1.66466567510799e-06,1.66466567510799e-06,1.66466567510799e-06,1.66466567510799e-06,1.66466567510799e-06,1.66466567510799e-06,1.66466567510799e-06,1.66466567510799e-06,1.66466567510799e-06]}
