{"prog":["Inf",1.01320568372803,1.01320568372803,1.01320568372803,0.959266564957627,0.959266564957627,0.959266564957627,0.959266564957627,0.959266564957627,0.959266564957627,0.601724343423714,0.601724343423714,0.601724343423714,0.601724343423714,0.600468778452635,0.600468778452635,0.600468778452635,0.600468778452635,0.600468778452635,0.600468778452635,0.600468778452635,0.600468778452635,0.600468778452635,0.600468778452635,0.600468778452635,0.600468778452635,0.600468778452635,0.600468778452635,0.600468778452635,0.600468778452635,0.600468778452635,0.600468778452635,0.600468778452635,0.600468778452635,0.600468778452635,0.600468778452635,0.600468778452635,0.600468778452635,0.600468778452635,0.600468778452635,0.600468778452635,0.600468778452635,0.600468778452635,0.600468778452635,0.600468778452635],"mei":["Inf",0.280022546119077,0.271003590088875,0.2516747417679,0.0425812228374007,0.0227546229262571,0.0211724122516673,0.0218005893715652,0.0103911233911211,0.0133311353241508,0.00618792485883922,0.00412852244216436,0.00076878196256712,0.000101543349433785,7.16206871428759e-06,1.34520746253735e-06,1.05277561029405e-06,1.68618735966632e-05,0,1.17633260877779e-06,0,0,0,0,0,0,0,0,5.19103755154639e-08,1.66925893730077e-05,0,0,3.41764674384793e-06,0,0,0,7.35415495317676e-06,0,0,0,1.38334008188728e-05],"obj":[0.377340595870591,1.01320568372803,1.42264553899473,1.49813338326247,0.959266564957627,1,0,0.582506214256733,0.381312621623892,0.59076274411391,0.601724343423714,0.38289430675064,0.598074825765018,0.600012987728566,0.600468778452635,0.599753861729429,0.547593863349362,0.472602009061895,0.532437730726577,0.599488552216401,0.599507618579687,0.599562443507846,0.775012934274043,0.590368091333257,1.3260059489266,1.29065542591295,0.966935795215642,1.3297788132071,0.947980606684643,1.69030233951316,0.908320242498797,1.13608113912574,0.603218836579243,0.599517371664052,1.03841766097211,0.786499376293015,0.599508316950695,0.160721972841658,1.1143459029592,0.170472636098944,0.599508540694478,0.475924285349093,0.871266156190789,0.947758003216786,0.599487679100098],"X":[[0.0977278777951672,0.279612718075424],[0.474439638330238,0.538766045397792],[0.529104176119227,0.8935413628755],[0.846582328841691,0.651551054420776],[0.741951842988364,0.217314721969262],[0,1],[0,0],[0.197681481268167,0.384824732988566],[0.381312621623892,0],[0.195965566335592,0.394797177778319],[0.191072052784281,0.410652290639433],[0,0.38289430675064],[0.194575761335232,0.403499064429786],[0.197893226937287,0.402119760791279],[0.196766907451947,0.403701871000689],[0.19608163561577,0.403672226113659],[0.547593863349362,0],[0,0.472602009061895],[0.418673191197711,0.113764539528867],[0.195105013248163,0.404383538968238],[0.194996416658949,0.404511201920738],[0.195545195970126,0.40401724753772],[0.497978998995335,0.277033935278709],[0.00786935377388291,0.582498737559374],[0.993805125002844,0.332200823923759],[0.884683478535824,0.405971947377122],[0.21873778579513,0.748198009420512],[0.613524332809058,0.71625448039804],[0.182535532438833,0.76544507424581],[0.814202635623981,0.876099703889177],[0.206283678034666,0.702036564464131],[0.794669075691018,0.341412063434723],[0.195341019459241,0.407877817120002],[0.193902871995313,0.405614499668739],[0.934142116368781,0.104275544603326],[0.645201848404622,0.141297527888393],[0.194271162442942,0.405237154507753],[0.116331443429722,0.0443905294119358],[0.562101554561057,0.552244348398141],[0.0263132885340865,0.144159347564857],[0.193590703487665,0.405917837206813],[0.21490384687686,0.261020438472233],[0.0241784051963078,0.847087750994481],[0.585168762200086,0.3625892410167],[0.194056896302326,0.405430782797772]],"C":[[0.689510458553611,-1.41226598979213],[-0.45192886487244,-0.984638177907498],[-0.838583662615665,-0.421632603643788],[-0.90798225332245,-0.358779583976153],[-0.00926626457618362,-0.902281774301592],[-0.5,-0.5],[1.5,-1.5],[0.0363898756610887,-1.3128319568439],[0.722842232952453,-1.35460068459031],[0.0144540979343877,-1.30573268522905],[-0.000474383482239271,-1.29485616683739],[0.236669667578349,-1.35339194985795],[0.00203677897418658,-1.2993287781051],[0.000109327936755221,-1.29913796871351],[-0.00072827646068141,-1.29830758348234],[9.3969140310457e-05,-1.29860072603869],[0.476741219487154,-1.20014096082212],[0.386030210594344,-1.27664734103066],[1.01498891328079,-1.31177038851811],[0.000351430401858588,-1.29840798721696],[0.000326868543328085,-1.29834708501081],[0.00028326434678777,-1.29853214002505],[0.917228191316146,-1.1752691152636],[0.757401078258495,-1.16063329401292],[-0.606183212691046,-0.401993986102458],[-0.105162521123449,-0.552521920748581],[-0.0562988270105588,-0.892353519764627],[-0.373426230384655,-0.610567412360934],[-0.20579482209218,-0.880774617710098],[-0.800418560745596,-0.0695233769882591],[0.271838100073028,-0.964591706331891],[0.180969329330636,-0.751938863081628],[-0.00359855052840086,-1.29547757241805],[0.000369285614901349,-1.29787855389045],[0.7861838652505,-0.616505117223734],[0.199881080365063,-1.06374958342789],[0.000346379496017957,-1.29804156404953],[1.5225768195793,-1.48449647616809],[-0.652009237493979,-0.879068022022355],[1.67146019187317,-1.4785256933562],[0.000418107758959119,-1.29775334896049],[0.838611526773469,-1.38568466729729],[-0.68727634932091,-0.781857746837275],[0.525563726703663,-1.02610656204415],[0.000385945243369878,-1.29796780135749]],"d":[[0.13709820427671,0.0401366517523363],[0.979362409793622,0.929288474216325]],"df":[1.39736194347616,1.47413077377781],"lambda":[[0,0],[0,0],[0,0],[0,0],[0.14684804153897,0],[0.440544124616911,0],[0.673856927732304,0],[0.658542275722154,0],[0.643227623712004,0],[0.708981517722007,0],[0.840489305742014,0],[0.746444711188498,0],[0.758579237262251,0],[0.782848289409758,0],[0.831386393704771,0],[0.928462602294798,0],[1.12261501947485,0],[1.51091985383496,0],[2.28752952255517,0],[3.84074885999559,0],[-4.44089209850063e-16,0],[3.10643867488085,0],[9.31931602464254,0],[0,0],[12.4257546995234,0],[0,0],[0,0],[0,0],[0,0],[0,0],[0,0],[0,0],[0,0],[0,0],[0,0],[0,0],[0,0],[0,0],[0,0],[0,0],[0,0]],"rho":[0.247806339667333,0.247806339667333,0.247806339667333,0.247806339667333,0.123903169833667,0.0619515849168333,0.0309757924584166,0.0309757924584166,0.0309757924584166,0.0154878962292083,0.00774394811460416,0.00774394811460416,0.00387197405730208,0.00193598702865104,0.00096799351432552,0.00048399675716276,0.00024199837858138,0.00012099918929069,6.0499594645345e-05,3.02497973226725e-05,3.02497973226725e-05,1.51248986613363e-05,7.56244933066813e-06,7.56244933066813e-06,3.78122466533406e-06,3.78122466533406e-06,3.78122466533406e-06,3.78122466533406e-06,3.78122466533406e-06,3.78122466533406e-06,3.78122466533406e-06,3.78122466533406e-06,3.78122466533406e-06,3.78122466533406e-06,3.78122466533406e-06,3.78122466533406e-06,3.78122466533406e-06,3.78122466533406e-06,3.78122466533406e-06,3.78122466533406e-06,3.78122466533406e-06]}
