{"prog":[0.918645560941344,0.918645560941344,0.918645560941344,0.918645560941344,0.918645560941344,0.918645560941344,0.918645560941344,0.890054986641057,0.890054986641057,0.890054986641057,0.890054986641057,0.890054986641057,0.890054986641057,0.890054986641057,0.890054986641057,0.890054986641057,0.890054986641057,0.890054986641057,0.890054986641057,0.884007360200399,0.841427711954762,0.841427711954762,0.766063713464759,0.766063713464759,0.766063713464759,0.766063713464759,0.766063713464759,0.766063713464759,0.766063713464759,0.766063713464759,0.766063713464759,0.766063713464759,0.766063713464759,0.766063713464759,0.766063713464759,0.766063713464759,0.766063713464759,0.766063713464759,0.766063713464759,0.766063713464759,0.766063713464759,0.766063713464759,0.766063713464759,0.766063713464759,0.766063713464759,0.628916840918981,0.628916840918981,0.628916840918981,0.628916840918981,0.608112411120933],"mei":["Inf",0.279447793631374,0.309223467879398,0.263004171438816,0.218371998468011,0.177026696426422,0.284485720167222,0.150168718705563,0.198543669161036,0.211398616309433,0.237690121553104,0.126357100590365,0.366427477593052,0.187624871509012,0.312015870145734,0.450467221546798,0.331845736826979,0.261292036972783,0.320527435316741,0.105257120248984,0.212328197590026,0.105848635913025,0.185259172163422,0.106343736088452,0.14936291003209,0.0529056814835605,0.105808417796371,0.018730334153421,0.211606010463316,0.185133467326792,0.132234921189164,0.132237290919167,0.105788431330729,0.011026174502225,0.132241016597778,0.105777401157942,0.238015030117092,0.185140307626364,0.132222429760969,0.185122323577835,0.290684314389954,0.256419014692379,0.0751019360093403,0.152038562694568,0.109132188281238,0.217113145346726],"obj":[0.918645560941344,1.3257760386229,0.32423770127451,1.01602697816585,1.46556788460481,0.858298462472149,0.178719326363179,0.890054986641057,0.526266614951411,0.935536017859247,0.950539976622061,0.509191291855149,0.585745517318758,0.955876190487799,1.00397998796248,0.912007584186971,0.895248791164818,1.04645954227484,1.08179108873934,0.884007360200399,0.841427711954762,0.851217143319365,0.766063713464759,1.00299136706426,0.815467422943438,0.983628004382564,0.860259645068561,0.708071014925588,0.923788574201391,1.06140234995666,0.971921544906064,1.01093576296516,0.825345685432047,0.86647369932041,0.96220321303817,0.931366306092753,0.988146289072789,0.934641649355404,0.949696709181243,0.99110475948921,0.806995260154913,0.854196827946698,0.933926975940196,0.856008890633473,0.650932623856246,0.628916840918981,0.740848831043856,0.703495365949579,0.763161354381757,0.608112411120933],"X":[[0.162822410958545,0.755823149982799],[0.399637896232223,0.926138142390674],[0.311875514823914,0.0123621864505955],[0.771485831335067,0.244541146830782],[0.886537514134901,0.579030370469911],[0.165085926263536,0.693212536208614],[0.0299411390844729,0.148778187278706],[0.0883575924004795,0.801697394240577],[0.0674068915762903,0.45885972337512],[0.0845796729169273,0.850956344942319],[0.0917580690109878,0.858781907611074],[0.124124778599352,0.385066513255797],[0.213136308267189,0.372609209051569],[0.116964406726973,0.838911783760825],[0.104739229126074,0.899240758836403],[0.165663684320325,0.746343899866646],[0.0893442233520238,0.805904567812794],[0.154715996194021,0.891743546080819],[0.202957881931414,0.878833206807923],[0.0296171385980251,0.854390221602374],[0.0158402345823196,0.825587477372442],[0.0898164684077382,0.761400674911627],[0.0100514154459227,0.756012298018836],[0.157499623075322,0.845491743988938],[0.0371504318241846,0.778316991119254],[0.0922741998255605,0.891353804557004],[0.107697113588761,0.7525625314798],[0.335907429584813,0.372163585340775],[0.0252877807881598,0.898500793413231],[0.200539358767496,0.860862991189164],[0.0636340643562606,0.908287480549803],[0.748023043917323,0.262912719047841],[0.00884408409433393,0.816501601337713],[0.0990108836207099,0.7674628156997],[0.0953330855972044,0.866870127440965],[0.130664171765506,0.800702134327247],[0.113294729699858,0.87485155937293],[0.509035045558877,0.425606603796527],[0.146009299102301,0.803687410078942],[0.126906099130145,0.864198660359066],[0.048956708227348,0.758038551927565],[0.00484260588642315,0.849354222060275],[0.108248624423555,0.825678351516641],[0.0182761749644475,0.837732715669026],[0.270015100152494,0.380917523703752],[0.242360919021296,0.386555921897685],[0.325485804496184,0.415363026547672],[0.316921897417886,0.386573468531693],[0.342131339473367,0.42103001490839],[0.208302082347288,0.399810328773644]],"C":[[-0.127837312056414,-0.902220228439727],[-1.21970926632422,-0.482557693104234],[0.943312145047836,-1.40258083959948],[-0.0697648745624787,-0.845009239555926],[-0.184687849294332,-0.378775066104988],[0.335399071898742,-0.992203016592932],[1.65116837646669,-1.47696857918039],[-0.474319263813967,-0.849474223933059],[0.255436845855107,-1.28490406523213],[-0.756675708151153,-0.768719577931674],[-0.792937902708208,-0.75407409193126],[0.105962623198279,-1.33631681970668],[0.0663199999861984,-1.3157352914282],[-0.723782070735637,-0.782546346626237],[-0.889397483346478,-0.680395751529406],[-0.0500260651934569,-0.915526326829261],[-0.504686162449897,-0.842535437332098],[-0.937303215882047,-0.680856408544897],[-0.949572228941054,-0.686460292773617],[-0.721009044533944,-0.769140174331511],[-0.573223177844152,-0.818154404174185],[-0.158841055178448,-0.912202014246881],[-0.0594999647723408,-0.928344374291812],[-0.780725161436197,-0.760337579577676],[-0.263903438521803,-0.892842506750348],[-0.869216193372555,-0.696973867148307],[-0.0924903530403339,-0.922050967937365],[0.0520855854075029,-1.24866046449602],[-0.801224778943944,-0.692056852378604],[-0.876678220980257,-0.718698875985967],[-0.842117927983387,-0.670964558529994],[0.121029165101939,-0.871338427931534],[-0.512560073466173,-0.833246917189483],[-0.212533757896638,-0.901197671442935],[-0.822745233695929,-0.739447784941],[-0.484778248903603,-0.841802966300626],[-0.861296656833384,-0.721799053284988],[-0.133699363244268,-1.05974234119766],[-0.510755016286656,-0.832767831456258],[-0.841335539707883,-0.737055517437166],[-0.107958978033664,-0.922980794511103],[-0.67778647537354,-0.778573954636614],[-0.64413792253644,-0.80653749514717],[-0.639432144392599,-0.797869878526468],[0.00451321269115468,-1.28199368582504],[-0.00299768446464499,-1.29183570417698],[-0.149949936732999,-1.22153254724863],[-0.0322562319411326,-1.25012146436442],[-0.178038574612173,-1.2056798730964],[-0.00753961017508137,-1.29676194349569]],"d":[[0.176077902417751,0.0470547973178868],[0.77825641419377,0.656315243397804]],"df":[0.858047824309446,0.919646568368384],"lambda":[[0,0],[0,0],[0,0],[0,0],[0,0],[0.527412802099254,0],[1.58223840629776,0],[0,0],[0.87514459915454,0],[1.97061747538271,0],[4.16156322783906,0],[-2.66453525910038e-15,0],[4.38189150491269,0],[8.88178419700125e-16,0],[8.76378300982539,0],[-7.105427357601e-15,0],[-7.105427357601e-15,0],[-7.105427357601e-15,0],[-7.105427357601e-15,0],[2.30032294352955e-16,0],[2.30032294352955e-16,0],[2.30032294352955e-16,0],[2.30032294352955e-16,0],[2.30032294352955e-16,0],[2.30032294352955e-16,0],[2.30032294352955e-16,0],[2.30032294352955e-16,0],[2.30032294352955e-16,0],[2.30032294352955e-16,0],[2.30032294352955e-16,0],[2.30032294352955e-16,0],[2.30032294352955e-16,0],[2.30032294352955e-16,0],[2.30032294352955e-16,0],[2.30032294352955e-16,0],[2.30032294352955e-16,0],[2.30032294352955e-16,0],[2.30032294352955e-16,0],[2.30032294352955e-16,0],[2.30032294352955e-16,0],[2.30032294352955e-16,0],[2.38557398737641,0],[0,0],[0,0],[0,0],[0,0]],