{"prog":[1.32645615395775,0.906025565822149,0.906025565822149,0.906025565822149,0.906025565822149,0.906025565822149,0.906025565822149,0.906025565822149,0.906025565822149,0.906025565822149,0.906025565822149,0.906025565822149,0.906025565822149,0.906025565822149,0.906025565822149,0.906025565822149,0.906025565822149,0.906025565822149,0.906025565822149,0.730294682127492,0.730294682127492,0.730294682127492,0.730294682127492,0.727488778099454,0.727488778099454,0.726045338614962,0.659525824691817,0.659525824691817,0.659525824691817,0.659525824691817,0.659525824691817,0.659525824691817,0.659525824691817,0.659525824691817,0.659525824691817,0.606500139083778,0.606500139083778,0.606500139083778,0.606500139083778,0.606500139083778,0.606500139083778,0.606500139083778,0.606500139083778,0.606500139083778,0.606500139083778,0.606500139083778,0.606500139083778,0.606500139083778,0.606500139083778,0.606500139083778],"mei":["Inf",0.0180166966669737,0.0572124328559045,0.139614854645355,0.0752755023545339,0.0594028297847596,0.24114594947624,0.108364553023502,0.03037819288846,0.0194835492958478,0.0102512303173125,0.0319384385786409,0.00895986818042945,0.022435464187538,0.0168682201978486,0.0212601375078273,0.00118006814604048,0.0187696131569504,0.0621264215522164,0.174006186943944,0.0884153425802558,0.266619250180937,0.318084279277823,0.0171971221649699,0.0837652924779304,0.167422040465366,0.00331931771684006,0.0163829725729602,0.0894185004750898,0.196855793503733,0.202275132713919,0.288590419031576,0.00267013685484291,0.20950328867556,0.04345167952227,0.14814909470049,0.215935700310192,0.245923593823415,0.204737010262634,0.215934185835736,0.242609192562649,0.247995688266125,0.219534144138686,0.195842427623852,0.215816226136737,0.199663647713161],"obj":[1.32645615395775,0.906025565822149,0.905997537618037,1.76896844898559,0.421134438324053,0.706609612068459,0.867326771144332,0.831346793322905,0.826147934355549,0.395084678473669,0.985729581122774,0.625267495546785,0.628897489445708,1.04661971024059,0.372338343746728,0.479674594297464,0.68777799423746,0.449831601802686,0.598759770851392,0.730294682127492,1.09027153907583,0.826471603022363,0.94351505825965,0.727488778099454,0.849832480030561,0.726045338614962,0.659525824691817,0.948174523294013,0.989922891071546,0.87661335082025,0.787217789054726,0.917403174472252,0.777345706254727,0.643615805159672,0.818132810358721,0.606500139083778,0.993095216553662,0.680533443172341,0.945522229347637,0.809907933041665,0.682489180960023,0.633532298843068,0.712791989192768,0.694699326019812,0.650237528411986,0.634948215635694,0.689951931237519,0.731614595614362,0.697621248425761,0.730457811986668],"X":[[0.56378482874571,0.762671325212035],[0.7599470861256,0.146078479696549],[0.519613296221852,0.386384241396185],[0.891987204195929,0.876981244789665],[0.188437944270772,0.23269649405328],[0.691848050653589,0.0147615614148699],[0.790449125211059,0.0768776459332736],[0.689928302789323,0.141418490533582],[0.556295356997978,0.26985257735757],[0.0144424865055928,0.380642191968076],[0.816267867593326,0.169461713529448],[0.19099759140308,0.434269904143705],[0.0773001195720487,0.551597369873659],[0.855795224479618,0.190824485760973],[0.293756544767046,0.0785817989796823],[0.0764939360702396,0.403180658227224],[0.0363235775301548,0.651454416707305],[0.0124485582375081,0.437383043565178],[0.227957827251444,0.370801943599948],[0.326316242589689,0.403978439537803],[0.633163664703927,0.457107874371902],[0.391862438013999,0.434609165008364],[0.794405676042573,0.149109382217077],[0.313614517077093,0.413874261022361],[0.444163798402102,0.405668681628459],[0.298682354245243,0.427362984369719],[0.21746942404271,0.442056400649107],[0.510731620832982,0.43744290246103],[0.824355146557882,0.165567744513664],[0.474835406688081,0.401777944132168],[0.40168272663668,0.385535062418046],[0.439238679610248,0.478164494862003],[0.306160186128855,0.471185520125871],[0.26188861774489,0.381727187414782],[0.407621351498224,0.410511458860497],[0.198340007156627,0.408160131927151],[0.46515347487174,0.527941741681921],[0.225372680748201,0.45516076242414],[0.468591230087287,0.47693099926035],[0.416933377265682,0.392974555775983],[0.30018381402639,0.382305366933633],[0.238285153317088,0.39524714552598],[0.29529226842974,0.417499720763028],[0.309854242694742,0.38484508332507],[0.227606748775281,0.422630779636705],[0.240228560247269,0.394719655388425],[0.234534049917008,0.455417881320511],[0.271081489729171,0.460533105885191],[0.286016832994444,0.411604415431317],[0.341052282429545,0.389405529557123]],"C":[[-0.10685762678919,-0.600479116575489],[-0.0398126543811623,-0.901141504058755],[0.198914861830443,-1.08070924039016],[-1.27539567967298,0.0647372761620995],[1.05938803087665,-1.41034348281432],[0.621525033274943,-1.02112837111142],[0.465361174284478,-0.86928000800883],[0.0587793287321909,-1.00399974754545],[0.900151019222054,-1.11771506227597],[0.225483378077433,-1.35490293627727],[-0.0972653548928912,-0.804989495982307],[0.00546321005114103,-1.27492957043324],[0.606286176436304,-1.18976503306261],[-0.140588369197495,-0.731200549391941],[1.26444132767872,-1.40753199327564],[0.142114035048038,-1.33159403457594],[0.634729131371076,-1.07428774066796],[0.258369147307106,-1.30854110659947],[0.0659685985497565,-1.3105411476173],[-0.111212488284271,-1.23031913021075],[-0.0891750989317209,-0.890156164885894],[-0.249488713960581,-1.15755870336446],[-0.0263762148149335,-0.846686014006184],[-0.137178369660483,-1.2303540307417],[-0.0839264379479068,-1.13815144093484],[-0.151034494800506,-1.22814973085313],[-0.0290148607610355,-1.25729318825169],[-0.214002745107752,-1.04779691856778],[-0.0628859717136854,-0.793025914320191],[-0.0139849954014386,-1.11310582016429],[0.00921072982148197,-1.19001370276804],[-0.393796959866688,-1.07842809818761],[-0.155541785493356,-1.18425014605326],[0.00435648089945584,-1.28569870628407],[-0.141950884362079,-1.16532517594699],[-0.00749237489493482,-1.29406654826632],[-0.444014164178325,-1.0049097622046],[-0.021892967845319,-1.24203583512184],[-0.420017568769955,-1.05295908102981],[-0.02668744774402,-1.1717375574345],[-0.00958307683542603,-1.26373228421031],[-0.0261641281372221,-1.28699987966222],[-0.130244025072078,-1.23849645936841],[-0.0231504627554285,-1.25588461012459],[-0.0543451990845803,-1.26957839201562],[-0.0263769211904452,-1.28648663249157],[-0.0388446726965995,-1.23758833280306],[-0.101076118079543,-1.21442408430995],[-0.108496428725256,-1.24877617644127],[-0.046174230794418,-1.23204667419993]],"d":[[0.103197923646233,0.0413179517822804],[0.717874277436073,0.811811194184218]],"df":[1.11655223840554,0.957763977094402],"lambda":[[0,0],[0,0],[0,0],[0,0],[0,0],[0,0],[0,0],[0,0],[0.250198027829106,0],[0.750594083487319,0],[1.75138619480374,0],[3.7529704174366,0],[7.7561388627023,0],[15.7624757532337,0],[31.7751495342965,0],[-1.4210854715202e-14,0],[32.0253475621256,0],[-1.4210854715202e-14,0],[-1.4210854715202e-14,0],[-1.4210854715202e-14,0],[-1.4210854715202e-14,0],[-1.4210854715202e-14,0],[-1.4210854715202e-14,0],[-1.4210854715202e-14,0],[-1.4210854715202e-14,0],[-1.4210854715202e-14,0],[-1.4210854715202e-14,0],[-1.4210854715202e-14,0],[-1.4210854715202e-14,0],[-1.4210854715202e-14,0],[-1.4210854715202e-14,0],[-1.4210854715202e-14,0],[-4.04190244679475e-15,0],[-4.04190244679475e-15,0],[-4.04190244679475e-15,0],[-4.04190244679475e-15,0],[-4.04190244679475e-15,0],[-4.04190244679475e-15,0],[-4.04190244679475e-15,0],[-4.04190244679475e-15,0],[-4.04190244679475e-15,0],[-4.04190244679475e-15,0],[-4.04190244679475e-15,0],[-4.04190244679475e-15,0],[-4.04190244679475e-15,0],[-4.04190244679475e-15,0]],