{"prog":[1.11330014570926,1.11330014570926,1.11330014570926,1.11330014570926,0.971932000697575,0.971932000697575,0.971932000697575,0.971932000697575,0.971932000697575,0.971932000697575,0.952967454160366,0.952967454160366,0.635640379583451,0.635640379583451,0.635640379583451,0.635640379583451,0.635640379583451,0.635640379583451,0.6290570335996,0.6290570335996,0.6290570335996,0.6290570335996,0.6290570335996,0.6290570335996,0.619541584074391,0.619541584074391,0.619541584074391,0.619541584074391,0.619541584074391,0.619541584074391,0.613437045961292,0.613437045961292,0.605221693338208,0.605221693338208,0.605221693338208,0.603566450458333,0.603566450458333,0.603566450458333,0.603566450458333,0.603566450458333,0.603566450458333,0.603566450458333,0.603566450458333,0.603566450458333,0.603566450458333,0.603566450458333,0.603566450458333,0.603566450458333,0.603566450458333,0.602110364454824],"mei":["Inf",0.0482511544950432,0.0492869139106227,0.0227499499373772,0.0617056509860157,0.190708250732382,0.151588817846307,0.12980831275172,0.126153511745429,0.0150198136053337,0.0170040515437166,0.137125903906397,0.00893036817367869,0.00223239871495322,0.153494965132563,0.00606023409518956,0.0869491960485556,0.130416888742547,0.130408198556502,0.108681093756286,0.173883062311855,0.128486468199289,0.128459509151368,0.0288560302446915,0.108577211958273,0.159530035847212,0.174674420932083,0.148662656479809,0.169870147724821,0.148451707475596,0.105678223004502,0.166698394115788,0.110307141823986,0.0417039672832563,0.145927581602081,0.121726860837839,"Inf",0.1458841629993,0.130515276432386,0.145890493876222,"Inf",0.146376111537145,0.145898754407151,0.147379501511042,"Inf",0.167354654272823],"obj":[1.11330014570926,0.67906352364902,0.420110858860451,1.3125380205951,0.971932000697575,0.35401333663318,0.382077766438499,0.178642482945845,1.09301163830063,0.527021943434845,0.952967454160366,0.958955295975853,0.635640379583451,0.711710799551369,0.74507008972851,0.547038167886096,0.565640934573375,0.443703548102985,0.6290570335996,0.74360496288715,0.722267760686395,0.665259826056699,0.669885738939122,0.702857373106415,0.619541584074391,0.642512650862205,0.654000688105011,0.784629564757007,0.550211035962474,0.583901898217675,0.613437045961292,0.628518238822381,0.605221693338208,0.586188212235886,0.669262394808128,0.603566450458333,0.582386874495932,0.742467883724412,0.601795890447744,0.655030174377614,0.872308413865889,0.626082135259614,0.626901356844257,0.594299496308928,0.873154104497345,0.593481963707904,0.624259011548192,0.595565588040273,0.966173184039368,0.602110364454824],"X":[[0.567388860403418,0.545911285305841],[0.535216972975809,0.143846550673211],[0.096037295054653,0.324073563805798],[0.827603704009113,0.484934316585989],[0.100502438475495,0.87142956222208],[0.0431467904033636,0.310866546229816],[0.138036044978612,0.244041721459887],[0.135807597197315,0.0428348857485305],[0.545769813106083,0.547241825194542],[0.0963807740938805,0.430641169340965],[0.0824439979604294,0.870523456199936],[0.0703012937222688,0.888654002253584],[0.224769903148489,0.410870476434962],[0.317741465662479,0.393969333888889],[0.269120955079744,0.475949134648766],[0.161309671451177,0.385728496434919],[0.522622300310342,0.0430186342630332],[0.0400624312036299,0.403641116899355],[0.24034130248004,0.388715731119561],[0.694950070149486,0.048654892737664],[0.27894139851818,0.443326362168215],[0.227450158277737,0.437809667778961],[0.257048627138058,0.412837111801063],[0.286090234564871,0.416767138541544],[0.203536100032631,0.416005484041759],[0.263165552230358,0.379347098631847],[0.269414879092552,0.384585809012459],[0.366515268349342,0.418114296407665],[0.160736196861164,0.389474839101311],[0.196613996017246,0.387287902200429],[0.196533307768048,0.416903738193244],[0.216767924464778,0.411750314357603],[0.197983078782288,0.40723861455592],[0.182319045535226,0.403869166700659],[0.232200046459925,0.437062348348203],[0.19485895977003,0.408707490688303],[0.173195682941182,0.40919119155475],[0.357968408777396,0.384499474947016],[0.185918365938606,0.415877524509138],[0.263820111378171,0.391210062999444],[0.383000500044212,0.489307913821677],[0.201285513611034,0.424796621648581],[0.192507962085901,0.434393394758356],[0.184119732184766,0.410179764124162],[0.444548593047617,0.428605511449729],[0.18381219753649,0.409669766171414],[0.204084148712694,0.420174862835498],[0.193005909714286,0.402559678325987],[0.0885539709378411,0.877619213101527],[0.192423628316825,0.409686736137999]],"C":[[-0.655311015119714,-0.880050749665836],[0.680972559607359,-1.19285096169803],[0.372722532039581,-1.38575316320079],[0.190526620298498,-0.579910817707676],[-0.840430461204353,-0.730509777945914],[0.493141078051858,-1.40150034491303],[0.970564340895478,-1.42138968847356],[1.4834951683969,-1.4797214691064],[-0.618956508019619,-0.902661695859897],[0.141540406337343,-1.30525892965371],[-0.821044597826639,-0.735391899406018],[-0.842680384964162,-0.705351792379662],[-0.0420734996906454,-1.28066394223273],[-0.0669910959241469,-1.2438285249538],[-0.0644996634332566,-1.20104633276406],[0.0674388899353869,-1.32519271693437],[0.429886887785208,-1.22501532832447],[0.182939905442637,-1.3354688503543],[-0.0087195959528697,-1.29113613870238],[0.378608819717693,-1.01467710141191],[-0.131806524750858,-1.22565343279942],[-0.0501510120166243,-1.25658912029871],[-0.0818135007763834,-1.2634915224062],[-0.119596434817573,-1.24445752991851],[-0.0193791014239524,-1.28551249323069],[0.0139047517997674,-1.28683967087889],[-0.0106925635655604,-1.27950937842978],[-0.180078186459818,-1.19084699320633],[0.0604097999386418,-1.32247322472562],[0.0307658868233349,-1.31135101737932],[-0.0103276753059346,-1.28756593201825],[-0.0333472177867177,-1.28347334554965],[-0.00616614203859939,-1.29495941133046],[0.0158542458439691,-1.30364946182364],[-0.0584598782482696,-1.25505964208036],[-0.00374131363327163,-1.29498817285261],[0.0228940164130466,-1.30256582416454],[-0.0139356822076812,-1.22401877208285],[0.00414407898396102,-1.29248024581487],[-0.0326582267375749,-1.27735363544038],[-0.296822018515692,-1.11388838243736],[-0.0168261841592922,-1.2790319722463],[0.00319215296878023,-1.27424306312384],[0.00858304831020462,-1.29785248532326],[-0.223227900399476,-1.1186738639743],[0.00927154177245654,-1.29838375872187],[-0.0212088836357325,-1.28180274488539],[0.00502247536971656,-1.30069442420144],[-0.843725506548039,-0.721942711026196],[-0.00150599339232477,-1.29512992549798]],"d":[[0.175909800077465,0.039103872285383],[0.768225184253946,0.797505775044977]],"df":[0.801611516122387,0.87605002769735],"lambda":[[0,0],[0,0],[0,0],[0,0],[0,0],[0,0],[0,0],[0,0],[0,0],[0,0],[0,0],[0,0],[0,0],[0,0],[0,0],[0,0],[0,0],[0,0],[0,0],[0,0],[0,0],[0,0],[0,0],[0,0],[0,0],[0,0],[1.64749455459275,0],[0.541413073773931,0],[0,0],[0,0],[1.69797047262767,0],[0.377197827292074,0],[0,0],[0,0],[0,0],[0,0],[0,0],[0,0],[0,0],[0,0],[1.83846809735301,0],[0.23570751431307,0],[1.11022302462516e-16,0],[-7.47644747434863e-17,0],[2.15160404631231,0],[0,0]],"rho":[0.018674348110935,0.018674348110935,0.018674348110935,0.018674348110935,0.018674348110935,0.018674348110935,0.018674348110935,0.018674348110935,0.018674348110935,0.018674348110935,0.018674348110935,0.018674348110935,0.018674348110935,0.018674348110935,0.018674348110935,0.018674348110935,0.018674348110935,0.018674348110935,0.018674348110935,0.018674348110935,0.018674348110935,0.018674348110935,0.018674348110935,0.018674348110935,0.018674348110935,0.018674348110935,0.00933717405546752,0.00933717405546752,0.00933717405546752,0.00933717405546752,0.00466858702773376,0.00466858702773376,0.00466858702773376,0.00466858702773376,0.00466858702773376,0.00466858702773376,0.00466858702773376,0.00466858702773376,0.00466858702773376,0.00466858702773376,0.00233429351386688,0.00233429351386688,0.00233429351386688,0.00233429351386688,0.00116714675693344,0.00116714675693344]}
