{"prog":[1.5441289914735,1.5441289914735,1.5441289914735,1.5441289914735,1.5441289914735,1.5441289914735,1.5441289914735,1.5441289914735,1.5441289914735,1.0941920659957,0.789390136735076,0.789390136735076,0.789390136735076,0.671128202020121,0.671128202020121,0.671128202020121,0.671128202020121,0.671128202020121,0.671128202020121,0.671128202020121,0.671128202020121,0.671128202020121,0.671128202020121,0.671128202020121,0.671128202020121,0.671128202020121,0.671128202020121,0.671128202020121,0.671128202020121,0.671128202020121,0.671128202020121,0.671128202020121,0.671128202020121,0.671128202020121,0.671128202020121,0.652230270598086,0.652230270598086,0.652230270598086,0.652230270598086,0.652230270598086,0.652230270598086,0.652230270598086,0.622674970307555,0.622674970307555,0.622674970307555,0.622674970307555,0.622674970307555,0.622674970307555,0.622674970307555,0.622674970307555],"mei":["Inf",0.0334326264350848,0.0728333171682188,0.0417527720978125,0.304429996173385,0.042360201428999,0.0735008817115625,0.0106378842220514,0.0658567618218903,0.243387157860102,0.00822466369844752,0.234809101662472,0.00218977762792234,0.0398162591521969,0.21350440282171,0.0165480987927313,0.00548526909485642,0.185435227652753,0.167713543606599,0.229734218174414,0.208679795452407,0.208727474136109,0.264557891226091,0.238130573143827,0.00843913325322956,0.00118188718806832,0.158560900422299,0.136551379304594,0.185399661608619,0.231741728589895,0.243656009205718,0.254916941048263,0.202693694204483,0.225223372055695,0.112620083346781,0.0980124191741812,0.180147630659595,0.112595450634146,0.268951629918312,0.107174091733408,0.0859721512780153,0.0860027407619623,0.128995276750175,0.19349188790244,0.0859998686132953,0.171967957207918],"obj":[1.5441289914735,1.25842117267158,0.933618618970182,0.94209786985584,1.05131445522218,0.605577812826318,0.50623461090373,0.352563019894893,0.599968220634999,1.0941920659957,0.789390136735076,0.354008396995256,1.00406855058306,0.671128202020121,0.574331117415412,0.688412033661947,0.220819174582603,0.484137235554898,0.710464277372093,0.902450378775236,0.585351092954791,0.760747135169555,0.770432106074674,0.701481151373548,0.732814604307715,0.728718484506035,0.594433115235165,0.712375631979555,0.979038760237782,0.93563784967075,0.856871496642392,0.847927038158622,0.758757476292995,0.691297363301576,0.677832794167661,0.652230270598086,0.72115433328535,0.667283416066152,0.843582646401287,0.867851438796579,0.753880790280934,0.85307891414007,0.622674970307555,0.822713326690292,0.83693422435401,0.840157981742534,0.768824000610706,0.679227192859994,0.833221443424286,0.705744641941447],"X":[[0.737964239725369,0.806164751748127],[0.846495217710383,0.411925954961201],[0.53490144491077,0.398717174059413],[0.298146314019837,0.643951555836003],[0.910932183729236,0.140382271492943],[0.268764149382578,0.33681366344374],[0.333763471948793,0.172471138954938],[0.137872018737921,0.214691001156972],[0.221554691515087,0.378413529119913],[0.641741439477015,0.452450626518682],[0.349977665852792,0.439412470882283],[0.3417030810592,0.0123053159360553],[0.544263988519722,0.459804562063341],[0.272115161539481,0.399013040480639],[0.14078883528883,0.433542282126582],[0.27968252528044,0.408729508381507],[0.11243410430289,0.108385070279714],[0.0872749352979131,0.396862300256985],[0.282935569961994,0.427528707410099],[0.329454824835866,0.572995553939369],[0.00687773712139524,0.578473355833396],[0.339026334245293,0.421720800924262],[0.386123658794432,0.384308447280242],[0.249629685014866,0.451851466358682],[0.346298181523173,0.386516422784542],[0.256526195742098,0.472192288763938],[0.178303107324489,0.416130007910676],[0.3219478581368,0.390427773842754],[0.430785062518073,0.548253697719709],[0.109676811334136,0.825961038336614],[0.375205432895747,0.481666063746645],[0.396529155926611,0.451397882232011],[0.363247451943847,0.395510024349148],[0.259139276046708,0.432158087254867],[0.260630874895371,0.41720191927229],[0.259083294764517,0.393146975833569],[0.318939234770688,0.402215098514662],[0.263721941039097,0.403561475027054],[0.369042803344679,0.474539843056608],[0.390022900692425,0.477828538104153],[0.345475510944888,0.408405279336046],[0.380101520263037,0.472977393877033],[0.213284177631309,0.409390792676247],[0.400107734109596,0.422605592580696],[0.318477829702672,0.518456394651338],[0.429801456639193,0.410356525103341],[0.335472562993179,0.433351437617527],[0.273176385701481,0.406050807158513],[0.403649372917176,0.429572070507109],[0.279938069465556,0.425806572475891]],"C":[[-0.64385452515589,-0.305507173925438],[0.14177808832419,-0.613762854022754],[0.132147674070919,-1.05490505934245],[0.388510408478764,-0.996435169172776],[0.459919404382767,-0.650495374496767],[0.260186347029304,-1.31432238812427],[1.3186240143511,-1.35885565102027],[1.19966842601888,-1.43489908047135],[0.0391406582337026,-1.30771671964667],[-0.024875754021959,-0.883456355420821],[-0.228405873440126,-1.18443231383736],[0.860093602849867,-1.38308758359436],[-0.31382260800592,-0.992356475506343],[-0.0634736952495214,-1.26674193238674],[0.08262419378599,-1.29221959346649],[-0.0959985980173918,-1.25471787403097],[1.6501717441581,-1.47561124873007],[0.131813011495721,-1.33488340030348],[-0.131834757503642,-1.23716666759053],[0.141125917216039,-1.06313561355808],[0.753040354799098,-1.16532127332294],[-0.17791380720019,-1.207212710756],[0.00407427229111579,-1.20321553746825],[-0.0731441468927772,-1.23351527270889],[-0.0295055478115581,-1.23068262439158],[-0.0464251580904921,-1.21122875332996],[0.0143650282911483,-1.29504381843469],[-0.0514088727501849,-1.24391573005332],[-0.292730111336643,-1.01384211284797],[-0.646641299771435,-0.805759360205478],[-0.28747805687551,-1.12721868616033],[-0.299130402009762,-1.13900458041658],[-0.0748610218073892,-1.21162310929564],[-0.101662182519204,-1.2460862232302],[-0.092358115971185,-1.25801410560679],[-0.0360254722682177,-1.27831130176688],[-0.101457636682301,-1.23650077905073],[-0.0693216675995654,-1.26758887368856],[-0.279595510025602,-1.13861934665131],[-0.317655059187497,-1.11956202510871],[-0.135285208498913,-1.21385179914781],[-0.300129608993857,-1.13181521917502],[-0.0267211363218041,-1.28690903844405],[-0.204352033076453,-1.1613183142252],[-0.0525662649046487,-1.12977483883301],[-0.127606692630861,-1.14687823017594],[-0.202004563559708,-1.19966469099361],[-0.0837308138523158,-1.260497404301],[-0.234509323848422,-1.15253501998381],[-0.126226553408442,-1.24032344010023]],"d":[[0.0860112255704738,0.0536264497327765],[0.716942485429529,0.773631394549209]],"df":[0.945269195246214,0.92449308396944],"lambda":[[0,0],[0,0],[0,0],[0,0],[0,0],[6.92185744248553,0],[0,0],[0,0],[0,0],[0,0],[0,0],[0,0],[0,0],[0,0],[0,0],[0,0],[0,0],[0,0],[0,0],[0,0],[0,0],[0,0],[0,0],[5.08078721593815,0],[0,0],[10.1615744318763,0],[0,0],[0,0],[0,0],[0,0],[0,0],[0,0],[0,0],[0,0],[0,0],[0,0],[0,0],[0,0],[0,0],[0,0],[0,0],[0,0],[0,0],[0,0],[0,0],[0,0]],"rho":[0.00565464668391781,0.00565464668391781,0.00565464668391781,0.00565464668391781,0.00565464668391781,0.00282732334195891,0.00282732334195891,0.00282732334195891,0.00282732334195891,0.00282732334195891,0.00282732334195891,0.00282732334195891,0.00282732334195891,0.00282732334195891,0.00282732334195891,0.00282732334195891,0.00282732334195891,0.00282732334195891,0.00282732334195891,0.00282732334195891,0.00282732334195891,0.00282732334195891,0.00282732334195891,0.00141366167097945,0.00141366167097945,0.000706830835489726,0.000706830835489726,0.000706830835489726,0.000706830835489726,0.000706830835489726,0.000706830835489726,0.000706830835489726,0.000706830835489726,0.000706830835489726,0.000706830835489726,0.000706830835489726,0.000706830835489726,0.000706830835489726,0.000706830835489726,0.000706830835489726,0.000706830835489726,0.000706830835489726,0.000706830835489726,0.000706830835489726,0.000706830835489726,0.000706830835489726]}
