{"prog":[1.56082188348771,1.41955206926436,1.41955206926436,1.41955206926436,1.41955206926436,1.41955206926436,1.41955206926436,1.41955206926436,1.41955206926436,0.921522034616564,0.921522034616564,0.921522034616564,0.921522034616564,0.646923381919323,0.646923381919323,0.646923381919323,0.646923381919323,0.646923381919323,0.646923381919323,0.646923381919323,0.646923381919323,0.646923381919323,0.646923381919323,0.646923381919323,0.646923381919323,0.646923381919323,0.646923381919323,0.646923381919323,0.646923381919323,0.646923381919323,0.646923381919323,0.646923381919323,0.646923381919323,0.646923381919323,0.646923381919323,0.646923381919323,0.646923381919323,0.646923381919323,0.646923381919323,0.646923381919323,0.646616553061524,0.646616553061524,0.646616553061524,0.646616553061524,0.646616553061524,0.646616553061524,0.629483362667667,0.629483362667667,0.629483362667667,0.629483362667667],"mei":["Inf",0.0485308662562065,0.146213360000741,0.0272978298934765,0.0783351231315579,0.0362811622872103,0.0304370444519343,0.356063102446427,0.0117756478011115,0.163717533101411,0.0574545237939631,0.00137561778749213,0.0141131867623559,0.0245462386998533,0.122653871447592,0.13410070068712,0.000656431066478483,0.000769873614308812,0.0348666864487091,0.000218234906476972,0.206702682652559,0.22349910057774,0.156111005944983,0.0891959531621712,0.194907235411567,0.00680516561002034,0.223396897796828,0.156377571834537,0.266041035551985,0.0128098911896107,0.112401600645362,0.169534224659962,0.169981920590843,0.168820719433662,0.152556900040353,0.198810731038328,0.245160269058699,0.231195715561778,0.105052924780244,0.0700188812152361,0.0285533530888516,0.0689746866701632,0.243398929113851,0.169776433822787,0.0504584824169721,0.0385468129773278],"obj":[1.56082188348771,1.41955206926436,0.81136871715341,1.14761629978372,0.20765145532965,1.02769558524271,0.730013131067892,0.548447757708711,0.599890997928231,0.921522034616564,0.50522716331883,0.623345948454616,0.515486402736212,0.646923381919323,0.766879956820098,0.854792249064146,0.901993537600178,0.877950216020084,0.807879933246138,0.802196807857183,0.766662478669812,0.852976062650088,0.94011158883473,0.970085932031915,0.692419738371954,0.66365052698086,0.792903206262948,0.895829295715277,0.728230975111615,0.596219927063884,0.675975513276158,0.787292968919744,0.618767428087828,0.958355653151651,0.81699946608258,0.761870595571089,0.734722244254268,0.763422375281501,0.766022288281535,0.718588327970027,0.646616553061524,0.655052603591146,0.848367349133544,0.901879444706099,0.902855401980942,0.894296091060729,0.629483362667667,0.726345684092495,0.910579339190645,0.927894261648854],"X":[[0.835302403637977,0.72551947984973],[0.515997866335324,0.903554202929035],[0.245476577162155,0.565892139991255],[0.781221329034591,0.366394970749131],[0.170659779908755,0.0369916754208951],[0.969159730858129,0.0585358543845831],[0.243550694637561,0.48646243643033],[0.158757576348436,0.389690181360275],[0.140635164461453,0.459255833466778],[0.401758418186046,0.519763616430518],[0.0218933838131928,0.483333779505638],[0.186719793345947,0.43662615510867],[0.235793759922162,0.27969264281405],[0.240265301301738,0.406658080617585],[0.335745359104067,0.431134597716031],[0.532325863234542,0.322466385829604],[0.41841911558929,0.483574422010888],[0.477015049075013,0.400935166945071],[0.346055718537997,0.461824214708142],[0.336819784980458,0.465377022876725],[0.678106866291771,0.0885556123780405],[0.161147064916125,0.691828997733963],[0.477890959900272,0.462220628934458],[0.0379953816485736,0.932090550383341],[0.296212083924611,0.396207654447343],[0.280630650305909,0.383019876674951],[0.367782178351536,0.425121027911412],[0.438045771686637,0.45778352402864],[0.336912876860291,0.391318098251324],[0.52685085637344,0.069369070690444],[0.258079653117629,0.417895860158529],[0.350091555935818,0.437201412983926],[0.231254935868758,0.38751249221907],[0.527897354879283,0.430458298272368],[0.416186389131249,0.400813076951331],[0.298425545164069,0.46344505040702],[0.275072998287192,0.459649245967076],[0.280623011092898,0.482799364188603],[0.316471447591111,0.449550840690424],[0.25093984180734,0.467648486162687],[0.235147255135751,0.411469297925773],[0.225389557394257,0.429663046196889],[0.450727092867702,0.397640256265842],[0.442719238923903,0.459160205782196],[0.361928306712907,0.540927095268034],[0.345369447406781,0.548926643653948],[0.19906614283078,0.430417219836887],[0.308206666390925,0.418139017701569],[0.450175879580456,0.460403459610188],[0.443922765390929,0.483971496257924]],"C":[[-1.28623330970823,-0.275891378835196],[-0.950049891363545,-0.417336004306669],[0.339955411296988,-1.11950733596087],[0.333907171123614,-0.755447960471171],[1.39442575537658,-1.46950685547105],[0.863197731894211,-0.557302969834466],[0.025249216182332,-1.20403735708383],[0.0620341993819339,-1.32293759450337],[0.143750734322389,-1.26930582994364],[-0.287846528884385,-1.06843595645172],[0.406013502778647,-1.265909137334],[0.0151721226264206,-1.27449331944787],[0.692926158371079,-1.36617332833746],[-0.0532732261554056,-1.27690179045881],[-0.198012504534574,-1.20139801249232],[0.704851643648087,-1.11264460534159],[-0.368197850790573,-1.09108122208631],[-0.00399469622153845,-1.11170763486269],[-0.24131027978962,-1.16696383437636],[-0.223525319127336,-1.16997665902411],[0.155309651181138,-1.0323289814043],[0.345037405962269,-0.995404261363338],[-0.373891741689373,-1.05797232063303],[-0.781894569169146,-0.629763556859459],[-0.0684872415285661,-1.25527789589437],[-0.00835270494300805,-1.27454221218079],[-0.205967756443552,-1.18400838091454],[-0.346792819607089,-1.09855014703538],[-0.0563728996234082,-1.23335985938669],[0.451500284248423,-1.21761610717012],[-0.0902425123496053,-1.25875794270905],[-0.224461013909794,-1.1862908269473],[0.00168946969955569,-1.2963552230105],[-0.135836119693899,-1.03603003615991],[-0.0788702825013208,-1.1661377668467],[-0.151089344843782,-1.19616087924676],[-0.110309804436349,-1.21305741629519],[-0.0724971266667072,-1.18815549958424],[-0.192112750475195,-1.19774986449412],[-0.045679792982011,-1.21833408918345],[-0.0550163560653199,-1.27539878526659],[-0.0512890148349405,-1.26458921415043],[-0.0195351696098876,-1.13872731435187],[-0.353496822280784,-1.09317158091269],[-0.0957129561431535,-1.07640577840481],[-0.0103337529271498,-1.07939948468475],[-0.0106864505896156,-1.27511368764636],[-0.143735570433651,-1.23016841266776],[-0.361003342087154,-1.08537033182293],[-0.407570851201866,-1.06870416917754]],"d":[[0.0947733348746724,0.0501765289753714],[0.694954501828973,0.708628638756053]],"df":[0.971065529691826,0.933100705042375],"lambda":[[0,0],[0,0],[0,0],[0.642950785219416,0],[3.8022518039165,0],[6.37405494479417,0],[-5.32907051820075e-15,0],[5.14360628175532,0],[11.32513878441,0],[1.77635683940025e-14,0],[8.01011767371616e-16,0],[8.01011767371616e-16,0],[8.01011767371616e-16,0],[8.01011767371616e-16,0],[8.01011767371616e-16,0],[8.01011767371616e-16,0],[8.01011767371616e-16,0],[8.01011767371616e-16,0],[8.01011767371616e-16,0],[8.01011767371616e-16,0],[8.01011767371616e-16,0],[8.01011767371616e-16,0],[8.01011767371616e-16,0],[8.01011767371616e-16,0],[8.01011767371616e-16,0],[8.01011767371616e-16,0],[8.01011767371616e-16,0],[8.01011767371616e-16,0],[8.01011767371616e-16,0],[1.37667116424005,0],[4.13001349272015,0],[9.63669814968036,0],[0,0],[11.0133693139204,0],[0,0],[22.0267386278408,0],[0,0],[0,0],[0,0],[0,0],[0,0],[0,0],[0,0],[0,0],[0,0],[0,0]],