{"prog":[1.21564517625506,1.21564517625506,1.09880486542331,1.09880486542331,1.09880486542331,1.09880486542331,1.09880486542331,1.09880486542331,1.09880486542331,1.09880486542331,0.828805978031424,0.648911963988929,0.648911963988929,0.648911963988929,0.648911963988929,0.648911963988929,0.648911963988929,0.648911963988929,0.648911963988929,0.648911963988929,0.648911963988929,0.648911963988929,0.648911963988929,0.648911963988929,0.640082475254331,0.640082475254331,0.640082475254331,0.640082475254331,0.640082475254331,0.640082475254331,0.640082475254331,0.640082475254331,0.640082475254331,0.640082475254331,0.640082475254331,0.640082475254331,0.640082475254331,0.640082475254331,0.640082475254331,0.640082475254331,0.640082475254331,0.606920212709537,0.606920212709537,0.606920212709537,0.606920212709537,0.606920212709537,0.606920212709537,0.606920212709537,0.606920212709537,0.606920212709537],"mei":["Inf",0.0552664588229684,0.0530514104930246,0.00993189135212948,0.130148983709486,0.178396243276327,0.115390503362873,0.298683292755303,0.00102543697958903,0.0115607373401765,0.174053073772267,0.147139150427809,0.0174728716866506,0.0614626918926919,0.000803734075587411,0.00256106846926137,0.0896274245180241,0.201654811613385,0.171623153574333,0.134442195449367,0.246613192881871,0.0432977839978041,0.176886484649984,0.0207901431380816,0.198991662830254,0.154728366067324,0.17682201126312,0.0884137185770533,0.0624094471809771,0.176799273857622,0.0884135938954221,0.221034205367885,0.220926178575109,0.154721243415582,0.154723033259394,0.15468602652538,0.154687115084051,0.248703545316593,0.188589301755583,0.209566990548802,0.00310637321106994,0.209551798872346,0.146680090219082,0.209561995865141,0.188589443546655,0.16761441568224],"obj":[1.21564517625506,1.52853562684463,1.09880486542331,0.866745512366003,0.423337174161183,0.523115835468389,0.393126410556953,0.236936450758236,0.680429628199687,0.513805215971965,0.828805978031424,0.648911963988929,0.625204978208553,0.785985149725936,0.651444817982795,0.687337052120673,0.961889885973406,0.833823196680606,0.772601089497629,0.771859735837639,0.883517084538514,0.713380692322383,0.737121115751987,0.787772222450261,0.640082475254331,0.750693922293928,0.719319257043765,0.968847739303416,0.680313907087821,0.756397156826313,0.715245454372152,0.855560040882686,0.90035866756692,0.739164648664757,0.851814836688163,0.667257324015187,0.67248161653662,0.75018422880006,0.747906628710578,0.749374543834565,0.755794813146563,0.606920212709537,0.661057946327021,0.603167455636215,0.861004357364573,0.607051559162207,0.718553707235295,0.619192685641471,0.662789301423017,0.679344524801556],"X":[[0.977857318231337,0.237787858023725],[0.697184563041009,0.831351063803619],[0.578834643796746,0.519970221626565],[0.257804421316321,0.608941091049682],[0.0383273530235345,0.385009821137648],[0.12782745749251,0.395288377975879],[0.201784448013391,0.191341962543562],[0.0228517672856925,0.214084683472543],[0.173166628268819,0.507262999930868],[0.105452570995654,0.408352644976311],[0.365565177921486,0.463240800109939],[0.213892898513911,0.435019065475018],[0.179991519836922,0.445213458371631],[0.409225137301075,0.376760012424861],[0.20000895567549,0.451435862307305],[0.29978104699398,0.387556005126693],[0.469751940779741,0.492137945193665],[0.330910024944025,0.502913171736581],[0.740112154169377,0.0324889353282516],[0.0484909097078468,0.723368826129792],[0.402826577917932,0.480690506620582],[0.276478316021941,0.436902376300442],[0.35553922552957,0.381581890222418],[0.394505028617453,0.393267193832807],[0.248545639619358,0.391536835634973],[0.00341678167271389,0.747277140621214],[0.277299669816875,0.442019587226889],[0.468437845628411,0.500409893675004],[0.222074600140854,0.458239306946967],[0.371655951736415,0.384741205089898],[0.268058684535939,0.447186769836213],[0.398329002948205,0.457231037934481],[0.359271509367239,0.541087158199681],[0.27400544998384,0.465159198680916],[0.395504829792057,0.456310006896106],[0.262191372035814,0.405065951979372],[0.243095772045102,0.429385844491518],[0.295629596320728,0.454554632479331],[0.273331633647545,0.474574995063033],[0.283902871348873,0.465471672485692],[0.279953339616871,0.475841473529692],[0.208510866293093,0.398409346416444],[0.227806781705034,0.433251164621986],[0.211669535422769,0.391497920213447],[0.0660005886054392,0.795003768759134],[0.184358226983588,0.422693332178619],[0.265679737104613,0.452873970130682],[0.225568840501982,0.393623845139489],[0.232078653010786,0.430710648412231],[0.218749959403358,0.460594565398198]],"C":[[-0.0141380046141556,-0.487251999757907],[-0.41207391774598,-0.322789093769909],[-0.598826192097021,-0.894581423762314],[0.431426195042427,-1.06272762798098],[0.195045557133465,-1.35029845163777],[0.0873822647460353,-1.3274072393482],[1.33435234986584,-1.42267128990991],[1.26853317313415,-1.45364554503438],[0.263812564451494,-1.21269756775514],[0.108027523016906,-1.32212787261126],[-0.274039441271828,-1.15177006180474],[-0.0304453805464627,-1.26500824063856],[0.0404095179685788,-1.26938802927157],[0.0798874231202339,-1.19058668003854],[0.017668474479877,-1.25620207987246],[-0.0340734359960473,-1.25993166675343],[-0.452201044512186,-1.03713335703422],[-0.13989045855883,-1.1375768970854],[0.640942629965155,-0.951178468332],[0.175953195740411,-0.974386173059312],[-0.340590746132097,-1.10666738496778],[-0.128304577708603,-1.2326760543527],[0.00261688346602723,-1.22798712016412],[-0.0474537669047814,-1.18970669665041],[-0.0235111100860857,-1.28492397136716],[0.0191704837194291,-0.941565200707983],[-0.12945494341126,-1.22772357762722],[-0.459566880779535,-1.03015592309518],[-0.00908365546374817,-1.24069960954104],[-0.00852188182090835,-1.21384605864487],[-0.111421018827691,-1.22816853452832],[-0.312459550461243,-1.13227378335965],[-0.0866684341450717,-1.07814866978838],[-0.0989399203053765,-1.20854793326168],[-0.307746000137981,-1.13535710721763],[-0.0715913901943394,-1.26717725897702],[-0.0777091447358675,-1.2565322421641],[-0.154835687130471,-1.20598322787082],[-0.0772772550819079,-1.20006839210849],[-0.118721314526456,-1.20273528175324],[-0.0889259442138077,-1.19520101970645],[-0.00521933575976835,-1.29779321132573],[-0.0536761063409047,-1.26039749856289],[0.00671013612097743,-1.30192538624246],[-0.412288309926233,-0.863612929962509],[0.00700240033019472,-1.2873423910752],[-0.101539048929465,-1.2243194444701],[-0.0109831360200638,-1.2941789667322],[-0.0611544191504796,-1.26062783616101],[0.00283391784223075,-1.24000110158667]],"d":[[0.147920566821275,0.0388569461296989],[0.783887006086705,0.554676557995445]],"df":[0.921536023642238,0.625756712305466],"lambda":[[0,0],[0,0],[5.04779537747887,0],[6.21724893790088e-15,0],[10.0955907549577,0],[-8.88178419700125e-15,0],[-8.88178419700125e-15,0],[3.94502606698369e-15,0],[7.38323500987455e-16,0],[7.38323500987455e-16,0],[7.38323500987455e-16,0],[7.38323500987455e-16,0],[7.38323500987455e-16,0],[7.38323500987455e-16,0],[7.38323500987455e-16,0],[7.38323500987455e-16,0],[7.38323500987455e-16,0],[7.38323500987455e-16,0],[7.38323500987455e-16,0],[7.38323500987455e-16,0],[7.38323500987455e-16,0],[7.38323500987455e-16,0],[7.38323500987455e-16,0],[7.38323500987455e-16,0],[7.38323500987455e-16,0],[7.38323500987455e-16,0],[7.38323500987455e-16,0],[7.38323500987455e-16,0],[7.38323500987455e-16,0],[7.38323500987455e-16,0],[7.38323500987455e-16,0],[7.38323500987455e-16,0],[7.38323500987455e-16,0],[7.38323500987455e-16,0],[7.38323500987455e-16,0],[7.38323500987455e-16,0],[7.38323500987455e-16,0],[7.38323500987455e-16,0],[-6.33521405116043e-17,0],[-6.33521405116043e-17,0],[-6.33521405116043e-17,0],[-6.33521405116043e-17,0],[-6.33521405116043e-17,0],[-6.33521405116043e-17,0],[-6.33521405116043e-17,0],[-6.33521405116043e-17,0]],