{"prog":[1.27790716685772,1.27790716685772,0.999272604612464,0.999272604612464,0.999272604612464,0.999272604612464,0.999272604612464,0.999272604612464,0.953548612967701,0.953548612967701,0.941542259509696,0.941542259509696,0.85596966109682,0.85596966109682,0.85596966109682,0.85596966109682,0.773464188529574,0.773464188529574,0.773464188529574,0.773464188529574,0.773464188529574,0.721049092264074,0.721049092264074,0.721049092264074,0.721049092264074,0.721049092264074,0.721049092264074,0.721049092264074,0.6340207486316,0.6340207486316,0.6340207486316,0.6340207486316,0.6340207486316,0.6340207486316,0.6340207486316,0.616920238543206,0.616920238543206,0.603039572224435,0.603039572224435,0.603039572224435,0.603039572224435,0.603039572224435,0.603039572224435,0.603039572224435,0.603039572224435,0.603039572224435,0.603039572224435,0.603039572224435,0.603039572224435,0.603039572224435],"mei":["Inf",0.161797600158366,0.133233204107268,0.139592277624468,0.168077578170819,0.221272298105431,0.328142841518148,0.152175662314878,0.378483963860934,0.295637112945956,0.237410997688904,0.208432952214895,0.355441237956318,0.19464605924699,0.2146394232919,0.17655377711103,0.110712760915085,0.0862568286928211,0.253672010987627,0.135680068261243,0.1567278367194,0.215237056811977,0.384069174920722,0.106917811158944,0.198907481167201,0.147024954774354,0.1470352762099,0.167871060635917,0.143419399068393,0.141953211942088,6.04860312946461e-05,0.198500785045342,0.000565936598907846,0.179857854050575,0.0432999670451984,0.0410160898901513,0.137560915530265,0.175088340319409,0.135477354278097,0.175847820849616,0.180728045608067,0.156731308986236,0.0564740635858334,0.12275380859965,0.166997609151502,0.181724139336994],"obj":[1.27790716685772,0.563619048852385,0.999272604612464,1.03799988815514,1.52747345989278,0.113663220998597,1.22904075408099,1.05231813875197,0.953548612967701,1.0884922458065,0.941542259509696,1.18783843764209,0.85596966109682,0.859742390291838,0.715911753223257,1.02585347201113,0.773464188529574,0.889884275552635,0.867824568443695,0.341545926009199,0.455337746585077,0.721049092264074,0.550970374046464,0.823653692600469,0.793461913492871,0.797156969476904,0.608083605140398,0.745006759317227,0.6340207486316,0.721404142667246,0.710890776260227,0.696259275706545,0.725362708198986,0.680717014777093,0.388532975991913,0.616920238543206,0.903913826766278,0.603039572224435,0.779168753182585,0.79652789552266,0.668132813839295,0.611190141803263,0.639821902634968,0.614372321196199,0.610194892787368,0.648908481954181,0.756451259885108,0.676842890973244,0.624359831949,0.618255669936132],"X":[[0.46401034434885,0.813896822508866],[0.261637617475734,0.30198143137665],[0.162053204281734,0.837219400330731],[0.684339788314965,0.353660099840178],[0.840381877827547,0.687091582065237],[0.0867162452591699,0.0269469757394276],[0.418422832450728,0.810617921630264],[0.272118747879779,0.780199390872195],[0.0315393637939215,0.922009249173779],[0.226905463851733,0.861586781954762],[0.166479334083455,0.775062925426241],[0.411297824678779,0.776540612963309],[0.0597474375842984,0.796222223512522],[0.0372419553629486,0.82250043492889],[0.0163689308217033,0.699542822401554],[0.178181817054442,0.847671654956688],[0.0194154368923054,0.754048751637269],[0.0254117073679732,0.864472568184661],[0.0932467969743693,0.774577771469325],[0.0150074673385842,0.326538458670615],[0.0462262811734691,0.409111465411608],[0.282431618916014,0.438617473348061],[0.177855651492523,0.373114722553941],[0.397061766072191,0.426591926528279],[0.354027528556536,0.439434384936335],[0.0521388204191203,0.745018149057784],[0.188658855571703,0.419424749568695],[0.262746540383477,0.482260218933751],[0.227273383118332,0.406747365513268],[0.27801440661106,0.443389736056186],[0.279851561702693,0.431039214557534],[0.266908112764512,0.429351162942034],[0.250811503764614,0.474551204434372],[0.282440381745061,0.398276633032032],[0.387552783655298,0.000980192336615085],[0.219673316259016,0.397246922284189],[0.363493592147648,0.54042023461863],[0.204232992677048,0.398806579547387],[0.296101833255173,0.483066919927411],[0.321117059303475,0.475410836219185],[0.25481140793771,0.413321405901586],[0.213259913315869,0.397930228487395],[0.203182770582224,0.436639132052744],[0.206539272610033,0.407833048586166],[0.209392657787656,0.400802234999712],[0.224954279603011,0.42395420235117],[0.00400902817436169,0.752442231710746],[0.28216633836828,0.394676552604964],[0.231732307350505,0.392627524598496],[0.224577668785252,0.39367800115088]],"C":[[-0.330522685458771,-0.622266362647233],[0.523769064268569,-1.34035297222533],[-0.737608771291723,-0.772802434691875],[0.607146103287435,-0.906603587910063],[-1.14956627845028,-0.321663457274136],[1.5030259956812,-1.49175415330665],[-0.373717582327271,-0.667820918415741],[-0.289687871131773,-0.817240297534997],[-0.792555885188993,-0.648904212969478],[-0.890761640374051,-0.706182127635067],[-0.286777366868303,-0.871562092952847],[-0.131174733771214,-0.727818775833072],[-0.417113688621521,-0.862460414486886],[-0.574636453540362,-0.822106071302531],[0.381434842314436,-1.01037189773022],[-0.80163179259218,-0.749704005454167],[-0.0517582332022917,-0.931033520964557],[-0.749716276893507,-0.752041423984861],[-0.268148250151756,-0.891334310799634],[0.422206445817573,-1.3931474109331],[0.17803920279518,-1.33049093979764],[-0.137593244478454,-1.22784709271024],[0.0882343993403461,-1.32915277104567],[-0.221242986693077,-1.16036128214452],[-0.232773090758404,-1.18156193035978],[-0.00237509286054825,-0.942229500979817],[0.000224995550424323,-1.28849071566361],[-0.0325159095390016,-1.19838933675048],[-0.0393848160163973,-1.28290338997396],[-0.130272459071232,-1.22611353167673],[-0.130722332918963,-1.23588829892619],[-0.111822971577969,-1.24441763822081],[-0.0277421134466491,-1.21189474394922],[-0.0681418041564442,-1.26160315434037],[0.709259030101701,-1.34980187910401],[-0.0140274476225317,-1.29393851685951],[-0.102683169393838,-1.07581837848234],[-0.00150239217552145,-1.29924219681189],[-0.108025509447763,-1.17897005521477],[-0.180642015665759,-1.17086837102966],[-0.0801005552893824,-1.26423656180834],[-0.00911894011787823,-1.29617174262848],[-0.0115606115477468,-1.26806303009876],[-0.0169899783172193,-1.29101373335063],[-0.0104030464315243,-1.29551228328386],[-0.0509399065885271,-1.26965840639707],[-0.0241856083230778,-0.933814615631249],[-0.0556035196789846,-1.2646125763157],[-0.0136333637663832,-1.29214376465767],[-0.0102462913265375,-1.29458250209283]],"d":[[0.162474275028537,0.0511241613168551],[0.802359758853777,0.778595585177037]],"df":[0.874706378107565,1.04745973680006],"lambda":[[0,0],[0,0],[0,0],[0,0],[0,0],[0,0],[0,0],[0,0],[0,0],[0,0],[0,0],[0,0],[0,0],[0,0],[0,0],[0,0],[0,0],[1.29702972802282,0],[0,0],[1.28558920936444,0],[0,0],[2.57117841872889,0],[0,0],[0.0131128835893037,0],[0.0393386507679111,0],[0.0917901851251259,0],[0.196693253839555,0],[0.406499391268415,0],[0.826111666126133,0],[1.66533621584157,0],[3.34378531527244,0],[6.70068351413419,0],[13.4144799118577,0],[26.8420727073047,0],[-1.06581410364015e-14,0],[-1.06581410364015e-14,0],[-1.06581410364015e-14,0],[-1.06581410364015e-14,0],[-1.06581410364015e-14,0],[-1.06581410364015e-14,0],[-1.06581410364015e-14,0],[-1.06581410364015e-14,0],[-1.06581410364015e-14,0],[-1.06581410364015e-14,0],[-1.06581410364015e-14,0],[-1.06581410364015e-14,0]],