{"prog":[1.0433075032484,1.0433075032484,1.0433075032484,1.0433075032484,1.03483473900585,1.03483473900585,1.03483473900585,1.03483473900585,0.750401667442214,0.750401667442214,0.750401667442214,0.627806312880589,0.627806312880589,0.627806312880589,0.627806312880589,0.627806312880589,0.627806312880589,0.627806312880589,0.627806312880589,0.627806312880589,0.627806312880589,0.62426939286772,0.62426939286772,0.62426939286772,0.62426939286772,0.62426939286772,0.62426939286772,0.62426939286772,0.62426939286772,0.62426939286772,0.621815743587823,0.621815743587823,0.621815743587823,0.621815743587823,0.621815743587823,0.621815743587823,0.614173296965636,0.614173296965636,0.614173296965636,0.614173296965636,0.614173296965636,0.614173296965636,0.612114141366644,0.612114141366644,0.612114141366644,0.612114141366644,0.612114141366644,0.601361773989946,0.601361773989946,0.601361773989946],"mei":["Inf",0.458678420299708,0.267873452670153,0.348329298231393,0.0799772900398813,0.109556268636373,0.0019443330281928,0.137172726869311,0.168916954044429,0.0973657553399912,0.0562177727371393,0.209608695042711,0.151556728760434,0.0397061963990482,0.0297518749452275,0.102856892024005,0.110989085588588,0.195497319197978,0.13970985672808,3.88824561551274e-05,0.0863695757943143,0.0862986351972605,0.00534826509800627,0.110405646883002,0.194156719162536,0.106795226011988,0.194215130136416,0.166170443300244,0.151302473373383,"Inf",0.193299332240586,0.00729254027777063,0.193302322591903,0.150804460334167,0.0636556168998645,0.169675220388534,0.0848385745067473,0.169672941652192,0.190878051100139,"Inf",0.147963074413883,0.162306542139908,0.186150726241466,0.192902986015199,0.186142279860719,0.167266250691619],"obj":[1.0433075032484,0.117499392139143,1.39524634149281,1.2673320309602,1.03483473900585,0.898139568099629,1.11790501781424,0.418504710202921,0.750401667442214,0.550154474109913,0.275694211776297,0.627806312880589,0.532524300415406,0.500487410380352,0.774073848975995,0.56218090759641,0.679236297845553,0.837797967291235,0.717526152480406,0.739181422497887,0.752284905615994,0.62426939286772,0.690219599762476,0.38713565661156,0.773524539101292,0.771645001852731,0.594137017227448,0.578565519315555,0.609417190250789,0.719024042199759,0.621815743587823,0.631458395749408,0.668323185570416,0.921279367869744,0.622207328603186,0.855586527547961,0.614173296965636,0.585172716725082,0.774694425311877,0.623592853828122,0.759233494086649,0.647221717069254,0.612114141366644,0.860342233922539,0.657205111672451,0.586289644488181,0.591671711482903,0.601361773989946,0.612042334780753,0.636226706064825],"X":[[0.543962032036847,0.499345471211557],[0.0205297895242762,0.0969696026148669],[0.87246125095814,0.522785090534665],[0.387335303227262,0.879996727732941],[0.798470877119915,0.236363861885938],[0.798191149245216,0.0999484188544133],[0.962949259297811,0.154955758516434],[0.0203918386589251,0.398112871543996],[0.29144180534053,0.458959862101684],[0.448917534795803,0.101236939314109],[0.272664365697299,0.00302984607899834],[0.214073548453722,0.413732764426867],[0.105889692264548,0.426634608150858],[0.139806808204611,0.360680602175741],[0.528529805207748,0.245544043768246],[0.187227590285993,0.374953317310417],[0.288049887385012,0.391186410460541],[0.38019635641952,0.457601610871715],[0.684177042389477,0.0333491100909291],[0.250936247909194,0.488245174588693],[0.287552869801527,0.464732035814467],[0.195933240945351,0.428336151922369],[0.247220042796219,0.442999556966257],[0.386129859847202,0.00100579676435774],[0.28253834636941,0.490986192731882],[0.338723920095916,0.432921081756814],[0.00429378572468484,0.589843231502763],[0.206262767212427,0.372302752103128],[0.222253266870055,0.387163923380734],[0.293705235847048,0.425318806352711],[0.214761458845461,0.407054284742362],[0.191290970598648,0.44016742515076],[0.247217285257441,0.421105900312975],[0.439395496361091,0.481883871508653],[0.214888261389793,0.407319067213393],[0.440002673272199,0.415583854275762],[0.198148706900406,0.41602459006523],[0.185381163744602,0.39979155298048],[0.369569255363944,0.405125169947934],[0.190017870911983,0.433574982916139],[0.340842284176286,0.418391209910363],[0.255083770740165,0.39213794632909],[0.209122087378121,0.402992053988523],[0.377240461819078,0.483101772103461],[0.233919693716007,0.423285417956444],[0.181723901605453,0.404565742882728],[0.191455636702054,0.400216074780849],[0.191533152646024,0.409828621343922],[0.20585975262796,0.406182582152793],[0.231255988946011,0.404970717118813]],"C":[[-0.520822316308598,-0.954759408082853],[1.75437361616363,-1.4901754239108],[0.0703471005460302,-0.465507114691219],[-0.965955583691449,-0.575577122053161],[-0.201294329169711,-0.806576383185718],[0.309735495931774,-0.852901202835104],[0.563319482971219,-0.548717436920394],[0.203951661650025,-1.3410903144271],[-0.142925990581361,-1.20441751907946],[0.851583423473855,-1.28822412907117],[1.01327029150549,-1.42564496371163],[-0.0316924297520248,-1.28299771549213],[0.122174236284359,-1.30677028420008],[0.161572432329678,-1.35036355959378],[0.966007390256628,-1.160364367577],[0.0750087126860925,-1.32435583927361],[-0.045365187171545,-1.26400045464848],[-0.291195250977191,-1.14605149629293],[0.45880169144815,-1.03078961152333],[0.0140653147780955,-1.19864764897611],[-0.127392873799829,-1.20133748195665],[-0.00729009577330436,-1.27813830604899],[-0.0788914994843331,-1.24263364296754],[0.712800995143146,-1.35090271970725],[-0.0529264604539105,-1.17910464137749],[-0.204553961206238,-1.19784544292536],[0.767988237444904,-1.15206652565453],[0.0716424039047847,-1.31884633163831],[0.00960850909212196,-1.30070758179803],[-0.142304816735528,-1.23284114739873],[-0.0256806151388289,-1.28818432506745],[0.0126264835703463,-1.26966040240358],[-0.0799162393289728,-1.26155343459154],[-0.398940439373174,-1.07471953215742],[-0.0261664585721627,-1.28791421260128],[-0.151506678622093,-1.13368770757862],[-0.012238503592486,-1.28766063041475],[0.0173193457400349,-1.30580053829415],[-0.123408820485862,-1.1992921621644],[0.00626704101251219,-1.27590594292335],[-0.16912321169199,-1.20877533278723],[-0.0300310764978546,-1.28116010095378],[-0.0136253710761428,-1.29386535699273],[-0.290515090646839,-1.12430231175702],[-0.0633020829633789,-1.26611103183725],[0.0158568890905172,-1.30330298327104],[0.00998432150656603,-1.30317183266202],[-0.00049875848201969,-1.29535555256482],[-0.0142874135340197,-1.29263747220364],[-0.040785337360917,-1.28251938585288]],"d":[[0.0903258174657837,0.0449989015158354],[0.762423320316361,0.735863440456285]],"df":[1.09110984764149,0.833407097562371],"lambda":[[0,0],[0,0],[0.208280110268729,0],[0,0],[0.274292582774012,0],[0.822877748322036,0],[0.0539987152231479,0],[1.1511690463192,0],[0.810186351077075,0],[0.469203655834955,0],[0.128220960592835,0],[0,0],[0.807027836567551,0],[0.125062446083311,0],[2.77555756156289e-17,0],[1.6140556731351,0],[0.250124892166621,0],[5.55111512312578e-17,0],[1.81829507135578e-17,0],[1.81829507135578e-17,0],[1.81829507135578e-17,0],[1.81829507135578e-17,0],[1.81829507135578e-17,0],[1.81829507135578e-17,0],[1.81829507135578e-17,0],[0.41351645842564,0],[1.24054937527692,0],[0,0],[1.65406583370256,0],[0,0],[0,0],[0,0],[0,0],[0,0],[0,0],[0,0],[0,0],[0,0],[0,0],[0,0],[0,0],[0,0],[0,0],[3.43752083041749,0],[3.0940838386975,0],[2.75064684697752,0]],