{"prog":[1.1127928668756,1.1127928668756,1.1127928668756,1.1127928668756,1.1127928668756,1.1127928668756,1.1127928668756,0.917820077632279,0.917820077632279,0.917820077632279,0.917820077632279,0.917820077632279,0.917820077632279,0.838058799068391,0.699995844151513,0.699995844151513,0.699995844151513,0.699995844151513,0.699995844151513,0.699995844151513,0.629859096107062,0.629859096107062,0.629859096107062,0.629859096107062,0.629859096107062,0.629859096107062,0.629859096107062,0.629859096107062,0.629859096107062,0.629859096107062,0.629859096107062,0.629859096107062,0.629859096107062,0.629859096107062,0.629859096107062,0.629859096107062,0.629859096107062,0.629859096107062,0.629859096107062,0.629859096107062,0.629859096107062,0.629859096107062,0.629859096107062,0.629859096107062,0.614549998425024,0.614549998425024,0.614549998425024,0.614549998425024,0.614549998425024,0.614549998425024],"mei":["Inf",0.138145539728083,0.169909452534622,0.147608959182328,0.290843900965627,0.365753874274043,0.264482462953105,0.251639308050485,0.249941279714861,0.444469323826934,0.303138648827786,0.187701596128115,0.256974020428496,0.231941194581391,0.167857481272034,0.112808959229629,0.335036510635406,0.0526202572284994,0.119900327678036,0.164432377387103,0.301872494280426,0.145120211623946,0.25278151278496,0.00350298128321717,0.218415887958269,0.127164834113727,0.24117698431829,0.218831895801795,0.239278439642115,0.239236365672752,0.00878033674317361,0.00738638299091226,0.063153999921661,0.064909176683235,0.0869444181366985,0.195715665165835,0.260974122202762,0.23923658555971,0.173985829525547,0.027595614525715,0.282731180792338,0.233465916281706,0.234024340507884,0.127305113335296,0.212193483106936,0.241643956673066],"obj":[1.1127928668756,1.21175036558689,1.34260109512196,0.535113821959848,1.73279595915992,0.624308720027168,1.24242920570531,0.917820077632279,1.06004631877723,0.837162858139994,1.14037683761814,1.12370230093529,1.15286109284833,0.838058799068391,0.699995844151513,0.502151225286571,0.658874855009741,0.498156087912397,1.08632464737092,0.657175522450631,0.629859096107062,0.13330031209554,0.900353128917638,0.79285245518771,0.59362423674055,0.812853939796639,0.638771075136604,0.822316148443288,0.726081090827186,0.851455552748278,0.720092613214889,0.725199856687733,0.681007634012094,0.702110074267885,0.88626857658728,1.09023921905867,1.00884158048053,0.98292249505084,0.958413785194418,0.778406139120554,0.65078671238341,0.692518958073984,0.803962788580172,0.859351164750307,0.614549998425024,0.661470557266541,0.654098696643797,0.864940126860733,0.714082070364931,0.617333089052079],"X":[[0.894125840234134,0.218667026641468],[0.235270966369489,0.976479399217404],[0.716248138662485,0.626352956459474],[0.527186462270838,0.00792735968901016],[0.915441157406997,0.81735480175292],[0.473596848657726,0.150711871369442],[0.698362463050407,0.544066742654905],[0.464101872864203,0.453718204768076],[0.50408824976991,0.555958069007317],[0.470518544914787,0.366644313225207],[0.562811320461141,0.577565517157003],[0.628657563832897,0.495044737102397],[0.67636623734667,0.476494855501661],[0.443587792092838,0.394471006975552],[0.301874554926035,0.398121289225479],[0.129582677881602,0.372568547404969],[0.289951028095903,0.368923826913838],[0.0743189505215752,0.423837137390821],[0.515678750985816,0.570645896385109],[0.166938013901687,0.490237508548945],[0.197906537692773,0.43195255841429],[0.0420986966708989,0.0912016154246409],[0.495697376464059,0.404655752453579],[0.308606963152673,0.484245492035037],[0.186812712807863,0.406811523932687],[0.345648841771108,0.467205098025531],[0.230938315177986,0.407832759958618],[0.0883131858715851,0.734002962571702],[0.254435285696074,0.471645805131112],[0.392916899948905,0.458538652799373],[0.321941297028005,0.398151316186884],[0.292987769967117,0.432212086720616],[0.228074585444086,0.452933048568008],[0.277539444795839,0.424570629472046],[0.092212423796815,0.794056152790465],[0.556232664805426,0.534006554253246],[0.507186634288383,0.50165494619215],[0.438940273552984,0.543982221497856],[0.513467005173563,0.444946780020854],[0.345061373441727,0.433344765678827],[0.248768679037824,0.402018033345586],[0.308625540357717,0.383893417716268],[0.407787794098555,0.396174994481617],[0.113649997034706,0.745701167715601],[0.224215853142292,0.390334145282732],[0.210797305713371,0.45067325155317],[0.205094079024532,0.449004617619265],[0.353191607146452,0.511748519714281],[0.28205793019185,0.432024140173081],[0.231171941820339,0.386161147231739]],"C":[[-0.212422935260182,-0.652723713285383],[-0.988172576790554,-0.491135555287584],[-0.967906236316445,-0.594670577797001],[0.458396183197423,-1.22201159096672],[-1.52880104330056,0.00610138462321785],[0.957915758908338,-1.25299195676979],[-0.581463534639131,-0.71628124973905],[-0.338754084994636,-1.07874924226597],[-0.505607619172602,-0.936805661949564],[0.258839801068414,-1.14418424647089],[-0.642820616145516,-0.84966149095195],[-0.399474613613035,-0.859720375702906],[-0.115278522567814,-0.81548136565796],[-0.00617907808639212,-1.14762249536189],[-0.0783640612138459,-1.25037119215365],[0.129901153316997,-1.34440100707758],[0.0608345251655312,-1.27982361124138],[0.159502087565063,-1.31483877456173],[-0.509707239457954,-0.908438686720545],[0.205887278696474,-1.23179888472628],[-0.00768782172984095,-1.27424998961781],[1.72875199018521,-1.48990996508255],[0.000473987531720427,-1.09053783297288],[-0.134511419944855,-1.17026804573743],[0.00768528929150147,-1.29960539432893],[-0.239014825821264,-1.16224627456125],[-0.0451033872716052,-1.28033993448729],[0.0673967424280983,-0.953440432137175],[-0.0432971226261366,-1.21281291989498],[-0.308404780016234,-1.13535861362348],[-0.0861394343442082,-1.23782933068658],[-0.149370615701552,-1.22735087874231],[-0.0312258471871503,-1.2428336369894],[-0.12186232595588,-1.24271163717213],[-0.420124899128092,-0.860971695113122],[-0.623512881329684,-0.90544222261803],[-0.510344224252359,-0.991104032960173],[-0.332623239800312,-1.01141477894749],[-0.259669233857307,-1.03837399754717],[-0.211695102814268,-1.19314496261727],[-0.0521967120046172,-1.27649564519472],[-0.0183497340552732,-1.25737611967303],[-0.0560360655484361,-1.17675448873173],[-0.03766979873721,-0.9310134466416],[-0.00109570522367541,-1.29736650622607],[-0.00351328741976065,-1.25245811623848],[0.00364700354491992,-1.25633127210566],[-0.173742284093675,-1.11336914121155],[-0.134410513671346,-1.2337984663236],[0.00603249525066307,-1.29743910168368]],"d":[[0.130069606813721,0.0536439615774672],[0.727041821730669,0.707289904828251]],"df":[1.13317340257384,1.05237184021168],"lambda":[[0,0],[0,0],[0,0],[0,0],[0,0],[0,0],[0,0],[0,0],[0,0],[0,0],[0,0],[0,0],[1.37586350163929,0],[0,0],[2.75172700327859,0],[0,0],[0,0],[0,0],[0,0],[0,0],[0,0],[0.325598619125812,0],[0.976795857377436,0],[2.27919033388068,0],[4.88397928688718,0],[0,0],[5.20957790601299,0],[0,0],[0,0],[0,0],[0,0],[0,0],[0,0],[0,0],[0,0],[0,0],[0,0],[0,0],[0,0],[0,0],[0,0],[0,0],[0,0],[0,0],[0,0],[0,0]],"rho":[0.0944142737722344,0.0944142737722344,0.0944142737722344,0.0944142737722344,0.0944142737722344,0.0944142737722344,0.0944142737722344,0.0944142737722344,0.0944142737722344,0.0944142737722344,0.0944142737722344,0.0944142737722344,0.0472071368861172,0.0472071368861172,0.0236035684430586,0.0236035684430586,0.0236035684430586,0.0236035684430586,0.0236035684430586,0.0236035684430586,0.0236035684430586,0.0118017842215293,0.00590089211076465,0.00295044605538233,0.00147522302769116,0.00147522302769116,0.000737611513845582,0.000737611513845582,0.000737611513845582,0.000737611513845582,0.000737611513845582,0.000737611513845582,0.000737611513845582,0.000737611513845582,0.000737611513845582,0.000737611513845582,0.000737611513845582,0.000737611513845582,0.000737611513845582,0.000737611513845582,0.000737611513845582,0.000737611513845582,0.000737611513845582,0.000737611513845582,0.000737611513845582,0.000737611513845582]}
