{"prog":[1.04615181053201,1.04615181053201,1.04615181053201,1.04615181053201,1.04615181053201,1.04615181053201,1.04615181053201,0.979477902141977,0.979477902141977,0.979477902141977,0.806348693469663,0.698780111005867,0.690853149862621,0.690853149862621,0.690853149862621,0.690853149862621,0.690853149862621,0.690853149862621,0.690853149862621,0.653183498786106,0.653183498786106,0.653183498786106,0.653183498786106,0.653183498786106,0.626361415587915,0.626361415587915,0.626361415587915,0.626361415587915,0.626361415587915,0.626361415587915,0.626361415587915,0.626361415587915,0.624360050925674,0.624360050925674,0.624360050925674,0.624360050925674,0.624360050925674,0.624360050925674,0.624360050925674,0.624360050925674,0.624360050925674,0.611925937055748,0.611925937055748,0.611925937055748,0.611925937055748,0.611925937055748,0.611925937055748,0.611925937055748,0.611925937055748,0.611925937055748],"mei":["Inf",0.0387441588490368,0.378952606900449,0.173230846081967,0.0573392511813998,0.131077438910227,0.200537973708099,0.175057583383892,0.246717684082507,0.00563538566917956,0.223767603673346,0.000746374218468551,0.0133849814443838,0.10331177636035,0.0943378684669002,0.259908627775595,0.0675913406477619,0.00591837372018607,0.157923009601392,0.00157795054474643,0.247082945036107,0.00654560778178727,0.0649163773216842,0.151441950521567,0.151393659907868,0.21633780693343,0.129777884508501,0.129775329007384,0.216325517242912,0.215626487508296,0.150920211816083,0.215647317663121,0.204652363426837,0.172475688322396,0.0384990282603775,0.0533063911178349,0.128361201165032,0.237113198843058,0.208855440969013,0.147883787391852,0.126758397222371,0.211270894092753,0.16900877570389,0.105636021557105,0.211275774109135,0.168986215716666],"obj":[1.04615181053201,1.5106714116248,0.791107254529164,0.433094190911645,0.162162168985736,0.829917296650024,0.828726837737522,0.979477902141977,0.693188974872819,0.784436475668204,0.806348693469663,0.698780111005867,0.690853149862621,0.894771335206241,0.717100854416013,0.170249501966813,0.98168761910006,0.901436839992929,0.876707456523864,0.653183498786106,0.914900647134974,0.565065310595212,0.765528560035084,0.805361379416511,0.626361415587915,0.688838016966338,0.861951536941107,0.723875089168253,0.746378674923707,0.638160559768205,0.771394277524092,0.773331879432565,0.624360050925674,0.633958626206763,0.731380023472,0.638272751663901,0.621710576784088,0.709116533300266,0.581718129450258,0.875235785293681,0.778536869331786,0.611925937055748,0.636273054004061,0.718088126681004,0.753166478261209,0.615890963819622,0.6913593421031,0.768259746167442,0.614649953670428,0.675524551283457],"X":[[0.467482244485869,0.578669566046137],[0.584162930674889,0.926508480949911],[0.719658424062575,0.0714488304665891],[0.00323932554648242,0.429854865365162],[0.151816062301354,0.0103461066843816],[0.29744401495689,0.532473281693134],[0.299365853727648,0.529360984009874],[0.415478196208244,0.563999705933733],[0.332757164025545,0.360431810847274],[0.398559485119432,0.385876990548772],[0.332209132646767,0.474139560822896],[0.292895176632538,0.405884934373328],[0.301268781730842,0.389584368131779],[0.514828074028443,0.379943261177798],[0.283843088045369,0.433257766370644],[0.039387382314165,0.130862119652648],[0.393807524632974,0.587880094467087],[0.379597935396567,0.521838904596362],[0.473914856140212,0.402792600383652],[0.255828027987347,0.39735547079876],[0.384002141754986,0.530898505379988],[0.563354453679363,0.00171085691584992],[0.305529683332599,0.459998876702486],[0.0434452147266001,0.761916164689911],[0.202818016978637,0.423543398609279],[0.0165233545294534,0.672314662436885],[0.452320466164816,0.409631070776291],[0.322270933763387,0.401604155404867],[0.341120843854994,0.405257831068713],[0.208790166512781,0.429370393255424],[0.377096064837063,0.394298212687029],[0.309161146294305,0.46417073313826],[0.234220961431446,0.390139089494228],[0.24443533271764,0.389523293489123],[0.339579283079434,0.391800740392566],[0.203092022059145,0.435180729604756],[0.236616434251001,0.385094142533087],[0.27754299268829,0.431573540611976],[0.178337591282087,0.403380538168171],[0.41503145827214,0.46020432702154],[0.370214001702524,0.408322867629262],[0.206248655509262,0.405677281546487],[0.249629545086356,0.386643508917704],[0.25023215767319,0.467855969007813],[0.346056754300229,0.40710972396098],[0.2274091935173,0.388481770302322],[0.281305429531724,0.410053912571376],[0.284549735416941,0.483710010750501],[0.194067416529272,0.420582537141156],[0.244302087420202,0.431222463863255]],"C":[[-0.312385067698576,-0.94660188442243],[-0.974124723911879,-0.300335705153213],[0.283914042241176,-0.976986817300728],[0.251192725713759,-1.3152143014919],[1.32009070579109,-1.47684484130379],[0.063967997517833,-1.12799926224927],[0.0454520124842036,-1.13015703423001],[-0.18183457142051,-1.00928220018221],[0.127337423858747,-1.25936157951903],[0.00399768915142334,-1.19224928498636],[-0.206123673743499,-1.16482876904875],[-0.0989825537809146,-1.24946983555415],[-0.0434588500054119,-1.25746114126178],[0.241497651485224,-1.09059517247774],[-0.137658222532319,-1.23172080924839],[1.69786734683102,-1.48132373975445],[-0.00479525090659379,-0.999312628071819],[-0.218226659175933,-1.08358956509233],[-0.0230974377394979,-1.11316283020578],[-0.0463007962850603,-1.2766606499224],[-0.202104083836264,-1.07068913211288],[0.473042187332696,-1.18262883248824],[-0.168654404626753,-1.19505264603513],[-0.136001056398585,-0.917596271301577],[-0.0193240721050481,-1.27947584148336],[0.553520885234516,-1.04771997342747],[-0.101456245764395,-1.12760858174311],[-0.100372275282223,-1.23485554761282],[-0.121168045909914,-1.21940266024514],[-0.0262240954028639,-1.27204773176325],[-0.0634408326170405,-1.20232747735622],[-0.171411763003358,-1.18896491611988],[-0.00854738283978229,-1.29293203207474],[-0.0142074913499114,-1.2885229719486],[-0.058716798553592,-1.23117809033109],[-0.0129393302534459,-1.2693713631566],[0.00579065122984324,-1.29571516442905],[-0.127870966578317,-1.23671416625327],[0.0210359396161323,-1.30547984496286],[-0.33540660884719,-1.11596086603515],[-0.138719742850767,-1.19621402871442],[-0.0141130131292668,-1.29288743533767],[-0.00795859592941539,-1.28819188723178],[-0.0437021377115809,-1.21849465952998],[-0.130143704657486,-1.21450639545961],[0.00166152311100043,-1.29736697284659],[-0.100609598940706,-1.25272304410088],[-0.0791915353950079,-1.1850560735739],[-0.00724520505246723,-1.28544816729356],[-0.0795230334663698,-1.25436367674184]],"d":[[0.14832458930107,0.0409582665762613],[0.813280517500286,0.675184346836725]],"df":[0.795132024622883,0.785125436925452],"lambda":[[0,0],[0,0],[2.12115959191049,0],[5.13550976679682,0],[-8.88178419700125e-16,0],[6.02870034977265,0],[7.08919772571807,0],[-8.88178419700125e-16,0],[-8.88178419700125e-16,0],[-8.88178419700125e-16,0],[-8.88178419700125e-16,0],[-8.88178419700125e-16,0],[-8.88178419700125e-16,0],[-8.88178419700125e-16,0],[-8.88178419700125e-16,0],[-8.88178419700125e-16,0],[-8.88178419700125e-16,0],[-8.88178419700125e-16,0],[-8.88178419700125e-16,0],[-8.88178419700125e-16,0],[-8.88178419700125e-16,0],[-8.88178419700125e-16,0],[-8.88178419700125e-16,0],[-8.88178419700125e-16,0],[-8.88178419700125e-16,0],[-8.88178419700125e-16,0],[-8.88178419700125e-16,0],[-8.88178419700125e-16,0],[-8.88178419700125e-16,0],[3.21881343674045e-17,0],[3.21881343674045e-17,0],[3.21881343674045e-17,0],[3.21881343674045e-17,0],[3.21881343674045e-17,0],[3.21881343674045e-17,0],[3.21881343674045e-17,0],[3.21881343674045e-17,0],[3.21881343674045e-17,0],[3.21881343674045e-17,0],[3.21881343674045e-17,0],[3.21881343674045e-17,0],[3.21881343674045e-17,0],[3.21881343674045e-17,0],[3.21881343674045e-17,0],[3.21881343674045e-17,0],[3.21881343674045e-17,0]],