{"prog":[1.33399407412717,1.33399407412717,1.33399407412717,1.33399407412717,1.33399407412717,1.33399407412717,0.862546473909097,0.862546473909097,0.862546473909097,0.862546473909097,0.862546473909097,0.862546473909097,0.862546473909097,0.862546473909097,0.807167475501502,0.807167475501502,0.807167475501502,0.807167475501502,0.807167475501502,0.625578948093015,0.625578948093015,0.625578948093015,0.625578948093015,0.625578948093015,0.625578948093015,0.625578948093015,0.625578948093015,0.614984905340738,0.614984905340738,0.614984905340738,0.614984905340738,0.614984905340738,0.614984905340738,0.614984905340738,0.614327032613977,0.614327032613977,0.614327032613977,0.614327032613977,0.614327032613977,0.614327032613977,0.609438715800115,0.609438715800115,0.609438715800115,0.609438715800115,0.609438715800115,0.609438715800115,0.609438715800115,0.609438715800115,0.609438715800115,0.609438715800115],"mei":["Inf",0.0671648571591786,0.0758682511587235,0.0208036100679753,0.132443977464224,0.137694856282788,0.0561012320161456,0.0588926802295909,0.0387534330082079,0.0714114214651502,0.296365201523936,0.0346506355684576,0.0469163920127236,0.0230605003998867,0.0862501369753144,0.370322432266874,0.0731395461802185,0.113648516231444,0.157095440520114,0.192621031976104,0.00360269541553519,0.0223318079358943,0.0463791727598743,0.237894592110797,0.118013708140617,0.216114405873652,0.193111888837336,0.220523362583846,0.212916784131514,0.0845060295524389,0.213435600358292,0.177782568001877,0.0477736899378241,0.212160689571676,0.196101302892301,0.0413047635603799,0.212116155530935,0.168506328706931,0.210393685404488,0.197152554588345,0.147305221655324,0.210425821837109,0.168348804725213,0.18932192081581,0.191347584982088,0.189357358244637],"obj":[1.33399407412717,0.772357823874885,0.754453834051838,1.51129027916847,1.07078229296272,0.521776809168152,0.862546473909097,0.627482337353863,0.912107421504566,0.820061594229206,0.167035874251052,0.901543706011697,0.553688130506206,0.451981658503941,0.807167475501502,0.499493994837276,0.764475882573767,1.03106450935669,0.648634909031178,0.625578948093015,0.583321202715435,0.746994164131348,0.666992076271141,0.682264910558533,0.833796767125324,0.816191234314429,0.803224624683796,0.614984905340738,0.766123592036371,0.590909549410201,0.667008075571538,0.605677122610953,0.632705063873643,0.812782252163808,0.614327032613977,0.674804823203355,0.821112156885784,0.630381539285419,0.63580300055848,0.866604093378783,0.609438715800115,0.667253666250394,0.609295470115922,0.603736183540284,0.708711467845738,0.603829537646765,0.689620867110057,0.662906440039027,0.635069025130745,0.642680717923371],"X":[[0.95635830125221,0.37763577287496],[0.700803628578038,0.0715541952968468],[0.398717079581394,0.355736754470444],[0.643373465254757,0.867916813913713],[0.332168972462455,0.738613320500267],[0.24844345533796,0.273333353830191],[0.400715049482782,0.461831424426315],[0.147298985806363,0.4801833515475],[0.407169935802218,0.504937485702347],[0.454917470192285,0.365144124036921],[0.159366606835298,0.00766926741575403],[0.322530562909288,0.579013143102409],[0.544480261143552,0.00920786936265385],[0.0537818848679798,0.398199773635961],[0.363128540159621,0.444038935341881],[0.0997704937122228,0.399723501125053],[0.748188213030523,0.0162876695432439],[0.440062029169783,0.591002480186911],[0.549931784374256,0.0987031246569223],[0.214296540178893,0.411282407914121],[0.215577314890823,0.367743887824612],[0.367637750227936,0.379356413903412],[0.209135061067267,0.457857015203874],[0.239240788755141,0.443024121803392],[0.0630634957233126,0.770733271402012],[0.687908398783458,0.128282835530971],[0.0488069248758066,0.75441769980799],[0.219010783901008,0.39597412143973],[0.276096284493923,0.490027307542449],[0.193704964926087,0.397204584484114],[0.250027648174406,0.416980427397133],[0.185791129550819,0.419885993060135],[0.237788481640284,0.394916582233359],[0.370431646859401,0.442350605304407],[0.204630047442538,0.409696985171439],[0.2227225769183,0.452082246285055],[0.0610035569674935,0.76010859991829],[0.196725572432291,0.433655966853128],[0.196527704230346,0.439275296328134],[0.435087266642388,0.431516826736395],[0.194223300323658,0.415215415476457],[0.269105710052078,0.398147956198315],[0.218804282367514,0.390491187748408],[0.211936942922529,0.391799240617754],[0.285003000414129,0.423708467431609],[0.210424780947782,0.393404756698983],[0.293666461403394,0.395954405706662],[0.223683006272946,0.439223433766081],[0.222017676545663,0.413051348585082],[0.204117587825776,0.438563130097595]],"C":[[-0.63269552971436,-0.442770022671119],[0.247949812641858,-1.00375427130728],[0.227856054185837,-1.21447605196892],[-0.429373008917739,-0.332790988331955],[0.0617060834184847,-0.844114136512807],[0.75212365169925,-1.36356472718367],[-0.322687636568855,-1.12613918453037],[0.204392765947731,-1.24772695767703],[-0.332189513893218,-1.07925077891141],[0.241737196787537,-1.15971986399516],[1.29371404645806,-1.47454346696311],[0.185853877644935,-1.06071781610409],[0.444845503271514,-1.20345646036685],[0.168384338687364,-1.33854444913632],[-0.250825168227475,-1.17096708722199],[0.116097156178368,-1.33026697123275],[0.804304174557973,-0.939949109703043],[-0.158632706681657,-0.957061478895893],[0.446161976692485,-1.18783272571791],[-0.0298723921041422,-1.28492377380772],[0.0851956556660528,-1.3182908542721],[0.023319841855473,-1.22093119583769],[0.0149453127781405,-1.24662947986099],[-0.0652280239165502,-1.24649347249615],[-0.221220761938676,-0.901993219861108],[0.0664615195959549,-1.01032554899131],[-0.0779103584003937,-0.928471818300589],[-0.0106016902598493,-1.2952387716851],[-0.0402367824112351,-1.18364407955135],[0.0123539914909288,-1.30470690462779],[-0.0794555964497532,-1.26361349831608],[0.004267017345847,-1.28917740901214],[-0.0248682802705025,-1.28749753107633],[-0.255070262680801,-1.16710633699186],[-0.0165675965055611,-1.2902749240251],[-0.0228119246262309,-1.24601629632473],[-0.132950998931908,-0.91851348236757],[-0.00427637391297558,-1.27324155156387],[0.00263566416133942,-1.26841407550578],[-0.241802621860251,-1.12449229864901],[-0.00675988342786843,-1.2898734683621],[-0.0586821299651299,-1.26906032179247],[0.00302720143559571,-1.29964131830847],[0.00572848665702541,-1.301576087276],[-0.129835111459776,-1.2392444243817],[0.00331620103894237,-1.30095410896969],[-0.0663040800560359,-1.25698011804829],[-0.0426636010867464,-1.25704868793543],[-0.0410426503067828,-1.28009673473331],[-0.010873783796459,-1.26599839125919]],"d":[[0.118111831954024,0.0445322713675541],[0.726243430618398,0.844630897013135]],"df":[0.867228308138121,1.04784341807055],"lambda":[[0,0],[2.54529435139557,0],[4.44089209850063e-15,0],[-1.38631081091097e-16,0],[-1.38631081091097e-16,0],[-1.38631081091097e-16,0],[-1.38631081091097e-16,0],[-1.38631081091097e-16,0],[-1.38631081091097e-16,0],[-1.38631081091097e-16,0],[-1.38631081091097e-16,0],[-1.38631081091097e-16,0],[-1.38631081091097e-16,0],[-1.38631081091097e-16,0],[-1.38631081091097e-16,0],[-1.38631081091097e-16,0],[-1.38631081091097e-16,0],[-1.38631081091097e-16,0],[-1.38631081091097e-16,0],[-1.38631081091097e-16,0],[-1.38631081091097e-16,0],[-1.38631081091097e-16,0],[-1.38631081091097e-16,0],[-1.38631081091097e-16,0],[4.47901827114393e-18,0],[4.47901827114393e-18,0],[2.03834325674479,0],[0,0],[1.40807058831257,0],[0,0],[2.81614117662514,0],[0,0],[0,0],[0,0],[0,0],[0,0],[0,0],[0,0],[0,0],[0,0],[0,0],[0,0],[0,0],[0,0],[0,0],[0,0]],