{"prog":[0.84889211899808,0.84889211899808,0.84889211899808,0.84889211899808,0.84889211899808,0.84889211899808,0.84889211899808,0.84889211899808,0.84889211899808,0.84889211899808,0.84889211899808,0.821342073475168,0.821342073475168,0.821342073475168,0.821342073475168,0.738373050463473,0.738373050463473,0.738373050463473,0.738373050463473,0.738373050463473,0.738373050463473,0.738373050463473,0.738373050463473,0.738373050463473,0.738373050463473,0.738373050463473,0.738373050463473,0.632145792664129,0.632145792664129,0.628864252595743,0.628864252595743,0.628864252595743,0.611733959096563,0.611733959096563,0.611733959096563,0.611733959096563,0.611733959096563,0.611733959096563,0.611733959096563,0.611733959096563,0.611733959096563,0.611733959096563,0.611422983048501,0.611422983048501,0.611422983048501,0.611422983048501,0.611422983048501,0.603157192811833,0.603157192811833,0.603157192811833],"mei":["Inf",0.0505512432850066,0.11026351925888,0.0225900097682786,0.0331444240388235,0.0371408082118872,0.0154152567656262,0.238267831310431,0.0796775770306675,0.0745792861021982,0.00859130540429863,0.107547023984773,0.0184370497606111,0.304326116128086,0.010087977659236,0.0955252595563551,0.0333213330562407,0.0679331667582832,0.044598835225017,0.09738033250909,0.00221664718121455,"Inf",0.00513715662953854,0.134315374781049,0.129601957089151,0.108815600818629,0.113604152025127,0.0294156331718132,0.128588946932581,0.114071532808802,0.0536281312059988,0.0776725458586522,0.115753978122276,0.0768581654499232,0.0776414376363537,"Inf",0.123722244925711,0.12069417422736,0.134056340580668,0.0990747239188705,0.13967978089719,0.113905677991403,0.142950168627199,0.143236771068043,0.114372563018441,0.13190253105824],"obj":[0.84889211899808,1.43394466638424,1.07160639568502,0.688867354511485,1.02508552687361,0.96709525254565,1.03582946211934,0.397333557489871,0.17974788366035,0.647249909780745,1.01612950952845,0.821342073475168,0.613153171510131,0.95273281273529,0.873380936031862,0.738373050463473,0.268777351738354,0.654549701679781,0.576841593744037,0.813848997166811,0.91189464050999,0.929890155363167,0.608881877310132,0.739013521029229,0.828226850002126,1.16930280506183,0.801522638542173,0.632145792664129,0.651425021812089,0.628864252595743,0.642890612976547,0.656704015284155,0.611733959096563,0.630849596698802,0.69773853908706,0.694995473454084,0.641137265532442,0.704028461514807,0.692502840682432,0.879229940835906,0.645224946461608,0.652511211627726,0.611422983048501,0.688007050839805,0.627409424591051,0.664255639156305,0.627473000397347,0.603157192811833,0.642711195594844,0.643552387731511],"X":[[0.0733079708864232,0.775584148111656],[0.96363935566592,0.470305310718321],[0.751587558028192,0.32001883765683],[0.637257828655945,0.0516095258555397],[0.387047351153346,0.638038175720265],[0.0842903948507637,0.882804857694886],[0.0504012829076236,0.985428179211715],[0.217491272218174,0.179842285271697],[0.02151461251374,0.15823327114661],[0.144841311975578,0.502408597805167],[0.459679594116465,0.556449915411987],[0.0703787706606972,0.750963302814471],[0.170636940697679,0.442516230812452],[0.37443672541732,0.578296087317969],[0.857348920231999,0.0160320157998626],[0.267928221878346,0.470444828585127],[0.236427685478966,0.0323496662593877],[0.204850994227549,0.449698707452232],[0.571564504176522,0.00527708956751512],[0.329532664788312,0.484316332378498],[0.0898638796713995,0.822030760838591],[0.37710061623097,0.552789539132197],[0.2166779759723,0.392203901337831],[0.273813080512836,0.465200440516393],[0.396709630851799,0.431517219150327],[0.522003919007723,0.647298886054104],[0.402770488823685,0.398752149718489],[0.205947144815719,0.42619864784841],[0.207723800569227,0.443701221242863],[0.217726340073718,0.411137912522025],[0.217703257515011,0.425187355461536],[0.26174596081674,0.394958054467415],[0.220114556680686,0.391619402415877],[0.236606390110988,0.394243206587814],[0.266870800769891,0.430867738317169],[0.25315570233903,0.441839771115054],[0.240488528022908,0.400648737509534],[0.258397046237762,0.445631415277045],[0.231148764286398,0.461354076396034],[0.413470762732548,0.465759178103357],[0.236494787440546,0.408730159021062],[0.211961177850732,0.440550033776994],[0.202457572808412,0.408965410240089],[0.243500314168812,0.444506736670993],[0.201982428722235,0.425426995868816],[0.250879525538718,0.413376113617587],[0.219177553121582,0.408295447275765],[0.19263817047296,0.410519022338873],[0.253773644304411,0.388937551290433],[0.229609392061273,0.413942995670238]],"C":[[-0.266366170271878,-0.893095170602432],[-0.366555831516945,-0.350212106921914],[0.335800474454227,-0.83270408616199],[0.286866933628808,-1.09123891665768],[0.19324117381288,-0.943101634288735],[-0.849186388091399,-0.713550712566213],[-0.620139478077196,-0.52639101429675],[1.38490551982913,-1.42035429893717],[1.61963479393574,-1.47449935335063],[0.299654886369494,-1.22660659519664],[-0.362404781656443,-0.979058162390915],[-0.0627977126852252,-0.931100946466271],[0.0510224096092803,-1.27506241993688],[0.020368694587551,-1.02537077405148],[1.08892765535009,-0.764695803446418],[-0.0752230483002709,-1.20689613117862],[1.2265089344481,-1.44305544863197],[0.00540576881162963,-1.25580714267978],[0.46042771966782,-1.17328616989114],[-0.183340059728182,-1.15684591302895],[-0.611022222025529,-0.816189911365532],[-0.0967301207647249,-1.05221885066424],[0.000465811155504203,-1.29922675450393],[-0.0984673194020647,-1.20861494708343],[-0.240461720012057,-1.1564143583662],[-0.247365276964839,-0.808516060653695],[-0.0759119452864361,-1.17877265642761],[-0.0232522612069989,-1.27594048611444],[-0.00998058560441073,-1.25998004894467],[-0.033909538462273,-1.28356085772514],[-0.0406300386183544,-1.27182100442298],[-0.0436137265392577,-1.27549718720744],[-0.00107134038273754,-1.2981838255887],[-0.0220746009969872,-1.28858971021801],[-0.112492604997842,-1.24313296777389],[-0.0897933903988826,-1.24068980703423],[-0.0413642775877662,-1.28164585702139],[-0.095882857901074,-1.23464360821378],[-0.0198893258296041,-1.23372266496163],[-0.343888868257337,-1.11211031637785],[-0.052643483806539,-1.27700987262007],[-0.0215454910795885,-1.26098812682322],[-0.0132415531032829,-1.29175822443968],[-0.0710886071558271,-1.24312135805379],[-0.0176586088000736,-1.2782149696735],[-0.0757501806390625,-1.26617965235589],[-0.0323753696788934,-1.28525602794152],[-0.00235779634005345,-1.29436466757477],[-0.0185389490066893,-1.28432651865266],[-0.0512579420683149,-1.2759307234128]],"d":[[0.121402228756868,0.0434510446564903],[0.732701411169788,0.723813947384897]],"df":[1.00324155882519,0.894846197296539],"lambda":[[0,0],[0,0],[0,0],[0,0],[0,0],[0,0],[0,0],[0,0],[0,0],[2.31976573133174,0],[0,0],[4.63953146266347,0],[0,0],[0,0],[0.983106626029628,0],[2.94931987808888,0],[6.88174638220739,0],[14.7465993904444,0],[-1.06581410364015e-14,0],[1.3554172941159,0],[4.06625188234771,0],[9.48792105881133,0],[20.3312594117386,0],[42.0179361175931,0],[1.49213974509621e-13,0],[43.3733534117092,0],[1.49213974509621e-13,0],[1.49213974509621e-13,0],[1.49213974509621e-13,0],[-1.23123726077816e-14,0],[-1.23123726077816e-14,0],[-1.23123726077816e-14,0],[-1.23123726077816e-14,0],[-1.23123726077816e-14,0],[-1.23123726077816e-14,0],[-1.23123726077816e-14,0],[-1.23123726077816e-14,0],[-1.23123726077816e-14,0],[-1.23123726077816e-14,0],[-1.23123726077816e-14,0],[-1.23123726077816e-14,0],[-1.23123726077816e-14,0],[-1.23123726077816e-14,0],[-1.23123726077816e-14,0],[-1.23123726077816e-14,0],[-1.23123726077816e-14,0]],