{"prog":[1.32028228072922,1.32028228072922,1.32028228072922,0.993418761294665,0.993418761294665,0.993418761294665,0.993418761294665,0.993418761294665,0.993418761294665,0.993418761294665,0.993418761294665,0.993418761294665,0.993418761294665,0.993418761294665,0.993418761294665,0.993418761294665,0.947206666037091,0.753614372800998,0.753614372800998,0.753614372800998,0.753614372800998,0.753614372800998,0.753614372800998,0.676431831197836,0.676431831197836,0.676431831197836,0.676431831197836,0.676431831197836,0.676431831197836,0.676431831197836,0.676431831197836,0.676431831197836,0.676431831197836,0.676431831197836,0.676431831197836,0.676431831197836,0.676431831197836,0.676431831197836,0.676431831197836,0.676431831197836,0.676431831197836,0.676431831197836,0.663484209041316,0.640724315160885,0.62078491531072,0.62078491531072,0.62078491531072,0.62078491531072,0.62078491531072,0.62078491531072],"mei":["Inf",0.115293961725341,0.0426287483020756,0.0669057013437387,0.215650136337671,0.143695253184617,0.150966251256812,0.159143780925431,0.183786541925968,0.213734868044494,0.164969724812667,0.196228296414634,0.323632631338718,0.203784915036608,0.117701980951134,0.230520641979891,0.144231676352445,0.0899742025034201,0.240889616345622,0.15989139388893,0.11535204269466,0.068788918934364,0.120084432654408,0.100654299309887,0.151271038565646,0.175862112601807,0.00604034881330873,0.257031998330723,0.229126537566048,0.236794697039147,0.179878079590991,0.214222070002716,0.138019021235926,0.161539152926509,0.116741119422106,0.28022257899206,0.186810260520438,0.140228595518737,0.303598081232072,0.297788590974622,0.287577699085685,0.00996696271458605,0.257185406483064,0.235779917026987,0.19288361236133,0.235723927006416],"obj":[1.32028228072922,1.73325422738987,0.684613905927309,0.993418761294665,0.4227905604762,0.989643157263359,0.692063345967807,1.01294370243278,0.911010299478117,0.38243169853986,0.675120318613826,0.678193769963659,1.00821751386763,0.401832913890509,0.908012457403357,0.95483667744378,0.947206666037091,0.753614372800998,0.554842353094345,0.410649429252522,0.892691596530317,0.636832029251914,0.697650612605715,0.676431831197836,0.624035342518248,0.560534582559072,0.398091826361539,0.770392938372105,0.644860685270705,0.84875609667089,0.988591225319439,0.742906894213033,0.757952801960919,0.781968222667976,0.893019121334859,0.667772554909137,0.96228926084259,0.924557536069238,0.985299928205916,0.697314872149684,0.868862043814185,0.930607236107354,0.663484209041316,0.640724315160885,0.62078491531072,0.942669876721378,0.656350483666315,0.692186806880757,0.773333158918473,0.691624338457273],"X":[[0.976902484124736,0.343379796604481],[0.865978581422469,0.867275645967404],[0.635732720809926,0.0488811851173828],[0.546821161361137,0.446597599933529],[0.150340209102803,0.272450351373397],[0.587110791996535,0.402532365266823],[0.0526675531829798,0.639395792784827],[0.219241609265851,0.793702093166928],[0.241245303876574,0.669764995601543],[0.194939010146758,0.187492688393102],[0.600251334943782,0.0748689836700438],[0.532396512986719,0.14579725697694],[0.520413632894461,0.487803880973172],[0.0830968163402511,0.318736097550258],[0.196107323451303,0.711905133952054],[0.243795905697345,0.711040771746435],[0.528312670477574,0.418893995559517],[0.360963585741214,0.392650787059783],[0.202277349195924,0.35256500389842],[0.031344274438765,0.379305154813757],[0.494287351704913,0.398404244825405],[0.574579322812663,0.0622527064392508],[0.321167677989016,0.3764829346167],[0.272289202049287,0.404142629148549],[0.299413907672142,0.324621434846106],[0.193445259974101,0.367089322584971],[0.0196092853678722,0.378482540993667],[0.278591827379677,0.491801110992428],[0.264802967291962,0.380057717978743],[0.389496730870916,0.459259365799975],[0.084684019882962,0.903907205436477],[0.320314768980098,0.422592125232935],[0.307574933078351,0.450377868882567],[0.359192252153726,0.42277597051425],[0.41217742690967,0.480841694425189],[0.290288259724429,0.377484295184707],[0.478744354971921,0.483544905870669],[0.461464388918129,0.463093147151108],[0.485427737569936,0.49987219063598],[0.256643026463372,0.440671845686313],[0.41122549881784,0.457636544996345],[0.490463949621297,0.440143286486057],[0.227376418706816,0.4361077903345],[0.223232813141511,0.417491502019374],[0.221693796835096,0.399091118475625],[0.0403213279122101,0.902348548809168],[0.273946726550425,0.38240375711589],[0.244475552655712,0.447711254225045],[0.360603971414751,0.412729187503722],[0.299048848119343,0.39257549033793]],"C":[[-0.66061530425884,-0.427751851794784],[-1.14873366378998,0.00208594957065045],[0.297565709701019,-1.09345453743313],[-0.218928420790068,-1.00153720122127],[0.734935168552926,-1.40316862756344],[0.231056464475853,-0.993268612833898],[0.661874779299022,-1.08839914901078],[-0.428973150837968,-0.821970104068956],[0.40956782485388,-0.993215554024365],[1.35724019583646,-1.42684527412213],[0.265281748563825,-1.13409297018242],[0.701596954603768,-1.19529711281758],[-0.475972675601564,-0.991217024405101],[0.413729373581456,-1.39150221923255],[0.209907591780193,-0.954732997941474],[0.214029328225657,-0.934984577279445],[-0.046282536330658,-1.04541354269704],[-0.0598175671216698,-1.21553064919018],[0.163484035085486,-1.33478179202838],[0.210619559436929,-1.35514513599162],[0.0469796197518915,-1.09695407164964],[0.320214830336956,-1.16598320233713],[0.0216957925653092,-1.25511192255754],[-0.0780951205155486,-1.26252732575226],[0.368466930422019,-1.30497223593095],[0.100094061846296,-1.32782436063766],[0.223852962567882,-1.35636644209034],[-0.0406610411606336,-1.18051826094387],[0.0101993395381751,-1.28543551951816],[-0.305228799304553,-1.13737313156587],[-0.867398554621845,-0.67578038073648],[-0.1649561281023,-1.21881434446434],[-0.177531293090316,-1.20255743576264],[-0.193730426303189,-1.19224140474847],[-0.356720726100585,-1.09890103364844],[0.0155326428258658,-1.27323833315507],[-0.444388339249589,-1.03698816658905],[-0.374370874113806,-1.0725953548221],[-0.483210032410942,-1.01448770462652],[-0.0962655117090239,-1.23994268138714],[-0.326353568409721,-1.12146238180583],[-0.255469293051746,-1.06571900148313],[-0.051313547491856,-1.25810995942562],[-0.0460711046013757,-1.27586795687853],[-0.0198668257911054,-1.29157813959871],[-0.81747670644111,-0.684141286977385],[-0.00336521460391237,-1.27872055755596],[-0.0692192243694688,-1.23978633699392],[-0.156951374799721,-1.19961939358243],[-0.0554024099398415,-1.25645427082443]],"d":[[0.125388929343628,0.0411332518199947],[0.790367904606242,0.776803733375012]],"df":[1.0535003925343,1.02899865351941],"lambda":[[0,0],[0,0],[0,0],[0,0],[0,0],[0,0],[0,0],[0,0],[0,0],[0,0],[0,0],[0,0],[0,0],[0,0],[0,0],[0,0],[0,0],[0,0],[0,0],[0.486824141268664,0],[0,0],[0,0],[0,0],[0,0],[0,0],[0.457718674921232,0],[1.3731560247637,0],[3.20403072444863,0],[0,0],[3.66174939936986,0],[0,0],[0,0],[0,0],[0,0],[0,0],[0,0],[0,0],[0,0],[0,0],[0,0],[0,0],[0,0],[0,0],[0,0],[0,0],[0,0]],"rho":[0.0445659751153053,0.0445659751153053,0.0445659751153053,0.0445659751153053,0.0445659751153053,0.0445659751153053,0.0445659751153053,0.0445659751153053,0.0445659751153053,0.0445659751153053,0.0445659751153053,0.0445659751153053,0.0445659751153053,0.0445659751153053,0.0445659751153053,0.0445659751153053,0.0445659751153053,0.0445659751153053,0.0445659751153053,0.0222829875576527,0.0222829875576527,0.0222829875576527,0.0222829875576527,0.0222829875576527,0.0222829875576527,0.0111414937788263,0.00557074688941317,0.00278537344470658,0.00278537344470658,0.00139268672235329,0.00139268672235329,0.00139268672235329,0.00139268672235329,0.00139268672235329,0.00139268672235329,0.00139268672235329,0.00139268672235329,0.00139268672235329,0.00139268672235329,0.00139268672235329,0.00139268672235329,0.00139268672235329,0.00139268672235329,0.00139268672235329,0.00139268672235329,0.00139268672235329]}
