{"prog":[1.26573280735541,1.26573280735541,1.26573280735541,1.26573280735541,1.26573280735541,1.26573280735541,1.26573280735541,1.26573280735541,0.85144901069651,0.776850762533494,0.664482294909974,0.664482294909974,0.607367416263562,0.607367416263562,0.607367416263562,0.603321389756371,0.601421926924162,0.601421926924162,0.601421926924162,0.600471521644001,0.600471521644001,0.60031786553363,0.60015267423369,0.600095831387317,0.600095831387317,0.600095831387317,0.600095831387317,0.600095831387317,0.600095831387317,0.600095831387317,0.600095831387317,0.600095831387317,0.600095831387317,0.600095831387317,0.600095831387317,0.600095831387317,0.599943507446231,0.599943507446231,0.599943507446231,0.599943507446231,0.599943507446231,0.599943507446231,0.599943507446231,0.599943507446231,0.599943507446231],"mei":["Inf",0.0628851876624529,0.107431302726923,0.128562655435071,0.401713643458422,0.0679300103140758,0.0725799540893039,0.0508789583036389,0.0251828308947023,0.0203996789473173,0.00386205432978027,0.0132756433176216,0.00114102402674196,0.00079477591936979,0.000178490672038856,"Inf","Inf","Inf","Inf","Inf","Inf","Inf","Inf","Inf","Inf","Inf","Inf","Inf","Inf","Inf","Inf","Inf","Inf","Inf","Inf","Inf","Inf","Inf","Inf","Inf","Inf"],"obj":[1.26573280735541,1.47141052951371,0.959200642155297,0.470123647267493,0.920722157764417,0.980120937185314,0.881383951017952,0.830232012386999,0.85144901069651,0.776850762533494,0.664482294909974,0.592157825542888,0.607367416263562,0.599304149275507,0.418574756339535,0.603321389756371,0.601421926924162,0.599601626225379,0,0.600471521644001,0.600220865855131,0.60031786553363,0.60015267423369,0.600095831387317,0.599850289698947,0.600315829181639,0.600311874347902,0.607184371137988,0.600547372342569,0.613688372776073,0.600550382444861,0.611899164905196,0.610403487567209,0.603446539261435,0.601134716124806,0.600257970340638,0.599943507446231,0.60050545683718,0.60039373246421,0.600517452761112,0.607628299310551,0.6052009524887,0.599793088507204,0.600477807232867,0.600538296365179],"X":[[0.656615360443624,0.609117446911781],[0.565418670961032,0.905991858552674],[0.366875901610329,0.592324740544969],[0.248795968286878,0.221327678980615],[0.857687653782239,0.0630345039821776],[0.377200863675592,0.602920073509722],[0.326325143514601,0.55505880750335],[0.286816627576775,0.543415384810225],[0.320797363256728,0.530651647439782],[0.278136787644688,0.498713974888807],[0.221562698080882,0.442919596829092],[0.185837251581721,0.406320573961167],[0.193537716859956,0.413829699403607],[0.188871410715402,0.410432738560105],[0.0317971610041946,0.38677759533534],[0.191776991183993,0.411544398572378],[0.190827962178041,0.410593964746121],[0.191357080372656,0.408244545852723],[0,0],[0.191934906754567,0.408536614889434],[0.192296974775064,0.407923891080067],[0.193117396223844,0.407200469309786],[0.193662132381788,0.406490541851902],[0.194198866375494,0.405896965011823],[0.19335196353736,0.406498326161588],[0.194533810736735,0.405782018444904],[0.193038420958829,0.407273453389073],[0.191501531165629,0.415682839972359],[0.193807674599694,0.406739697742875],[0.203234944626697,0.410453428149375],[0.19453439767536,0.406015984769501],[0.193734586077928,0.418164578827268],[0.198445369337057,0.411958118230153],[0.189611892568525,0.41383464669291],[0.194312775057095,0.406821941067711],[0.193774271848392,0.406483698492247],[0.196310667158148,0.403632840288083],[0.195437210491116,0.405068246346064],[0.195693757392748,0.404699975071462],[0.195522575853899,0.404994876907213],[0.192636777545435,0.414991521765117],[0.192044815574342,0.413156136914359],[0.196597195316527,0.403195893190677],[0.195786704306421,0.404691102926446],[0.193597299471481,0.406940996893698]],"C":[[-0.861333447643916,-0.697832204297163],[-0.853175883893077,-0.359480478764932],[0.103137140801721,-1.01455347455594],[1.14908721375432,-1.38911462468125],[0.833886860380784,-0.760398539857239],[0.111372042110653,-0.994206893401419],[0.0749587130811038,-1.08542162092313],[0.140698261649617,-1.12243594169704],[-0.0113310933325033,-1.11549788079698],[-0.0162546869092366,-1.1739242986093],[-0.0349497049699487,-1.25473220156387],[0.00929764110720022,-1.30036810710042],[-0.00533005459200686,-1.29128813204416],[0.00243740255804858,-1.29587255733243],[0.199655373370947,-1.34939203229869],[-0.0019096126756501,-1.29385279365611],[-0.000129603154975677,-1.29499728496504],[0.000934752689220775,-1.29671885857276],[1.5,-1.5],[-1.33496648022091e-05,-1.2962588258638],[5.86037418338625e-05,-1.29661997257846],[-0.000283975339311127,-1.29689344906961],[-0.000251215109221825,-1.29726041786629],[-0.000280504693336736,-1.29753445409266],[0.000111467792748732,-1.29737412902408],[-0.000554804801530473,-1.29749754998702],[-0.00025670132623884,-1.29686450219826],[-0.00328237502650008,-1.29053494011373],[-0.000671883569004383,-1.29700140354629],[-0.0155179430318532,-1.29022354060301],[-0.000803007983476933,-1.29730738823274],[-0.00674716944886844,-1.28760529517143],[-0.010636121740874,-1.29090994421295],[-0.000203455138791053,-1.29278821539314],[-0.0013575323397621,-1.29673845371551],[-0.000378244719688503,-1.29722253442969],[-0.00011876789863291,-1.2985426522009],[-0.000830012880354281,-1.29772401255758],[-0.000704471901110504,-1.29792188349467],[-0.000846081320140302,-1.29775007201037],[-0.00458706332515135,-1.29067310879998],[-0.00309007540374401,-1.29242079534102],[0.000114307816581172,-1.29878261450785],[-0.000802129501814908,-1.29789267762901],[-0.000615252878143624,-1.29691911068451]],"d":[[0.259903245599656,0.0532591399661949],[0.716516965211367,0.558236040429317]],"df":[0.471053655365748,0.578665902349422],"lambda":[[0,0],[0,0],[0,0],[0,0],[0,0],[0,0],[0,0],[0,0],[2.21265974964542,0],[0,0],[1.16010985403606,0],[3.48032956210819,0],[0,0],[0,0],[1.77962528556617,0],[1.28613635668994,0],[1.2353049414722,0],[1.45844995511912,0],[0,0],[0,0],[0,0],[0.848870101319559,0],[2.54661030395868,0],[0,0],[3.39548040527824,0],[0,0],[0,0],[0,0],[0,0],[0,0],[0,0],[0,0],[0,0],[0,0],[0,0],[0,0],[0,0],[0,0],[0,0],[0,0],[0,0]],"rho":[0.00420202026483746,0.00420202026483746,0.00420202026483746,0.00420202026483746,0.00420202026483746,0.00420202026483746,0.00420202026483746,0.00420202026483746,0.00210101013241873,0.00210101013241873,0.00105050506620937,0.000525252533104683,0.000525252533104683,0.000525252533104683,0.000262626266552341,0.000262626266552341,0.000262626266552341,0.000131313133276171,0.000131313133276171,0.000131313133276171,0.000131313133276171,6.56565666380853e-05,3.28282833190427e-05,3.28282833190427e-05,1.64141416595213e-05,1.64141416595213e-05,1.64141416595213e-05,1.64141416595213e-05,1.64141416595213e-05,1.64141416595213e-05,1.64141416595213e-05,1.64141416595213e-05,1.64141416595213e-05,1.64141416595213e-05,1.64141416595213e-05,1.64141416595213e-05,1.64141416595213e-05,1.64141416595213e-05,1.64141416595213e-05,1.64141416595213e-05,1.64141416595213e-05]}
