{"prog":["Inf",1.10858210375267,1.10858210375267,1.05178595830961,1.05178595830961,1.05178595830961,1.05178595830961,1.05178595830961,1.05178595830961,0.604569619196698,0.601898851597693,0.601898851597693,0.601898851597693,0.601898851597693,0.601898851597693,0.601898851597693,0.601898851597693,0.601898851597693,0.601898851597693,0.600617674090423,0.600136136321536,0.600136136321536,0.600136136321536,0.599900081196271,0.599900081196271,0.599900081196271,0.599900081196271,0.599900081196271,0.599900081196271,0.599900081196271,0.599900081196271,0.599900081196271,0.599900081196271,0.599900081196271,0.599900081196271,0.599900081196271,0.599900081196271,0.599900081196271,0.599900081196271,0.599900081196271,0.599900081196271,0.599900081196271,0.599900081196271,0.599900081196271,0.599900081196271],"mei":["Inf",0.102674782024644,0.405833730796175,0.164011496761119,0.391300643842813,0.114835234487848,0.0207194157348328,0.00453739290275409,0.00472038811043468,0.00116692418853594,4.98729818620473e-05,9.61534449571867e-06,1.65204561348731e-05,4.67189778727736e-05,0.000188146713778033,"Inf","Inf","Inf","Inf","Inf","Inf","Inf","Inf","Inf","Inf","Inf","Inf","Inf","Inf","Inf","Inf","Inf","Inf","Inf","Inf","Inf","Inf","Inf","Inf",1.30164238617652e-05,"Inf"],"obj":[0.517051897141396,1.10858210375267,1.25119629510473,1.05178595830961,0.0633874079360132,0.534519520222919,0.582093953595169,0.548671735221403,0.586969652956728,0.604569619196698,0.601898851597693,0.599765226584317,0.59858391728609,0.598978222534012,0.443792273179945,2,0.599690096294749,0.599547957348391,0.599748266931192,0.600617674090423,0.600136136321536,0.600454726450683,0.600402671559042,0.599900081196271,0.600716151321199,0.600505955381009,0.600642975311729,0.600697698571358,0.600661716048798,0.600135530340745,0.600433700628605,0.600463852216381,0.600677005933838,0.600452947983584,0.600557918455199,0.600275321706406,0.600619475369054,0.600653209881049,0.600545740225964,0.600562501753325,0.613909400996405,0.600406225841891,0.600729169946361,0.273925300634416,0.600537562766823],"X":[[0.135169748029478,0.381882149111918],[0.498009800426199,0.610572303326468],[0.268654503232952,0.982541791871782],[0.789098607601854,0.262687350707754],[0.0573817080253227,0.00600569991069047],[0.138569688921848,0.395949831301072],[0.147939078775039,0.43415487482013],[0.133808025152967,0.414863710068436],[0.178126024798671,0.408843628158057],[0.197224167354963,0.407345451841735],[0.194838488784834,0.407060362812859],[0.193175927310956,0.406589299273361],[0.193894639337531,0.404689277948559],[0.195237440893913,0.403740781640099],[0.443792273179945,0],[1,1],[0.194657062299377,0.405033033995372],[0.195299334516634,0.404248622831757],[0.195486094650325,0.404262172280867],[0.195303396827931,0.405314277262492],[0.194800415350062,0.405335720971473],[0.195063494201194,0.405391232249489],[0.194899142266862,0.40550352929218],[0.194559381808533,0.405340699387739],[0.195188438649208,0.405527712671991],[0.194929188669488,0.405576766711521],[0.195311967045901,0.405331008265828],[0.195252214072271,0.405445484499086],[0.195499209169236,0.405162506879561],[0.194618945720261,0.405516584620483],[0.194892120746016,0.40554157988259],[0.195329644731505,0.405134207484876],[0.1953862174494,0.405290788484438],[0.194997759651668,0.405455188331916],[0.19517738518117,0.405380533274028],[0.195161614872765,0.405113706833641],[0.195084714357374,0.405534761011679],[0.195561449889333,0.405091759991716],[0.195536670882445,0.405009069343519],[0.195342501256564,0.405220000496761],[0.206130205771264,0.407779195225141],[0.19488155842235,0.405524667419541],[0.195368852482527,0.405360317463834],[0.081209282148104,0.192716018486312],[0.195281596279378,0.405255966487445]],"C":[[0.101266383197486,-1.33589516340731],[-0.303165939189898,-0.879187701090069],[-1.04535721753903,-0.462436385118044],[-0.101466565953355,-0.808318743258957],[1.45798392190887,-1.49667127115268],[0.0746068946096322,-1.32402217240476],[0.0727415592740764,-1.28962357364111],[0.0737148574345085,-1.30998351447292],[0.0168939719663077,-1.30111800700398],[-0.00536312094176666,-1.29517231067499],[-0.00222086082922124,-1.29633982431471],[0.000232004839469224,-1.29736820282395],[0.00140279915201091,-1.29863145714964],[0.000977147891288666,-1.29887572291384],[0.583725934187067,-1.30304841826578],[-1.5,0.5],[0.000122077791995356,-1.29805686946948],[0.000287249404859746,-1.29844122087599],[5.5024925011804e-05,-1.29835728286112],[-0.000950356907980232,-1.29757691983466],[-0.000383934006870701,-1.29775575148398],[-0.000754253860621501,-1.29760818204526],[-0.00068458155387574,-1.29758121207523],[-0.00010634719089192,-1.29784556437014],[-0.00105140515135099,-1.29744874767271],[-0.000799899735479059,-1.29751009770848],[-0.000979058773127151,-1.29756000926687],[-0.00103588401440358,-1.29749053199918],[-0.00100934376558048,-1.29762340223327],[-0.000369069246954401,-1.29767976556447],[-0.000717899392430887,-1.29755308825745],[-0.000778972981205162,-1.29771260381467],[-0.00102123327894071,-1.29756360280048],[-0.000747532203386247,-1.29758196398556],[-0.000876149549200345,-1.29757241155631],[-0.00055922623469834,-1.29779482861576],[-0.000937102274954249,-1.2974835118353],[-0.00100194878096915,-1.297656385304],[-0.000878761904522407,-1.29773306408971],[-0.000890668624141999,-1.29763805840023],[-0.0164455149212714,-1.29122646621023],[-0.00068700227278834,-1.29757092230115],[-0.00107842870280767,-1.29751402450528],[1.37828628091588,-1.45626558871177],[-0.000859643050599879,-1.2976326997809]],"d":[[0.217580418838096,0.044520690003005],[0.426579688464361,0.551904883274942]],"df":[0.535728164286246,0.516290981512937],"lambda":[[0,0],[0,0],[0,0],[0,0],[0,0],[3.46544120657406,0],[1.26517943929939,0],[0.354054140050821,0],[0.449235916417527,0],[0.639599469150939,0],[1.02032657461776,0],[1.78178078555141,0],[3.30468920741871,0],[4.90735661709879,0],[8.11269143645895,0],[11.0022146689847,0],[0,0],[5.7790464650516,0],[0,0],[11.5580929301032,0],[0,0],[0,0],[0,0],[0,0],[0,0],[0,0],[0,0],[0,0],[0,0],[0,0],[0,0],[0,0],[0,0],[0,0],[0,0],[0,0],[0,0],[0,0],[0,0],[0,0],[0,0]],"rho":[0.00487498444188268,0.00487498444188268,0.00487498444188268,0.00487498444188268,0.00487498444188268,0.00243749222094134,0.00243749222094134,0.00243749222094134,0.00121874611047067,0.000609373055235335,0.000304686527617668,0.000152343263808834,7.61716319044169e-05,3.80858159522085e-05,1.90429079761042e-05,9.52145398805212e-06,9.52145398805212e-06,4.76072699402606e-06,4.76072699402606e-06,2.38036349701303e-06,2.38036349701303e-06,2.38036349701303e-06,2.38036349701303e-06,2.38036349701303e-06,2.38036349701303e-06,2.38036349701303e-06,2.38036349701303e-06,2.38036349701303e-06,2.38036349701303e-06,2.38036349701303e-06,2.38036349701303e-06,2.38036349701303e-06,2.38036349701303e-06,2.38036349701303e-06,2.38036349701303e-06,2.38036349701303e-06,2.38036349701303e-06,2.38036349701303e-06,2.38036349701303e-06,2.38036349701303e-06,2.38036349701303e-06]}
