{"prog":[0.96845076265476,0.96845076265476,0.96845076265476,0.926397143161482,0.926397143161482,0.926397143161482,0.926397143161482,0.926397143161482,0.926397143161482,0.926397143161482,0.926397143161482,0.926397143161482,0.640804377375138,0.640804377375138,0.604160039033883,0.604160039033883,0.604160039033883,0.604160039033883,0.604160039033883,0.604160039033883,0.6001387251076,0.6001387251076,0.600035490552179,0.600035490552179,0.599900222786323,0.599900222786323,0.599900222786323,0.599900222786323,0.599900222786323,0.599900222786323,0.599900222786323,0.599900222786323,0.599900222786323,0.599900222786323,0.599900222786323,0.599900222786323,0.599900222786323,0.599900222786323,0.599900222786323,0.599900222786323,0.599900222786323,0.599900222786323,0.599900222786323,0.599900222786323,0.599900222786323],"mei":["Inf",0.324983062432599,0.152483129595884,0.179721366277458,0.272283452006236,0.33803794499287,0.181656005647915,0.236949503766778,0.0401822767249255,0.012071286420935,0.0114872637303449,0.00347715182052028,0.00779527925133563,0.000595712508260942,0.000209403809758089,7.42643571289141e-06,"Inf","Inf","Inf","Inf","Inf","Inf","Inf","Inf","Inf","Inf","Inf","Inf","Inf","Inf","Inf","Inf","Inf","Inf","Inf","Inf","Inf","Inf","Inf","Inf","Inf"],"obj":[0.96845076265476,1.46126782848529,1.04028915863025,0.926397143161482,1.58190576616253,0,0.288260719769808,0.31596807621926,0.401178440296839,0.501722962146653,0.46986098378186,0.605488369577041,0.640804377375138,0.602901255256958,0.604160039033883,0.599828178060167,0.598640956645879,0.599752840050268,0.514795887134974,0.53437303412854,0.6001387251076,0.600235228920082,0.600035490552179,0.600445773087393,0.599900222786323,0.599931698733066,0.600525217051441,0.600094454462252,0.610306127869646,0.617062448484978,0.6114827783286,0.600615205585905,0.600317973142849,0.600616908874316,0.613028720932754,0.600864528439056,0.607342891669114,0.600099907871926,0.60980535645873,0.610271736687961,0.604480329632582,0.61169737744245,0.601631646993013,0.600350760061081,0.610244522933439],"X":[[0.439933057073488,0.528517705581272],[0.534392271133697,0.926875557351596],[0.705013469812696,0.335275688817556],[0.181605510507153,0.74479163265433],[0.9898092157044,0.592096550458133],[0,0],[0.288260719769808,0],[0,0.31596807621926],[0,0.401178440296839],[0,0.501722962146653],[0.0725590024280071,0.397301981353853],[0.188613852038476,0.416874517538565],[0.217648997563636,0.423155379811501],[0.185419429444932,0.417481825812026],[0.191226751955001,0.412933287078882],[0.191946534637285,0.407881643422882],[0.194403978040151,0.404236978605728],[0.195529811867938,0.40422302818233],[0.514795887134974,0],[0.433374489165214,0.100998544963326],[0.193153893599436,0.406984831508164],[0.197056116335325,0.403179112584757],[0.194240561397394,0.405794929154785],[0.195555335264311,0.404890437823083],[0.196127674358261,0.403772548428061],[0.194711452404736,0.405220246328329],[0.195802521870381,0.40472269518106],[0.193643433404846,0.406451021057406],[0.193258303524362,0.417047824345284],[0.198388059870773,0.418674388614205],[0.193392886337277,0.418089891991324],[0.192471513114542,0.408143692471362],[0.193139571796476,0.407178401346374],[0.195505983840623,0.405110925033693],[0.201248355679367,0.411780365253388],[0.196234746901167,0.404629781537889],[0.192843874439207,0.414499017229906],[0.19459294244919,0.405506965422736],[0.199586260030084,0.410219096428646],[0.192035753507841,0.418235983180121],[0.194256322918749,0.410224006713833],[0.200857822068049,0.410839555374402],[0.195613977994829,0.406017668998184],[0.194042455124333,0.406308304936747],[0.192914410486052,0.417330112447387]],"C":[[-0.375135339340789,-1.02712794018108],[-1.09583430921747,-0.355326601736738],[0.567790007188799,-0.890546219870576],[-0.0365353335959883,-0.912304862481534],[-0.194321943055499,-0.169699391442219],[1.5,-1.5],[0.962390056113456,-1.41690575743779],[0.49944277885251,-1.4001641748103],[0.224454990592481,-1.339055859041],[0.507378920355859,-1.24827406925479],[0.148033323197856,-1.33688632677896],[0.00036735919273706,-1.2906404514462],[-0.0405068253660322,-1.27356843839613],[0.00465811109062536,-1.29132856030097],[-0.00192796036188864,-1.29291842975897],[0.000521990959167773,-1.29678909279939],[0.00133741588543096,-1.29879955844988],[5.15504526302779e-05,-1.298371836158],[0.487427509936874,-1.23498519458891],[0.909128687753633,-1.30198584605608],[-0.000124419884549032,-1.29705492030965],[-0.000385465353289982,-1.29861549019021],[-0.000221956414082458,-1.29760107978029],[-0.000764409838953428,-1.2978218442091],[-8.44420161597026e-05,-1.29850166448673],[-0.000151397220037874,-1.29788400226805],[-0.000857488881491397,-1.29786091243458],[-0.000189376595484625,-1.29729978818058],[-0.00594080776893169,-1.28872234032775],[-0.0131775494137428,-1.28535393401923],[-0.0062722998173278,-1.28780003372882],[-0.000343109391582386,-1.29637344293524],[-0.000290050407240838,-1.29690285528329],[-0.000958866931436653,-1.29766254870086],[-0.0140608096362685,-1.28993603012814],[-0.00125023695574922,-1.29776666400124],[-0.00468867313737986,-1.29100180480672],[-0.000327979682989588,-1.29769768774261],[-0.0108092717200367,-1.29188561773247],[-0.00442835033246547,-1.28820093174803],[-0.00417993039816605,-1.29398074532174],[-0.01287725584978,-1.29086699505384],[-0.00208298187113992,-1.29688482407432],[-0.000520848494325543,-1.29726108694875],[-0.00552260807104882,-1.28861960747147]],"d":[[0.241543354428858,0.0362537434545887],[0.657787378978376,0.75740326215788]],"df":[0.649358565617736,0.736936971302721],"lambda":[[0,0],[0,0],[0,0],[0,0],[0,0],[1.28997406547864,0],[0.870026772811813,0],[2.57156298947413,0],[2.58000804707957,0],[0.717621149497113,0],[0.73451126470801,0],[0.557227160876426,0],[0.605226435775208,0],[0.85118852232608,0],[0.870149650318812,0],[0.908071906304277,0],[0.983916418275207,0],[1.13560544221707,0],[1.43898349010079,0],[2.04573958586823,0],[3.25925177740311,0],[0,0],[2.42702438306976,0],[0,0],[4.85404876613952,0],[0,0],[0,0],[0,0],[0,0],[0,0],[0,0],[0,0],[0,0],[0,0],[0,0],[0,0],[0,0],[0,0],[0,0],[0,0],[0,0]],"rho":[0.173999614875356,0.173999614875356,0.173999614875356,0.173999614875356,0.173999614875356,0.086999807437678,0.086999807437678,0.043499903718839,0.0217499518594195,0.0217499518594195,0.0108749759297098,0.0108749759297098,0.00543748796485488,0.00271874398242744,0.00135937199121372,0.00067968599560686,0.00033984299780343,0.000169921498901715,8.49607494508575e-05,4.24803747254287e-05,2.12401873627144e-05,2.12401873627144e-05,1.06200936813572e-05,1.06200936813572e-05,5.31004684067859e-06,5.31004684067859e-06,5.31004684067859e-06,5.31004684067859e-06,5.31004684067859e-06,5.31004684067859e-06,5.31004684067859e-06,5.31004684067859e-06,5.31004684067859e-06,5.31004684067859e-06,5.31004684067859e-06,5.31004684067859e-06,5.31004684067859e-06,5.31004684067859e-06,5.31004684067859e-06,5.31004684067859e-06,5.31004684067859e-06]}
