{"prog":[0.870026968133176,0.870026968133176,0.870026968133176,0.870026968133176,0.870026968133176,0.870026968133176,0.870026968133176,0.870026968133176,0.870026968133176,0.622943881012328,0.608318142971267,0.608318142971267,0.602533966249176,0.602533966249176,0.602533966249176,0.602533966249176,0.601056603497386,0.601056603497386,0.601056603497386,0.599830884615847,0.599830884615847,0.599824338310399,0.599824338310399,0.599824338310399,0.599824338310399,0.599824338310399,0.599824338310399,0.599824338310399,0.599824338310399,0.599824338310399,0.599824338310399,0.599824338310399,0.599824338310399,0.599824338310399,0.599824338310399,0.599824338310399,0.599824338310399,0.599824338310399,0.599824338310399,0.599824338310399,0.599824338310399,0.599824338310399,0.599824338310399,0.599824338310399,0.599824338310399],"mei":["Inf",0.029014052455731,0.175752888653962,0.119862670197716,0.123547163917053,0.261447533959097,0.0267986533673122,0.021638779190132,0.0188415028615032,0.00397882244190084,0.0203764869803386,0.000520805073742275,0.00481731262334699,0.00154605757610154,"Inf","Inf","Inf","Inf","Inf","Inf","Inf","Inf","Inf","Inf","Inf","Inf","Inf","Inf","Inf","Inf","Inf","Inf","Inf","Inf","Inf","Inf","Inf","Inf","Inf","Inf","Inf"],"obj":[0.870026968133176,1.42437856808407,1.26929624202878,0.288092944414376,0.767178254636744,0.386883400872226,0.419417277281792,0.238650697487767,0.467506305128858,0.622943881012328,0.608318142971267,0.619276446061955,0.602533966249176,0.457114474889691,0.595948356446123,0.592993205373309,0.601056603497386,0,0.598490436399434,0.599830884615847,0.599756175843895,0.599824338310399,0.599862313464462,0.600117513269894,0.600028294069012,0.600050044989202,0.600190381148417,0.600232113203941,0.599958282820753,0.600193527253606,0.622926993291575,0.600323723579791,0.633309656512483,0.599915382920824,0.600558016796413,0.607571747079159,0.600570032394733,0.60008259824812,0.602988092957341,0.607167269752108,0.62151926109478,0.60301497423452,0.60682080046507,0.619093698925352,0.600475695491227],"X":[[0.37081443546126,0.499212532671916],[0.798459438290088,0.625919129793979],[0.336895671854004,0.932400570174772],[0.184610485677749,0.103482458736627],[0.629355455825421,0.137822798811324],[0,0.386883400872226],[0,0.419417277281792],[0,0.238650697487767],[0.0708265584384772,0.396679746690381],[0.202640391791842,0.420303489220486],[0.20819562340924,0.400122519562027],[0.212192552356276,0.407083893705679],[0.197996863021314,0.404537103227863],[0.457114474889691,0],[0.191815282098871,0.404133074347252],[0.592993205373309,0],[0.196112129314535,0.404944474182851],[0,0],[0.194006936603756,0.404483499795678],[0.194945423854001,0.404885460761847],[0.195023549603632,0.404732626240264],[0.194690554792461,0.405133783517938],[0.194846748380245,0.405015565084217],[0.194944256722409,0.405173256547485],[0.194957048554707,0.405071245514305],[0.194259606412868,0.405790438576333],[0.196913032979543,0.403277348168874],[0.195537556144609,0.404694557059333],[0.194383665427301,0.405574617393452],[0.195521350045141,0.404672177208465],[0.200102031026804,0.422824962264771],[0.19487989321596,0.405443830363831],[0.22550889300185,0.407800763510633],[0.194125665220994,0.405789717699831],[0.19593871554071,0.404619301255703],[0.193054157516792,0.414517589562367],[0.195110973053586,0.405459059341146],[0.194583574180358,0.405499024067762],[0.192245962978817,0.410742129978524],[0.190049401376591,0.417117868375517],[0.21314009308628,0.4083791680085],[0.196716823963725,0.406298150270795],[0.195868631694648,0.410952168770422],[0.206364680441773,0.41272901848358],[0.192170892514235,0.408304802976992]],"C":[[-0.252643903515464,-1.11328350167684],[-0.879302714313183,-0.470687768363425],[-1.20168006982342,-0.517130483023798],[1.55087045565609,-1.45521034931165],[0.251712899694236,-1.08491658635059],[0.231797799199469,-1.35032123412954],[0.237050966802909,-1.32408914751753],[1.0937668774665,-1.4430458445886],[0.150254122039521,-1.33762877718542],[-0.01921650757351,-1.28228184856353],[-0.0079708957945922,-1.29655655173257],[-0.0227482737283611,-1.28925702420995],[-0.00317887487525342,-1.29714697434573],[0.559421905101438,-1.29104635684632],[0.00446246297678926,-1.29988335577197],[0.505549876798935,-1.14835905838109],[-0.00147578580096502,-1.29756000556449],[1.5,-1.5],[0.00150899958802281,-1.29875440694267],[-4.73017007439624e-05,-1.29806404538205],[3.73697356724767e-05,-1.29815731635666],[-3.03427630157782e-05,-1.29796220532704],[-8.00330242016201e-05,-1.29799713668516],[-0.000371744698577203,-1.29783136894965],[-0.00027196623251885,-1.29790903527633],[-0.000239703618425624,-1.29759732527634],[-0.000350926836785947,-1.29859263789668],[-0.000516528030592156,-1.29798737962354],[-0.00015487997693342,-1.2977242203412],[-0.000471544406558388,-1.29801183066989],[-0.0155407046617818,-1.28117822846474],[-0.00059648298330689,-1.29763712764004],[-0.0389654954212416,-1.28284427645722],[-8.05789656899147e-05,-1.2976499311116],[-0.00089429775055555,-1.2978912408036],[-0.00497198120370262,-1.29090526020889],[-0.000884872575905471,-1.29753465939228],[-0.000308298712519584,-1.29770777413929],[-0.00201144898673183,-1.29433239237905],[-0.00160813476027788,-1.28989390891826],[-0.025414935631756,-1.28779775585586],[-0.00368666193251094,-1.29622430425616],[-0.00671148853471648,-1.29275379410095],[-0.021196015451317,-1.28706837596775],[-0.000111533982915968,-1.2963575359362]],"d":[[0.179481945557612,0.0403627251889392],[0.697932438542497,0.682042947804112]],"df":[0.603637771652887,0.599139964005742],"lambda":[[0,0],[0,0],[0,0],[0,0],[0,0],[4.12646494513453,0],[3.07096984398657,0],[2.0154747428386,0],[0.765992161885288,0],[0.591387757564827,0],[0.416783353244366,0],[0.661890732565889,0],[1.15210549120894,0],[0.827866619540166,0],[0.503627747871397,0],[0.835163885059607,0],[0.814378958050271,0],[0.830799662086156,0],[0.863641070157926,0],[0.929323886301466,0],[0.763044470226779,0],[0.894410102513858,0],[1.15714136708802,0],[0.492023702789268,0],[1.01748623193758,0],[0.164176209337571,0],[1.2151012676342,0],[0,0],[2.10185011659327,0],[0,0],[0,0],[0,0],[0,0],[0,0],[0,0],[0,0],[0,0],[0,0],[0,0],[0,0],[0,0]],"rho":[0.0364123103036858,0.0364123103036858,0.0364123103036858,0.0364123103036858,0.0364123103036858,0.0182061551518429,0.0182061551518429,0.0182061551518429,0.0182061551518429,0.0182061551518429,0.0182061551518429,0.00910307757592146,0.00455153878796073,0.00455153878796073,0.00455153878796073,0.00227576939398036,0.00227576939398036,0.00113788469699018,0.000568942348495091,0.000284471174247546,0.000284471174247546,0.000142235587123773,7.11177935618864e-05,7.11177935618864e-05,3.55588967809432e-05,3.55588967809432e-05,1.77794483904716e-05,1.77794483904716e-05,8.8897241952358e-06,8.8897241952358e-06,8.8897241952358e-06,8.8897241952358e-06,8.8897241952358e-06,8.8897241952358e-06,8.8897241952358e-06,8.8897241952358e-06,8.8897241952358e-06,8.8897241952358e-06,8.8897241952358e-06,8.8897241952358e-06,8.8897241952358e-06]}
