{"prog":["Inf",1.21323080882738,1.21323080882738,1.21323080882738,0.95068400822363,0.95068400822363,0.772536772554938,0.772536772554938,0.772536772554938,0.772536772554938,0.772536772554938,0.604296085000142,0.604296085000142,0.604296085000142,0.600069468519861,0.600069468519861,0.600069468519861,0.600069468519861,0.600069468519861,0.600069468519861,0.600069468519861,0.600069468519861,0.600069468519861,0.600069468519861,0.600069468519861,0.600069468519861,0.600069468519861,0.599826024511282,0.599793002060906,0.599793002060906,0.599793002060906,0.599793002060906,0.599793002060906,0.599793002060906,0.599793002060906,0.599793002060906,0.599793002060906,0.599793002060906,0.599793002060906,0.599793002060906,0.599793002060906,0.599793002060906,0.599793002060906,0.599793002060906,0.599793002060906],"mei":["Inf",0.292333023420497,0.227915974725157,0.117119332220211,0.145043383922049,0.182871497251992,0.108802098827893,0.0972768397996799,0.0322269326060262,0.0129749305383539,0.0136298814536534,0.00786769006662756,0.00758479761132111,0.0104776287472672,0.00783684458737011,0.00545708015272134,0.00319637795260068,0.0102354362600193,0.00861515229485585,0.00572436757142368,0.00845944519392886,0.00364879370082037,0.0026208621168779,"Inf","Inf","Inf","Inf","Inf","Inf","Inf","Inf","Inf","Inf","Inf","Inf","Inf","Inf","Inf","Inf","Inf","Inf"],"obj":[0.192597774037299,1.21323080882738,1.48152927457856,0.585159806894408,0.95068400822363,1,0.772536772554938,0.468240283671027,0.58207884829475,0.412226936455854,0.499087606277769,0.604296085000142,0.64836008739786,0,0.600069468519861,0.599542726487933,0.599150149999652,0.598829859055159,0.598518171463061,0.598222645121419,0.597930879903722,0.597643716163651,0.599330012479117,0.599047174323512,0.599628631351048,0.599346451632449,0.59960616553162,0.599826024511282,0.599793002060906,0.599754018607729,0.599712217208178,0.59966652616031,0.599760885914419,0.599728810979288,0.599749739521004,0.599744746801439,0.599740690731084,0.599735752484202,0.599810006062605,0.599769044776105,0.59976273753951,0.599797877141769,0.599787040312868,0.599829861322963,0.599932589227601],"X":[[0.0338288243007448,0.158768949736554],[0.668496995817054,0.544733813010327],[0.528090267704821,0.953439006873742],[0.453469801427207,0.131690005467201],[0.155192711654863,0.795491296568767],[1,0],[0,0.772536772554938],[0,0.468240283671027],[0,0.58207884829475],[0,0.412226936455854],[0.10106194354594,0.398025662731829],[0.201160057272783,0.403136027727359],[0.245109858285093,0.403250229112766],[0,0],[0.195750745718438,0.404318722801423],[0.194030714977276,0.405512011510657],[0.193977803610389,0.405172346389263],[0.193809731429636,0.405020127625523],[0.19363023588148,0.40488793558158],[0.193415344323663,0.404807300797756],[0.193209069128926,0.404721810774796],[0.192988597965807,0.404655118197844],[0.19452075135676,0.404809261122357],[0.19429695749689,0.404750216826622],[0.194836360662479,0.404792270688568],[0.194610066313379,0.40473638531907],[0.194858262914176,0.404747902617444],[0.195036460419326,0.404789564091956],[0.194989071482663,0.404803930578243],[0.19495591301729,0.40479810559044],[0.194911580628258,0.404800636579921],[0.194893836394085,0.404772689766225],[0.194885524599323,0.404875361315095],[0.19489293437101,0.404835876608278],[0.194919156755225,0.40483058276578],[0.194878648446249,0.40486609835519],[0.194877850338412,0.404862840392672],[0.194875251121589,0.404860501362612],[0.194907694749884,0.40490231131272],[0.194957380820239,0.404811663955866],[0.194882216050669,0.404880521488842],[0.194936154174679,0.40486172296709],[0.195199570096691,0.404587470216177],[0.195369140522274,0.404460720800689],[0.195672732520126,0.404259856707475]],"C":[[1.60575437179519,-1.47364803124598],[-0.648335724486894,-0.756376839546804],[-1.29511992369744,-0.312074729327064],[0.960607842876825,-1.27702288165362],[-0.450206805595694,-0.843108819332553],[0.5,-0.5],[-0.184790957909595,-0.9031869350504],[0.369222806315081,-1.28075103674768],[0.764860283829717,-1.16118421436786],[0.229266573820028,-1.33006895286022],[0.115509273166522,-1.33136205537361],[-0.00496820504081846,-1.29701597450622],[-0.0514839431791548,-1.27731041009196],[1.5,-1.5],[-0.000318904217784521,-1.2982080159429],[0.000328742573456386,-1.29791209016599],[0.000762326887573384,-1.29820798142791],[0.00112846992433602,-1.29839648422138],[0.00148655722366098,-1.29857309137297],[0.00182853900657282,-1.29872155380099],[0.00216601849034959,-1.2988705114895],[0.00249890810782694,-1.29900963637148],[0.000535338418079734,-1.29829113940117],[0.000863912696110136,-1.29842595428625],[0.000186720612924907,-1.29818201015459],[0.00051473146160036,-1.29831538048836],[0.000212256560667756,-1.29820939270085],[-4.33972297249063e-05,-1.29810618790934],[-4.7054168101357e-06,-1.29811303979073],[4.06467943603328e-05,-1.29813068568999],[8.94152807608406e-05,-1.29814592036149],[0.000142248249781762,-1.29817546215501],[3.41465050311407e-05,-1.29809557410162],[7.07046329287975e-05,-1.29812465714306],[4.61928873840001e-05,-1.29811872158735],[5.27628210584274e-05,-1.29810575478241],[5.74210496032679e-05,-1.29810870391666],[6.31299830397558e-05,-1.29811161093671],[-2.2515411052304e-05,-1.2980651088209],[2.33460790566298e-05,-1.298119136389],[3.2109603347874e-05,-1.2980926851861],[-9.32478411513893e-06,-1.29808688107171],[1.51212361509945e-06,-1.29820610677814],[-4.61605380175922e-05,-1.29824242426097],[-0.000157962283230229,-1.29828615000296]],"d":[[0.303724307346957,0.0434142203666754],[0.637868832097247,0.646049873519477]],"df":[0.490456718663968,0.619048406204984],"lambda":[[0,0],[0,0],[0,0],[0,0],[0.760785885720754,0],[0,0],[0.94481039874328,0],[1.89684069797632,0],[1.81494455921623,0],[0.966280681643608,0],[0.884384542883514,0],[0.879127709911388,0],[0.873870876939261,0],[0.868614043967134,0],[0.863357210995008,0],[0.858100378022881,0],[0.852843545050754,0],[0.847586712078628,0],[0.872091195219626,0],[0.861577529275373,0],[0.87922661944394,0],[0.858199287555433,0],[0.870510935001408,0],[0.895134229893358,0],[0.883688436434659,0],[0.87224264297596,0],[0.860796849517262,0],[0.849351056058563,0],[0.860071436505787,0],[0.857589378121539,0],[0.855107319737292,0],[0.852625261353045,0],[0.850143202968798,0],[0.847661144584551,0],[0.869101905478998,0],[0.864137788710504,0],[0.85917367194201,0],[0.854209555173515,0],[0.849245438405021,0],[0.850840697336723,0],[0.854031215200128,0]],"rho":[0.485317634363428,0.485317634363428,0.485317634363428,0.485317634363428,0.242658817181714,0.242658817181714,0.121329408590857,0.0606647042954284,0.0606647042954284,0.0606647042954284,0.0606647042954284,0.0606647042954284,0.0606647042954284,0.0606647042954284,0.0606647042954284,0.0606647042954284,0.0606647042954284,0.0606647042954284,0.0303323521477142,0.0303323521477142,0.0151661760738571,0.0151661760738571,0.00758308803692856,0.00379154401846428,0.00379154401846428,0.00379154401846428,0.00379154401846428,0.00379154401846428,0.00189577200923214,0.00189577200923214,0.00189577200923214,0.00189577200923214,0.00189577200923214,0.00189577200923214,0.000947886004616069,0.000947886004616069,0.000947886004616069,0.000947886004616069,0.000947886004616069,0.000473943002308035,0.000236971501154017]}
