{"prog":["Inf","Inf",1.34202153572394,1.34202153572394,1.34202153572394,1.11369491002534,1.11369491002534,1.10837276798465,1.10837276798465,1.10837276798465,0.960948904025984,0.950090373388764,0.950090373388764,0.950090373388764,0.761100543275829,0.757228291893931,0.757228291893931,0.757228291893931,0.622158428240288,0.614858269703415,0.614858269703415,0.612381296529541,0.60971286869054,0.604850086686346,0.604850086686346,0.601005813177554,0.601005813177554,0.601005813177554,0.600378639273479,0.600378639273479,0.600378639273479,0.600378639273479,0.600378639273479,0.600378639273479,0.600378639273479,0.600378639273479,0.600378639273479,0.600378639273479,0.600378639273479,0.600378639273479,0.600378639273479,0.600378639273479,0.600378639273479,0.600378639273479,0.600378639273479],"mei":["Inf",0.122928699949708,0.0822243296015029,0.285468126405501,0.381304895517224,0.0874497343532809,0.195460968774949,0.0615010301720192,0.0669181671920116,0.0649922238427596,0.148682271497268,0.0266114036133485,0.00731375426353909,0.0919073983342556,0.0217946486848319,0.010955097888872,0.0051991143444045,0.00260130856376714,0.00225043068615407,0.00480732239392218,3.394249235888e-05,"Inf","Inf","Inf","Inf","Inf","Inf","Inf","Inf","Inf","Inf","Inf","Inf","Inf","Inf","Inf","Inf","Inf","Inf","Inf","Inf"],"obj":[0.729673684786464,0.201343764518701,1.34202153572394,0.942382392758127,0.588030972976245,1.11369491002534,0.376425260038314,1.10837276798465,0.309332224787591,0.937344036158843,0.960948904025984,0.950090373388764,0.861231116860078,0.775367020753242,0.761100543275829,0.757228291893931,0.563548227969615,0.609809260670039,0.622158428240288,0.614858269703415,0.613483229296086,0.612381296529541,0.60971286869054,0.604850086686346,0.551140983908072,0.601005813177554,0.599818013773592,0.59991711884533,0.600378639273479,0.600415740161164,0.601213184324096,0.603486022675371,0.600639927468501,0.608088326198068,0.610859477248495,0.611457856287156,0.760169146267253,0.602374003172986,0.609723007927117,0.601473512575333,0.60143606080491,0.762955361002462,0.610814069228902,0.760801923756173,0.611115493827564],"X":[[0.437556726983179,0.292116957803284],[0.188873276004771,0.0124704885139294],[0.975159724176666,0.366861811547275],[0.285350139482261,0.657032253275866],[0.0467638116764752,0.54126716129977],[0.325505953296011,0.788188956729326],[0,0.376425260038314],[0.320992645613883,0.787380122370767],[0,0.309332224787591],[0.203962521899642,0.733381514259201],[0.216429791086015,0.744519112939969],[0.208878907092395,0.741211466296369],[0.121704407543994,0.739526709316084],[0.033457766005162,0.74190925474808],[0.0114710295073851,0.749629513768444],[0,0.757228291893931],[0.143980234253577,0.419567993716037],[0.18556712257732,0.42424213809272],[0.196968464213189,0.425189964027098],[0.190442487003446,0.424415782699969],[0.189300004530349,0.424183224765737],[0.189908621623964,0.422472674905578],[0.189144770450732,0.420568098239808],[0.189738408193475,0.415111678492871],[0.551140983908072,-2.16840434497101e-19],[0.192161459546377,0.408844353631177],[0.193105990315434,0.406712023458158],[0.193529925934315,0.406387192911015],[0.192951461682351,0.407427177591127],[0.193856405892768,0.406559334268396],[0.197152167583991,0.404061016740105],[0.189816958735559,0.413669063939813],[0.194424555486876,0.406215371981625],[0.190778509106252,0.417309817091817],[0.189690745538001,0.421168731710493],[0.190554852294911,0.420903003992245],[0.00783780820413819,0.752331338063115],[0.195881791080228,0.406492212092758],[0.189007075786837,0.42071593214028],[0.193071637434354,0.408401875140979],[0.19302171396376,0.40841434684115],[0.0133370263029806,0.749618334699481],[0.189797493626538,0.421016575602365],[0.00924136540536826,0.751560558350805],[0.189908058013484,0.42120743581408]],"C":[[0.790148545641281,-1.22321179363552],[1.25249528880524,-1.46417137252745],[-0.698311029039873,-0.414475923571941],[0.397613836204641,-0.986883916052693],[0.612534708308015,-1.20484300601598],[-0.309501326582728,-0.772804042858793],[0.247229672901879,-1.35830402360509],[-0.307387692756431,-0.776996264357197],[0.542132586566936,-1.40431357470796],[0.0558152237498347,-0.920550844203219],[-0.0278386183679535,-0.898849435997545],[-0.00371791375187955,-0.906975164402674],[0.0106381925046783,-0.93828828339249],[0.0369691629266056,-0.948451235613092],[-0.00798885217487024,-0.937924007569327],[-0.0598108536708349,-0.926605313955399],[0.0623603840644361,-1.30323239079338],[0.00589309332688193,-1.28558345128489],[-0.0103825173777412,-1.28041691859613],[-0.00113777142337296,-1.28360290253912],[0.000432209814793083,-1.28423410011215],[-0.00102589566724387,-1.28545155439101],[-0.000336560349250725,-1.28734673055409],[-0.000784169691725511,-1.29168163083504],[0.477109579895051,-1.19624361585684],[-0.000539182962600415,-1.29592026796891],[0.000195694820994408,-1.29729540647887],[1.0056641471301e-05,-1.29739561720576],[-0.000293306106387503,-1.29677282839477],[-0.000551839875515492,-1.29712920161358],[-0.00162019364387728,-1.29786571756789],[-0.000408688583020012,-1.29284742771554],[-0.000880052140317278,-1.29718816378956],[-0.00262166466493957,-1.28945607702199],[-0.00100972800538024,-1.28663432048661],[-0.00227235717227414,-1.28652950949717],[-0.026953707902558,-0.933936126530719],[-0.00289827191546987,-1.29639440543114],[-0.000121030992261406,-1.28727442974584],[-0.00129523335063381,-1.29593125119975],[-0.00124460951727884,-1.29594033923281],[-0.00961682434354195,-0.93789447601177],[-0.00118667764528296,-1.28672195448114],[-0.0218988802170516,-0.935071324296871],[-0.00130998574513674,-1.28651922551648]],"d":[[0.209826902446077,0.0324768672783062],[0.696779648274153,0.63692108061476]],"df":[0.618344061327033,0.66086921261389],"lambda":[[0,0],[0,0],[0,0],[4.19727184227137,0],[-8.88178419700125e-16,0],[-8.88178419700125e-16,0],[1.89517434752451,0],[0.00468527099809224,0],[3.46944695195361e-18,0],[0.72242761685439,0],[2.16728285056317,0],[0,0],[0,0],[0,0],[1.60077320133757,0],[0,0],[0,0],[0.234807036134931,0],[0,0],[0,0],[0,0],[0,0],[0,0],[0.212630622128057,0],[0.63789186638417,0],[0.681599715609729,0],[0.769015414060846,0],[0.94384681096308,0],[1.29350960476755,0],[1.99283519237648,0],[3.39148636759435,0],[6.18878871803009,0],[11.7833934189016,0],[22.9726028206445,0],[-5.6843418860808e-14,0],[22.3784188034859,0],[-5.6843418860808e-14,0],[44.7568376069718,0],[-5.6843418860808e-14,0],[89.5136752139437,0],[-5.6843418860808e-14,0]],"rho":[0.0589024686016261,0.0589024686016261,0.0589024686016261,0.029451234300813,0.029451234300813,0.029451234300813,0.0147256171504065,0.0147256171504065,0.0147256171504065,0.00736280857520326,0.00368140428760163,0.00368140428760163,0.00368140428760163,0.00368140428760163,0.00184070214380082,0.00184070214380082,0.00184070214380082,0.000920351071900408,0.000920351071900408,0.000920351071900408,0.000920351071900408,0.000920351071900408,0.000920351071900408,0.000460175535950204,0.000230087767975102,0.000115043883987551,5.75219419937755e-05,2.87609709968877e-05,1.43804854984439e-05,7.19024274922193e-06,3.59512137461097e-06,1.79756068730548e-06,8.98780343652742e-07,4.49390171826371e-07,4.49390171826371e-07,2.24695085913185e-07,2.24695085913185e-07,1.12347542956593e-07,1.12347542956593e-07,5.61737714782964e-08,5.61737714782964e-08]}
