{"prog":["Inf","Inf",0.964918671898758,0.964918671898758,0.964918671898758,0.964918671898758,0.964918671898758,0.964918671898758,0.964918671898758,0.964918671898758,0.964918671898758,0.964918671898758,0.617498463460752,0.614757068996489,0.610742389663427,0.601914526402054,0.601914526402054,0.601914526402054,0.601914526402054,0.601914526402054,0.599943705735651,0.599943705735651,0.599858174014657,0.599858174014657,0.599858174014657,0.599858174014657,0.599858174014657,0.599858174014657,0.599858174014657,0.599858174014657,0.599858174014657,0.599858174014657,0.599858174014657,0.599858174014657,0.599858174014657,0.599858174014657,0.599858174014657,0.599858174014657,0.599858174014657,0.599858174014657,0.599858174014657,0.599858174014657,0.599858174014657,0.599858174014657,0.599858174014657],"mei":["Inf",0.40104654173381,0.385771656986444,0.0657358568776183,0.144046576090622,0.0792090969024428,0.0193154875947217,0.0772084516068222,0.0201684313713287,0.0091683352814388,0.0193014282769212,0.0212264979965242,0.0184046815332952,0.0100773089784063,0.0100071033124439,0.000288359596148282,"Inf","Inf","Inf","Inf","Inf","Inf","Inf","Inf","Inf","Inf","Inf","Inf","Inf","Inf","Inf","Inf","Inf","Inf","Inf","Inf","Inf","Inf","Inf","Inf","Inf"],"obj":[0.0771857973880102,0.626923081615689,0.964918671898758,1.21447435582394,1.72654862574454,1,0.410334679280265,0.447655265285031,0.340299557353716,0.49285875431967,0.530909422397786,0.59941345202658,0.617498463460752,0.614757068996489,0.610742389663427,0.601914526402054,0.595190198467229,0.599487116846312,0.599590164436955,0.420863718996297,0.599943705735651,0.59978520597406,0.599858174014657,0.599729880587891,0.599874628892894,0.600110388886614,0.599880959570905,0.601793882587484,0.600450926006061,0.600407215034527,0.600347702573067,0.609600344993061,0.605903935707807,0.603922973279943,0.621147346221552,0.60862796925455,0.609681364293427,0.610540703291153,0.601800949903456,0.604923250877319,0.61112853017021,0.601066617999281,0.628451205810451,0.605319748661602,0.607381464318347],"X":[[0.00798543706256557,0.0692003603254446],[0.442487709685808,0.184435371929881],[0.0273933933506239,0.937525278548134],[0.5145160314102,0.699958324413737],[0.896173253854777,0.830375371889764],[1,0],[0,0.410334679280265],[0,0.447655265285031],[0,0.340299557353716],[0.0971000465460553,0.395758707773615],[0.140083495764665,0.39082592663312],[0.210022736822694,0.389390715203886],[0.227663898053816,0.389834565406936],[0.223723481467899,0.39103358752859],[0.21465241230214,0.396089977361287],[0.194764319597588,0.407150206804466],[0.191000597815108,0.404189600652121],[0.194571778343214,0.404915338503098],[0.194613445565283,0.404976718871672],[0.420863718996297,0],[0.194857264392794,0.405086441342857],[0.194735929780889,0.40504927619317],[0.194817187039516,0.40504098697514],[0.19503912723355,0.404690753354341],[0.195145261906391,0.404729366986502],[0.194855409689181,0.405254979197434],[0.194376732482817,0.405504227088088],[0.200026702769167,0.401767179818317],[0.195367907042261,0.4050830189638],[0.196170266940697,0.404236948093829],[0.196663500577102,0.403684201995965],[0.216091324338568,0.393509020654494],[0.208243007297013,0.397660928410794],[0.207306141230057,0.396616832049886],[0.227293502670999,0.393853843550553],[0.208321296560719,0.400306672693831],[0.213417327576928,0.396264036716499],[0.209937682311213,0.40060302097994],[0.198678309348808,0.403122640554648],[0.204517672908766,0.400405577968552],[0.216925074927175,0.394203455243034],[0.1977410729224,0.403325545076881],[0.230276991219091,0.398174214591359],[0.20030667134335,0.405013077318252],[0.211082803519276,0.396298660799071]],"C":[[1.73551919724292,-1.49514754292575],[1.13136729274252,-1.27018822035809],[-0.757548573550115,-0.620295954083982],[-0.0389828768096427,-0.745331597505812],[-1.44689503744085,-0.00735024083427716],[0.5,-0.5],[0.227816464501616,-1.33162545097996],[0.299007369493581,-1.29960476346259],[0.36618917550385,-1.38419621126486],[0.121510925376293,-1.33394662618211],[0.0796919455336944,-1.32763170928571],[0.0135129168165436,-1.30426532093051],[-0.00249348070412342,-1.29619816113693],[-0.00260162033462857,-1.2970405372644],[-0.00668258840402552,-1.29703707172681],[-0.00221873731414657,-1.29629556891077],[0.00534542422040224,-1.30014953835895],[0.000354935002444046,-1.29818539171728],[0.000236681799577532,-1.29811946397714],[0.630640266494517,-1.32287373003261],[-0.000172351094738732,-1.29793562155354],[1.14999136736627e-05,-1.29801300150776],[-7.42014786193623e-05,-1.29798806250421],[6.77338929461757e-05,-1.29818513299747],[-0.000100573196192499,-1.29811246625419],[-0.000358886366228717,-1.29779977115055],[-7.04355244046662e-05,-1.297784007683],[-0.00175709763000648,-1.29857245140013],[-0.000765775094354104,-1.2977391286451],[-0.00070500847164523,-1.2981097161642],[-0.000587564133946505,-1.29836253259964],[-0.00218533785003661,-1.29845519020915],[-0.00352707682795322,-1.29850063592736],[-0.000539149245747994,-1.29971925234302],[-0.0130804905965593,-1.29321681356401],[-0.00842087260851665,-1.29635680519606],[-0.00585545558462913,-1.29742785749507],[-0.0106417568952099,-1.29544338912754],[-0.0021497697017443,-1.29801906606655],[-0.0045324994858062,-1.29784789459965],[-0.00459377077581524,-1.29754714774229],[-0.00135553198009447,-1.29822697276793],[-0.026185203054649,-1.28842980214964],[-0.00642812423699318,-1.29584164461655],[-0.00364226357223846,-1.29839142150731]],"d":[[0.234215461887359,0.0342529001380367],[0.56994095379817,0.57787221489951]],"df":[0.5165958810005,0.624876611155483],"lambda":[[0,0],[0,0],[0,0],[0.343477722929111,0],[1.03043316878733,0],[2.40434406050378,0],[0,0],[0.96120912235507,0],[1.28718281584948,0],[1.16688175489941,0],[1.04136336370931,0],[0.7189536199453,0],[0.611907893696062,0],[0.8698044973791,0],[0.904053053858183,0],[0.949729078620941,0],[1.04108112814646,0],[0.908036459984789,0],[0.916913700949923,0],[0.802355553060193,0],[0.906928527475966,0],[0.9424374913365,0],[1.01345541905757,0],[1.1554912744997,0],[1.43956298538398,0],[2.00770640715252,0],[3.14399325068962,0],[-8.88178419700125e-16,0],[2.27257368707418,0],[6.81772106122255,0],[-8.88178419700125e-16,0],[9.09029474829673,0],[0,0],[0,0],[0,0],[0,0],[0,0],[0,0],[0,0],[0,0],[0,0]],"rho":[0.663264163273359,0.663264163273359,0.663264163273359,0.33163208163668,0.16581604081834,0.0829080204091699,0.0829080204091699,0.041454010204585,0.0207270051022925,0.0207270051022925,0.0207270051022925,0.0207270051022925,0.0207270051022925,0.0103635025511462,0.00518175127557312,0.00259087563778656,0.00129543781889328,0.00129543781889328,0.00064771890944664,0.00064771890944664,0.00032385945472332,0.00016192972736166,8.096486368083e-05,4.0482431840415e-05,2.02412159202075e-05,1.01206079601037e-05,5.06030398005187e-06,5.06030398005187e-06,2.53015199002594e-06,1.26507599501297e-06,1.26507599501297e-06,6.32537997506484e-07,6.32537997506484e-07,6.32537997506484e-07,6.32537997506484e-07,6.32537997506484e-07,6.32537997506484e-07,6.32537997506484e-07,6.32537997506484e-07,6.32537997506484e-07,6.32537997506484e-07]}
