{"prog":["Inf",1.02997237598756,0.948319130746722,0.948319130746722,0.948319130746722,0.948319130746722,0.948319130746722,0.948319130746722,0.948319130746722,0.948319130746722,0.948319130746722,0.948319130746722,0.948319130746722,0.64197735932366,0.64197735932366,0.64197735932366,0.607311028166536,0.607311028166536,0.599832620231276,0.599832620231276,0.599824114764923,0.599824114764923,0.599824114764923,0.599824114764923,0.599824114764923,0.599824114764923,0.599824114764923,0.599824114764923,0.599824114764923,0.599824114764923,0.599824114764923,0.599824114764923,0.599824114764923,0.599824114764923,0.599824114764923,0.599824114764923,0.599824114764923,0.599824114764923,0.599824114764923,0.599824114764923,0.599824114764923,0.599824114764923,0.599824114764923,0.599824114764923,0.599824114764923],"mei":["Inf",0.392152543895532,0.316410600808611,0.321488815320068,0.208843673140841,0.16998464100198,0.0742852054427976,0.032053388803918,0.340418374005107,0.0467139283492957,0.00911378142143699,0.0214208329723951,0.0211517538104992,"Inf","Inf","Inf","Inf","Inf","Inf","Inf","Inf","Inf","Inf","Inf","Inf","Inf","Inf","Inf","Inf","Inf","Inf","Inf","Inf","Inf","Inf","Inf","Inf","Inf","Inf","Inf","Inf"],"obj":[0.337166642550651,1.02997237598756,0.948319130746722,1.37858332355474,0.441774143018242,1,2,0,0.38430568532746,0.432904636514513,0.625542320969999,0.450608132512512,0.584093332320589,0.64197735932366,0.582853375881065,0.595084458839452,0.607311028166536,0.597274036223084,0.599832620231276,0.599749425290836,0.599824114764923,0.599919324108106,0.599890537420242,0.599842215418204,0.599928111864592,0.600106326909832,0.599953971830169,0.599975977336254,0.600221281428046,0.599991094252175,0.604194778180913,0.601539758421513,0.62951677568525,0.612833931993274,0.609879216575173,0.654750368252973,0.600389965825007,0.612710064381387,0.600195387917925,0.600538001551475,0.601755498883241,0.630739826692244,0.605467724429671,0.600124559956671,0.600253983119532],"X":[[0.11876969400299,0.218396948547661],[0.547057732247528,0.482914643740029],[0.0590502353755408,0.889268895371181],[0.827029140937847,0.55155418261689],[0.378507603131819,0.063266539886423],[1,0],[1,1],[0,0],[0,0.38430568532746],[0,0.432904636514513],[0,0.625542320969999],[0.0572255203887242,0.393382612123788],[0.175337510018459,0.40875582230213],[0.22598828478984,0.41598907453382],[0.176647471118737,0.406205904762329],[0.19519104432455,0.399893414514902],[0.208032657492981,0.399278370673555],[0.192617046623425,0.404656989599659],[0.194904916852448,0.404927703378828],[0.194775840821711,0.404973584469125],[0.194960564372371,0.404863550392552],[0.194668425189181,0.405250898918924],[0.194669353282989,0.405221184137253],[0.194810881281825,0.405031334136379],[0.195527626886806,0.404400484977786],[0.194740290708049,0.405366036201784],[0.196264349601483,0.403689622228686],[0.195868126588243,0.404107850748012],[0.195793878655382,0.404427402772664],[0.196337769136285,0.40365332511589],[0.199977212035185,0.404217566145728],[0.194543529576795,0.406996228844718],[0.220305393360906,0.409211382324344],[0.205608682953344,0.40722524903993],[0.204374830701862,0.405504385873311],[0.237299593556482,0.417450774696491],[0.194389501861588,0.406000463963419],[0.20472150031388,0.407988564067507],[0.196154483442987,0.404040904474938],[0.194893170384209,0.405644831167266],[0.202121682245531,0.399633816637711],[0.217708062968321,0.413031763723923],[0.193577626884937,0.411890097544734],[0.197029091961372,0.403095467995298],[0.196549092340412,0.40370489077912]],"C":[[1.1778801370209,-1.43819653265151],[-0.445727551530487,-0.967521284449633],[-0.831407175663047,-0.705713901427413],[-0.186872369393595,-0.51181078367742],[0.942481822446713,-1.35272933930221],[0.5,-0.5],[-1.5,0.5],[1.5,-1.5],[0.234803399707591,-1.35230914022499],[0.260821356878366,-1.31259357568424],[0.748903747027221,-1.10869680467547],[0.167038327018959,-1.3419753602949],[0.0204344769653048,-1.30217543531464],[-0.0485678885089482,-1.27588238500624],[0.0205220366785086,-1.30379243388357],[0.00636963623500475,-1.3019857132431],[-0.00631436336534191,-1.29729919612868],[0.00293075659948494,-1.29915139411821],[-4.82301028772447e-05,-1.29804562842309],[5.04082994515764e-05,-1.29805876771442],[-3.98955925899891e-05,-1.29807588390314],[-0.000135019825501292,-1.29787591315977],[-0.000103073979479396,-1.29789963481879],[-5.59230238892372e-05,-1.2979983389019],[-0.000158365007999928,-1.29822919487375],[-0.00034679678486027,-1.297754595869],[-0.000137253242806834,-1.29851499398037],[-0.000199481571524829,-1.29833252195063],[-0.000498816290408544,-1.29810323296764],[-0.000175644920305473,-1.29851547353347],[-0.00505855719582982,-1.29661727388586],[-0.00180452822498217,-1.29650688480598],[-0.0348293685804275,-1.2840115782323],[-0.0152135927175138,-1.29189266603856],[-0.0117346567157647,-1.29379712161309],[-0.0641552623213109,-1.26942375360323],[-0.000615025424299753,-1.29737634482749],[-0.0149931983514248,-1.29163443889937],[-0.000447556938702354,-1.29827436613629],[-0.000831391929482006,-1.29746892308487],[-0.000690679517967419,-1.29943963816581],[-0.0356828387147439,-1.28200796147369],[-0.00440341218579932,-1.29287424991419],[-0.000244994323612413,-1.29869358060253],[-0.000482668340747117,-1.29839081546118]],"d":[[0.259755154138141,0.0416898444541725],[0.697960565711768,0.560759452873344]],"df":[0.838029717058648,0.632756431915454],"lambda":[[0,0],[0,0],[0,0],[0,0],[0,0],[0.501352197313807,0],[1.50405659194142,0],[2.22044604925031e-16,0],[1.42664088153525,0],[1.7756944281286,0],[0.116460011374727,0],[0.817558424425838,0],[1.25277271879959,0],[0.389897322127994,0],[0.790393400198016,0],[0.777211843564726,0],[0.790988713493865,0],[0.818542453352144,0],[0.873649933068702,0],[0.786420425890232,0],[0.896635385323348,0],[0.722176370966407,0],[0.942606289832639,0],[0.593688261118757,0],[1.03454809885122,0],[0.336712041423458,0],[1.21843171688839,0],[-2.22044604925031e-16,0],[1.76343935092986,0],[0,0],[0,0],[0,0],[0,0],[0,0],[0,0],[0,0],[0,0],[0,0],[0,0],[0,0],[0,0]],"rho":[0.468340222633196,0.468340222633196,0.468340222633196,0.468340222633196,0.468340222633196,0.234170111316598,0.117085055658299,0.117085055658299,0.0585425278291495,0.0292712639145748,0.0292712639145748,0.0146356319572874,0.00731781597864369,0.00731781597864369,0.00365890798932184,0.00365890798932184,0.00182945399466092,0.000914726997330461,0.000457363498665231,0.000457363498665231,0.000228681749332615,0.000228681749332615,0.000114340874666308,0.000114340874666308,5.71704373331538e-05,5.71704373331538e-05,2.85852186665769e-05,2.85852186665769e-05,1.42926093332885e-05,1.42926093332885e-05,1.42926093332885e-05,1.42926093332885e-05,1.42926093332885e-05,1.42926093332885e-05,1.42926093332885e-05,1.42926093332885e-05,1.42926093332885e-05,1.42926093332885e-05,1.42926093332885e-05,1.42926093332885e-05,1.42926093332885e-05]}
