{"prog":["Inf","Inf",0.942554719932972,0.942554719932972,0.942554719932972,0.942554719932972,0.942554719932972,0.93647206630076,0.93647206630076,0.93647206630076,0.93647206630076,0.93647206630076,0.898022251832985,0.898022251832985,0.621667215755193,0.621400851015266,0.621400851015266,0.618320017840124,0.618320017840124,0.615984214158507,0.615984214158507,0.601692836913176,0.600111178514685,0.600111178514685,0.600111178514685,0.600111178514685,0.600111178514685,0.600048378792204,0.600048378792204,0.599994308710928,0.599994308710928,0.599994308710928,0.599994308710928,0.599994308710928,0.599994308710928,0.599994308710928,0.599994308710928,0.599994308710928,0.599994308710928,0.599994308710928,0.599994308710928,0.599994308710928,0.599994308710928,0.599994308710928,0.599994308710928],"mei":["Inf",0.118763608941474,0.354316598940626,0.245383274088976,0.153574530321109,0.0741078420811482,0.060967538402375,0.0613626570246241,0.213294247296835,0.256936897725233,0.195509122383856,0.0212688275871713,0.0146800620643042,0.0177564251740733,0.0213753794026058,0.0209046647045237,0.0215192168248022,6.14236582521007e-06,0.00286333645404907,"Inf",1.48978158308073e-06,"Inf","Inf","Inf","Inf","Inf","Inf","Inf","Inf","Inf","Inf","Inf","Inf","Inf","Inf","Inf","Inf","Inf","Inf","Inf","Inf"],"obj":[0.65247355983883,0.634882991908789,0.942554719932972,1.17329149868183,0.354864173437204,0.418139356945889,0.54143353807433,0.93647206630076,0.116369214374079,0.585877539656171,0.721651928470227,0.480231556932551,0.898022251832985,0.569200070580696,0.621667215755193,0.621400851015266,0.62159287109635,0.618320017840124,0.596094894680939,0.615984214158507,0.59939861893308,0.601692836913176,0.600111178514685,0.599372427216924,1.97589817886042,0.600516307495961,0.600367988043053,0.600048378792204,0.599902225707434,0.599994308710928,0.600326435618724,0.600330076139175,0.600673103053318,0.608285897624512,0.60087873664419,0.614732298576211,0.610986600575738,0.614587849657861,0.600732522242141,0.601741827301282,0.60397083769944,0.605926501776028,0.602011096192569,0.611164748303995,0.625839691233219],"X":[[0.364053658867267,0.288419900971563],[0.566600366850989,0.0682826250578003],[0.0618579107387592,0.880696809194213],[0.907179998361315,0.266111500320516],[0.0139976293439971,0.340866544093207],[0,0.418139356945889],[0,0.54143353807433],[0.0560267412119343,0.880445325088826],[0.0510455777419275,0.0653236366321515],[0.585877539656171,0],[0.603356766144747,0.118295162325481],[0.0757156378257029,0.404515919106848],[0.0194922891143896,0.878529962718595],[0.154978240132698,0.414221830447998],[0.199839477341193,0.421827738414],[0.19930259207024,0.422098258945026],[0.199911750530789,0.421681120565561],[0.197509695764992,0.420810322075132],[0.178433359955973,0.417661534724966],[0.19574632958654,0.420237884571967],[0.188233279786053,0.411165339147028],[0.192155354948269,0.409537481964908],[0.192789373039814,0.407321805474871],[0.192714114295279,0.406658312921645],[0.981688080650719,0.994210098209696],[0.193435574753481,0.407080732742481],[0.193431635256014,0.406936352787038],[0.193831039177538,0.406217339614667],[0.193636936136428,0.406265289571006],[0.19450437687311,0.405489931837819],[0.192876410636973,0.407450024981751],[0.194378848543086,0.405951227596089],[0.19432126686075,0.406351836192568],[0.203807291437721,0.404478606186791],[0.194229079272045,0.406649657372144],[0.200166695074171,0.41456560350204],[0.197303162103219,0.413683438472519],[0.200914959243264,0.413672890414598],[0.191821151457809,0.408911370784332],[0.193783925826815,0.407957901474467],[0.194679432761543,0.409291404937897],[0.19383577972684,0.412090722049189],[0.194072012823404,0.407939083369165],[0.193946188988274,0.417218559315721],[0.205316206052722,0.420523485180498]],"C":[[0.730528984349069,-1.28427889418891],[0.338619969807273,-1.17430150739954],[-0.822686474630527,-0.720546729154168],[-0.423101214857434,-0.606209119970329],[0.349820752398289,-1.3836140654907],[0.235409061326677,-1.32515947817288],[0.66586330738386,-1.20684972384831],[-0.816324462378171,-0.721677033798403],[1.67855235135025,-1.49312717149014],[0.497521347654598,-1.15674750852643],[0.301101141846999,-1.12196686731774],[0.143028857594255,-1.33063401337779],[-0.776111876914846,-0.727805155270745],[0.0455293122218373,-1.30440202026568],[-0.0152826092582066,-1.28212554240053],[-0.0144956322394865,-1.28211153658966],[-0.0153958093800012,-1.28222032455829],[-0.0120603931996124,-1.28390859291384],[0.0142118878573448,-1.29372037846601],[-0.00961055414851891,-1.28508349482388],[0.00281371716326217,-1.2955112962651],[-0.00106270736716413,-1.29535537043055],[-6.75531125149398e-07,-1.29692120442761],[0.000717490053513958,-1.29749028668311],[-1.39279502694369,0.452165207073827],[-0.000554408526982519,-1.29686795544964],[-0.000411827785185004,-1.29698700726257],[-0.000176444636045214,-1.29741700124774],[5.68280096596707e-06,-1.29745325145348],[-0.00020516779216212,-1.29774596255536],[-0.000223393910930847,-1.29678316736217],[-0.000550725143505348,-1.29742046405229],[-0.000897131102202575,-1.29711743046856],[-0.00977256651456593,-1.29485964509401],[-0.00108706817562748,-1.29691112092425],[-0.0143120010414702,-1.28806865457607],[-0.0101583845818301,-1.28993747495762],[-0.0148252198612487,-1.28850791888831],[-0.00017249146508086,-1.29599613669668],[-0.00178068954045185,-1.2960181407157],[-0.0039994447042529,-1.29458046430361],[-0.0048479161246277,-1.29260892729867],[-0.00211411150049395,-1.2959217580986],[-0.00690178772781286,-1.28831354953944],[-0.0229553403082773,-1.28100525394376]],"d":[[0.221364463882925,0.0292784332142294],[0.672147493153324,0.662851145126468]],"df":[0.717882178050266,0.789981534023072],"lambda":[[0,0],[0,0],[3.87021071086233,0],[0,0],[0,0],[0,0],[0,0],[0,0],[4.702893028026,0],[3.5527136788005e-15,0],[2.99407390397138,0],[0.984060603456771,0],[-1.11022302462516e-16,0],[-1.11022302462516e-16,0],[-1.11022302462516e-16,0],[1.86918890197664,0],[-2.22044604925031e-16,0],[0.740136559993014,0],[0.181055082094802,0],[0.18069969080696,0],[0.558165220726354,0],[1.31309628056514,0],[1.31167471541378,0],[0.445038070576366,0],[0.0737338679881662,0],[0.0856925646560273,0],[0.109609957991749,0],[0.157444744663193,0],[0.253114318006082,0],[0.444453464691858,0],[0.827131758063411,0],[1.59248834480652,0],[3.12320151829273,0],[6.18462786526515,0],[12.30748055921,0],[0,0],[12.2457053878897,0],[0,0],[24.4914107757794,0],[0,0],[0,0]],"rho":[0.0608259030098712,0.0608259030098712,0.0304129515049356,0.0304129515049356,0.0304129515049356,0.0304129515049356,0.0304129515049356,0.0304129515049356,0.0152064757524678,0.0152064757524678,0.0076032378762339,0.0076032378762339,0.0076032378762339,0.0076032378762339,0.0076032378762339,0.00380161893811695,0.00380161893811695,0.00190080946905848,0.00190080946905848,0.00190080946905848,0.000950404734529238,0.000475202367264619,0.000475202367264619,0.000475202367264619,0.000475202367264619,0.00023760118363231,0.000118800591816155,5.94002959080774e-05,2.97001479540387e-05,1.48500739770193e-05,7.42503698850967e-06,3.71251849425484e-06,1.85625924712742e-06,9.28129623563709e-07,4.64064811781855e-07,4.64064811781855e-07,2.32032405890927e-07,2.32032405890927e-07,1.16016202945464e-07,1.16016202945464e-07,1.16016202945464e-07]}
