{"prog":[0.996271743293915,0.996271743293915,0.996271743293915,0.996271743293915,0.978929832125765,0.978929832125765,0.978929832125765,0.974924232814823,0.974924232814823,0.974924232814823,0.974924232814823,0.974924232814823,0.974924232814823,0.631503792403864,0.631503792403864,0.631503792403864,0.631503792403864,0.631503792403864,0.603074864496501,0.603074864496501,0.603074864496501,0.603074864496501,0.599895685960973,0.599895685960973,0.599806654822171,0.599806654822171,0.599806654822171,0.599806654822171,0.599806654822171,0.599806654822171,0.599806654822171,0.599806654822171,0.599806654822171,0.599806654822171,0.599806654822171,0.599806654822171,0.599806654822171,0.599806654822171,0.599806654822171,0.599806654822171,0.599806654822171,0.599806654822171,0.599806654822171,0.599806654822171,0.599806654822171],"mei":["Inf",0.64963301001263,0.339790675731287,0.318728369421695,0.286291535980869,0.374291517654147,0.0832400795980886,0.17364737126959,0.199206765176683,0.122243653635348,0.0173078904453486,0.0673422859793382,0.0433025059666613,0.00317539513681031,0.0177562727388927,0.00202045859980836,1.34217652333959e-05,"Inf","Inf","Inf","Inf","Inf","Inf","Inf","Inf","Inf","Inf","Inf","Inf","Inf","Inf","Inf","Inf","Inf","Inf","Inf","Inf","Inf","Inf","Inf","Inf"],"obj":[0.996271743293915,1.18663345845105,1.18766582161367,1.67243577903892,0.978929832125765,0,0.367779341241722,0.974924232814823,0.359719797349896,0.432798219727791,0.438514471123663,0.578013134025761,0.558352041873408,0.631503792403864,0.596234807216002,0.571328996032604,0.597868796818453,0.177091666153348,0.603074864496501,0.50628150905904,0.57433888293766,0.597040996851145,0.599895685960973,0.599778692379913,0.599806654822171,0.599947221351333,0.599862274056443,0.600062459838601,0.600344381268714,0.600120335970131,0.600124868814804,0.605806499968797,0.599904756306731,0.600283359644463,0.611712191078492,0.600574241575641,0.610243508636504,0.600323025590929,0.606809817632523,0.600079005142305,0.610445539010544,0.604300462565369,0.62342680922812,0.600345364124995,0.614625416317728],"X":[[0.566933939048772,0.429337804245143],[0.371532838482301,0.815100619968749],[0.875189273961631,0.312476547652035],[0.935533722503002,0.736902056535916],[0.0138834919021194,0.965046340223645],[0,0],[0.367779341241722,0],[0,0.974924232814823],[0,0.359719797349896],[0,0.432798219727791],[0.0866199648841858,0.351894506239477],[0,0.578013134025761],[0.183253538666188,0.37509850320722],[0.245379761955848,0.386124030448016],[0.239668660868211,0.35656614634779],[0.159993992273289,0.411335003759315],[0.19679262499277,0.401076171825683],[0,0.177091666153348],[0.199073020041668,0.404001844454833],[0.50628150905904,0],[0.495990586252505,0.0783482966851548],[0.193201939569887,0.403839057281258],[0.195609184672104,0.40428650128887],[0.195447615740685,0.404331076639228],[0.195660376495471,0.4041462783267],[0.195760350732281,0.404186870619052],[0.195462103817939,0.404400170238504],[0.195800862823595,0.404261597015006],[0.1965438209436,0.403800560325114],[0.197320491784946,0.402799844185186],[0.197560804907933,0.402564063906871],[0.210994973888791,0.394811526080006],[0.196768713783384,0.403136042523347],[0.195550716700149,0.404732642944314],[0.216039281617093,0.3956729094614],[0.196204745340836,0.404369496234805],[0.208044078844489,0.402199429792015],[0.197069037567093,0.403253988023836],[0.195228321609373,0.41158149602315],[0.197321136881134,0.402757868261172],[0.214996368052014,0.395449170958529],[0.195970176114344,0.408330286451024],[0.215719571856835,0.407707237371285],[0.193830585484835,0.406514778640161],[0.206074428105046,0.408550988212682]],"C":[[-0.0416035839184405,-0.994254958600603],[-0.477128353900517,-0.697574329255846],[-0.387400198866223,-0.636402141909979],[-1.1996116998048,-0.0817520131328136],[-0.657150237373443,-0.568492809873552],[1.5,-1.5],[0.756622046944242,-1.36473835615581],[-0.604809651981257,-0.54952274027043],[0.289749720955246,-1.37060166739455],[0.260589802685156,-1.31268570100045],[0.237797485331801,-1.36866723816194],[0.759317631224494,-1.16590081689372],[0.0775093314871989,-1.32571925345802],[-0.00347104284713912,-1.29069700553307],[0.132442071422184,-1.31541951627632],[0.039045790067235,-1.30520543711878],[0.00283278355392297,-1.30041056714211],[1.54246146295376,-1.46863854177903],[-0.00374852832036499,-1.29715244236858],[0.494112775368061,-1.2436790335849],[0.581232002084577,-1.24785488275543],[0.0032020564100334,-1.29958702636062],[-0.000116515974342812,-1.29828947174752],[1.70348815042853e-05,-1.29831660996504],[-6.51329380590981e-06,-1.29838280278433],[-0.000171088875231651,-1.29831085870035],[-8.2088042944628e-05,-1.29825506828213],[-0.000308143509235581,-1.29823458329641],[-0.000596844374018413,-1.29831563393001],[-0.000181901059673639,-1.29881690904614],[-0.000133493556912723,-1.29891190281491],[-0.00038147896539642,-1.29960497986805],[-2.5772165203608e-06,-1.29876340449465],[-0.000576240649027948,-1.29795140493337],[-0.00710504161231967,-1.29676997751672],[-0.000904953426303756,-1.29798900842055],[-0.0112237777471604,-1.29495327993273],[-0.000497985666692291,-1.29855001557525],[-0.00631616336508173,-1.29248657457293],[-0.000126173014818265,-1.29885046849365],[-0.00561486714721848,-1.29739651491265],[-0.00477137170906061,-1.29486206724054],[-0.0276202769738298,-1.28723987491298],[-0.000476551733059827,-1.29717543887775],[-0.0171985080071703,-1.29061942011162]],"d":[[0.133360030230757,0.042276287109738],[0.701905315279819,0.73011823885357]],"df":[0.806858376529066,0.831594883481891],"lambda":[[0,0],[0,0],[0,0],[1.51324409388848,0],[0,0],[1.15899888382099,0],[2.22044604925031e-16,0],[1.90237988265441,0],[2.22044604925031e-16,0],[1.24014930379518,0],[1.12907593268673,0],[1.01800256157828,0],[0.906929190469828,0],[0.997578264195363,0],[1.17887641164643,0],[0.699064786639714,0],[1.06166108154185,0],[0.102037831528418,0],[0.92176427249697,0],[0.86210809363345,0],[0.870829952963644,0],[0.888273671624032,0],[0.923161108944808,0],[0.992935983586361,0],[1.13248573286947,0],[1.02577192715344,0],[1.30487142571965,0],[1.0914438142876,0],[0.878016202855546,0],[1.43621519998797,0],[1.00935997712386,0],[0.582504754259756,0],[1.6989027485246,0],[0.845192302796389,0],[0,0],[2.23279598852969,0],[0.525375097073265,0],[0,0],[0,0],[0,0],[0,0]],"rho":[0.5,0.5,0.5,0.25,0.25,0.125,0.125,0.0625,0.0625,0.03125,0.03125,0.03125,0.03125,0.015625,0.0078125,0.0078125,0.00390625,0.00390625,0.001953125,0.001953125,0.0009765625,0.00048828125,0.000244140625,0.0001220703125,6.103515625e-05,6.103515625e-05,3.0517578125e-05,3.0517578125e-05,3.0517578125e-05,1.52587890625e-05,1.52587890625e-05,1.52587890625e-05,7.62939453125e-06,7.62939453125e-06,7.62939453125e-06,3.814697265625e-06,3.814697265625e-06,3.814697265625e-06,3.814697265625e-06,3.814697265625e-06,3.814697265625e-06]}
