{"prog":[1.55959602310778,0.988253732679471,0.988253732679471,0.988253732679471,0.988253732679471,0.988253732679471,0.988253732679471,0.988253732679471,0.988253732679471,0.988253732679471,0.988253732679471,0.988253732679471,0.988253732679471,0.602093562250398,0.602093562250398,0.602093562250398,0.602093562250398,0.602093562250398,0.599801115208112,0.599801115208112,0.599799886621709,0.599799886621709,0.599799886621709,0.599799886621709,0.599799886621709,0.599799886621709,0.599799886621709,0.599799886621709,0.599799886621709,0.599799886621709,0.599799886621709,0.599799886621709,0.599799886621709,0.599799886621709,0.599799886621709,0.599799886621709,0.599799886621709,0.599799886621709,0.599799886621709,0.599799886621709,0.599799886621709,0.599799886621709,0.599799886621709,0.599799886621709,0.599799886621709],"mei":["Inf",0.484196257224138,0.242247969523585,0.262166079161461,0.225736160238317,0.0896887113335128,0.129874397628075,0.231990584795839,0.192222641100414,0.11363478486836,0.0388698892095832,0.0716193970555646,0.00254694364518644,"Inf","Inf","Inf","Inf","Inf","Inf","Inf","Inf","Inf","Inf","Inf","Inf","Inf","Inf","Inf","Inf","Inf","Inf","Inf","Inf","Inf","Inf","Inf","Inf","Inf","Inf","Inf","Inf"],"obj":[1.55959602310778,0.988253732679471,1.50584742663099,1.05195634300633,0.742054041554698,0,0.276899661664957,0.370776916977638,0.439555017507177,0.67877667229721,0.440876830918043,0.585896600127349,0.669015214004044,0.602093562250398,0.604329978500229,0.635950638203888,0.508899671508814,0.593028845987358,0.599801115208112,0.599770986036819,0.599799886621709,0.621828390611063,0.59980091661788,0.599786652647484,0.599913778690343,0.600012535551583,0.600060131378752,0.600138921510558,0.600451693300622,0.609728333717405,0.602820293679093,0.603161079059235,0.600561720973001,0.600336168502448,0.613650466605707,0.604931724211052,0.613656599531271,0.604354239872444,0.608076710336849,0.603181852805985,0.61024779687298,0.604750973580301,0.617257418033867,0.602164217314318,0.622140457220269],"X":[[0.673120045217946,0.886475977889839],[0.218313644486087,0.769940088193384],[0.881152210491978,0.624695216139009],[0.834466347907313,0.21748999509902],[0.554333024861834,0.187721016692864],[0,0],[0.276899661664957,0],[0,0.370776916977638],[0,0.439555017507177],[0,0.67877667229721],[0.0639553179099039,0.376921513008139],[0.15904775005467,0.426848850072678],[0.206575479245574,0.46243973475847],[0.198607180759595,0.403486381490803],[0.217324295776691,0.387005682723538],[0.223287082689562,0.412663555514326],[0.508899671508814,0],[0.189124580018549,0.403904265968809],[0.194929670948629,0.404871444259483],[0.19489162133158,0.404879364705238],[0.194838215455207,0.404961671166502],[0.221859382583028,0.399969008028034],[0.194953039795278,0.404847876822602],[0.194918817046924,0.404867835600561],[0.194729786105533,0.40518399258481],[0.194645738937431,0.405366796614151],[0.194544980261424,0.405515151117328],[0.197555377545208,0.40258354396535],[0.195240526523408,0.405211166777214],[0.201528682028628,0.408199651688776],[0.199773428029514,0.403046865649579],[0.202199900570352,0.400961178488883],[0.195235965527834,0.405325755445168],[0.196310260276906,0.404025908225542],[0.208506456392423,0.405144010213284],[0.20919150046447,0.395740223746582],[0.204618027102146,0.409038572429125],[0.203900315507115,0.400453924365329],[0.199496940632053,0.408579769704796],[0.199232833408402,0.403949019397583],[0.210660680512584,0.399587116360396],[0.194936116358716,0.409814857221585],[0.214616937951515,0.402640480082352],[0.19952047401324,0.402643743301078],[0.213272593858762,0.408867863361507]],"C":[[-0.49347319876929,-0.261069745350045],[-0.233759857561201,-0.859531413223967],[-0.54600582300314,-0.333326668878138],[-0.268174532779329,-0.75636401624206],[0.777861325593412,-1.15747571743933],[1.5,-1.5],[0.991433511768981,-1.42332657736983],[0.259150075903376,-1.36252447783656],[0.27658364497688,-1.30679138658427],[0.532557054625755,-1.03926222914513],[0.182202259460472,-1.3538398903427],[0.0467040816572653,-1.29250387239418],[0.0313563197001953,-1.24347606309098],[-0.00255077805524673,-1.29775392770218],[0.0139755929350335,-1.30299675200485],[-0.0422252330571905,-1.27985166865426],[0.491895807034119,-1.24102112433822],[0.00785369045710754,-1.30109323716501],[-1.28878028583523e-05,-1.2980815370071],[2.24553194181909e-05,-1.29808995597063],[-8.96003434563974e-06,-1.29804411468426],[-0.0217923328507227,-1.29080320697695],[-1.31585564352443e-05,-1.29809150890681],[3.90581679171609e-06,-1.29808869045715],[-0.000132461197062839,-1.29790624255633],[-0.000236550074592057,-1.29779079651628],[-0.000280425168443621,-1.29770971286937],[-0.000153970639959367,-1.29889836293127],[-0.000761306200981027,-1.29768504712191],[-0.0113801091845917,-1.29275923468097],[-0.00328422251393834,-1.29764380154339],[-0.00292034849071771,-1.29834533355415],[-0.000884053703304855,-1.29759394973722],[-0.000608437133645168,-1.29822534719254],[-0.0160071346679047,-1.29238338863097],[-0.000620614040296008,-1.29962859144243],[-0.0159311342817663,-1.29081890924997],[-0.00394880997416719,-1.29806131579651],[-0.00928629678507659,-1.29326354246643],[-0.0038636778001771,-1.29713146781979],[-0.00960788417875535,-1.29595221412476],[-0.00472440619951769,-1.29405169333943],[-0.0190590370248583,-1.29182021374337],[-0.00244505189229238,-1.29806959643003],[-0.0261299713715358,-1.28734187101895]],"d":[[0.163115061991398,0.0389306049596186],[0.712870252927764,0.717578773203521]],"df":[0.597090725950107,0.663506298245141],"lambda":[[0,0],[0,0],[0,0],[0,0],[0.846536017329106,0],[2.53960805198732,0],[-4.44089209850063e-16,0],[2.38071742073563,0],[3.6012206258019,0],[5.24007047939784,0],[4.97343572874049,0],[4.70680097808315,0],[0.292965574217166,0],[0.0263308235598175,0],[0.847283000274508,0],[0.844588656801865,0],[0.849283199693737,0],[0.85867228547748,0],[0.847894911586907,0],[0.836891121094339,0],[0.840157344854514,0],[0.846689792374864,0],[0.859754687415564,0],[0.885884477496965,0],[0.938144057659766,0],[1.04266321798537,0],[1.25170153863657,0],[1.66977817993898,0],[2.22044604925031e-16,0],[0.836153282604819,0],[2.50845984781446,0],[4.44089209850063e-16,0],[3.34461313041928,0],[4.44089209850063e-16,0],[6.68922626083855,0],[0,0],[0,0],[0,0],[0,0],[0,0],[0,0]],"rho":[0.30613000581005,0.30613000581005,0.30613000581005,0.30613000581005,0.153065002905025,0.0765325014525125,0.0765325014525125,0.0382662507262562,0.0191331253631281,0.00956656268156406,0.00956656268156406,0.00956656268156406,0.00956656268156406,0.00956656268156406,0.00478328134078203,0.00478328134078203,0.00239164067039101,0.00119582033519551,0.00119582033519551,0.00119582033519551,0.000597910167597754,0.000298955083798877,0.000149477541899438,7.47387709497192e-05,3.73693854748596e-05,1.86846927374298e-05,9.3423463687149e-06,4.67117318435745e-06,4.67117318435745e-06,2.33558659217873e-06,1.16779329608936e-06,1.16779329608936e-06,5.83896648044681e-07,5.83896648044681e-07,2.91948324022341e-07,2.91948324022341e-07,2.91948324022341e-07,2.91948324022341e-07,2.91948324022341e-07,2.91948324022341e-07,2.91948324022341e-07]}
