{"prog":[1.42177098589525,1.42177098589525,1.42177098589525,1.42177098589525,1.36511179093391,1.36511179093391,1.36511179093391,1.36511179093391,1.36511179093391,1.36511179093391,0.611585931291514,0.603807987382349,0.603807987382349,0.603807987382349,0.603807987382349,0.603807987382349,0.603807987382349,0.603807987382349,0.603807987382349,0.603807987382349,0.600254722461692,0.600254722461692,0.600128536682454,0.600128536682454,0.600128536682454,0.600128536682454,0.600128536682454,0.600128536682454,0.600128536682454,0.600128536682454,0.600128536682454,0.600128536682454,0.600128536682454,0.600128536682454,0.600128536682454,0.600128536682454,0.600128536682454,0.600128536682454,0.600128536682454,0.600128536682454,0.600128536682454,0.600128536682454,0.600128536682454,0.600128536682454,0.600128536682454],"mei":["Inf",0.175545270077871,0.446850981336891,0.56821092635021,0.260182222485609,0.126519971826322,0.238365391156,0.0118732571951412,0.00531878204229454,0.0166382652159715,0.000588472814785756,0.000771993219864755,1.08503305230089e-05,"Inf","Inf","Inf","Inf","Inf","Inf","Inf","Inf","Inf","Inf","Inf","Inf","Inf","Inf","Inf","Inf","Inf","Inf","Inf","Inf","Inf","Inf","Inf","Inf","Inf","Inf","Inf","Inf"],"obj":[1.42177098589525,0.22842120374749,0.535930620319194,1.60568979628982,1.36511179093391,0.6081160255,0.414883961231538,0.302884672169415,0.489918176571736,0.545489044027714,0.611585931291514,0.603807987382349,0.608446157334616,0.599754945786066,0.520380853714019,0.599577776804336,0.549683365124199,0.599721426478715,0.599896763350431,0.600013956841107,0.600254722461692,0.599857452623116,0.600128536682454,0.60020690564495,0.600496109240016,0.600502559744732,0.600709889487028,0.600626955770594,0.600682955935702,0.600495549731047,0.602979665334098,0.607618153151174,0.606898414434841,0.616700382404472,0.608798195898319,0.603064340082622,0.61936342172247,0.608727487561276,0.609460948965505,0.606995536275741,0.602212280268411,0.602443236991545,0.600830810870294,0.62001835288095,0.60108310548232],"X":[[0.466528336644761,0.955242649250488],[0.210357092486312,0.0180641112611778],[0.0176433048997175,0.518287315419476],[0.796934672993825,0.808755123295997],[0.992793065088986,0.372318725844919],[0,0.6081160255],[0.0259976243030712,0.388886336928466],[0.00274405886067784,0.300140613308738],[0.0957573505050614,0.394160826066675],[0.150882775314265,0.394606268713449],[0.218136221171604,0.39344971011991],[0.19959984297527,0.404208144407079],[0.201871034272704,0.406575123061912],[0.19386076077641,0.405894185009656],[0.520380853714019,0],[0.193564974382411,0.406012802421925],[0.441096332037513,0.108587033086687],[0.193529383833557,0.406192042645158],[0.193605959290516,0.406290804059915],[0.192992373503899,0.407021583337208],[0.19377937085366,0.406475351608032],[0.193264733098659,0.406592719524457],[0.194853800328691,0.405274736353763],[0.194948176484886,0.405258729160063],[0.194957816056059,0.405538293183956],[0.194839537177079,0.405663022567653],[0.194828365844446,0.405881523642582],[0.195575098569245,0.405051857201349],[0.194715002168013,0.40596795376769],[0.194953643539879,0.405541906191168],[0.1937045315673,0.409275133766798],[0.201863664561841,0.405754488589333],[0.211335654260157,0.395562760174685],[0.207043565969598,0.409656816434873],[0.202604185671346,0.406194010226973],[0.20514031605387,0.397924024028752],[0.212976715803681,0.406386705918788],[0.213246863217849,0.395480624343427],[0.202854514602924,0.40660643436258],[0.20120394673704,0.405791589538701],[0.200675197079981,0.40153708318843],[0.203757595648378,0.398685641343167],[0.195635536301618,0.405195274568676],[0.220553311687672,0.399465041193277],[0.200315137664954,0.400767967817366]],"C":[[-1.34510840039778,-0.369862792160382],[1.22801010757006,-1.45542358152505],[0.55872353795491,-1.23106697246749],[-0.969607547833411,-0.210810277522701],[-0.736631401631355,-0.375740696296433],[0.772556046598412,-1.13019489953008],[0.203458837316753,-1.34809154048096],[0.602386895099815,-1.40990808238362],[0.124285252977941,-1.33546777301869],[0.0625720536751544,-1.32152028080551],[-0.00390947218729842,-1.29761391461953],[-0.00461424375902575,-1.29677567867923],[-0.0100780121845571,-1.29394475482886],[0.000122810792328898,-1.29766791600654],[0.483881515664509,-1.22920376708787],[0.000350032033123726,-1.29768620496183],[0.91251639485377,-1.29364288210848],[0.000208233465614049,-1.29755440208476],[1.66864036849623e-05,-1.29744451506355],[3.49488985130764e-05,-1.297087374467],[-0.000375974403149681,-1.29722734396669],[0.000122400513010157,-1.29733110337001],[-0.000378974350861094,-1.29778438457085],[-0.000471855079999972,-1.29776057092479],[-0.000791635302932081,-1.2975301427201],[-0.000787849517882466,-1.2974750668739],[-0.00100896522347149,-1.29730209662796],[-0.000972477110345593,-1.29768337379737],[-0.000966406091592709,-1.29727608844439],[-0.000790671001341559,-1.29752883919336],[-0.0027825244682595,-1.29497241933046],[-0.00912507530780843,-1.29461435591927],[-0.00233769065375766,-1.29886734400142],[-0.0194700460390601,-1.28931425453904],[-0.010504544343956,-1.29395797000418],[-0.000848429704671971,-1.29957392183008],[-0.0227600671629634,-1.28949076377795],[-0.00400711161167444,-1.29812085109668],[-0.011270822937484,-1.29352125344016],[-0.00839944868780002,-1.29485015767709],[-0.00213228216432204,-1.29849743610144],[-0.000790677443202048,-1.29953260160238],[-0.00120589291181183,-1.29754352640319],[-0.0194825849778825,-1.29178391756805],[-0.000566767711266736,-1.29925888159381]],"d":[[0.191050661173629,0.0417149461348793],[0.69320279833197,0.653809854500138]],"df":[0.554129759455839,0.607585992645657],"lambda":[[0,0],[0,0],[0,0],[1.7794297056031,0],[5.3382891168093,0],[-8.88178419700125e-16,0],[2.18899454098066,0],[1.91545986300636,0],[1.5926143175589,0],[0.887484395806254,0],[0.896077118537623,0],[0.913262564000361,0],[0.947633454925836,0],[1.01637523677679,0],[1.15385880047869,0],[1.4288259278825,0],[1.50354594883418,0],[1.65298599073756,0],[1.95186607454432,0],[2.54962624215782,0],[3.74514657738484,0],[6.13618724783887,0],[10.9182685887469,0],[3.5527136788005e-15,0],[9.56416268181613,0],[3.5527136788005e-15,0],[19.1283253636323,0],[3.5527136788005e-15,0],[3.5527136788005e-15,0],[3.5527136788005e-15,0],[3.5527136788005e-15,0],[3.5527136788005e-15,0],[3.5527136788005e-15,0],[3.5527136788005e-15,0],[3.5527136788005e-15,0],[3.5527136788005e-15,0],[3.5527136788005e-15,0],[3.5527136788005e-15,0],[3.5527136788005e-15,0],[3.5527136788005e-15,0],[3.5527136788005e-15,0]],"rho":[0.114339350790929,0.114339350790929,0.114339350790929,0.0571696753954647,0.0285848376977324,0.0285848376977324,0.0142924188488662,0.0142924188488662,0.0142924188488662,0.0142924188488662,0.00714620942443309,0.00357310471221654,0.00178655235610827,0.000893276178054136,0.000446638089027068,0.000223319044513534,0.000111659522256767,5.58297611283835e-05,2.79148805641918e-05,1.39574402820959e-05,6.97872014104794e-06,3.48936007052397e-06,1.74468003526198e-06,1.74468003526198e-06,8.72340017630992e-07,8.72340017630992e-07,4.36170008815496e-07,4.36170008815496e-07,4.36170008815496e-07,4.36170008815496e-07,4.36170008815496e-07,4.36170008815496e-07,4.36170008815496e-07,4.36170008815496e-07,4.36170008815496e-07,4.36170008815496e-07,4.36170008815496e-07,4.36170008815496e-07,4.36170008815496e-07,4.36170008815496e-07,4.36170008815496e-07]}
