{"prog":[0.936116139370975,0.936116139370975,0.936116139370975,0.936116139370975,0.936116139370975,0.936116139370975,0.936116139370975,0.936116139370975,0.936116139370975,0.936116139370975,0.936116139370975,0.616126858343005,0.616126858343005,0.616126858343005,0.602654271879431,0.602654271879431,0.602654271879431,0.602654271879431,0.602654271879431,0.602654271879431,0.60056111452484,0.599847718608325,0.599847718608325,0.599847718608325,0.599847718608325,0.599847718608325,0.599847718608325,0.599847718608325,0.599847718608325,0.599847718608325,0.599847718608325,0.599847718608325,0.599847718608325,0.599841031918002,0.599841031918002,0.599841031918002,0.599841031918002,0.599841031918002,0.599841031918002,0.599812247723395,0.599812247723395,0.599812247723395,0.599812247723395,0.599812247723395,0.599812247723395],"mei":["Inf",0.0855460966036219,0.037674361268894,0.0524006298743614,0.0809154484954244,0.513494000600172,0.114668445784941,0.336168691877083,0.0711780140953673,0.0267833882405227,0.0213995572858068,0.00110731102418416,0.000114190254264258,0.00290159233021024,0.00155895445741575,1.99545681472131e-05,"Inf","Inf","Inf","Inf","Inf","Inf","Inf","Inf","Inf","Inf","Inf","Inf","Inf","Inf","Inf","Inf","Inf","Inf","Inf","Inf","Inf","Inf","Inf","Inf","Inf"],"obj":[0.936116139370975,1.1320254832022,1.63829965325033,1.19618642671876,1.61857618370526,0,0.342482155744556,0.265184362578851,0.467016405802993,0.527991484673906,0.481841047763503,0.616126858343005,0.643530866000943,0.591130382412517,0.602654271879431,0.517615639069993,0.567494467903784,0.599066055664451,0.598658335401057,0.535431164432852,0.60056111452484,0.599847718608325,0.599705565853362,0.599920313362636,0.599883117404152,0.600074060877322,0.599983095234701,0.60026539198538,0.600061730022078,0.600599376573357,0.599888900785189,0.600075004655364,0.600454816040391,0.599841031918002,0.600246128492188,0.629827337441554,0.600466518926612,0.600032971897974,0.601230586196762,0.599812247723395,0.600467779254249,0.60029986910651,0.600356221007489,0.600161567881196,0.610884561623625],"X":[[0.437849378985783,0.498266760385192],[0.284966105303021,0.847059377899174],[0.934206166894689,0.704093486355639],[0.745138804434132,0.45104762228463],[0.72027983504354,0.898296348661719],[0,0],[0.342482155744556,0],[0,0.265184362578851],[0.0818538501869254,0.385162555616068],[0.109906013838864,0.418085470835042],[0.0691101088382988,0.412730938925204],[0.194304297151061,0.421822561191944],[0.220117823880895,0.423413042120049],[0.18534044677299,0.405789935639527],[0.201793440250407,0.400860831629024],[0.517615639069993,0],[0,0.567494467903784],[0.197118663692556,0.401947391971894],[0.194965714426842,0.403692620974215],[0.433184779031266,0.102246385401586],[0.19667248364301,0.403888630881829],[0.196001917717405,0.40384580089092],[0.195844217425324,0.403861348428037],[0.195156333954833,0.404763979407803],[0.194847572030426,0.405035545373726],[0.194649540531786,0.405424520345536],[0.195552215069125,0.404430880165576],[0.19640535948987,0.40386003249551],[0.19706197933063,0.402999750691448],[0.192850775135687,0.40774860143767],[0.196424213679706,0.403464687105483],[0.193718971408766,0.406356033246598],[0.195365803924747,0.405089012115644],[0.195625135911157,0.404215896006845],[0.196975841814489,0.403270286677698],[0.210211328912524,0.41961600852903],[0.192439046452177,0.408027472474436],[0.197133708987455,0.402899262910519],[0.201812495864754,0.399418090332008],[0.195811145020479,0.404001102702916],[0.195460074875478,0.405007704378771],[0.195954351409012,0.404345517697499],[0.192695380442244,0.407660840565245],[0.196686851948193,0.403474715933002],[0.213930321339387,0.396954240284238]],"C":[[-0.405013005265186,-1.06001815681701],[-0.804794578559975,-0.701284729141491],[-0.952831155547976,-0.131511200207494],[0.262987497011676,-0.741324204557853],[-0.524475137482508,-0.174260629210674],[1.5,-1.5],[0.821490472063358,-1.38270597299656],[0.874803003928689,-1.42967725384365],[0.149652135097294,-1.34494975296088],[0.107131451425501,-1.31312520719869],[0.153935853101261,-1.32487696491028],[-0.0074342961272536,-1.2843115669781],[-0.0440256376884935,-1.27226953937259],[0.0103792451433244,-1.30098344692366],[-0.00232112437384774,-1.29859000113759],[0.485552505039195,-1.23207405019016],[0.740043611439489,-1.1779500288986],[0.00121712020819176,-1.29958252651105],[0.00134889782861131,-1.299020637969],[0.915139825523983,-1.30189662388794],[-0.000854588794378386,-1.29819390802209],[-3.12451180164985e-05,-1.29849181735387],[0.00013069993192466,-1.29854105374695],[-0.000153524113160997,-1.29808012629127],[-0.000103591611956277,-1.29798063065766],[-0.000304452164290481,-1.29774251467336],[-0.000222997180801487,-1.29819499435006],[-0.000512268393623339,-1.29832200891638],[-0.00015598104918807,-1.29875777724493],[-0.000461102534401181,-1.29654965655519],[-3.50692567097077e-05,-1.29863377453918],[-0.000183942545503579,-1.29734773436042],[-0.000770112956755387,-1.29773509492001],[-4.99973258359931e-05,-1.29834031561512],[-0.000413208857229785,-1.29857359362436],[-0.0295522948351978,-1.279733602583],[-0.000203974945433727,-1.2964807951067],[-0.000103749434157197,-1.29881048472701],[-8.81305250999276e-09,-1.29973690562837],[-3.36491795277505e-06,-1.2984411045006],[-0.000787761394162645,-1.29776411852351],[-0.000586558283147909,-1.29810659448182],[-0.000194311423786897,-1.29668112942586],[-0.00034775759117267,-1.29852243587349],[-0.00780474173657214,-1.29666114873199]],"d":[[0.182928021780416,0.0411653745601006],[0.704231875674431,0.689425249436317]],"df":[0.663682628514259,0.640656931342236],"lambda":[[0,0],[0,0],[0,0],[0,0],[0,0],[4.05109513794906,0],[-1.77635683940025e-15,0],[5.80011373321354,0],[4.9951257956713,0],[0.228015813070392,0],[1.35188376212081,0],[0.849219598493265,0],[0.346555434865725,0],[0,0],[0.263580322699683,0],[0.847816657880562,0],[2.01628932824232,0],[0.535727006251526,0],[0.481595305969834,0],[0.708030985875009,0],[0.599767585311625,0],[1.05263894512198,0],[0.334755263306012,0],[1.24049798292671,0],[0.807444380673176,0],[0.374390778419638,0],[0,0],[1.8114854392414,0],[0.945378234734328,0],[0.079271030227253,0],[0,0],[0,0],[0,0],[0,0],[0,0],[0,0],[0,0],[0,0],[0,0],[0,0],[0,0]],"rho":[0.0369411554163249,0.0369411554163249,0.0369411554163249,0.0369411554163249,0.0369411554163249,0.0184705777081624,0.0184705777081624,0.00923528885408121,0.00923528885408121,0.00923528885408121,0.00461764442704061,0.00461764442704061,0.00461764442704061,0.00461764442704061,0.0023088222135203,0.00115441110676015,0.000577205553380076,0.000577205553380076,0.000577205553380076,0.000288602776690038,0.000288602776690038,0.000144301388345019,0.000144301388345019,7.21506941725095e-05,7.21506941725095e-05,7.21506941725095e-05,7.21506941725095e-05,3.60753470862547e-05,3.60753470862547e-05,3.60753470862547e-05,3.60753470862547e-05,3.60753470862547e-05,3.60753470862547e-05,3.60753470862547e-05,3.60753470862547e-05,3.60753470862547e-05,3.60753470862547e-05,3.60753470862547e-05,3.60753470862547e-05,3.60753470862547e-05,3.60753470862547e-05]}
