{"prog":["Inf",1.32238951135017,1.32238951135017,1.32238951135017,1.32238951135017,1.32238951135017,1.14179340558731,1.14179340558731,1.14179340558731,0.917247109192323,0.917247109192323,0.917247109192323,0.917247109192323,0.608716355113443,0.608716355113443,0.608716355113443,0.608716355113443,0.608716355113443,0.60058091135201,0.60058091135201,0.60058091135201,0.60058091135201,0.60058091135201,0.600349770621687,0.600219170563891,0.600219170563891,0.59983513722064,0.59983513722064,0.59983513722064,0.59983513722064,0.59983513722064,0.59983513722064,0.59983513722064,0.59983513722064,0.59983513722064,0.59983513722064,0.59983513722064,0.59983513722064,0.59983513722064,0.59983513722064,0.59983513722064,0.59983513722064,0.59983513722064,0.59983513722064,0.59983513722064],"mei":["Inf",0.0442380244661768,0.076547706174427,0.0176594537846258,0.012745155930551,0.131068036465012,0.00650777658990898,0.0317936490956064,0.0506671661105043,0.0741198825738783,0.0198004920347184,0.007401752608358,0.0021458924617688,0.00376635618321238,0.000971921327257863,5.96115979184863e-05,0.000254970468662957,2.34475216447049e-05,"Inf","Inf","Inf","Inf","Inf","Inf","Inf","Inf","Inf","Inf","Inf","Inf","Inf","Inf","Inf","Inf","Inf","Inf","Inf","Inf","Inf","Inf","Inf"],"obj":[1.10704147258006,1.32238951135017,0.862716214294246,0.420568207139282,0.790249308275583,1.13501221760372,1.14179340558731,0.281983417588829,0.9129862183583,0.917247109192323,0.331331634865196,0.483200057122181,0.549587074696107,0.608716355113443,0.602547695722871,0.600159509108129,0.601086518758719,0.60030498657706,0.60058091135201,0.415916749513086,0.599084753948114,0.391139204528265,0.600677334274834,0.600349770621687,0.600219170563891,0.600395621305083,0.59983513722064,0.600330111932065,0.600095285490942,0.600269258473298,0.600257407230449,0.599881517209104,0.599952369708265,0.605320608570614,0.599926555743919,0.599923711587129,0.600566076140564,0.600010914782141,0.600019646501555,0.600168855575853,0.599827187483699,0.60034492531231,0.600153903044823,0.606052524740494,0.600212706905171],"X":[[0.787976447527291,0.319065025052769],[0.36235502314343,0.960034488206737],[0.158887193407604,0.703829020886642],[0.125470956695609,0.295097250443673],[0.531948193337756,0.258301114937826],[0.81041059695771,0.324601620646009],[0.815646206273314,0.326147199313995],[0,0.281983417588829],[0.174441463590657,0.738544754767643],[0.175701780078896,0.741545329113427],[0.153115307326442,0.178216327538753],[0.110015126271269,0.373184930850912],[0.142186768130905,0.407400306565202],[0.195077412848686,0.413638942264757],[0.18926154686223,0.413286148860641],[0.188797103301751,0.411362405806378],[0.190263229684352,0.410823289074368],[0.191271646306926,0.409033340270134],[0.19225192534975,0.40832898600226],[0,0.415916749513086],[0.193990542031299,0.405094211916815],[0.391139204528265,0],[0.193001954287801,0.407675379987032],[0.193732499115609,0.406617271506078],[0.195242953029356,0.404976217534535],[0.194623900360694,0.405771720944389],[0.195486858925334,0.404348278295306],[0.194993774236553,0.405336337695512],[0.194243130362456,0.405852155128485],[0.19395776845347,0.406311490019828],[0.195357502852272,0.404899904378177],[0.196003983999451,0.403877533209653],[0.195010405453576,0.404941964254689],[0.189595265754054,0.415725342816559],[0.196729194628684,0.403197361115235],[0.195889566482678,0.404034145104451],[0.197612197033086,0.402953879107478],[0.193550747716497,0.406460167065644],[0.196878791106624,0.403140855394932],[0.194231428445847,0.405937427130005],[0.193839588642176,0.405987598841522],[0.194943472714286,0.405401452598024],[0.195624082795883,0.404529820248939],[0.207216645838417,0.398835878902077],[0.1952302102601,0.404982496645071]],"C":[[0.127896134862766,-0.777290627930345],[-1.26766374193775,-0.447032618656352],[0.270163354853917,-0.979379569128805],[0.558875875601071,-1.39717465180647],[0.948808161977293,-1.15031165362657],[0.0166380795363521,-0.737868452212633],[-0.00868686208257512,-0.728349270571588],[0.740442214941168,-1.42048535220492],[0.0129230626775985,-0.924121820985552],[-0.0109303718145274,-0.919239409347167],[1.42400560825765,-1.44479464326093],[0.146056164266391,-1.34862967937732],[0.062502399367477,-1.31380791317907],[-0.00724840002485772,-1.29084762843836],[0.000467793012637774,-1.29337462603926],[0.0019871318038524,-1.29513662487406],[0.000439712383719981,-1.2950241285842],[0.00041164529485338,-1.29610688386649],[-0.000230902685940393,-1.29630663638968],[0.232817126829024,-1.32701325747447],[0.000834066020184876,-1.2982663490739],[0.698902945747032,-1.347010122681],[-0.000579244339119933,-1.29655103019352],[-0.000461277145187788,-1.29713011329937],[-0.000498280805635076,-1.2978744525238],[-0.000650231538927182,-1.29747084789022],[-4.89299779773966e-05,-1.29828735782713],[-0.00061161443009905,-1.29767988135257],[-0.000285616365011065,-1.29755363448456],[-0.00042326538396964,-1.29729135713442],[-0.000544615039911489,-1.29789151351387],[-7.29575776158287e-05,-1.29846537642483],[-0.000187664801310772,-1.29799294735039],[-0.000748359092996753,-1.2912260745437],[-3.77221315693843e-05,-1.29872951197046],[-0.000134168675624935,-1.29838368733294],[-0.000717985536744459,-1.29857759089599],[-8.79007516871866e-05,-1.29732824064735],[-0.000133924749070424,-1.29871619232384],[-0.000361615193707476,-1.29748895745896],[5.03585828973696e-05,-1.29760028346193],[-0.000624554645523301,-1.29764670467751],[-0.000423553469093951,-1.29808684275963],[-0.00466732625470218,-1.29799120338788],[-0.000490560528239925,-1.29787434241292]],"d":[[0.110159952267804,0.0446148182278956],[0.651266042061887,0.645520868915781]],"df":[0.54746605365783,0.563684827949786],"lambda":[[0,0],[0,0],[2.69015775128543,0],[0,0],[0,0],[4.17897716578788,0],[0,0],[0,0],[0,0],[0,0],[0,0],[0.302543811308305,0],[0.907631433924914,0],[2.04516240900268,0],[4.17500587476659,0],[1.7856353024507,0],[-2.22044604925031e-16,0],[5.84372737100419e-17,0],[5.84372737100419e-17,0],[5.84372737100419e-17,0],[5.84372737100419e-17,0],[5.84372737100419e-17,0],[5.84372737100419e-17,0],[5.84372737100419e-17,0],[5.84372737100419e-17,0],[5.84372737100419e-17,0],[5.84372737100419e-17,0],[5.84372737100419e-17,0],[5.84372737100419e-17,0],[5.84372737100419e-17,0],[5.84372737100419e-17,0],[5.84372737100419e-17,0],[5.84372737100419e-17,0],[5.84372737100419e-17,0],[5.84372737100419e-17,0],[5.84372737100419e-17,0],[5.84372737100419e-17,0],[5.84372737100419e-17,0],[5.84372737100419e-17,0],[5.84372737100419e-17,0],[5.84372737100419e-17,0]],"rho":[0.00618479698017784,0.00618479698017784,0.00309239849008892,0.00309239849008892,0.00309239849008892,0.00154619924504446,0.00154619924504446,0.00154619924504446,0.00154619924504446,0.00154619924504446,0.00154619924504446,0.00077309962252223,0.000386549811261115,0.000193274905630557,9.66374528152787e-05,9.66374528152787e-05,9.66374528152787e-05,4.83187264076393e-05,4.83187264076393e-05,4.83187264076393e-05,4.83187264076393e-05,4.83187264076393e-05,4.83187264076393e-05,4.83187264076393e-05,4.83187264076393e-05,4.83187264076393e-05,4.83187264076393e-05,4.83187264076393e-05,4.83187264076393e-05,4.83187264076393e-05,4.83187264076393e-05,4.83187264076393e-05,4.83187264076393e-05,4.83187264076393e-05,4.83187264076393e-05,4.83187264076393e-05,4.83187264076393e-05,4.83187264076393e-05,4.83187264076393e-05,4.83187264076393e-05,4.83187264076393e-05]}
