{"prog":[1.52206070956356,1.52206070956356,1.52206070956356,1.34948230871686,1.18888523941601,1.18888523941601,1.18888523941601,1.18888523941601,1.18888523941601,0.809436347123475,0.809436347123475,0.809436347123475,0.758586357970968,0.758586357970968,0.758586357970968,0.758586357970968,0.758586357970968,0.758586357970968,0.625517152162968,0.625517152162968,0.620610990697851,0.617370600664998,0.613573098937306,0.613573098937306,0.612670190334603,0.611166020462532,0.611166020462532,0.611166020462532,0.611166020462532,0.599984639020245,0.599984639020245,0.599984639020245,0.599984639020245,0.599984639020245,0.599984639020245,0.599984639020245,0.599984639020245,0.599984639020245,0.599984639020245,0.599984639020245,0.599984639020245,0.599984639020245,0.599984639020245,0.599984639020245,0.599984639020245],"mei":["Inf",0.242004795201109,0.16502482647468,0.161869840972577,0.282661121674174,0.134845320904148,0.161729114630214,0.0423071154753705,0.0658341036741859,0.0272686833024925,0.0159537160137902,0.0243003055279356,0.0239204259222713,0.021390784400941,0.136308978982637,0.0439067513531861,0.0216275630055005,0.00913010051776749,0.020814578009495,0.0043253374010206,0.0029147098679366,0.00781177465868621,"Inf","Inf","Inf","Inf","Inf","Inf","Inf","Inf","Inf","Inf","Inf","Inf","Inf","Inf","Inf","Inf","Inf","Inf","Inf"],"obj":[1.52206070956356,0.702460365938596,0.768591951925445,1.34948230871686,1.18888523941601,0,0.304059614756327,0.490184875186777,0.654920772084641,0.809436347123475,0.237843731110576,0.736839738767273,0.758586357970968,0.748526916408727,0.400939833013593,0.503946592644891,0.456026708664917,0.595592337731724,0.625517152162968,0.629346134665908,0.620610990697851,0.617370600664998,0.613573098937306,0.611735281488568,0.612670190334603,0.611166020462532,0.603201257682684,0.600204819701948,0.599923549793601,0.599984639020245,0.600151779383001,0.607411941525414,0.600467558517796,0.608005067718682,0.600404603405634,0.610915168221645,0.601888152503796,0.610481048214005,0.612525622576354,0.630241422153463,0.602644003533411,0.610090959968051,0.610047089009929,0.609639906016405,0.624324200175266],"X":[[0.809823893352836,0.712236816210727],[0.0376188818266659,0.66484148411193],[0.480369819905695,0.28822213201975],[0.53396883314335,0.815513475573508],[0.866740120455329,0.322145118960679],[0,0],[0.304059614756327,0],[0.490184875186777,0],[0.654920772084641,0],[0,0.809436347123475],[0,0.237843731110576],[0,0.736839738767273],[2.60432699706325e-05,0.758560314700997],[0,0.748526916408727],[0,0.400939833013593],[0.0766583886171706,0.427288204027721],[0,0.456026708664917],[0.171387246056482,0.424205091675242],[0.201919794398444,0.423597357764524],[0.205984178773692,0.423361955892216],[0.197113481588831,0.423497509109021],[0.193977498612446,0.423393102052552],[0.189992685172663,0.423580413764642],[0.188047315541892,0.423687965946677],[0.189605509921055,0.423064680413548],[0.18940131179766,0.421764708664872],[0.18922891842216,0.413972339260524],[0.19200774244267,0.408197077259279],[0.193476060495526,0.406447489298074],[0.194152037991052,0.405832601029193],[0.194308669789538,0.405843109593463],[0.190968253274667,0.416443688250748],[0.19345085479799,0.407016703719806],[0.195333360234865,0.412671707483817],[0.193476569031204,0.40692803437443],[0.199851292723048,0.411063875498596],[0.190213490083953,0.411674662419843],[0.189838584623076,0.420642463590928],[0.202867842839846,0.409657779736509],[0.205219229054603,0.42502219309886],[0.194000857211941,0.40864314632147],[0.189537257570199,0.420553702397852],[0.197392084801056,0.412655004208874],[0.189945895614403,0.419694010402001],[0.203077680906392,0.421246519268874]],"C":[[-1.23086531414407,-0.33690397938886],[0.573447144790623,-1.05657062073396],[0.8555054921734,-1.18617283873776],[-0.253058896997474,-0.549815056389546],[-0.322296906429681,-0.644984085922891],[1.5,-1.5],[0.921554370707504,-1.40754775067423],[0.510747067096699,-1.25971878813812],[0.629127951671878,-1.07107878229206],[-0.458556014668121,-0.844812799955405],[1.10039591080823,-1.4434303595714],[0.108632483906017,-0.957067199373376],[-0.070829040966382,-0.924586248282472],[0.0122012957644434,-0.939707455411643],[0.224449987214515,-1.33924725030303],[0.161869487013591,-1.31154828215338],[0.325502092533609,-1.29203964098424],[0.0265086664538311,-1.29067645208597],[-0.0180216654062502,-1.279793675125],[-0.023894700866247,-1.27833517239804],[-0.0111145803899528,-1.28179613515438],[-0.00661814022572571,-1.28311101116638],[-0.000801324955576055,-1.28448241265586],[0.00205502038515076,-1.28512671462946],[-0.000415677437985484,-1.28506602679416],[-0.000478662001492824,-1.28624167361416],[0.000248106227797085,-1.29281931875995],[0.000178308551670225,-1.29650817295905],[1.39187198349155e-05,-1.29736745245842],[-0.000157173352896167,-1.2976048860858],[-0.000353580439161338,-1.29753551124013],[-0.00274013441870952,-1.29010578075734],[-0.000511847209483607,-1.29691416967099],[-0.00708940542719683,-1.29154694022175],[-0.000457799383998259,-1.29697639207608],[-0.0117887729290314,-1.291085951057],[9.90855878846286e-06,-1.29434280051159],[-0.00130129159483894,-1.28702122961246],[-0.014377235261452,-1.29102514184286],[-0.0225070307572965,-1.27724120339967],[-0.0026356472086605,-1.29537444636552],[-0.000889956588109309,-1.28721021139223],[-0.00972033255801913,-1.29075221235927],[-0.00154767264180061,-1.28777749437193],[-0.0198683370047081,-1.28131082552154]],"d":[[0.128869889886955,0.0442171711456889],[0.801189759219784,0.737958917172936]],"df":[0.723621857416234,0.796145451561461],"lambda":[[0,0],[0,0],[0,0],[0,0],[0,0],[0,0],[0,0],[0,0],[0.785493962392129,0],[0,0],[0.176448955445455,0],[0.529346866336365,0],[0,0],[0.70579582178182,0],[3.77263501416418,0],[0,0],[0,0],[0,0],[0,0],[0,0],[0.475498612448248,0],[0.283136486586767,0],[0.061627133992348,0],[0.176442702645335,0],[0.341473608459204,0],[0.36723814886525,0],[0.418767229677343,0],[0.521825391301529,0],[0.727941714549901,0],[1.14017436104664,0],[1.96463965404013,0],[3.61357024002711,0],[0,0],[3.29786117197395,0],[0,0],[6.5957223439479,0],[0,0],[0,0],[0,0],[0,0],[0,0]],"rho":[0.138298305406688,0.138298305406688,0.138298305406688,0.138298305406688,0.138298305406688,0.138298305406688,0.138298305406688,0.138298305406688,0.0691491527033442,0.0691491527033442,0.0345745763516721,0.0172872881758361,0.0172872881758361,0.00864364408791803,0.00432182204395902,0.00432182204395902,0.00432182204395902,0.00432182204395902,0.00432182204395902,0.00432182204395902,0.00216091102197951,0.00216091102197951,0.00216091102197951,0.00108045551098975,0.000540227755494877,0.000270113877747438,0.000135056938873719,6.75284694368596e-05,3.37642347184298e-05,1.68821173592149e-05,8.44105867960745e-06,4.22052933980373e-06,4.22052933980373e-06,2.11026466990186e-06,2.11026466990186e-06,1.05513233495093e-06,1.05513233495093e-06,1.05513233495093e-06,1.05513233495093e-06,1.05513233495093e-06,1.05513233495093e-06]}
