{"prog":["Inf","Inf",1.36277301162546,0.98980068006781,0.98980068006781,0.98980068006781,0.98980068006781,0.98980068006781,0.98980068006781,0.98980068006781,0.98980068006781,0.651225334860397,0.651225334860397,0.603798331962581,0.601351968527834,0.601351968527834,0.601351968527834,0.601351968527834,0.599954510141071,0.599954510141071,0.599954510141071,0.599913540469044,0.599913540469044,0.599844091873743,0.599844091873743,0.599844091873743,0.599844091873743,0.599844091873743,0.599844091873743,0.599844091873743,0.599844091873743,0.599844091873743,0.599844091873743,0.599844091873743,0.599844091873743,0.599844091873743,0.599844091873743,0.599844091873743,0.599844091873743,0.599844091873743,0.599844091873743,0.599844091873743,0.599844091873743,0.599844091873743,0.599844091873743],"mei":["Inf",0.133313328778409,0.145662490275149,0.134193148246983,0.470637818609607,0.0469320706156891,0.22727991723492,0.139677188791145,0.026838797582196,0.0550809309730512,0.0100013025116457,0.00640570782296219,0.000951992573596713,7.00550131003278e-05,"Inf","Inf","Inf","Inf","Inf","Inf","Inf","Inf","Inf","Inf","Inf","Inf","Inf","Inf","Inf","Inf","Inf","Inf","Inf","Inf","Inf","Inf","Inf","Inf","Inf","Inf","Inf"],"obj":[0.304775467627862,0.510391208359597,1.36277301162546,0.98980068006781,1.01502501243144,1,0,0.384014898820977,0.442078423540154,0.456865584479842,0.581135731459927,0.651225334860397,0.601067065632602,0.603798331962581,0.601351968527834,0.599600400100822,0.438092147420285,0.571012672101647,0.599954510141071,0.599767722257178,0.599603510508481,0.599913540469044,0.599667774555416,0.599844091873743,0.600218269801424,0.607726042590641,0.599949496189796,0.600725616819219,0.60021582238409,0.600247887486789,0.600217810398342,0.60023878200406,0.621092371549479,0.607996453901491,0.600181898927778,0.616176926006507,0.607776695810921,0.600540691667859,0.601305242017034,0.600009886776981,0.60403636356928,0.609633157048142,0.619709401481624,0.611269880722464,0.612558626457294],"X":[[0.0800566553557424,0.22471881227212],[0.386373722950549,0.124017485409048],[0.736359188900413,0.626413822725046],[0.122882931819857,0.866917748247953],[0.639526233095565,0.375498779335874],[1,0],[0,0],[0,0.384014898820977],[0,0.442078423540154],[0.0608995432255863,0.395966041254256],[0.164964822431098,0.416170909028829],[0.223009546372622,0.428215788487775],[0.176269454841577,0.424797610791025],[0.198582643257692,0.405215688704889],[0.197274532038053,0.404077436489781],[0.195791673080397,0.403808727020425],[0.438092147420285,0],[0,0.571012672101647],[0.195453559050996,0.404500951090075],[0.19551762401916,0.404250098238017],[0.19516341179973,0.404440098708751],[0.195324286965901,0.404589253503142],[0.195290925977075,0.404376848578341],[0.194347448182207,0.405496643691536],[0.196952499129485,0.403265770671938],[0.189036226892213,0.418689815698429],[0.19575404646888,0.404195449720916],[0.19298881565545,0.407736801163769],[0.196270636597853,0.403945185786237],[0.193901643610397,0.406346243876393],[0.195495863938829,0.404721946459513],[0.19585403999901,0.40438474200505],[0.211517978662187,0.409574392887292],[0.191863726895687,0.416132727005805],[0.195541624905761,0.404640274022017],[0.195140752138762,0.421036173867745],[0.199086970521798,0.408689725289124],[0.195783223524659,0.4047574681432],[0.197697510847606,0.403607731169428],[0.196042315489923,0.403967571287058],[0.194350108617495,0.409686254951785],[0.198788435697143,0.410844721350999],[0.195543288163595,0.424166113318029],[0.201700210936694,0.40956966978577],[0.195155690418825,0.417402936038469]],"C":[[1.14568885684354,-1.44309238734426],[1.15629870873137,-1.33533500952615],[-0.973945889739126,-0.565380867620921],[-0.847102045574085,-0.733353402840056],[0.528233781031142,-0.950006863899865],[0.5,-0.5],[1.5,-1.5],[0.2351751205231,-1.35253255748351],[0.283204943079519,-1.30456666744025],[0.16151891516903,-1.33950213980835],[0.0323897954957981,-1.29958838183839],[-0.0480474470404294,-1.26689798071647],[0.0197673406759166,-1.28847606915609],[-0.00466936072718593,-1.29636517942421],[-0.0017812428355789,-1.29780418432901],[0.000256269555745481,-1.29860413273452],[0.594827713896169,-1.30807527036868],[0.747255779161037,-1.17394452829934],[-0.000191628144494027,-1.29817688682152],[3.30732343756246e-05,-1.29835471677246],[0.000216798529877993,-1.29833944925114],[-0.000145471690177257,-1.29815595887103],[0.000143944297959608,-1.29834081856487],[-2.77126435513364e-05,-1.29780154133996],[-0.000380777080179362,-1.29858643129102],[-0.000321833558920459,-1.28896414315277],[-0.000174191380364896,-1.29830639171597],[-0.00061820449256339,-1.29650601800864],[-0.000463214934539269,-1.2983061240896],[-0.000391703029301305,-1.29728488269273],[-0.000499971101254548,-1.29798151323683],[-0.000517520182166276,-1.29811417544958],[-0.0247980115522509,-1.28750896139367],[-0.00387635908823053,-1.29002186381641],[-0.000457774705100833,-1.2980297215686],[-0.00871627755515969,-1.28464862714953],[-0.00888880668110559,-1.29333708661155],[-0.000875648946967678,-1.2978403213686],[-0.0016719583653183,-1.29801649354493],[-0.000228253100684472,-1.29837761188579],[-0.00389922225141781,-1.29438520778395],[-0.010296825656524,-1.2916897727711],[-0.00865375082175407,-1.28184593076685],[-0.0128687617816368,-1.29156971049967],[-0.00857273976736206,-1.28768904548362]],"d":[[0.176050933808134,0.041957749310228],[0.685083743170339,0.683458645332133]],"df":[0.606098694459464,0.546243304455974],"lambda":[[0,0],[0,0],[0,0],[0,0],[1.66846375331267,0],[-2.22044604925031e-16,0],[2.29181092655114,0],[3.21097617909563,0],[0.483972620288738,0],[1.60589712807817,0],[1.07586424996605,0],[0.873670133486332,0],[0.902760044962534,0],[0.960939867914937,0],[1.07729951381974,0],[0.903281316661236,0],[0.729263119502729,0],[0.926138632834013,0],[0.66193191801049,0],[0.923364572261951,0],[1.04350025766335,0],[1.28377162846614,0],[0.881116431274044,0],[1.36165917287963,0],[0.556348778495436,0],[1.51743426170661,0],[0,0],[1.92217096642235,0],[0,0],[3.84434193284469,0],[0,0],[0,0],[0,0],[0,0],[0,0],[0,0],[0,0],[0,0],[0,0],[0,0],[0,0]],"rho":[0.140953089365093,0.140953089365093,0.140953089365093,0.140953089365093,0.0704765446825467,0.0704765446825467,0.0352382723412733,0.0176191361706367,0.0176191361706367,0.00880956808531833,0.00880956808531833,0.00880956808531833,0.00440478404265917,0.00220239202132958,0.00110119601066479,0.00110119601066479,0.00110119601066479,0.000550598005332396,0.000550598005332396,0.000275299002666198,0.000137649501333099,6.88247506665495e-05,6.88247506665495e-05,3.44123753332747e-05,3.44123753332747e-05,1.72061876666374e-05,1.72061876666374e-05,8.60309383331869e-06,8.60309383331869e-06,4.30154691665934e-06,4.30154691665934e-06,4.30154691665934e-06,4.30154691665934e-06,4.30154691665934e-06,4.30154691665934e-06,4.30154691665934e-06,4.30154691665934e-06,4.30154691665934e-06,4.30154691665934e-06,4.30154691665934e-06,4.30154691665934e-06]}
