{"prog":[1.3389961582839,1.3389961582839,1.3389961582839,1.3389961582839,1.26169334023765,1.26169334023765,1.26169334023765,1.26169334023765,1.26169334023765,1.26169334023765,1.26169334023765,1.25779217456328,1.25779217456328,1.25779217456328,0.633679276797497,0.616429566837633,0.616429566837633,0.604839288840455,0.604839288840455,0.604839288840455,0.604839288840455,0.599815288056573,0.599815288056573,0.599815288056573,0.599815288056573,0.59979352387817,0.59979352387817,0.59979352387817,0.59979352387817,0.59979352387817,0.59979352387817,0.59979352387817,0.59979352387817,0.59979352387817,0.59979352387817,0.59979352387817,0.59979352387817,0.59979352387817,0.59979352387817,0.59979352387817,0.59979352387817,0.59979352387817,0.59979352387817,0.59979352387817,0.59979352387817],"mei":["Inf",0.217414908171005,0.182922800594185,0.225234393995148,0.173557854442498,0.231953713854292,0.116078817032999,0.311307277480338,0.376961975293446,0.588000279442633,0.275479693042842,0.0322997951129434,0.0198956219213376,0.0095667696666971,0.010556488000192,"Inf","Inf","Inf","Inf","Inf","Inf","Inf","Inf","Inf","Inf","Inf","Inf","Inf","Inf","Inf","Inf","Inf","Inf","Inf","Inf","Inf","Inf","Inf","Inf","Inf","Inf"],"obj":[1.3389961582839,1.36483589974345,0.72310890860928,0.534386479117532,1.26169334023765,0,0.630020894785893,0.497327854082989,0.400866422938918,0.331946847781433,0.45851395641903,1.25779217456328,0.487665073478126,0.591201431355176,0.633679276797497,0.616429566837633,0.6014145080642,0.604839288840455,0.603169642444572,0.600311449243727,0.599745935185784,0.599815288056573,0.600008920004912,0.599982361172915,0.599823863642263,0.59979352387817,0.59993055386673,0.599903005943955,0.599997753043326,0.599975485321351,0.599866868428951,0.599863469368397,0.599773760730026,0.599968444299057,0.599857290327322,0.599851883101614,0.599811950071713,0.5999958566414,0.59978510082711,0.599987844320531,0.599782869281784,0.600001101457717,0.59987670203062,0.599740538538452,0.599895505346173],"X":[[0.541079057432031,0.79791710085187],[0.96381789268549,0.401018007057956],[0.128759774176581,0.594349134432699],[0.532661519938303,0.00172495917922933],[0.700155907757616,0.56153743248003],[0,0],[0.630020894785893,-2.16840434497101e-19],[0.410305413227362,0.0870224408556276],[0,0.400866422938918],[0,0.331946847781433],[0,0.45851395641903],[0.69654791154266,0.561244263020622],[0.0821219035306877,0.405543169947438],[0.176594413142319,0.414607018212857],[0.214625614792883,0.419053662004615],[0.199450229122984,0.416979337714649],[0.186326082090631,0.415088425973569],[0.189624952021102,0.415214336819353],[0.189380781695302,0.41378886074927],[0.190534105353376,0.409777343890351],[0.193988822643754,0.40575711254203],[0.195436791458277,0.404378496598296],[0.194658720743151,0.405350199261761],[0.195893164952512,0.404089196220403],[0.195422692180991,0.404401171461272],[0.195241057549839,0.404552466328331],[0.195417896857295,0.404512657009435],[0.195099953674148,0.404803052269806],[0.195148295301242,0.404849457742084],[0.195556071894139,0.404419413427212],[0.1961997496518,0.403667118777151],[0.194748999188677,0.40511447017972],[0.195747719998121,0.404026040731905],[0.195129674902927,0.404838769396131],[0.195403735548766,0.404453554778555],[0.196012539417222,0.403839343684392],[0.195375011705224,0.40443693836649],[0.195303699904322,0.404692156737078],[0.194403026693836,0.405382074133274],[0.195688345347823,0.404299498972709],[0.195783049059418,0.403999820222365],[0.19665363923794,0.403347462219777],[0.195059897504722,0.404816804525898],[0.195100021702538,0.404640516835914],[0.194883975847201,0.405011529498971]],"C":[[-0.164451242794944,-0.570561753776611],[-0.623622310804795,-0.410239627754566],[0.623863699001716,-1.1301700269531],[0.472909561014851,-1.21626872969285],[-0.693799298082182,-0.694457416755844],[1.5,-1.5],[0.568329718880261,-1.10307367213318],[0.933535215413147,-1.32407656266385],[0.224449304315006,-1.33930611096016],[0.407514876891582,-1.38981129024797],[0.333955572417503,-1.28976495176897],[-0.698850538096322,-0.699825884151996],[0.135655516612089,-1.32879073026948],[0.0167858344556105,-1.29691543369556],[-0.0353883648942215,-1.2783298738353],[-0.0142695615002622,-1.28634783802184],[0.00375491421611396,-1.29298418975554],[-0.000661427042767504,-1.29163943207066],[0.000115985744631841,-1.2929136982443],[0.000783982277166195,-1.29577928313136],[0.00011578979247201,-1.29772950231084],[-2.69789626319294e-05,-1.2982824920334],[-0.000233512835347227,-1.29779919839709],[-0.000205604560245043,-1.29833778942284],[-3.76188531007737e-05,-1.29826966390148],[-5.64728400559433e-06,-1.29821823143448],[-0.00016407241765376,-1.29818135590704],[-0.000132931990880103,-1.29807049694939],[-0.00024268350316492,-1.29801405940696],[-0.000213835804330209,-1.29820276078852],[-3.49420429194836e-05,-1.29855851545472],[-7.71328028066343e-05,-1.29795509336601],[3.915851938735e-05,-1.29844578852604],[-0.000208686296535088,-1.2980299807661],[-7.77923028929539e-05,-1.29823470216058],[-3.54314504730224e-05,-1.29849286888377],[-2.48086808554149e-05,-1.29825936768592],[-0.000241742873888007,-1.29808072307917],[3.19299833793085e-05,-1.29787283718368],[-0.00022366286773029,-1.29824798662545],[3.05626831856864e-05,-1.29845314296129],[-0.000146318054420558,-1.29863817089534],[-0.000102076969706377,-1.29807499115889],[5.52869139397449e-05,-1.29820203366643],[-0.000118987807753212,-1.29798589693089]],"d":[[0.144876552531105,0.037219782994931],[0.653577516710411,0.736339874531204]],"df":[0.602846852003697,0.569222610416632],"lambda":[[0,0],[0,0],[0,0],[0,0],[0,0],[2.5324791654221,0],[4.44089209850063e-16,0],[5.06495833084421,0],[1.77635683940025e-15,0],[6.12244748172681,0],[7.63761461179365,0],[1.24897931143614,0],[0,0],[0.677871881975451,0],[0.439058013820409,0],[0.480935654943875,0],[1.04706261398588,0],[1.21429017769364,0],[1.13636230346603,0],[1.05843442923841,0],[0.980506555010792,0],[0.871845696066021,0],[0.855533696093318,0],[0.839221696120615,0],[0.822909696147912,0],[0.806597696175208,0],[0.790285696202505,0],[0.773973696229802,0],[0.757661696257099,0],[0.741349696284396,0],[0.725037696311693,0],[0.70872569633899,0],[0.692413696366286,0],[0.676101696393583,0],[0.65978969642088,0],[0.643477696448177,0],[0.627165696475474,0],[0.610853696502771,0],[0.594541696530067,0],[0.578229696557364,0],[0.73792418647191,0]],"rho":[0.088628292536257,0.088628292536257,0.088628292536257,0.088628292536257,0.088628292536257,0.0443141462681285,0.0443141462681285,0.0221570731340643,0.0221570731340643,0.0110785365670321,0.00553926828351606,0.00553926828351606,0.00553926828351606,0.00276963414175803,0.00276963414175803,0.00138481707087902,0.000692408535439508,0.000346204267719754,0.000346204267719754,0.000346204267719754,0.000346204267719754,0.000346204267719754,0.000346204267719754,0.000346204267719754,0.000346204267719754,0.000346204267719754,0.000346204267719754,0.000346204267719754,0.000346204267719754,0.000346204267719754,0.000346204267719754,0.000346204267719754,0.000346204267719754,0.000346204267719754,0.000346204267719754,0.000346204267719754,0.000346204267719754,0.000346204267719754,0.000346204267719754,0.000346204267719754,0.000173102133859877]}
