{"prog":["Inf",1.14450456276641,1.03569835627817,1.03569835627817,1.03569835627817,1.03569835627817,1.03482882079431,1.03322692238023,1.0284705832965,0.978062020526689,0.925467965299831,0.852577912462978,0.852577912462978,0.852577912462978,0.852577912462978,0.852577912462978,0.852577912462978,0.609293456539068,0.609293456539068,0.609293456539068,0.603364966553787,0.603364966553787,0.603364966553787,0.603364966553787,0.603364966553787,0.601064120502812,0.60073413746067,0.60073413746067,0.600690247147825,0.600690247147825,0.600690247147825,0.600404568269306,0.600404568269306,0.600404568269306,0.600404568269306,0.600404568269306,0.600404568269306,0.600404568269306,0.600404568269306,0.600382460410083,0.600382460410083,0.600382460410083,0.600382460410083,0.600382460410083,0.600382460410083],"mei":["Inf",0.00704476825811851,0.00997136682299047,0.00958003497720164,0.0212923273418279,0.0397009809889497,0.0528370240628391,0.0789269933401509,0.00429217139568134,0.0272593801736997,0.039094081239346,0.0119654802425498,0.199971643835119,0.0213884508071022,0.00438585693259973,0.00176798942331756,0.00245748763973482,0.00124180355621831,0.00298435195045476,1.16577572499172e-05,"Inf","Inf","Inf","Inf","Inf","Inf","Inf","Inf","Inf","Inf","Inf","Inf","Inf","Inf","Inf","Inf","Inf","Inf","Inf","Inf","Inf"],"obj":[1.15746208954078,1.14450456276641,1.03569835627817,1.57158325210949,0.515799223677208,0,1.03482882079431,1.03322692238023,1.0284705832965,0.978062020526689,0.925467965299831,0.852577912462978,0.465529346451388,0.558332118658935,0.377106392417425,0.567249245533524,0.60016024354006,0.609293456539068,0.604295011419432,0.603429982657693,0.603364966553787,0.601750827790776,0.600017647923699,0.460539396464282,0.608022773299558,0.601064120502812,0.60073413746067,0.606466711053832,0.600690247147825,0.611505671802125,0.611122250330104,0.600404568269306,0.617399365985859,0.604128135106551,0.604636640932198,0.601145423747669,0.601853640681769,0.602796538290586,0.603780491588493,0.600382460410083,0.6045652239275,0.600686579930413,0.600612107576824,0.62299607239603,0.614547966116019],"X":[[0.812928674056411,0.344533415484366],[0.505026403582894,0.639478159183515],[0.162435719743938,0.873262636534232],[0.657789798383086,0.913793453726404],[0.247167073019586,0.268632150657622],[0,0],[0.161625489758323,0.873203331035988],[0.160190786798217,0.873036135582012],[0.155888057319196,0.872582525977301],[0.110593834909295,0.867468185617394],[0.0638401484602305,0.861627816839601],[0,0.852577912462978],[0,0.465529346451388],[0,0.558332118658935],[0,0.377106392417425],[0.154642871838968,0.412606373694556],[0.185187099497329,0.414973144042732],[0.193682039913368,0.4156114166257],[0.189093954261761,0.415201057157671],[0.188617247777828,0.414812734879865],[0.189453788444152,0.413911178109635],[0.190126490831668,0.411624336959108],[0.192698361240082,0.407319286683616],[0.460539396464282,0],[0.197350072002166,0.410672701297391],[0.193451734433692,0.40761238606912],[0.193491032548007,0.407243104912663],[0.198751709701672,0.40771500135216],[0.194410144014851,0.406280103132973],[0.200526672791867,0.410978999010259],[0.191471756528428,0.419650493801676],[0.193977196080388,0.406427372188918],[0.198662409603331,0.418736956382528],[0.193798062209467,0.410330072897085],[0.190374310760018,0.414262330172181],[0.194698932871567,0.406446490876102],[0.19066802576854,0.411185614913229],[0.191448952898049,0.411347585392537],[0.198632338979103,0.40514815260939],[0.193873860600428,0.406508599809656],[0.202077609098048,0.402487614829452],[0.194779326548264,0.405907253382149],[0.193943299031014,0.40666880854581],[0.211463729276849,0.411532343119181],[0.194517670173996,0.420030295942023]],"C":[[0.0861772558693529,-0.720443696511563],[-0.209166092172674,-0.836016015611391],[-0.900186790029895,-0.71102700458455],[-0.678673736138187,-0.232294105069909],[0.790144857911806,-1.36674520564799],[1.5,-1.5],[-0.8993420992626,-0.711393143728037],[-0.897647097405685,-0.712146817792996],[-0.892698091187838,-0.71429864894432],[-0.83819538849981,-0.735267950621722],[-0.777750218544979,-0.753521940692799],[-0.685439014481832,-0.77311090318027],[0.359065787490138,-1.28328242759254],[0.717895394123192,-1.18826524527383],[0.245962366295666,-1.35779076879791],[0.0458923566094524,-1.30584156257602],[0.00529528295489096,-1.29350302790306],[-0.00616650063827584,-1.28975441778538],[4.76479748787728e-05,-1.2918515585968],[0.00078549024255048,-1.2923539288222],[-2.45917408975282e-05,-1.29278479868005],[0.00014848395841921,-1.29441732270701],[0.000111597500504101,-1.29695834027094],[0.553573102019623,-1.28790346430431],[-0.00837153765987425,-1.29240088148984],[-0.00106760095165498,-1.29642856916763],[-0.00077436083285215,-1.2967142738246],[-0.00756154367117223,-1.29426623556307],[-0.000929521369579522,-1.29714117370239],[-0.0125702799232278,-1.29088531587155],[-0.0036732291924147,-1.28723202950393],[-0.000563755116384346,-1.2971896385364],[-0.0135619128730251,-1.2851926083701],[-0.00368229618625115,-1.29407154236013],[-0.00135771313020211,-1.29214434360296],[-0.00144330359830919,-1.29689357559318],[-0.000290758244169798,-1.29457209403796],[-0.00137762030268668,-1.29414046242597],[-0.00464772576450445,-1.29640016834889],[-0.000522040528642687,-1.29716368445668],[-0.00508084802224673,-1.29716835981012],[-0.000978302181905311,-1.29730031560116],[-0.000764360923180774,-1.2970064769169],[-0.0266181818113017,-1.28592422176716],[-0.00790163096909879,-1.28573742648094]],"d":[[0.245389987446707,0.0398939803541586],[0.729243680044833,0.612401291994939]],"df":[0.646485646187319,0.596570878266679],"lambda":[[0,0],[0,0],[0,0],[0,0],[0,0],[0,0],[0,0],[0,0],[0,0],[0,0],[0,0],[0,0],[0,0],[1.47695455582209,0],[2.22044604925031e-16,0],[0.0265798425400102,0],[0.902932175113422,0],[0.848059362365007,0],[1.17937923436723,0],[1.67740568754673,0],[2.67345859390575,0],[4.66556440662379,0],[8.88178419700125e-16,0],[3.98421162543607,0],[8.88178419700125e-16,0],[7.96842325087214,0],[8.88178419700125e-16,0],[8.88178419700125e-16,0],[8.88178419700125e-16,0],[8.88178419700125e-16,0],[8.88178419700125e-16,0],[8.88178419700125e-16,0],[8.88178419700125e-16,0],[8.88178419700125e-16,0],[8.88178419700125e-16,0],[8.88178419700125e-16,0],[8.88178419700125e-16,0],[8.88178419700125e-16,0],[8.88178419700125e-16,0],[8.88178419700125e-16,0],[8.88178419700125e-16,0]],"rho":[0.00358527141814701,0.00358527141814701,0.00358527141814701,0.00358527141814701,0.00358527141814701,0.00358527141814701,0.00358527141814701,0.00358527141814701,0.00358527141814701,0.00358527141814701,0.00358527141814701,0.00358527141814701,0.00358527141814701,0.0017926357090735,0.0017926357090735,0.000896317854536752,0.000448158927268376,0.000448158927268376,0.000224079463634188,0.000112039731817094,5.6019865908547e-05,2.80099329542735e-05,2.80099329542735e-05,1.40049664771368e-05,1.40049664771368e-05,7.00248323856838e-06,7.00248323856838e-06,7.00248323856838e-06,7.00248323856838e-06,7.00248323856838e-06,7.00248323856838e-06,7.00248323856838e-06,7.00248323856838e-06,7.00248323856838e-06,7.00248323856838e-06,7.00248323856838e-06,7.00248323856838e-06,7.00248323856838e-06,7.00248323856838e-06,7.00248323856838e-06,7.00248323856838e-06]}
