{"prog":["Inf","Inf",1.68350632601965,1.31321088766521,0.848855509652955,0.848855509652955,0.848855509652955,0.848855509652955,0.848855509652955,0.848855509652955,0.848855509652955,0.848855509652955,0.848855509652955,0.64788887316801,0.614017422638415,0.614017422638415,0.614017422638415,0.604485164353057,0.604485164353057,0.604485164353057,0.599987631851066,0.599987631851066,0.599987631851066,0.599987631851066,0.599987631851066,0.599858908348666,0.599858908348666,0.599858908348666,0.599858908348666,0.599858908348666,0.599858908348666,0.599858908348666,0.599858908348666,0.599858908348666,0.599858908348666,0.599858908348666,0.599858908348666,0.599858908348666,0.599858908348666,0.599858908348666,0.599858908348666,0.599858908348666,0.599858908348666,0.599858908348666,0.599858908348666],"mei":["Inf",0.0712331122070453,0.0334571271149251,0.0525252322369544,0.045846297583098,0.21180522887858,0.113600638606182,0.109257406127875,0.215458833948772,0.159973947465972,0.0351385612356695,0.0113906276264059,0.00798998964051028,0.0209687309886471,0.0208772516886031,0.0102085547364507,0.000434579788695192,7.15029570722917e-06,"Inf","Inf","Inf","Inf","Inf","Inf","Inf","Inf","Inf","Inf","Inf","Inf","Inf","Inf","Inf","Inf","Inf","Inf","Inf","Inf","Inf","Inf","Inf"],"obj":[0.989954749851011,0.614013836266011,1.68350632601965,1.31321088766521,0.848855509652955,0,1,0.353389148352369,0.366818639055619,0.418344186497146,0.550493330933054,0.465752552943024,0.583686542902069,0.64788887316801,0.614017422638415,0.606743153716151,0.583789432655333,0.604485164353057,0.600666201032194,0.598773115617467,0.599987631851066,0.512122296853962,0.599492752173333,0.624084526226969,0.599727757656533,0.599858908348666,0.599914242167187,0.599749690138551,0.600287976763415,0.612357391590025,0.611273106409918,0.605994642280739,0.600490160376658,0.604633426442331,0.59985192381892,0.600370285404429,0.607573427909141,0.610302022618547,0.611927437436005,0.611090365234184,0.619103402063449,0.609088971869715,0.601324700440942,0.605825350820201,0.600125444769207],"X":[[0.294671340034034,0.695283409816977],[0.608206230911474,0.00580760535453623],[0.844834734975555,0.838671591044094],[0.729967710513148,0.583243177152063],[0.0547271032153459,0.794128406437609],[0,0],[1,0],[0.353389148352369,0],[0,0.366818639055619],[0,0.418344186497146],[0,0.550493330933054],[0.0751354508705573,0.390617102072466],[0.191507085016395,0.392179457885674],[0.253924589086639,0.393964284081371],[0.221056803854912,0.392960618783503],[0.214022671781965,0.392720481934186],[0.204678403790054,0.379111028865279],[0.206538328943092,0.397946835409965],[0.20038167068367,0.400284530348524],[0.194456832922469,0.404316282694998],[0.195296435469417,0.40469119638165],[0.405731143960274,0.106391152893688],[0.194495828590627,0.404996923582706],[0.234316392998145,0.389768133228824],[0.194642755363054,0.405085002293478],[0.195341309426502,0.404517598922164],[0.196344653074656,0.403569589092531],[0.195161814573489,0.404587875565063],[0.194928408314718,0.405359568448697],[0.216833581111121,0.395523810478903],[0.219243424599554,0.392029681810365],[0.2019750594343,0.404019582846439],[0.195601293287678,0.40488886708898],[0.191486654025336,0.413146772416995],[0.196617214799352,0.403234709019568],[0.194877034325086,0.405493251079343],[0.207197248156601,0.40037617975254],[0.218548343441188,0.391753679177358],[0.219173023766992,0.392754413669013],[0.202266806772344,0.40882355846184],[0.224678236000661,0.394425166062788],[0.199251048724505,0.40983792314521],[0.197923277891387,0.403401422549555],[0.210796062628067,0.395029288192134],[0.192909063959856,0.407216380809352]],"C":[[0.286532887937837,-0.929749781395824],[0.491538910294051,-1.1300514524005],[-1.13554536296038,-0.0828842329543518],[-0.76865679885963,-0.62697453791376],[-0.398212096868775,-0.86636501826252],[1.5,-1.5],[0.5,-0.5],[0.793315486301168,-1.37511610982679],[0.26900286988328,-1.36544408604138],[0.235664826428414,-1.32498814162404],[0.695408002370481,-1.19695709259823],[0.150078955570407,-1.34177294359099],[0.0241869396018685,-1.30952030920102],[-0.0349126217255633,-1.28031444592543],[-0.00532510595319852,-1.29671584155474],[0.00159625994847806,-1.29996491903269],[0.0482475198741442,-1.31438157881467],[-0.00232867804438697,-1.29898023486459],[0.000119720721662719,-1.29961948081768],[0.00118233872241996,-1.29871488367746],[-0.000232174476636982,-1.29808433786413],[1.03050086174261,-1.32406316140664],[0.000351398747160503,-1.29814886454939],[-0.00751470203580906,-1.29317663029166],[8.0342506706188e-05,-1.29802033870157],[-8.10253906655123e-05,-1.29820728499379],[-7.7638082792042e-05,-1.29858036396868],[4.49079772666949e-05,-1.29822051707813],[-0.000560599812090945,-1.29768653589898],[-0.00752957822023897,-1.29654411344678],[-0.00136729706475702,-1.29824504934952],[-0.00708189185351626,-1.2959742520431],[-0.000816173340732473,-1.29780513937159],[-0.00236232716947349,-1.2926426057716],[4.10836799446535e-05,-1.29874344028645],[-0.00064732238696108,-1.29759816482176],[-0.00734592293862857,-1.29676821504309],[-5.12023209547907e-05,-1.29876567643012],[-0.00313361184440342,-1.29770715619634],[-0.0128759612680643,-1.29195143692472],[-0.01219423507573,-1.29394847864397],[-0.0100853101063543,-1.29233189633421],[-0.00166188914377419,-1.29809366835372],[-0.000665619290247554,-1.29951688145092],[-4.75754424482666e-05,-1.29696091224267]],"d":[[0.210462662617822,0.0394836593411012],[0.653385805659623,0.668653440614936]],"df":[0.729660354785222,0.720223077847539],"lambda":[[0,0],[0,0],[0,0],[0,0],[0,0],[0,0],[0,0],[0,0],[3.10337753641254,0],[4.10366708066903,0],[1.21593253884507,0],[0.775476003646962,0],[0.907507766462845,0],[1.17157129209461,0],[0.401121673223452,0],[0.440731607537194,0],[1.22309172834546,0],[0.915829438536458,0],[0.608567148727453,0],[1.0736121668212,0],[0.459087587203192,0],[0.671739924679004,0],[1.09704459963063,0],[0.239205359790982,0],[0.714659100461373,0],[1.66556658180216,0],[0,0],[1.90181496268157,0],[0,0],[3.80362992536313,0],[0,0],[0,0],[0,0],[0,0],[0,0],[0,0],[0,0],[0,0],[0,0],[0,0],[0,0]],"rho":[0.0483598768791423,0.0483598768791423,0.0483598768791423,0.0483598768791423,0.0483598768791423,0.0483598768791423,0.0483598768791423,0.0483598768791423,0.0241799384395712,0.0120899692197856,0.0120899692197856,0.0120899692197856,0.00604498460989279,0.0030224923049464,0.0030224923049464,0.0015112461524732,0.000755623076236599,0.000755623076236599,0.000755623076236599,0.0003778115381183,0.0003778115381183,0.00018890576905915,9.44528845295749e-05,9.44528845295749e-05,4.72264422647874e-05,2.36132211323937e-05,2.36132211323937e-05,1.18066105661969e-05,1.18066105661969e-05,5.90330528309843e-06,5.90330528309843e-06,5.90330528309843e-06,5.90330528309843e-06,5.90330528309843e-06,5.90330528309843e-06,5.90330528309843e-06,5.90330528309843e-06,5.90330528309843e-06,5.90330528309843e-06,5.90330528309843e-06,5.90330528309843e-06]}
