{"prog":["Inf",0.971573215045867,0.971573215045867,0.971573215045867,0.971573215045867,0.971573215045867,0.971573215045867,0.971573215045867,0.971573215045867,0.971573215045867,0.971573215045867,0.869915825187282,0.866419625647482,0.866419625647482,0.866419625647482,0.866419625647482,0.866419625647482,0.866419625647482,0.866419625647482,0.610598673781707,0.610598673781707,0.610598673781707,0.610598673781707,0.610598673781707,0.610598673781707,0.601088516880069,0.601062032202976,0.600510408674893,0.600382231278739,0.600382231278739,0.600076458900627,0.600076458900627,0.599953725054474,0.599953725054474,0.599953725054474,0.599953725054474,0.599953725054474,0.599953725054474,0.599953725054474,0.599953725054474,0.599953725054474,0.599953725054474,0.599953725054474,0.599953725054474,0.599953725054474],"mei":["Inf",0.0118077874009196,0.0554089052499208,0.0232753195590035,0.0641546989266387,0.0790011512561246,0.0490371598742397,0.0285959019874254,0.0181373247884024,0.0128863755148904,0.0271710006978515,0.0383958746691059,0.0432310764780782,0.110606149143823,0.0794426721646983,0.269389465316404,0.0364399976828491,0.0117285882825944,0.00165515460198963,0.000426126865962022,0.000117885357672677,"Inf","Inf","Inf","Inf","Inf","Inf","Inf","Inf","Inf","Inf","Inf","Inf","Inf","Inf","Inf","Inf","Inf","Inf","Inf","Inf"],"obj":[0.800844005854066,0.971573215045867,0.345557219731984,1.40516563428686,0.707046722538547,0.792313935850332,0.819617213423298,0.767300855757881,0.790987209069561,0.838782459297228,0.864200455419572,0.869915825187282,0.866419625647482,0.17449098762714,0.431673548555714,0.493616420124835,0.500729493860677,0.533340557251538,0.585789952725457,0.610598673781707,0.619166580079259,0.602321724927503,0.579432230503129,0.195396367317493,0.45302685411047,0.601088516880069,0.601062032202976,0.600510408674893,0.600382231278739,0.599747604130312,0.600076458900627,0.600601522723364,0.599953725054474,0.60066841983142,0.60121215509592,0.605699359308258,0.601260002060155,0.600563899551983,0.600275654094045,0.600592838722822,0.609251805635604,0.600551261927788,0.612127651212804,0.601870348711695,0.602389149826132],"X":[[0.679524507387431,0.121319498466635],[0.0535309969059962,0.918042218139871],[0.0609007815459978,0.284656438185986],[0.963808111768171,0.44135752251869],[0.374324603233096,0.332722119305451],[0.693401384571137,0.0989125512791946],[0.646541839906186,0.173075373517112],[0.650868730141376,0.116432125616505],[0.717584645735662,0.0734025633338986],[0.716723917870718,0.122058541426509],[0.730510123881745,0.133690331537827],[0.73333563942071,0.136580185766571],[0.731015942959691,0.135403682687791],[0,0.17449098762714],[0.0859930212729833,0.34568052728273],[0.0951357475842221,0.398480672540613],[0.0694254415753036,0.431304052285374],[0.130088991406493,0.403251565845045],[0.175070678102539,0.410719274622918],[0.197358781300667,0.41323989248104],[0.205323499683643,0.413843080395616],[0.189863591967668,0.412458132959835],[0.185044978969395,0.394387251533734],[0.195396367317493,0],[0.45302685411047,0],[0.191954438506199,0.40913407837387],[0.19138116605789,0.409680866145086],[0.193413969823769,0.407096438851124],[0.1928214824969,0.407560748781839],[0.194868554130336,0.404879049999975],[0.192934965803844,0.407141493096783],[0.193133544358185,0.407467978365179],[0.19410647549763,0.405847249556845],[0.191885415652321,0.408783004179099],[0.193057334045484,0.408154821050435],[0.196480698617037,0.409218660691222],[0.193671431401761,0.407588570658394],[0.192901165688838,0.407662733863145],[0.192369070017287,0.407906584076758],[0.192741803742081,0.407851034980741],[0.195594840784522,0.413656964851083],[0.192827328566961,0.407723933360827],[0.202369005041857,0.409758646170947],[0.193755285665436,0.408115063046259],[0.193918562534032,0.4084705872921]],"C":[[0.0872217059045403,-1.02352802315167],[-0.82280782377811,-0.654332918083077],[0.669472454310802,-1.41526180700635],[-0.48966813788684,-0.376277461006036],[0.381004618517965,-1.24917708273927],[0.11947037388358,-1.00941082707427],[0.289129353042492,-1.05202856433264],[0.150498454816753,-1.06281345624857],[0.267113882885355,-0.979684339900437],[0.0429364961574686,-0.971408538016881],[0.0047177481064466,-0.948481854159583],[-0.00438769405744677,-0.943564692811387],[-5.11366826616566e-06,-0.947281533853337],[1.55739810002552,-1.46955289523691],[0.265068061654766,-1.37311017334988],[0.122020646329032,-1.33216234314317],[0.178318013591937,-1.30915692254429],[0.0787898336233919,-1.32046502895836],[0.019821418547794,-1.30065993512194],[-0.0100020325269458,-1.29028230270577],[-0.0206032164155862,-1.28657616528633],[5.64697449832452e-05,-1.29383010500042],[0.026383293133585,-1.31021705158588],[1.18580555743615,-1.46182025963913],[0.5666223104026,-1.29476666945477],[-0.000509746781859832,-1.29576279945093],[-0.000204069171909238,-1.29553483719293],[-0.000543304140244116,-1.29686352575174],[-0.000257349801075835,-1.29671411194008],[4.97354242146031e-05,-1.29809920148227],[-8.87649183506367e-06,-1.29701190356919],[-0.000550857171337515,-1.29666928065064],[-0.000118738267906648,-1.29761068619703],[-0.000150506213855706,-1.29607644275425],[-0.00106764269412474,-1.29613850782454],[-0.00615988494392133,-1.29393542281304],[-0.00131193789036393,-1.29636293372744],[-0.000445655706505343,-1.29660023569511],[-1.41743314344134e-05,-1.29660635956751],[-0.000419188915936675,-1.29650813035539],[-0.00792890967352589,-1.29063057368867],[-0.000410698783034014,-1.29657881552251],[-0.0138552144050166,-1.29114463768652],[-0.00188411112229958,-1.29590098459145],[-0.00238952678142423,-1.29554737042198]],"d":[[0.0849653596990785,0.0305178279135895],[0.735719713662865,0.637191889158152]],"df":[0.735750309778066,0.497347800301464],"lambda":[[0,0],[0,0],[0,0],[0,0],[0,0],[0,0],[0,0],[1.20501131550522,0],[2.22044604925031e-16,0],[6.96173131637811e-20,0],[6.96173131637811e-20,0],[6.96173131637811e-20,0],[6.96173131637811e-20,0],[6.96173131637811e-20,0],[6.96173131637811e-20,0],[10.1256078538059,0],[0,0],[0,0],[0.0576942050768008,0],[0.173082615230402,0],[0.403859435537605,0],[0.865413076152012,0],[0,0],[0,0],[0,0],[0,0],[0.813021773714861,0],[2.43906532114458,0],[5.69115241600403,0],[0,0],[6.50417418971889,0],[0,0],[0,0],[0,0],[0,0],[0,0],[0,0],[0,0],[0,0],[0,0],[0,0]],"rho":[0.0039151068921445,0.0039151068921445,0.0039151068921445,0.0039151068921445,0.0039151068921445,0.0039151068921445,0.0039151068921445,0.00195755344607225,0.00195755344607225,0.00195755344607225,0.00195755344607225,0.00195755344607225,0.00195755344607225,0.00195755344607225,0.00195755344607225,0.000978776723036124,0.000978776723036124,0.000978776723036124,0.000489388361518062,0.000244694180759031,0.000122347090379516,6.11735451897578e-05,6.11735451897578e-05,6.11735451897578e-05,6.11735451897578e-05,6.11735451897578e-05,3.05867725948789e-05,1.52933862974394e-05,7.64669314871972e-06,7.64669314871972e-06,3.82334657435986e-06,3.82334657435986e-06,3.82334657435986e-06,3.82334657435986e-06,3.82334657435986e-06,3.82334657435986e-06,3.82334657435986e-06,3.82334657435986e-06,3.82334657435986e-06,3.82334657435986e-06,3.82334657435986e-06]}
