{"prog":[1.01169694668886,1.01169694668886,1.01169694668886,0.888829809168547,0.888829809168547,0.888829809168547,0.888829809168547,0.888829809168547,0.888829809168547,0.888829809168547,0.628032357025408,0.60310002989441,0.60310002989441,0.60310002989441,0.60310002989441,0.602259835551765,0.600670841313125,0.600670841313125,0.600670841313125,0.599948497236595,0.599948497236595,0.599948497236595,0.599948497236595,0.599948497236595,0.599948497236595,0.599948497236595,0.599948497236595,0.599948497236595,0.599948497236595,0.599948497236595,0.599948497236595,0.599948497236595,0.599948497236595,0.599948497236595,0.599948497236595,0.599948497236595,0.599948497236595,0.599872852330656,0.599872852330656,0.599872852330656,0.599872852330656,0.599872852330656,0.599872852330656,0.599872852330656,0.599872852330656],"mei":["Inf",0.152962808038723,0.131418068015563,0.400686416375295,0.088670362593258,0.219245136939004,0.0811061174943111,0.0213302417298182,0.00496727423447354,0.00564639746946798,0.0054519356496174,0.0029455512465437,0.00337945253159721,0.00363825929815012,0.000327711334667145,0.0121422616247058,4.00879687449505e-05,0.0021909100040797,3.74400882993471e-05,"Inf","Inf","Inf","Inf","Inf","Inf","Inf","Inf","Inf","Inf","Inf","Inf","Inf","Inf","Inf","Inf","Inf","Inf","Inf","Inf","Inf","Inf"],"obj":[1.01169694668886,1.48713115465528,0.434323524868657,0.888829809168547,1.50186512892178,0,0.492741487712139,0.543781770734845,0.486239857968049,0.593737971877659,0.628032357025408,0.60310002989441,0.604584173872242,0.602338835751991,0.602277832322628,0.602259835551765,0.600670841313125,0.599321872900387,0.474677145856025,0.599948497236595,0.528899256997844,0.599343414581048,0.589587626081416,0.600168907121205,0.600019665863013,0.599687280648754,0.60370101936493,0.600181869923401,0.600062561537191,0.6003706421221,0.600105678877334,0.600134363462514,0.599997966765687,0.600342959275356,0.602870657446757,0.60014188224079,0.60693622567322,0.599872852330656,0.624134131699506,0.600038141575389,0.600181327000657,0.600341841881227,0.600121151622947,0.600434696197856,0.600280050194294],"X":[[0.783555809060008,0.228141137628849],[0.671161665150701,0.815969489504576],[0.105093722945334,0.329229801923323],[0.0950918703328566,0.79373793883569],[0.964423002331616,0.537442126590163],[0,0],[0.109295839022103,0.383445648690036],[0.110454083263933,0.433327687470912],[0.0861592544810207,0.400080603487029],[0.195404515019345,0.398333456858314],[0.23048883628423,0.397543520741178],[0.205706226845618,0.397393803048793],[0.206876202191848,0.397707971680393],[0.204647952908339,0.397690882843651],[0.204817775080287,0.397460057242341],[0.203620738354972,0.398639097196793],[0.199775379203384,0.400895462109741],[0.195641849817845,0.403680023082542],[0.474677145856025,0],[0.195159901706979,0.404788595529616],[0.427237454650767,0.101661802347077],[0.193960581053497,0.405382833527551],[0.589587626081416,0],[0.195179191865022,0.404989715256182],[0.195072266208393,0.404947399654619],[0.194078407774406,0.405608872874348],[0.207107205811246,0.396593813553684],[0.196839669801456,0.403342200121945],[0.194888847919016,0.405173713618175],[0.197653972015018,0.402716670107082],[0.196699685519212,0.403405993358122],[0.196304297212351,0.403830066250162],[0.196110787318744,0.403887179446943],[0.195112380724965,0.405230578550391],[0.205394069690407,0.397476587756351],[0.196727997181837,0.403413885058953],[0.213292633430964,0.393643592242256],[0.195918051350405,0.403954800980251],[0.226141912042895,0.397992219656611],[0.196540780336631,0.403497361238758],[0.193713279347267,0.40646804765339],[0.19479160328762,0.405550238593607],[0.197456047313578,0.402665104309369],[0.195347358613747,0.40508733758411],[0.194323933745359,0.405956116448935]],"C":[[-0.15804753870943,-0.833991915409731],[-0.348725713254966,-0.38373581142978],[0.336764898182965,-1.38056304692302],[-0.41912017632751,-0.860937620649469],[-0.144668155343696,-0.281044233139915],[1.5,-1.5],[0.124054255842165,-1.34102385407313],[0.126766472584746,-1.30002701076144],[0.131598490941759,-1.33251209358073],[0.00863879816757762,-1.30314753265736],[-0.0249383337832101,-1.28883404546505],[-0.000433496084128682,-1.29976311353536],[-0.00222449224072369,-1.29903060622855],[9.1246968461689e-05,-1.29996117707346],[0.000349154596834822,-1.30007518190808],[-0.00056503148032172,-1.2996254650979],[-0.000173840190790864,-1.29937262632396],[0.000588417413422582,-1.29876670556393],[0.53132319694105,-1.27468160720198],[-0.000186114896811362,-1.29805880569488],[0.934572551765037,-1.30713303528708],[0.000551481106466412,-1.29804405127856],[0.501542773733609,-1.15238643117168],[-0.000439196719842438,-1.29788841359963],[-0.000266097015705735,-1.29796441446928],[0.000168184062545207,-1.29781501388135],[-0.00029397848045648,-1.299819952352],[-0.000351477192605032,-1.29856921399324],[-0.000307347991723605,-1.29785259874966],[-0.000446027370741842,-1.29875219096455],[-0.00027420484055285,-1.29857283823939],[-0.000358901660288624,-1.29838590048835],[-0.000207648673218985,-1.29841570537562],[-0.000632920163736506,-1.29771933709555],[-0.000271712508400912,-1.29982563832158],[-0.000316641838985277,-1.29855533246646],[8.47297452178375e-05,-1.2995509748107],[-6.95472923006313e-05,-1.29843663592007],[-0.0218640253984794,-1.29046202871039],[-0.000209919025995597,-1.29856160113803],[-0.000289780969152831,-1.29725889164137],[-0.00060900138813802,-1.29758523526531],[-0.000153004450342831,-1.29887192315082],[-0.000746647713817328,-1.29774365841165],[-0.000490817595010018,-1.29743784029143]],"d":[[0.148489735766426,0.0270256180285361],[0.697302181595501,0.679710300805919]],"df":[0.579040091365557,0.523300232107214],"lambda":[[0,0],[0,0],[0,0],[1.9444941443839,0],[0,0],[3.88898828876781,0],[4.43062524712388,0],[1.30344875919489,0],[1.24908992457181,0],[0.970146676268072,0],[0.981588714731777,0],[1.00447279165919,0],[0.721061209223569,0],[0.633865494862847,0],[0.929007121619313,0],[1.51929037513224,0],[1.14588026077815,0],[0.772470146424047,0],[0.399060032069949,0],[1.50551967908288,0],[0.75869945037468,0],[0.0118792216664831,0],[0.686748682451188,0],[2.0364876040206,0],[0,0],[2.69947784313882,0],[0,0],[0,0],[0,0],[0,0],[0,0],[0,0],[0,0],[0,0],[0,0],[0,0],[0,0],[0,0],[0,0],[0,0],[0,0]],"rho":[0.0637977009087218,0.0637977009087218,0.0637977009087218,0.0318988504543609,0.0318988504543609,0.0159494252271805,0.00797471261359023,0.00797471261359023,0.00797471261359023,0.00797471261359023,0.00398735630679512,0.00199367815339756,0.00199367815339756,0.00199367815339756,0.000996839076698779,0.000498419538349389,0.000498419538349389,0.000498419538349389,0.000498419538349389,0.000249209769174695,0.000249209769174695,0.000249209769174695,0.000124604884587347,6.23024422936737e-05,6.23024422936737e-05,3.11512211468368e-05,3.11512211468368e-05,3.11512211468368e-05,3.11512211468368e-05,3.11512211468368e-05,3.11512211468368e-05,3.11512211468368e-05,3.11512211468368e-05,3.11512211468368e-05,3.11512211468368e-05,3.11512211468368e-05,3.11512211468368e-05,3.11512211468368e-05,3.11512211468368e-05,3.11512211468368e-05,3.11512211468368e-05]}
