{"prog":["Inf","Inf","Inf",1.48103307403182,1.3893875685682,1.3893875685682,1.3893875685682,1.3893875685682,1.3893875685682,1.3893875685682,1.3893875685682,0.63397264012595,0.63397264012595,0.60415963285306,0.60415963285306,0.602373070473991,0.602373070473991,0.602373070473991,0.59985801753431,0.59985801753431,0.59985801753431,0.59985801753431,0.59985801753431,0.59985801753431,0.59985801753431,0.59985801753431,0.59985801753431,0.59985801753431,0.59985801753431,0.59985801753431,0.59985801753431,0.59985801753431,0.59985801753431,0.59985801753431,0.59985801753431,0.59985801753431,0.59985801753431,0.59985801753431,0.59985801753431,0.59985801753431,0.59985801753431,0.59985801753431,0.59985801753431,0.59985801753431,0.59985801753431],"mei":["Inf",0.275909738614278,0.238907869504314,0.330675411916558,0.248548049567225,0.148936170068844,0.402441385102229,0.0724266637276667,0.00709908894403553,0.0136829150423454,0.00104073648182728,0.0204953494795598,"Inf","Inf","Inf","Inf","Inf","Inf","Inf","Inf","Inf","Inf","Inf","Inf","Inf","Inf","Inf","Inf","Inf","Inf","Inf","Inf","Inf","Inf","Inf","Inf","Inf","Inf","Inf","Inf","Inf"],"obj":[0.952313013796767,0.983152362653788,0.460396277448255,1.48103307403182,1.3893875685682,0,0.417704224796293,0.471841021258565,0.316734306017466,0.455420830560782,0.596558551733644,0.63397264012595,0.577796644605577,0.60415963285306,0.392131054451513,0.602373070473991,0.598358755771328,0.599794232215823,0.59985801753431,0.599774878062313,0.600002486558439,0.600665640082333,0.600325941481409,0.600516728541415,0.600304134500225,0.600239017170942,0.609715368226715,0.61883687834895,0.601094221902299,0.60065547914938,0.600495661047597,0.600529547790201,0.615919291848085,0.600646562445079,0.601227275713407,0.600576795107072,0.619645371953597,0.601274268969149,0.62126850294085,0.604251554253687,0.639409289392412,0.623356796200029,0.610050614898245,0.601009529099348,0.611149729954643],"X":[[0.617555147311081,0.334757866485687],[0.90144489579402,0.081707466859768],[0.314737547029447,0.145658730418808],[0.49970909828779,0.981323975744034],[0.641218366013192,0.74816920255501],[0,0],[0,0.417704224796293],[0,0.471841021258565],[0,0.316734306017466],[0.0556965597238957,0.399724270836886],[0.185735696543398,0.410822855190246],[0.219788518819639,0.414184121306312],[0.15609389368603,0.421702750919547],[0.197890511091835,0.406269121761225],[0.392131054451513,0],[0.195172526580701,0.40720054389329],[0.193599978549527,0.404758777221801],[0.19461644354827,0.405177788667552],[0.194831476027156,0.405026541507154],[0.19493623581967,0.404838642242643],[0.194890940362178,0.405111546196261],[0.191909488010543,0.408756152071791],[0.19326010129774,0.407065840183669],[0.195014089349483,0.405502639191932],[0.193678841950494,0.406625292549731],[0.192563684338927,0.407675332832015],[0.199642825764238,0.410072542462476],[0.205659731217694,0.413177147131256],[0.194422719002475,0.406671502899824],[0.194207405603264,0.406448073546116],[0.193921231852751,0.406574429194846],[0.194097688746752,0.406431859043449],[0.205367122085796,0.410552169762289],[0.193660734385508,0.406985828059571],[0.194359715959736,0.40686755975367],[0.193791375145722,0.40678541996135],[0.207129585103956,0.412515786849641],[0.194446906083859,0.40682736288529],[0.20774680344259,0.413521699498261],[0.197415702230578,0.40683585202311],[0.225098291616025,0.414310997776387],[0.21097075726658,0.412386038933449],[0.198323506646027,0.411727108252218],[0.191882028788179,0.409127500311169],[0.201495963224668,0.409653766729975]],"C":[[0.698639756718722,-1.00656281085554],[0.838143922676966,-0.680720989706268],[1.36139743939523,-1.37972381074267],[-1.44886195058397,-0.287294071718326],[-0.382556481009396,-0.529081851435572],[1.5,-1.5],[0.234875146351994,-1.32552318058733],[0.383059145821268,-1.27736605065767],[0.494674735283954,-1.39967937939163],[0.165905342051364,-1.33711840053884],[0.00617664077712637,-1.29672683268287],[-0.039264294267926,-1.28014452065279],[0.0468114577689825,-1.29780148622082],[-0.00504459150552955,-1.29578474632318],[0.6965187453758,-1.34623323613474],[-0.00275789391034259,-1.29609540192111],[0.00166761188859615,-1.29868938056754],[7.30870405846185e-06,-1.2979553994711],[-7.45907937327317e-05,-1.29799419662383],[1.70295785916208e-05,-1.29810553771159],[-0.000240022577179366,-1.29790215650322],[-0.000158799069568449,-1.29608915655499],[-0.000329132985703029,-1.29694793500195],[-0.00081882942701389,-1.29753711456357],[-0.000405044811470912,-1.29714437763956],[-4.74084572755218e-05,-1.29672005047412],[-0.0107612961819273,-1.29198325203923],[-0.020609178171422,-1.28698872004394],[-0.00134025654150549,-1.29681809506488],[-0.000859128355569283,-1.2970834471195],[-0.000644319708553664,-1.2970917893616],[-0.000711945509480283,-1.29713923117765],[-0.0182346127430651,-1.28927126106967],[-0.000734538741558211,-1.29685805571593],[-0.00145852530557578,-1.29668308963214],[-0.000697141115632183,-1.296970525026],[-0.0220076460435769,-1.28692806057448],[-0.00152350139824697,-1.29668189752222],[-0.0235009538632091,-1.28584106970346],[-0.00507874480010984,-1.29551163002144],[-0.0460284106453641,-1.27767715623308],[-0.0267307203945111,-1.28542909447115],[-0.0103303823555912,-1.29114857504189],[-0.000415159070323801,-1.29579597551727],[-0.012692113879109,-1.29158316820811]],"d":[[0.212506260119884,0.0416297401846044],[0.742266762177939,0.638323300246692]],"df":[0.537596458823693,0.530590663515088],"lambda":[[0,0],[0,0],[0,0],[1.33716153859941,0],[4.01148461579823,0],[0,0],[3.77804541493378,0],[4.05935798846731,0],[0.482805597921086,0],[1.04543074498816,0],[0.126415331884495,0],[1.25166562601864,0],[0.246808440444199,0],[0.854414042211906,0],[0.85973999312165,0],[0.75102936465411,0],[0.775848730404069,0],[0.825487461903988,0],[0.924764924903827,0],[1.1233198509035,0],[1.52042970290286,0],[1.86129056112643,0],[2.54301227757359,0],[3.9064557104679,0],[6.63334257625652,0],[0,0],[5.45377373157723,0],[0,0],[10.9075474631545,0],[0,0],[0,0],[0,0],[0,0],[0,0],[0,0],[0,0],[0,0],[0,0],[0,0],[0,0],[0,0]],"rho":[0.175652035727868,0.175652035727868,0.175652035727868,0.0878260178639339,0.0439130089319669,0.0439130089319669,0.0219565044659835,0.0109782522329917,0.0109782522329917,0.00548912611649587,0.00548912611649587,0.00274456305824793,0.00274456305824793,0.00137228152912397,0.000686140764561984,0.000686140764561984,0.000343070382280992,0.000171535191140496,8.57675955702479e-05,4.2883797785124e-05,2.1441898892562e-05,1.0720949446281e-05,5.3604747231405e-06,2.68023736157025e-06,1.34011868078512e-06,1.34011868078512e-06,6.70059340392562e-07,6.70059340392562e-07,3.35029670196281e-07,3.35029670196281e-07,3.35029670196281e-07,3.35029670196281e-07,3.35029670196281e-07,3.35029670196281e-07,3.35029670196281e-07,3.35029670196281e-07,3.35029670196281e-07,3.35029670196281e-07,3.35029670196281e-07,3.35029670196281e-07,3.35029670196281e-07]}
