{"prog":[1.06435375206739,1.06435375206739,1.06435375206739,1.06435375206739,1.06435375206739,1.06435375206739,0.798088131809704,0.798088131809704,0.793790780176596,0.792557476886007,0.787609216318993,0.780836111250351,0.746896524760752,0.71036972785238,0.71036972785238,0.71036972785238,0.655096268090324,0.655096268090324,0.61421882146213,0.6081408121404,0.6081408121404,0.6081408121404,0.6081408121404,0.6081408121404,0.6081408121404,0.6081408121404,0.603528150963025,0.603528150963025,0.603528150963025,0.603528150963025,0.603528150963025,0.603528150963025,0.603528150963025,0.603528150963025,0.602158662697788,0.602158662697788,0.602158662697788,0.602158662697788,0.602158662697788,0.602005524483356,0.602005524483356,0.602005524483356,0.602005524483356,0.602005524483356,0.602005524483356],"mei":["Inf",0.0705831261083794,0.306058284127221,0.0413526158016809,0.00329740141271017,0.00210843603913262,0.00747485096593584,0.0194713977190838,0.0276401786037984,0.0350833650159235,0.0349545500980656,0.0254260627271909,0.0653364442437878,0.0192966859183471,0.0146837046400933,0.00517698960800145,0.00206340464911288,0.00237042735532299,0.00321507040068453,8.26972085598778e-05,9.42537684700728e-06,"Inf","Inf","Inf","Inf","Inf",2.74679488205021e-06,"Inf","Inf","Inf","Inf","Inf","Inf","Inf","Inf","Inf","Inf","Inf","Inf","Inf","Inf"],"obj":[1.06435375206739,1.14815048867095,0.20237100383322,0.992803376818263,0.767495245721074,0.785596273105114,0.798088131809704,0.803867910164296,0.793790780176596,0.792557476886007,0.787609216318993,0.780836111250351,0.746896524760752,0.71036972785238,0.651836734610804,0.623504067968942,0.655096268090324,0.615318811569111,0.61421882146213,0.6081408121404,0.605642123388596,0.599483633148304,0.608585187565736,0.371725038479684,0.231680366922134,0.614721788139078,0.603528150963025,0.628359696393066,0.609023703936728,0.661314006490214,0.613629691420867,0.613050992958831,0.653020235369719,0.621081317984685,0.602158662697788,0.612852274004666,0.631229874983653,0.616361054953598,0.612934483364277,0.602005524483356,0.631107528918477,0.60564829902435,0.664542128969607,0.625405557165648,0.61416606047825],"X":[[0.303437057580668,0.760916694486727],[0.545971111088519,0.602179377582432],[0.0650226724252623,0.137348331407958],[0.899495150935719,0.0933082258825442],[0.393511959876286,0.373983285844788],[0.402281701949335,0.383314571155779],[0.408294070315455,0.389794061494249],[0.410708461871297,0.393159448292999],[0.405925309452268,0.387865470724328],[0.405163101205429,0.387394375680579],[0.400555774340748,0.387053441978244],[0.394191739223353,0.386644372026998],[0.363911204241163,0.38298532051959],[0.32950269122712,0.38086703662526],[0.270675497471362,0.381161237139442],[0.238052888339335,0.385451179629607],[0.272317400546077,0.382778867544247],[0.226462109296017,0.388856702273094],[0.223399842617278,0.390818978844852],[0.215046676538988,0.393094135601412],[0.211097361205393,0.394544762183203],[0.197358610460938,0.402125022687366],[0.215654272793275,0.392930914772461],[0,0.371725038479684],[0.231680366922134,0],[0.224943666297826,0.389778121841253],[0.206877661450351,0.396650489512674],[0.24258780688918,0.385771889503885],[0.215866977997477,0.393156725939251],[0.280137019050435,0.381176987439779],[0.00354352331033549,0.610086168110532],[0.221864895511662,0.391186097447169],[0.270168085400197,0.382852149969523],[0.232668967772356,0.388412350212329],[0.203193463996469,0.398965198701319],[0.222129812917244,0.390722461087422],[0.245167549177283,0.38606232580637],[0.225557105463407,0.39080394949019],[0.221916897657418,0.391017585706858],[0.203716087683265,0.39828943680009],[0.245987066881029,0.385120462037448],[0.210763292424704,0.394885006599646],[0.28331587987499,0.381226249094617],[0.237972628638688,0.38743292852696],[0.223885174774695,0.390280885703555]],"C":[[-0.111696947788286,-0.828931736138179],[-0.528051501883241,-0.839295543071204],[1.65615130989692,-1.47690748793013],[0.761788558555723,-0.682202048425781],[0.082397504673837,-1.20528483934306],[0.0251358816066873,-1.19123937181641],[-0.0135227826775896,-1.18135654176906],[-0.0338528849734626,-1.17674420756526],[-0.00267561229921986,-1.18478501976588],[-0.000190240056379631,-1.18576845911265],[-0.00215378294038931,-1.18974470469508],[-0.0049188722871315,-1.19511900230792],[-0.00188686725463583,-1.22089087969425],[-0.00150402846632453,-1.24636827688638],[0.00321222347696848,-1.28145088637096],[0.00361754688670723,-1.29475821047544],[-0.00436556324245885,-1.27932357192137],[0.00129826065585537,-1.29750537815049],[-0.00174718095007614,-1.29735303609324],[-0.000237075307893908,-1.29923192746531],[0.000108670475669592,-1.29977233472592],[0.000699827824358012,-1.29934504500561],[-0.000398148338571325,-1.29909853084208],[0.256973284034955,-1.36182049576728],[1.1028706678347,-1.44632420758283],[-0.000135765066279214,-1.2974733627264],[-0.000176147227763879,-1.29987002236219],[-0.000459144775655507,-1.2923312052173],[-0.00113675395581353,-1.29882923665897],[4.39600054076839e-05,-1.27622735480387],[0.767521576728837,-1.12778231092276],[-0.00143689424176002,-1.29774940530365],[-0.00383107220347273,-1.28043343689491],[-0.00215052572282148,-1.29500099763828],[-0.000688408858943057,-1.29953918641433],[-0.000416899450982833,-1.29799430461514],[-0.00312108467461059,-1.29084875342338],[-0.00350528817407592,-1.29639626523784],[-0.00103103933542004,-1.29785813820209],[-4.0421360965992e-05,-1.29986528015249],[-0.000308940643034716,-1.29117259264733],[-0.000319809524478798,-1.2996446661291],[-0.00106138291003555,-1.27439865921191],[-0.00291284691922128,-1.29326475391182],[-0.00067457069203708,-1.29755625877055]],"d":[[0.159181963096401,0.0405473540284883],[0.663781115018361,0.64501711864393]],"df":[0.483308961168516,0.304415927223277],"lambda":[[0,0],[0,0],[7.88101209126269,0],[8.88178419700125e-16,0],[-1.99619247641945e-16,0],[7.23301691935726e-17,0],[4.34281498469326e-18,0],[4.34281498469326e-18,0],[4.34281498469326e-18,0],[4.34281498469326e-18,0],[4.34281498469326e-18,0],[4.02859505116245,0],[13.1024540710154,0],[0,0],[6.51283012006847,0],[0,0],[0,0],[1.09030855076908,0],[15.1332812397562,0],[5.61882080217229,0],[9.9800550052486,0],[18.7025234114012,0],[3.5527136788005e-15,0],[-7.9847699056778e-16,0],[-7.9847699056778e-16,0],[-7.9847699056778e-16,0],[-7.9847699056778e-16,0],[-7.9847699056778e-16,0],[-7.9847699056778e-16,0],[-7.9847699056778e-16,0],[-7.9847699056778e-16,0],[-7.9847699056778e-16,0],[-7.9847699056778e-16,0],[-7.9847699056778e-16,0],[-7.9847699056778e-16,0],[-7.9847699056778e-16,0],[2.89320676774291e-16,0],[2.89320676774291e-16,0],[2.89320676774291e-16,0],[2.89320676774291e-16,0],[2.89320676774291e-16,0]],"rho":[0.00318942304815828,0.00318942304815828,0.00159471152407914,0.00159471152407914,0.00159471152407914,0.00079735576203957,0.00079735576203957,0.00079735576203957,0.00079735576203957,0.00079735576203957,0.00079735576203957,0.000398677881019785,0.000199338940509893,0.000199338940509893,9.96694702549463e-05,9.96694702549463e-05,9.96694702549463e-05,4.98347351274732e-05,2.49173675637366e-05,2.49173675637366e-05,1.24586837818683e-05,6.22934189093414e-06,6.22934189093414e-06,6.22934189093414e-06,6.22934189093414e-06,6.22934189093414e-06,6.22934189093414e-06,6.22934189093414e-06,6.22934189093414e-06,6.22934189093414e-06,6.22934189093414e-06,6.22934189093414e-06,6.22934189093414e-06,6.22934189093414e-06,6.22934189093414e-06,6.22934189093414e-06,3.11467094546707e-06,3.11467094546707e-06,3.11467094546707e-06,3.11467094546707e-06,3.11467094546707e-06]}
