{"prog":["Inf","Inf",1.04141769885584,1.04141769885584,1.04141769885584,1.04141769885584,1.04141769885584,1.04141769885584,1.04141769885584,1.04141769885584,1.04141769885584,1.04141769885584,1.04141769885584,1.04141769885584,1.04141769885584,1.04141769885584,0.600377761913018,0.600100148002692,0.600100148002692,0.600100148002692,0.600100148002692,0.600100148002692,0.6000616499433,0.6000616499433,0.6000616499433,0.6000616499433,0.6000616499433,0.6000616499433,0.6000616499433,0.6000616499433,0.6000616499433,0.6000616499433,0.6000616499433,0.6000616499433,0.6000616499433,0.6000616499433,0.6000616499433,0.6000616499433,0.6000616499433,0.6000616499433,0.6000616499433,0.6000616499433,0.6000616499433,0.6000616499433,0.6000616499433],"mei":["Inf",0.0055569099913491,0.022447301778553,0.0748197462742852,0.0311372189422729,0.174361233189657,0.399279540211425,0.00528405590602752,0.000826263249975554,0.00105161047031839,0.000956536487510329,1.85717005979515e-06,"Inf","Inf","Inf","Inf","Inf","Inf","Inf","Inf","Inf","Inf","Inf","Inf","Inf","Inf","Inf","Inf","Inf","Inf","Inf",2.35848098010571e-05,"Inf","Inf","Inf","Inf","Inf","Inf","Inf","Inf","Inf"],"obj":[0.215517309097461,0.824688262982454,1.04141769885584,1.77385096211309,1.28233090447782,0.345836142165614,0.415689523784818,0.56284686831313,0.454241938441285,0.543750198788867,0.599087715634254,0.597880880307894,0.599541369762364,0.599178859660595,0.59961780922796,0.599506491109636,0.600377761913018,0.600100148002692,0.600430246014629,0.60047589762233,0.600259178908027,0.60043521425051,0.6000616499433,0.600439860443539,0.600475124378684,0.600442939336756,0.60038817958445,0.600456783191823,0.600315110544659,0.600319981879633,0.600084823379596,0.600302581250684,0.600383605781191,0.601259049579644,0.600299865943201,0.161288693721127,0.60010505565881,0.60037311641928,0.600331694583057,0.600209648111232,0.60029944463406,0.600205104396975,0.600325789849627,0.600341980695644,0.600373027376585],"X":[[0.204916787665551,0.01060052143191],[0.792085209449773,0.0326030535326812],[0.26590670745026,0.775510991405582],[0.777735612992601,0.996115349120487],[0.622556850426494,0.659774054051324],[0,0.345836142165614],[0,0.415689523784818],[0.0168647816566856,0.545982086656445],[0.0521561065537184,0.402085831887566],[0.139021920655873,0.404728278132994],[0.192312582513071,0.406775133121183],[0.192230097704851,0.405650782603043],[0.193999680341758,0.405541689420606],[0.194813404437284,0.404365455223311],[0.19507022640794,0.40454758282002],[0.196198948600481,0.403307542509155],[0.19530090109322,0.405076860819798],[0.195626348589933,0.404473799412759],[0.195562946072286,0.404867299942343],[0.195545979700941,0.404929917921389],[0.195460332643341,0.404798846264687],[0.195534668991146,0.404900545259364],[0.195148283964567,0.404913365978733],[0.195236253961415,0.405203606482124],[0.195528224907226,0.404946899471458],[0.195666205775831,0.404776733560926],[0.195261167664156,0.405127011920294],[0.195577130854946,0.404879652336877],[0.195738277521427,0.404576833023232],[0.195319078091421,0.405000903788211],[0.195541063506016,0.40454375987358],[0.195328544881967,0.404974036368716],[0.195562603235141,0.40482100254605],[0.196458438201887,0.404800611377757],[0.195318835077316,0.404981030865884],[0,0.161288693721127],[0.19607443321936,0.40403062243945],[0.195420786436013,0.404952329983267],[0.19534740312271,0.404984291460347],[0.197683410728044,0.402526237383188],[0.194770066599506,0.405529378034554],[0.194582490568229,0.405622613828746],[0.195709619157447,0.40461617069218],[0.195775515666318,0.404566465029326],[0.196572968338306,0.403800059038279]],"C":[[1.20875452335819,-1.4578967390782],[0.833158619214552,-0.871538061871254],[-0.255245882423893,-0.827876325142094],[-0.944903229247383,0.0971184724704077],[-0.649375444334315,-0.677121165587724],[0.341531178085116,-1.38039736277201],[0.232571186606938,-1.32720221981555],[0.663525039539624,-1.20161914018995],[0.169572756655614,-1.33560672434444],[0.0673312489734418,-1.31686792645665],[0.00108656153214864,-1.2975498616814],[0.00230843687247784,-1.29849503210992],[0.000333297807568966,-1.29790006216918],[0.000710859375683381,-1.2985363160736],[0.000198489077966768,-1.29828886000363],[0.000423375652186697,-1.29884899872329],[-0.000680451582202868,-1.29777029486055],[-0.000359866259942054,-1.29813127732598],[-0.00074659761329976,-1.29783760356092],[-0.00079892827007827,-1.29779353139498],[-0.00054791504958196,-1.29793315242573],[-0.000751956369750895,-1.29782174167119],[-0.000315957282328083,-1.29796231331746],[-0.000747814308222017,-1.29769284243299],[-0.000797715224937046,-1.29778672187308],[-0.000761930591535676,-1.29787053188504],[-0.000690727165650384,-1.29774518061496],[-0.000777382240729929,-1.29782205301012],[-0.000611561017263229,-1.29800411289384],[-0.000615336687457446,-1.29782472566425],[-0.000343679389548768,-1.29810803883028],[-0.000595732152469941,-1.29784278942152],[-0.000692678243431444,-1.29787522411351],[-0.00171128362216377,-1.29754054708747],[-0.000592382050492002,-1.29784091730285],[1.62632938943052,-1.47398595727773],[-0.000342759444448171,-1.2983140727689],[-0.000678575495496714,-1.29782432666985],[-0.000629462376434908,-1.29782711576357],[-0.000219665652305023,-1.29889389734106],[-0.000560914585640671,-1.29761054470773],[-0.000441121190401295,-1.297607949515],[-0.000624625075017315,-1.29798349938364],[-0.000642537081117056,-1.29799792283926],[-0.000629643055620188,-1.29830458043935]],"d":[[0.294657279609952,0.0425950930661566],[0.654362595615039,0.500750190108171]],"df":[0.52931483857403,0.451200307161301],"lambda":[[0,0],[0,0],[0,0],[0,0],[0,0],[0,0],[0,0],[0.239941621503392,0],[0.719824864510176,0],[1.01422886842694,0],[1.60303687626046,0],[2.30434337105427,0],[3.70695636064188,0],[0,0],[2.80522597917522,0],[0,0],[0,0],[0,0],[0,0],[0,0],[0,0],[0,0],[0,0],[0,0],[0,0],[0,0],[0,0],[0,0],[0,0],[0,0],[0,0],[0,0],[0,0],[0,0],[0,0],[0,0],[0,0],[0,0],[0,0],[0,0],[0,0]],"rho":[0.004528441232249,0.004528441232249,0.004528441232249,0.004528441232249,0.004528441232249,0.004528441232249,0.004528441232249,0.0022642206161245,0.00113211030806225,0.000566055154031126,0.000283027577015563,0.000141513788507781,7.07568942538907e-05,7.07568942538907e-05,3.53784471269453e-05,3.53784471269453e-05,3.53784471269453e-05,3.53784471269453e-05,3.53784471269453e-05,3.53784471269453e-05,3.53784471269453e-05,3.53784471269453e-05,3.53784471269453e-05,3.53784471269453e-05,3.53784471269453e-05,3.53784471269453e-05,3.53784471269453e-05,3.53784471269453e-05,3.53784471269453e-05,3.53784471269453e-05,3.53784471269453e-05,3.53784471269453e-05,3.53784471269453e-05,3.53784471269453e-05,3.53784471269453e-05,3.53784471269453e-05,3.53784471269453e-05,3.53784471269453e-05,3.53784471269453e-05,3.53784471269453e-05,3.53784471269453e-05]}
