{"prog":[1.03184825080257,1.03184825080257,1.03184825080257,1.03184825080257,1.03184825080257,1.03184825080257,1.03184825080257,1.03184825080257,1.03184825080257,1.03184825080257,1.03184825080257,0.606452663155642,0.605019085731797,0.601145662679516,0.601145662679516,0.601145662679516,0.601145662679516,0.599900091525056,0.599900091525056,0.599900091525056,0.599900091525056,0.599900091525056,0.599900091525056,0.599900091525056,0.599900091525056,0.599900091525056,0.599900091525056,0.599900091525056,0.599900091525056,0.599900091525056,0.599900091525056,0.599900091525056,0.599900091525056,0.599900091525056,0.599900091525056,0.599900091525056,0.599900091525056,0.599900091525056,0.599900091525056,0.599900091525056,0.599900091525056,0.599900091525056,0.599900091525056,0.599900091525056,0.599900091525056],"mei":["Inf",0.0125536642604775,0.0130350822115436,0.00913885741482343,0.113422456898076,0.0481840258503871,0.218737575469065,0.198279355796979,0.00951585318809503,0.0196751529640302,"Inf","Inf","Inf","Inf","Inf","Inf","Inf","Inf","Inf","Inf","Inf","Inf","Inf","Inf","Inf","Inf","Inf","Inf","Inf","Inf","Inf","Inf","Inf","Inf","Inf","Inf","Inf","Inf","Inf","Inf","Inf"],"obj":[1.03184825080257,1.02706288871054,0.837152859814734,0.324502169202199,1.20542048798069,2,0,0.395860305467872,0.430752731624263,0.460434938770432,0.568711139314427,0.606452663155642,0.605019085731797,0.601145662679516,0.598410903322535,0.599742849842302,0.59980578449534,0.599900091525056,0.599792252645691,0.599811782259214,0.600104774708179,0.599995198893505,0.60011677041017,0.600402615879192,0.600200724207538,0.60008739719318,0.600507991884226,0.600375509786139,0.600119777772476,0.600382262746275,0.600436567934096,0.600858495080442,0.622669110625871,0.62011027601193,0.600649525633227,0.620017509186653,0.601502529890507,0.622325887446407,0.601186955187257,0.600562517553434,0.603059009751708,0.620323980666476,0.603203892562429,0.619363450467159,0.618362308713921],"X":[[0.0601841875072997,0.971664063295271],[0.394275340208382,0.632787548502159],[0.831573307894071,0.00557955192066253],[0.193833637906665,0.130668531295533],[0.809377198454313,0.396043289526376],[1,1],[0,0],[0,0.395860305467872],[0,0.430752731624263],[0.0718300778574315,0.388604860913001],[0.168825400796628,0.399885738517799],[0.205041274200401,0.401411388955241],[0.205524244393906,0.399494841337891],[0.19991684963825,0.401228813041266],[0.19440465174394,0.404006251578595],[0.194467834548983,0.405275015293319],[0.194341691547294,0.405464092948046],[0.194607589030958,0.405292502494098],[0.194169165725564,0.405623086920127],[0.194151074162987,0.405660708096227],[0.194535997781254,0.405568776926925],[0.193847354208404,0.406147844685101],[0.19630870992302,0.40380806048715],[0.197605041415288,0.402797574463904],[0.195874500154396,0.404326224053143],[0.195792878770045,0.404294518423135],[0.196058149810961,0.404449842073264],[0.195936189652129,0.40443932013401],[0.196263776103675,0.403856001668801],[0.196050263455856,0.404331999290419],[0.196019342948728,0.404417224985368],[0.197761449454637,0.403097045625805],[0.219966877022675,0.402702233603196],[0.216879798726969,0.403230477284961],[0.195228533047494,0.405420992585733],[0.213915616462083,0.40610189272457],[0.197737582749378,0.403764947141129],[0.221250416417737,0.40107547102867],[0.194714094311337,0.40647286087592],[0.196701833208067,0.403860684345367],[0.198941823742707,0.404117186009001],[0.214850722514458,0.405473258152019],[0.200101511136865,0.403102381425564],[0.215791875495899,0.403571574971259],[0.212500224422675,0.405862084291246]],"C":[[-0.688433072436065,-0.552246811674609],[0.159156910395725,-0.944126874564192],[1.11015492885934,-0.808454702198477],[1.53805196377521,-1.44535425574494],[0.277707206527495,-0.688058263443374],[-1.5,0.5],[1.5,-1.5],[0.225360365962192,-1.34329461855488],[0.256269835715923,-1.31445208419824],[0.155751226127749,-1.34382670198978],[0.0358613910670814,-1.31158938017593],[-0.00671737804725359,-1.2968269726913],[-0.00406438152743843,-1.29816365671073],[-0.000835389895180061,-1.29904869281621],[0.00161232756293078,-1.29898578006573],[7.36582238798356e-05,-1.29793442330483],[1.44699445725482e-05,-1.29783017625635],[-0.000109742815977643,-1.29786587371363],[4.58448631228126e-05,-1.29776824643883],[2.68547349839832e-05,-1.29774475030823],[-0.000328075366170355,-1.29766971274925],[-0.000124594657051225,-1.29746713152405],[-0.000336509522850137,-1.29840194069397],[-0.000500165017791154,-1.29870636161326],[-0.000471035141529075,-1.29815348473219],[-0.000338549163809931,-1.29821109099594],[-0.000831632921082515,-1.29798152713961],[-0.000677842208954449,-1.29803784591415],[-0.000344681153564674,-1.29838086010562],[-0.000681213039814665,-1.2980799285487],[-0.000747713502131098,-1.29802312532508],[-0.00107756422947686,-1.29840318091735],[-0.0248851779696502,-1.28944548406389],[-0.0224644522964355,-1.29036833509269],[-0.000981001155195782,-1.29751963865492],[-0.0234530176849568,-1.28932136175917],[-0.00191895667977138,-1.29787371582855],[-0.0233003479505807,-1.29018671977411],[-0.00148817939147511,-1.29686623484786],[-0.00085336159474364,-1.29820493645268],[-0.00374485548777481,-1.29711145073809],[-0.0236411325035641,-1.2894306039586],[-0.00372976272263154,-1.29746785532978],[-0.0218312867782597,-1.29056385034518],[-0.0215177035842427,-1.29011962315508]],"d":[[0.376839522564272,0.0542983173567701],[0.62292806249789,0.487461600404378]],"df":[0.599904797661574,0.565239786763419],"lambda":[[0,0],[0,0],[0,0],[0,0],[0,0],[0,0],[0,0],[2.92160810086677,0],[1.82708580067325,0],[0.732563500479726,0],[0.596445976172048,0],[0.859156882187815,0],[0.883160464556411,0],[0.931167629293604,0],[0.78811662513263,0],[0.884130954607017,0],[1.07615961355579,0],[0.503955596911893,0],[0.888012914809438,0],[1.03890680852387,0],[1.34069459595275,0],[1.94427017081049,0],[3.15142132052598,0],[5.56572361995695,0],[0,0],[4.82860459886195,0],[0,0],[9.6572091977239,0],[0,0],[0,0],[0,0],[0,0],[0,0],[0,0],[0,0],[0,0],[0,0],[0,0],[0,0],[0,0],[0,0]],"rho":[0.0122745384832559,0.0122745384832559,0.0122745384832559,0.0122745384832559,0.0122745384832559,0.0122745384832559,0.0122745384832559,0.00613726924162797,0.00613726924162797,0.00613726924162797,0.00613726924162797,0.00306863462081398,0.00153431731040699,0.000767158655203496,0.000767158655203496,0.000383579327601748,0.000191789663800874,0.000191789663800874,9.5894831900437e-05,4.79474159502185e-05,2.39737079751092e-05,1.19868539875546e-05,5.99342699377731e-06,2.99671349688866e-06,2.99671349688866e-06,1.49835674844433e-06,1.49835674844433e-06,7.49178374222164e-07,7.49178374222164e-07,7.49178374222164e-07,7.49178374222164e-07,7.49178374222164e-07,7.49178374222164e-07,7.49178374222164e-07,7.49178374222164e-07,7.49178374222164e-07,7.49178374222164e-07,7.49178374222164e-07,7.49178374222164e-07,7.49178374222164e-07,7.49178374222164e-07]}
