{"prog":[0.960225357147918,0.960225357147918,0.960225357147918,0.645834477624352,0.645834477624352,0.645834477624352,0.645834477624352,0.645834477624352,0.645834477624352,0.645834477624352,0.645834477624352,0.645834477624352,0.645834477624352,0.645834477624352,0.645834477624352,0.645834477624352,0.622380187678438,0.622380187678438,0.605021788038462,0.605021788038462,0.605021788038462,0.605021788038462,0.605021788038462,0.600045936171345,0.600045936171345,0.599798597625438,0.599794135669655,0.599794135669655,0.599794135669655,0.599794135669655,0.599794135669655,0.599794135669655,0.599794135669655,0.599794135669655,0.599794135669655,0.599794135669655,0.599794135669655,0.599794135669655,0.599794135669655,0.599794135669655,0.599794135669655,0.599794135669655,0.599794135669655,0.599794135669655,0.599794135669655],"mei":["Inf",0.46726477076321,0.395176648544652,0.228658654691622,0.129719814622232,0.0671403160860225,0.0578307521868287,0.0257576320160918,0.174559374951714,0.0111631365248348,0.0289266634692967,0.0341507411698239,0.0229455342124467,0.0222514536465411,0.0216407658448852,0.00451897601376453,0.000866697318225598,0.000118775699293199,1.97214358214596e-05,"Inf","Inf","Inf","Inf","Inf","Inf","Inf","Inf","Inf","Inf","Inf","Inf","Inf","Inf","Inf","Inf","Inf","Inf","Inf","Inf","Inf","Inf"],"obj":[0.960225357147918,1.37869175195664,1.1837902224259,0.645834477624352,0.140750968987297,1,0.273362910283208,0.4764021533106,1,2,0.464403528003062,0.544729474031412,0.372203290422754,0.431788349385816,0.604933587391385,0.543329425429403,0.622380187678438,0.582664327854931,0.605021788038462,0.597410250350898,0.5995080685165,0.599684130551744,0.56415779722239,0.600045936171345,0.599768189496009,0.599798597625438,0.599794135669655,0.599871173480552,0.599932867048169,0.599837636961839,0.59994462046284,0.599972717394071,0.599884242112595,0.599811556196365,0.599946037432393,0.600090642309193,0.599831286867638,0.60011253223618,0.600110721083036,0.600205776716297,0.610578034005422,0.600195728798647,0.60023540797612,0.611357876608604,0.610913371635003],"X":[[0.212026719938039,0.748198637209879],[0.583222686444228,0.795469065512407],[0.673029575281085,0.510760647144811],[0.234699414278078,0.411135063346274],[0.00584068768328072,0.134910281304016],[1,0],[0.273362910283208,0],[0,0.4764021533106],[0,1],[1,1],[0.464403528003062,0],[0,0.544729474031412],[0,0.372203290422754],[0.0478022163137921,0.383986133072024],[0.234053882150367,0.370879705241017],[0.139323101703282,0.404006323726122],[0.21327901869106,0.409101168987379],[0.176252964200974,0.406411363653957],[0.197374711639825,0.407647076398638],[0.191726710456321,0.405683539894577],[0.194969190179152,0.404538878337348],[0.195399429036276,0.404284701515468],[0.481914988965104,0.0822428082572869],[0.19531255195525,0.404733384216096],[0.195110705412366,0.404657484083643],[0.195064184718746,0.404734412906692],[0.195125155646812,0.404668980022843],[0.194869153673666,0.405002019806887],[0.195038495483714,0.404894371564455],[0.195365044813633,0.404472592148206],[0.195406493190266,0.404538127272574],[0.194339736376013,0.405632981018058],[0.195804992917758,0.404079249194837],[0.194992275186032,0.404819281010333],[0.195782232248964,0.404163805183429],[0.194760801140263,0.40532984116893],[0.195775466371617,0.404055820496021],[0.193674720353434,0.406437811882747],[0.196195221424662,0.403915499658374],[0.194270809276202,0.405934967440095],[0.210760896510881,0.399817137494541],[0.196025495043045,0.404170233755602],[0.19447509442566,0.40576031355046],[0.212066684175717,0.399291192432887],[0.214203042005737,0.396710329629267]],"C":[[-0.05823006751356,-0.895243469309596],[-0.174166968176245,-0.527080263829595],[-0.403317064092629,-0.786154752125176],[-0.0540571944077525,-1.27588414462478],[1.72047973865048,-1.48176510236586],[0.5,-0.5],[1.00040556296536,-1.42527271928149],[0.401089544182647,-1.27304098832102],[-0.5,-0.5],[-1.5,0.5],[0.547182825417958,-1.28432936317831],[0.677017745201647,-1.20326980012146],[0.255902171150946,-1.36146471059848],[0.186652349855511,-1.35026959772388],[0.062876760373044,-1.30766702449068],[0.0672989240329723,-1.31736796372108],[-0.0263978321444581,-1.28714829371934],[0.0208452794390216,-1.3037646961033],[-0.00583834944230721,-1.29486708430874],[0.0028708628431191,-1.2986617339562],[0.000326050141769008,-1.29833531079445],[0.000128251745473928,-1.29837294325285],[0.647108228570901,-1.26099406390072],[-0.000299965433163518,-1.29804389474971],[2.31065277039311e-05,-1.29818413320859],[-1.20155159347712e-05,-1.29814001884909],[-7.07653270687336e-06,-1.29816919024108],[-9.08881257762895e-05,-1.29799937689885],[-0.000166104907538211,-1.29802053315487],[-5.54492453564426e-05,-1.29823442146588],[-0.000180858852421528,-1.29816520600188],[-0.000166015777687212,-1.29769395157571],[-9.18269761703838e-05,-1.29838036511861],[-2.60902959748899e-05,-1.29809936234005],[-0.000168402806656476,-1.29832093611526],[-0.000330918296076954,-1.29777595019717],[-2.92030606628413e-05,-1.29841086069026],[-0.000213473210217363,-1.29729840776798],[-0.000339773879364957,-1.29835970422585],[-0.000405673717232935,-1.29747565487258],[-0.0101268701485692,-1.2957261010676],[-0.000456917572229654,-1.29822042743907],[-0.00046226973088892,-1.29753800559556],[-0.010520445308117,-1.29559426510824],[-0.00756386460342096,-1.29673797116093]],"d":[[0.191865797463822,0.038174764978712],[0.665248240839853,0.570102221514078]],"df":[0.801271867134878,0.823440602522833],"lambda":[[0,0],[0,0],[0,0],[0.436544172054147,0],[0.389366599177897,0],[0.342189026301646,0],[0.295011453425396,0],[0.247833880549145,0],[0.200656307672895,0],[0.423990934283355,0],[0.870660187504276,0],[0.681949895999274,0],[0.916886239096167,0],[0.732579870493125,0],[0.878119009271546,0],[0.796593755344727,0],[0.836681767305495,0],[0.845787532852166,0],[0.863999063945508,0],[0.900422126132193,0],[0.833403847491413,0],[0.838566308031454,0],[0.848891229111536,0],[0.869541071271699,0],[0.856892759477686,0],[0.844244447683672,0],[0.885544132003999,0],[0.860247508415971,0],[0.834950884827943,0],[0.809654261239915,0],[0.89225362988057,0],[0.841660382704514,0],[0.791067135528458,0],[0.956265872809768,0],[0.855079378457656,0],[0.753892884105545,0],[0.652706389753433,0],[0.983103864316052,0],[0.780730875611828,0],[0.578357886907605,0],[1.23915283603284,0]],"rho":[2.29164796372835,2.29164796372835,2.29164796372835,1.14582398186417,1.14582398186417,1.14582398186417,1.14582398186417,1.14582398186417,1.14582398186417,0.572911990932086,0.286455995466043,0.286455995466043,0.143227997733022,0.143227997733022,0.0716139988665108,0.0716139988665108,0.0358069994332554,0.0179034997166277,0.00895174985831385,0.00447587492915692,0.00447587492915692,0.00223793746457846,0.00111896873228923,0.000559484366144616,0.000559484366144616,0.000559484366144616,0.000279742183072308,0.000279742183072308,0.000279742183072308,0.000279742183072308,0.000139871091536154,0.000139871091536154,0.000139871091536154,6.99355457680769e-05,6.99355457680769e-05,6.99355457680769e-05,6.99355457680769e-05,3.49677728840385e-05,3.49677728840385e-05,3.49677728840385e-05,1.74838864420192e-05]}
