{"prog":[1.12485796124787,0.659827992091847,0.659827992091847,0.659827992091847,0.659827992091847,0.659827992091847,0.659827992091847,0.659827992091847,0.659827992091847,0.659827992091847,0.659827992091847,0.659827992091847,0.659827992091847,0.659827992091847,0.659827992091847,0.659827992091847,0.659827992091847,0.600290247194811,0.600240081258,0.600133901542391,0.600133901542391,0.60000199244137,0.60000199244137,0.60000199244137,0.60000199244137,0.60000199244137,0.60000199244137,0.60000199244137,0.60000199244137,0.60000199244137,0.60000199244137,0.60000199244137,0.60000199244137,0.60000199244137,0.60000199244137,0.60000199244137,0.60000199244137,0.60000199244137,0.60000199244137,0.60000199244137,0.60000199244137,0.60000199244137,0.60000199244137,0.60000199244137,0.60000199244137],"mei":["Inf",0.0570829367595642,0.0345381794539428,0.0667614008620102,0.125258383941894,0.0995715809272269,0.052157161383867,0.0326941723902836,0.000985381163925685,0.000360754326722691,0.00130955745083472,0.00293750357614689,4.3610662112835e-05,"Inf","Inf","Inf","Inf","Inf","Inf","Inf","Inf","Inf","Inf","Inf","Inf","Inf","Inf","Inf","Inf","Inf","Inf","Inf","Inf","Inf","Inf","Inf","Inf","Inf","Inf","Inf","Inf"],"obj":[1.12485796124787,0.659827992091847,0.609152123427287,1.07319303744314,1.86183603871656,0,0.327104256950124,0.464004160573999,0.525631597406756,0.602540970012957,0.423457892153874,0.599734504534533,0.43377215291297,0.561829311676204,0.599278069523236,0.599268321928024,0.599419082682746,0.600290247194811,0.600240081258,0.600133901542391,0.608913498334893,0.60000199244137,0.608376916891963,0.60053509940354,0.600204957526864,0.600529060815104,0.600452465832499,0.600532303589349,0.613798421753803,0.600315888816058,0.600466123711533,0.604723935414128,0.6124897551726,0.600470559325492,0.600297294623424,0.600388600727374,0.6051025787961,0.60029649486163,0.600120973209535,0.611544518109754,0.604589763170417,0.600555429346648,0.600033124159576,0.60088690137458,0.600163523525515],"X":[[0.169527620721964,0.955330340525911],[0.262267168402268,0.397560823689578],[0.472764143192387,0.1363879802349],[0.660943607115406,0.412249430327734],[0.876997198098571,0.984838840617994],[0,0],[0,0.327104256950124],[0.0792180745627153,0.384786086011284],[0.11669370122771,0.408937896179046],[0.215328326333204,0.387212643679753],[0,0.423457892153874],[0.19631553046954,0.403418974064992],[0.43377215291297,0],[0.561829311676204,0],[0.194864601790311,0.404413467732925],[0.194953760273711,0.404314561654313],[0.19518130420076,0.404237778481986],[0.196147347504064,0.404142899690747],[0.195491220357064,0.404748860900936],[0.196320319840094,0.403813581702298],[0.208626798600617,0.400286699734276],[0.196641576234875,0.403360416206496],[0.204481322317129,0.403895594574834],[0.196288801407024,0.404246297996516],[0.196389524985485,0.403815432541379],[0.196207858438094,0.404321202377009],[0.196255984487367,0.404196481345132],[0.196170802673125,0.404361500916223],[0.214298773931409,0.399499647822394],[0.196519184384932,0.403796704431127],[0.196453846584276,0.404012277127256],[0.201830525801802,0.402893409612326],[0.20927726626858,0.40321248890402],[0.195878438685903,0.404592120639589],[0.196105472661516,0.404191821961908],[0.196081086199299,0.404307514528076],[0.209709614859088,0.395392963937013],[0.19780445218028,0.40249204268135],[0.195498881065116,0.404622092144419],[0.212799155696763,0.398745362412991],[0.204230185959173,0.400359577211245],[0.19640641225734,0.404149017089308],[0.196131179843682,0.403901944315894],[0.197246053666074,0.403640847708506],[0.197793005308296,0.402370518217219]],"C":[[-0.918037549674776,-0.558604326282997],[-0.0518728960128907,-1.27316132384552],[0.906785734364446,-1.25789238375901],[0.338917320178563,-0.893203955407734],[-0.870612065125569,0.239031627462538],[1.5,-1.5],[0.433653942326443,-1.39300280508511],[0.152953698546224,-1.34566416467469],[0.0942060096023115,-1.31915237716243],[0.0149901678399582,-1.30370008045308],[0.242956769262693,-1.3206834135726],[0.000147450367586011,-1.29871334386081],[0.603500626026066,-1.31184171935725],[0.480110930062361,-1.18434782454144],[0.00059480735127776,-1.29847753408533],[0.000608526187720615,-1.29852276658942],[0.000436751398323887,-1.29849607693844],[-0.000564168880458127,-1.29819473469667],[-0.000525881808011774,-1.2979615423627],[-0.000356725383492129,-1.29839292325065],[-0.00870997652028044,-1.2962454169215],[-0.000149272688414637,-1.29863246513359],[-0.00975476972248257,-1.29505573750648],[-0.000853184388552197,-1.29805563699831],[-0.000438449747921121,-1.29836425091739],[-0.000850361997258964,-1.29802684159555],[-0.000754756057233963,-1.29810879302111],[-0.00085608498401224,-1.29800879275536],[-0.01320472910196,-1.29447606688128],[-0.000563759277362852,-1.29832843165924],[-0.00075683637404711,-1.29817996609269],[-0.00538314706164233,-1.29694133934552],[-0.0141291985628888,-1.29362271461498],[-0.000792265186657148,-1.29793685317433],[-0.000575438030800512,-1.29817161465132],[-0.000687343294815068,-1.29808764133103],[-0.000394973780353636,-1.29968628150476],[-0.000308781232677913,-1.29887355427585],[-0.000386801689028049,-1.29806115005096],[-0.0102417973033903,-1.29571865528888],[-0.00414848363213188,-1.29800224007832],[-0.000870286001758369,-1.29808809320995],[-0.000249377620113345,-1.29839577967097],[-0.00119882000458138,-1.29816806037432],[-0.000128263544380447,-1.29897589312072]],"d":[[0.19163607458685,0.0285924075587456],[0.758918326542951,0.557156425967906]],"df":[0.665389369427322,0.541227714600021],"lambda":[[0,0],[0,0],[0,0],[0,0],[0,0],[2.17584824891145,0],[0,0],[0.692446916776344,0],[0.706069386318054,0],[0.733314325401473,0],[0.787804203568311,0],[0.896783959901987,0],[1.11474347256934,0],[1.55066249790404,0],[2.42250054857345,0],[-4.44089209850063e-16,0],[1.74367610133882,0],[-4.44089209850063e-16,0],[3.48735220267763,0],[0,0],[0,0],[0,0],[0,0],[0,0],[0,0],[0,0],[0,0],[0,0],[0,0],[0,0],[0,0],[0,0],[0,0],[0,0],[0,0],[0,0],[0,0],[0,0],[0,0],[0,0],[0,0]],"rho":[0.0432962223580812,0.0432962223580812,0.0432962223580812,0.0432962223580812,0.0432962223580812,0.0216481111790406,0.0216481111790406,0.0108240555895203,0.00541202779476014,0.00270601389738007,0.00135300694869004,0.000676503474345018,0.000338251737172509,0.000169125868586255,8.45629342931273e-05,8.45629342931273e-05,4.22814671465636e-05,4.22814671465636e-05,2.11407335732818e-05,2.11407335732818e-05,2.11407335732818e-05,2.11407335732818e-05,2.11407335732818e-05,2.11407335732818e-05,2.11407335732818e-05,2.11407335732818e-05,2.11407335732818e-05,2.11407335732818e-05,2.11407335732818e-05,2.11407335732818e-05,2.11407335732818e-05,2.11407335732818e-05,2.11407335732818e-05,2.11407335732818e-05,2.11407335732818e-05,2.11407335732818e-05,2.11407335732818e-05,2.11407335732818e-05,2.11407335732818e-05,2.11407335732818e-05,2.11407335732818e-05]}
