{"prog":[1.26950575642509,1.26950575642509,1.26950575642509,1.07252429785964,1.07252429785964,1.07252429785964,1.07252429785964,1.07252429785964,1.07252429785964,1.07252429785964,0.62941196364172,0.62941196364172,0.62941196364172,0.606560560821444,0.606560560821444,0.606560560821444,0.606560560821444,0.606560560821444,0.599953994232056,0.599953994232056,0.599953994232056,0.599953994232056,0.599953994232056,0.599953994232056,0.599953994232056,0.599953994232056,0.599953994232056,0.599953994232056,0.599953994232056,0.599953994232056,0.599885482906853,0.599885482906853,0.599885482906853,0.599885482906853,0.599885482906853,0.599885482906853,0.599885482906853,0.599885482906853,0.599885482906853,0.599885482906853,0.599885482906853,0.599885482906853,0.599885482906853,0.599885482906853,0.599885482906853],"mei":["Inf",0.00931388924897333,0.0331455037040921,0.347884093406472,0.0511318033585986,0.155528804948945,0.515308794351604,0.124344869926282,0.0017059962583871,0.00733815397507003,0.00601470904096641,0.00524643259555858,0.000296947660577795,0.000257587485583001,0.000183498214606132,9.14789093379287e-06,"Inf","Inf","Inf","Inf","Inf","Inf","Inf","Inf","Inf","Inf","Inf","Inf","Inf","Inf","Inf","Inf","Inf","Inf","Inf","Inf","Inf","Inf","Inf","Inf","Inf"],"obj":[1.26950575642509,0.856830404120691,1.80567390073223,1.07252429785964,0.307011050858305,0.329617454144542,0.400613407314369,0.475480227344171,0.456936017560107,0.559627907793891,0.62941196364172,0.603022775979481,0,0.606560560821444,0.603570739851954,0.601767892719906,0.60019517792661,0.599677417484812,0.599953994232056,0.50702537825925,0.600609003345664,0.60038554488873,0.600031083006138,0.600306022695783,0.6003654519838,0.600154447717966,0.600329252682324,0.600367303901976,0.600066519215932,0.600155243489486,0.599885482906853,0.600054923083592,0.600444555608563,0.600100911641546,0.599950971540628,0.599977333043989,0.600070665775973,0.602218506981164,0.600247158318278,0.600131449067575,0.600967167500926,0.599916650813197,0.601164189600238,0.600063605780659,0.599947775358411],"X":[[0.876645836275221,0.392859920149869],[0.567552858066641,0.28927754605405],[0.89107184322343,0.914602057508799],[0.237074373950501,0.835449923909141],[0.242681509880973,0.0643295409773312],[0,0.329617454144542],[0,0.400613407314369],[0.00159460727332589,0.473885620070846],[0.0559392397567138,0.400996777803393],[0.147572060383497,0.412055847410394],[0.209802325183731,0.419609638457989],[0.187429297213331,0.41559347876615],[0,0],[0.19028239708611,0.416278163735334],[0.18897595920245,0.414594780649504],[0.190150888404589,0.411617004315317],[0.191977322161818,0.408217855764792],[0.193572991820292,0.40610442566452],[0.193795802540155,0.4061581916919],[0.503481991970106,0.00354338628914341],[0.194124604836254,0.40648439850941],[0.194196745248805,0.406188799639925],[0.19416410906454,0.405866973941599],[0.192956204795736,0.407349817900047],[0.194852419857307,0.405513032126493],[0.193702067987575,0.406452379730391],[0.194099434356988,0.406229818325336],[0.195120159044587,0.405247144857389],[0.195530783030207,0.404535736185725],[0.195014965897631,0.405140277591855],[0.193842798100187,0.406042684806666],[0.195378586739826,0.404676336343765],[0.194658678273943,0.40578587733462],[0.196929892190299,0.403171019451247],[0.196046440536122,0.403904531004506],[0.193157840597125,0.406819492446864],[0.195466290713257,0.404604375062716],[0.189932929517348,0.412285577463816],[0.195369358381335,0.404877799936943],[0.195414076026211,0.404717373041364],[0.199146593850787,0.401820573650139],[0.194608311590155,0.405308339223042],[0.19078106311345,0.410383126486787],[0.1928690446633,0.407194561117359],[0.196464697221206,0.403483078137205]],"C":[[-0.108398181032649,-0.577153160881156],[0.853482924365994,-1.09420225464933],[-1.11060630139456,0.130505953384929],[-0.737912192387447,-0.745819165856188],[1.34088014799293,-1.43696739491954],[0.419893918712597,-1.39135233392327],[0.224450041228118,-1.33950889787997],[0.389474300221135,-1.27542987631771],[0.165448573054669,-1.33607238564674],[0.0551050828183515,-1.30843246560907],[-0.0289907800301664,-1.27991073566066],[0.00217411381607585,-1.29215231895317],[1.5,-1.5],[-0.00178602439825809,-1.2905050997563],[0.000375316485943189,-1.2923992547017],[0.000121381125597397,-1.29441408139743],[0.000198050991797649,-1.29650289001037],[0.000246064307536265,-1.29760869229343],[-7.39526587165695e-05,-1.29747871023938],[0.489558618798769,-1.24649332817542],[-0.000796997127911925,-1.29708607156561],[-0.000581949264014281,-1.29729828318185],[-0.000207755255646924,-1.29757229821466],[-0.000228026718238517,-1.29683402888762],[-0.000639998449791623,-1.29759171525133],[-0.000260708547362487,-1.29727597186884],[-0.000508430613717969,-1.29730274428566],[-0.000660562903842532,-1.29770287511935],[-0.000322286112072301,-1.29811855103627],[-0.000417526102831911,-1.29783051854874],[-1.06457855151287e-05,-1.29755430773968],[-0.000310409889813568,-1.29806427064694],[-0.000706443995435069,-1.29744582072841],[-0.000231461987659665,-1.29867174663656],[-0.000155174145414272,-1.29842692298715],[2.93728626806766e-05,-1.29718794918113],[-0.00032816224648502,-1.29808822887491],[5.14070229412633e-05,-1.29394608490029],[-0.000533032419996193,-1.29790478092389],[-0.000399496645047182,-1.29801718684932],[-0.000859570643575891,-1.2988808607491],[-0.000128102711430045,-1.29785275521629],[6.55955427674715e-05,-1.29518827545223],[2.10130286960042e-05,-1.29699412100711],[-0.000104786817967273,-1.29860302840271]],"d":[[0.344954321947578,0.0278840875361305],[0.696561417643562,0.658652342304106]],"df":[0.620933048674278,0.584665343978699],"lambda":[[0,0],[0,0],[0,0],[0,0],[0,0],[0,0],[6.94013866213391,0],[0,0],[0.547631927187761,0],[1.64289578156328,0],[0,0],[0.378150010330896,0],[0.622745042085401,0],[1.42092990631928,0],[3.40430604719017,0],[2.21213038936304,0],[1.01995473153591,0],[0,0],[0,0],[0,0],[0,0],[0,0],[0,0],[0,0],[0,0],[0,0],[0,0],[0,0],[0,0],[0,0],[0,0],[0,0],[0,0],[0,0],[0,0],[0,0],[0,0],[0,0],[0,0],[0,0],[0,0]],"rho":[0.0079400550192189,0.0079400550192189,0.0079400550192189,0.0079400550192189,0.0079400550192189,0.0079400550192189,0.00397002750960945,0.00397002750960945,0.00198501375480472,0.000992506877402362,0.000992506877402362,0.000496253438701181,0.000248126719350591,0.000124063359675295,6.20316798376476e-05,6.20316798376476e-05,6.20316798376476e-05,6.20316798376476e-05,6.20316798376476e-05,6.20316798376476e-05,6.20316798376476e-05,6.20316798376476e-05,6.20316798376476e-05,6.20316798376476e-05,6.20316798376476e-05,6.20316798376476e-05,6.20316798376476e-05,6.20316798376476e-05,6.20316798376476e-05,6.20316798376476e-05,6.20316798376476e-05,6.20316798376476e-05,6.20316798376476e-05,6.20316798376476e-05,6.20316798376476e-05,6.20316798376476e-05,6.20316798376476e-05,6.20316798376476e-05,6.20316798376476e-05,6.20316798376476e-05,6.20316798376476e-05]}
