{"prog":["Inf","Inf",1.37533471020296,0.969861650646166,0.969861650646166,0.969861650646166,0.969861650646166,0.969861650646166,0.898368936528723,0.801994138701241,0.73378937019353,0.625406451109666,0.625406451109666,0.605460137898853,0.603386796255458,0.603386796255458,0.600622551816886,0.600622551816886,0.600622551816886,0.600622551816886,0.600622551816886,0.600622551816886,0.599857814990664,0.599857814990664,0.599857814990664,0.599857814990664,0.599857814990664,0.599857814990664,0.599857814990664,0.599857814990664,0.599857814990664,0.599857814990664,0.599857814990664,0.599857814990664,0.599857814990664,0.599857814990664,0.599857814990664,0.599857814990664,0.599857814990664,0.599857814990664,0.599857814990664,0.599857814990664,0.599857814990664,0.599857814990664,0.599857814990664],"mei":["Inf",0.0304013489361391,0.0383637130565158,0.100807831730669,0.0604694821362759,0.0650367254311569,0.0493945501060362,0.0909799315764658,0.0457595070374436,0.0425812145682951,0.0193597141866717,0.037234486928247,0.0208856699864421,0.000852609399728126,0.000362019980325361,0.000184907977730766,0.000127113521896448,"Inf","Inf","Inf","Inf","Inf","Inf","Inf","Inf","Inf","Inf","Inf","Inf","Inf","Inf","Inf","Inf","Inf","Inf","Inf","Inf","Inf","Inf","Inf","Inf"],"obj":[0.449987525499889,0.666822693749988,1.37533471020296,0.969861650646166,1.27405025537453,0,0.85911241424754,0.888000878629295,0.898368936528723,0.801994138701241,0.73378937019353,0.625406451109666,0.57668572204324,0.605460137898853,0.603386796255458,0.34530589367994,0.600622551816886,0.59685817996257,0.599184193622123,0.428668329548154,0.544911164645063,0.599241465994629,0.599857814990664,0.599755320360276,0.599973729662042,0.600039380347471,0.600027131573141,0.60055985043044,0.600178036927347,0.600074279096199,0.600241305798118,0.600489294616474,0.600115519740093,0.600059814474177,0.602112185887919,0.600804022009662,0.610839770357506,0.603637527637,0.618297668813983,0.600206482572804,0.601925034177549,0.604073214556535,0.608344307049307,0.600010728789973,0.618639261058975],"X":[[0.272826084152988,0.177161441346901],[0.0355455371773675,0.631277156572621],[0.483780281525985,0.891554428676971],[0.529892149295167,0.439969501350999],[0.803535754504506,0.470514500870023],[0,0],[0.47108049567864,0.388031918568899],[0.488224581213004,0.399776297416291],[0.493179620721713,0.40518931580701],[0.411345393800391,0.39064874490085],[0.349764833764455,0.384024536429074],[0.238670111909629,0.386736339200037],[0.16968935042557,0.406996371617669],[0.205900029166926,0.399560108731928],[0.197688193355551,0.405698602899907],[0,0.34530589367994],[0.194982717202544,0.405639834614342],[0.191961552028669,0.404896627933901],[0.193861164781262,0.405323028840861],[0.428668329548154,0],[0.544911164645063,0],[0.194264931589071,0.404976534405558],[0.194381269269929,0.405476545720735],[0.194502274076365,0.405253046283911],[0.194148601110484,0.405825128551559],[0.195229598389333,0.404809781958138],[0.195356458036435,0.404670673536706],[0.199075452885727,0.401484397544713],[0.19441353376933,0.405764503158016],[0.19570833153448,0.404365947561719],[0.195877318534498,0.404363987263619],[0.19619642345453,0.404292871161945],[0.19579911258713,0.404316407152964],[0.196105958749467,0.40395385572471],[0.193971206424865,0.408140979463054],[0.19934586146993,0.401458160539732],[0.216425470761588,0.394414299595918],[0.20697785760045,0.396659670036549],[0.223058442783416,0.395239226030567],[0.196563193825187,0.403643288747617],[0.20259266145547,0.399332372722078],[0.206575209145828,0.397498005410708],[0.197513688126081,0.410830618923226],[0.197273731752725,0.402736997037248],[0.226752640982822,0.391886620076153]],"C":[[1.3640599932184,-1.39417975150564],[0.700642472523497,-1.10022566637636],[-0.918602849238338,-0.471087339913118],[-0.201567687831886,-1.0256411479963],[0.235265951554812,-0.632946395703908],[1.5,-1.5],[0.0860104685771647,-1.12751439676291],[0.0246916438718309,-1.10181567032351],[-0.00831994073185513,-1.09259548006063],[-0.016392270060179,-1.17818852510659],[-0.0142615418146592,-1.23018971648216],[-0.00111353501072858,-1.2934715816232],[0.0284957801541678,-1.3055594778422],[-0.00457390153062814,-1.29795689749919],[-0.00417808915371043,-1.29632802181288],[0.343795875573875,-1.3807638397899],[-0.000931510778293065,-1.29743806456636],[0.00343183604027381,-1.2992094832305],[0.000733670893913574,-1.29813109108092],[0.614019787407044,-1.3162434632424],[0.476667189614678,-1.20307182264516],[0.000644460598181407,-1.29825514293556],[-4.56753589454517e-05,-1.29780469302739],[5.75494625090767e-05,-1.29793883385673],[-0.000145205192586484,-1.29761228572295],[-0.000291769270163056,-1.29801444434374],[-0.000278072283927566,-1.29807750028281],[-0.000289513941645614,-1.2991792425865],[-0.000394014207828197,-1.29755854586425],[-0.000326398308090392,-1.2981864294205],[-0.000519605993405725,-1.298121841888],[-0.000802929769586125,-1.29805423775128],[-0.000372061947639946,-1.29819095041701],[-0.000284555737850023,-1.29836373538809],[-0.00216981384962411,-1.29579611196102],[-0.000549326440085096,-1.29909257285087],[-0.00462074985659999,-1.29759737587989],[-0.000294928391488536,-1.29982127262962],[-0.0126878003488385,-1.2940308853098],[-0.000421015177442086,-1.29843500628225],[-0.000684299509151665,-1.29948986962054],[-0.00151797532000475,-1.29932201866087],[-0.00869082082771738,-1.29220654555799],[-4.45459847840945e-05,-1.29888598597777],[-0.00745667963172952,-1.2950081168126]],"d":[[0.149671619834257,0.0431043346006964],[0.678153768230632,0.672733315620681]],"df":[0.59041610175624,0.534717964574969],"lambda":[[0,0],[0,0],[0,0],[0,0],[0.865309813154293,0],[0.282171128868506,0],[0,0],[0,0],[0,0],[1.99724881250365,0],[1.35608585075055,0],[0.770407300759209,0],[0.184728750767865,0],[0.0541509048050782,0],[0.535220762802393,0],[0.740910631787863,0],[1.1522903697588,0],[0.107667602056507,0],[0.830384106723224,0],[0.727940804961702,0],[0.857016023857553,0],[1.11516646164926,0],[0.705393254603166,0],[1.22169413018657,0],[0.402147716094393,0],[1.4347494672612,0],[-2.22044604925031e-16,0],[2.06520350233362,0],[0,0],[0,0],[0,0],[0,0],[0,0],[0,0],[0,0],[0,0],[0,0],[0,0],[0,0],[0,0],[0,0]],"rho":[0.0285350327668458,0.0285350327668458,0.0285350327668458,0.0285350327668458,0.0142675163834229,0.0142675163834229,0.0142675163834229,0.0142675163834229,0.0142675163834229,0.00713375819171144,0.00713375819171144,0.00713375819171144,0.00713375819171144,0.00713375819171144,0.00356687909585572,0.00178343954792786,0.00089171977396393,0.00089171977396393,0.000445859886981965,0.000445859886981965,0.000222929943490983,0.000111464971745491,0.000111464971745491,5.57324858727456e-05,5.57324858727456e-05,2.78662429363728e-05,2.78662429363728e-05,1.39331214681864e-05,1.39331214681864e-05,1.39331214681864e-05,1.39331214681864e-05,1.39331214681864e-05,1.39331214681864e-05,1.39331214681864e-05,1.39331214681864e-05,1.39331214681864e-05,1.39331214681864e-05,1.39331214681864e-05,1.39331214681864e-05,1.39331214681864e-05,1.39331214681864e-05]}
