{"prog":[1.41123268582654,0.955615918830879,0.955615918830879,0.955615918830879,0.955615918830879,0.955615918830879,0.955615918830879,0.775504976660901,0.775504976660901,0.775504976660901,0.775504976660901,0.775504976660901,0.775504976660901,0.775504976660901,0.614891614750822,0.614891614750822,0.611597599471288,0.601527196062114,0.601527196062114,0.601527196062114,0.600111272533514,0.600111272533514,0.600045660802123,0.600045660802123,0.600045660802123,0.599879674239066,0.599879674239066,0.599879674239066,0.599879674239066,0.599879674239066,0.599879674239066,0.599879674239066,0.599879674239066,0.599879674239066,0.599879674239066,0.599879674239066,0.599879674239066,0.599879674239066,0.599879674239066,0.599879674239066,0.599879674239066,0.599879674239066,0.599879674239066,0.599879674239066,0.599879674239066],"mei":["Inf",0.0306360876641556,0.0173789288752429,0.0217816464381571,0.0188240252153889,0.0287796096243918,0.0399996865575317,0.0268413385113221,0.156127942417671,0.194669065136788,0.16702432857053,0.0215557312229418,0.0213142764813999,0.0211992524231265,0.00476277265493346,0.000192196253446771,"Inf","Inf","Inf","Inf","Inf","Inf","Inf","Inf","Inf","Inf","Inf","Inf","Inf","Inf","Inf","Inf","Inf","Inf","Inf","Inf","Inf","Inf","Inf","Inf","Inf"],"obj":[1.41123268582654,0.955615918830879,1.37587755198029,0.829911972640527,0.601778016970907,0,0.734791908985892,0.775504976660901,0.303558160590373,0.395205436881668,0.455912359904686,0.509397676981604,0.777822681887115,0.577683534298953,0.614891614750822,0.600297139274438,0.611597599471288,0.601527196062114,0.599332580818531,0.4479264736996,0.600111272533514,0.599780752782725,0.600045660802123,0.600235268983019,0.600224841000559,0.599879674239066,0.599951621082167,0.60027159263398,0.600699938866742,0.600689762266988,0.600487534992922,0.610538960636946,0.600539662904075,0.600341237925535,0.611204416857181,0.622118024840882,0.612025605444663,0.60020746630571,0.609606875869682,0.609339847844027,0.618842202750625,0.600496703354227,0.610384451464141,0.600029800122639,0.607275115554109],"X":[[0.488092564253158,0.923140121573382],[0.802033583634075,0.153582335196804],[0.756096105947182,0.619781446033107],[0.115264219645239,0.714647752995288],[0.33957023570304,0.262207781267866],[0,0],[0.0208058327148921,0.713986076271],[0,0.775504976660901],[0,0.303558160590373],[0,0.395205436881668],[0,0.455912359904686],[0.104371948586217,0.405025728395387],[0.00154109212286991,0.776281589764245],[0.165322516083003,0.41236101821595],[0.198505517986292,0.41638609676453],[0.182392133595059,0.417905005679379],[0.195500521043017,0.416097078428271],[0.191602518297858,0.409924677764256],[0.191836399321413,0.407496181497117],[0.4479264736996,0],[0.19429619246486,0.405815080068654],[0.194425037113947,0.405355715668779],[0.193822155711447,0.406223505090676],[0.194609795054874,0.405625473928145],[0.194549461028777,0.405675379971782],[0.195244433674406,0.40463524056466],[0.193357106714221,0.406594514367946],[0.194485829032856,0.405785763601124],[0.194887081475487,0.405812857391255],[0.194872245582168,0.40581751668482],[0.193271826361638,0.407215708631284],[0.191685440595608,0.418853520041337],[0.194632970669819,0.405906692234255],[0.193752978690554,0.406588259234981],[0.200080907804449,0.411123509052733],[0.200063455131311,0.42205456970957],[0.190361059634192,0.42166454581047],[0.194435469788703,0.405771996517007],[0.190748009503813,0.418858866365869],[0.196903862100339,0.412435985743688],[0.206027056066699,0.412815146683925],[0.193919854397501,0.406576848956726],[0.195521779690944,0.414862671773197],[0.193470116233977,0.406559683888662],[0.196395889009002,0.410879226545107]],"C":[[-1.14833070867313,-0.409577964662258],[-0.0378108843624073,-0.83315459703858],[-0.930567432343672,-0.54418963772462],[0.207225641193369,-0.97599274880836],[0.906290450588038,-1.31593913446716],[1.5,-1.5],[0.271080803380864,-0.989791000216181],[-0.208532890397075,-0.898592031174175],[0.581203959747782,-1.40785244313899],[0.225620167536978,-1.34381266265917],[0.325119516815297,-1.29214392008614],[0.109237532001397,-1.3250606556861],[-0.216243693150848,-0.897384518428165],[0.0319579039799806,-1.30262685633189],[-0.0128299047806478,-1.28721817775019],[0.00879907359948628,-1.29208851583076],[-0.00873105679374131,-1.28864276759537],[-0.00065300250459438,-1.29525023354179],[0.000994534416354331,-1.29714565796066],[0.575929595965944,-1.29936187415904],[-0.000309117453247798,-1.29756311038253],[3.49848214594162e-05,-1.29788564871789],[-0.000172178953352697,-1.29741543586721],[-0.000476402143117005,-1.29759500256927],[-0.000459041678288141,-1.29757799329816],[-0.000106473569135068,-1.29814993321234],[1.01376036414913e-05,-1.297293930169],[-0.000502105025724342,-1.29751317636406],[-0.00100510097223228,-1.29733495024991],[-0.000992559264807014,-1.29733695105353],[-0.000484419719475826,-1.29682136777876],[-0.00397643024286576,-1.28781842061265],[-0.000804561336139376,-1.29735776392769],[-0.000457008868199049,-1.29714577070081],[-0.012120334552005,-1.29094509063632],[-0.0155802261111543,-1.28184455410819],[-0.00186396893568036,-1.2859616777814],[-0.000427922936979519,-1.29754393493065],[-0.00268332309465596,-1.28817244693703],[-0.00896812319917417,-1.2911254267536],[-0.0208290307694073,-1.28713650683682],[-0.000645083627710485,-1.29709035596287],[-0.00834806097006235,-1.28966019723569],[-9.05769809156354e-05,-1.29727853756076],[-0.00732344668055074,-1.29260691597406]],"d":[[0.29595771532786,0.0299384470426391],[0.741553919644579,0.675420811154333]],"df":[0.505195187462139,0.681349478988073],"lambda":[[0,0],[0,0],[0,0],[0,0],[0,0],[0,0],[0,0],[0,0],[4.86181318137398,0],[0,0],[2.84468819410834,0],[0.560616079497447,0],[2.12709057690059,0],[0,0],[0,0],[0.354108368885502,0],[1.0623251066565,0],[0.622074571879156,0],[0.671900572303181,0],[0.771552573151229,0],[0.970856574847325,0],[1.36946457823952,0],[0,0],[0.797216006784385,0],[2.39164802035315,0],[0,0],[3.18886402713754,0],[0,0],[0,0],[0,0],[0,0],[0,0],[0,0],[0,0],[0,0],[0,0],[0,0],[0,0],[0,0],[0,0],[0,0]],"rho":[0.022468475839404,0.022468475839404,0.022468475839404,0.022468475839404,0.022468475839404,0.022468475839404,0.022468475839404,0.022468475839404,0.011234237919702,0.011234237919702,0.005617118959851,0.005617118959851,0.0028085594799255,0.0028085594799255,0.0028085594799255,0.00140427973996275,0.000702139869981375,0.000702139869981375,0.000351069934990687,0.000175534967495344,8.77674837476719e-05,4.38837418738359e-05,4.38837418738359e-05,2.1941870936918e-05,1.0970935468459e-05,1.0970935468459e-05,5.48546773422949e-06,5.48546773422949e-06,5.48546773422949e-06,5.48546773422949e-06,5.48546773422949e-06,5.48546773422949e-06,5.48546773422949e-06,5.48546773422949e-06,5.48546773422949e-06,5.48546773422949e-06,5.48546773422949e-06,5.48546773422949e-06,5.48546773422949e-06,5.48546773422949e-06,5.48546773422949e-06]}
