{"prog":["Inf","Inf",1.48184547780125,1.48184547780125,1.48184547780125,1.48184547780125,1.48184547780125,0.659379628974454,0.612649316926054,0.612649316926054,0.612649316926054,0.606897685863656,0.606897685863656,0.606897685863656,0.606897685863656,0.606897685863656,0.606897685863656,0.600235246194656,0.600013901654275,0.600013901654275,0.599928019531173,0.599928019531173,0.599920146362757,0.59988562141758,0.59988562141758,0.59988562141758,0.59988562141758,0.59988562141758,0.59988562141758,0.59988562141758,0.59988562141758,0.59988562141758,0.59988562141758,0.59988562141758,0.59988562141758,0.59988562141758,0.59988562141758,0.59988562141758,0.59988562141758,0.59988562141758,0.59988562141758,0.59988562141758,0.59988562141758,0.59988562141758,0.59988562141758],"mei":["Inf",0.195859355984422,0.430300892295311,0.166891890601691,0.039843602723792,0.0127402864392587,0.00775148293062235,0.00783355965673629,0.00889621472776947,0.00853500627330054,0.000825793717236596,0.0003391781695963,4.75149542722596e-05,"Inf","Inf","Inf","Inf","Inf","Inf","Inf","Inf","Inf","Inf","Inf","Inf","Inf","Inf","Inf","Inf","Inf","Inf","Inf","Inf","Inf","Inf","Inf","Inf","Inf","Inf","Inf","Inf"],"obj":[0.210068151073081,0.725806286713529,1.48184547780125,0.741943282918526,1.90068782604316,0.756005956991818,0.676724789575356,0.659379628974454,0.612649316926054,0.608051460977249,0.606186141323421,0.606897685863656,0.602957007484,0.59985029381394,0.378232823587614,0.59933626945411,1,0.600235246194656,0.600013901654275,0.600116155669486,0.599928019531173,0.599939808036558,0.599920146362757,0.59988562141758,0.600119504369275,0.600003024176685,0.600166461533991,0.600021498725774,0.600076795015975,0.600215835734285,0.600136067023916,0.600357614482074,0.608803773636046,0.608007716305602,0.612672400109528,0.599922745998464,0.603782527586255,0.621448224783874,0.608282330920566,0.599939067056546,0.600222115982094,0.600470736504127,0.600071954520802,0.611787714429057,0.604015361975696],"X":[[0.105163156801174,0.104904994271906],[0.195430505200157,0.530375781513372],[0.701004968192662,0.780840509608584],[0.521268010493663,0.220675272424863],[0.948874737240578,0.951813088802577],[0.184229042554341,0.571776914437477],[0.208244049755145,0.468480739820211],[0.211657781070431,0.447721847904023],[0.216301078546546,0.396348238379509],[0.215828250806091,0.392223210171158],[0.213870379529065,0.392315761794355],[0.21251260102384,0.394385084839816],[0.206267208921367,0.396689798562634],[0.198787772680715,0.401062521133225],[0,0.378232823587614],[0.195021947007171,0.404314322446939],[1,0],[0.195285932408656,0.404949313786],[0.194661683798081,0.405352217856194],[0.195390980909313,0.404725174760173],[0.194287239166606,0.405640780364567],[0.194548148663193,0.405391659373365],[0.195092954485728,0.40482719187703],[0.195924888913725,0.403960732503856],[0.196149111144579,0.403970393224696],[0.195327627585735,0.40467539659095],[0.195723155618281,0.40444330591571],[0.196881009910745,0.403140488815029],[0.194188365975922,0.405888429040053],[0.195693861309107,0.404521974425178],[0.193821250425122,0.406314816598795],[0.194957779945214,0.405399834536861],[0.213605126235915,0.395198647400131],[0.20792915381131,0.400078562494293],[0.222321846458151,0.390350553651377],[0.195894603731565,0.404028142266899],[0.193558217713181,0.410224309873074],[0.233225946012619,0.388222278771255],[0.214885293213126,0.39339703770744],[0.196261481271337,0.403677585785209],[0.194615612620652,0.405606503361442],[0.193447222146031,0.407023514358096],[0.193805853235008,0.406266101285794],[0.21921167378519,0.392576040643867],[0.190722271787264,0.413293090188432]],"C":[[1.6593276469336,-1.47793565262842],[0.314450432528299,-1.18050844802129],[-0.54902047316992,-0.398880133123412],[0.974973929078553,-1.17958208537619],[-1.34225089684229,0.306311422989278],[0.48999258043288,-1.13913081999587],[0.0448674425390674,-1.23716021215908],[-0.0104162053117412,-1.25474613062175],[-0.0088324905071952,-1.29612191735306],[0.0011781042631655,-1.29957911955701],[0.00271561258299352,-1.30034780380781],[-0.000879647073502077,-1.29929879926197],[0.000360049512774185,-1.30009104224013],[0.000655368775585863,-1.2996322755749],[0.243946890882023,-1.35693993116094],[0.000529836767261649,-1.2984963688498],[0.5,-0.5],[-0.000517730960704565,-1.29787945786753],[-0.000239219179541839,-1.29779640833996],[-0.000381699733781771,-1.29801989749464],[-0.000112466995227101,-1.29770802600224],[-0.000149192246725716,-1.29780862036223],[-0.000152561946282548,-1.29805368382699],[-8.47163099430004e-05,-1.29842916449909],[-0.000354596186301737,-1.29833344759508],[-0.000250052172796167,-1.29808494129569],[-0.000435833522989981,-1.29811805865479],[-0.000135964954181389,-1.2987156142145],[-0.000259083529515536,-1.297545461691],[-0.000495217952091453,-1.29806588485309],[-0.000264075306790124,-1.29734159269593],[-0.000639578445187416,-1.29764243819632],[-0.00373249797672748,-1.29819087913885],[-0.00761337941992668,-1.29670261082781],[0.000433922983215429,-1.2981994418515],[-0.000132619232886155,-1.29838656448521],[-0.00330774088089392,-1.29425123194486],[-0.00198025744880026,-1.29488912037217],[-0.000810950075236627,-1.29906308148372],[-0.00011882942362379,-1.29852583770381],[-0.000462749476806024,-1.29760812775519],[-0.000513977355977413,-1.29691003100357],[-0.000196227639195745,-1.29738714619789],[-0.00272182667598586,-1.29783029438868],[-0.00143460313910015,-1.2928138366468]],"d":[[0.206340976242772,0.0430901415555228],[0.382182187619513,0.561399460883692]],"df":[0.350216527981945,0.639363530677708],"lambda":[[0,0],[0,0],[0,0],[1.41722186614287,0],[0.759191316834009,0],[0.201209940097552,0],[0.275635181558573,0],[0.618745937580829,0],[0.396463588241175,0],[0.487446272079837,0],[0.81866299639884,0],[1.48109644503685,0],[2.55219293308234,0],[4.69438590917333,0],[0.507890384303633,0],[1.11022302462516e-16,0],[-1.08155604967801e-16,0],[1.43334874735724e-18,0],[1.43334874735724e-18,0],[1.43334874735724e-18,0],[1.43334874735724e-18,0],[1.43334874735724e-18,0],[1.43334874735724e-18,0],[1.43334874735724e-18,0],[1.43334874735724e-18,0],[1.43334874735724e-18,0],[1.43334874735724e-18,0],[1.43334874735724e-18,0],[1.43334874735724e-18,0],[1.43334874735724e-18,0],[1.43334874735724e-18,0],[1.43334874735724e-18,0],[1.43334874735724e-18,0],[1.43334874735724e-18,0],[1.43334874735724e-18,0],[1.43334874735724e-18,0],[1.43334874735724e-18,0],[1.43334874735724e-18,0],[1.43334874735724e-18,0],[1.43334874735724e-18,0],[1.43334874735724e-18,0]],"rho":[0.0316587286796381,0.0316587286796381,0.0316587286796381,0.015829364339819,0.015829364339819,0.015829364339819,0.00791468216990952,0.00395734108495476,0.00395734108495476,0.00197867054247738,0.00098933527123869,0.000494667635619345,0.000247333817809672,0.000123666908904836,0.000123666908904836,0.000123666908904836,0.000123666908904836,6.18334544524181e-05,6.18334544524181e-05,6.18334544524181e-05,6.18334544524181e-05,6.18334544524181e-05,6.18334544524181e-05,6.18334544524181e-05,6.18334544524181e-05,6.18334544524181e-05,6.18334544524181e-05,6.18334544524181e-05,6.18334544524181e-05,6.18334544524181e-05,6.18334544524181e-05,6.18334544524181e-05,6.18334544524181e-05,6.18334544524181e-05,6.18334544524181e-05,6.18334544524181e-05,6.18334544524181e-05,6.18334544524181e-05,6.18334544524181e-05,6.18334544524181e-05,6.18334544524181e-05]}
