{"prog":["Inf","Inf",1.27457854608413,1.27457854608413,1.27457854608413,1.27457854608413,1.27457854608413,1.27457854608413,1.27457854608413,1.27457854608413,0.601321845746568,0.601321845746568,0.601321845746568,0.601321845746568,0.601321845746568,0.601321845746568,0.601321845746568,0.601321845746568,0.600194388454327,0.600027961496219,0.600027961496219,0.600027961496219,0.600027961496219,0.600027961496219,0.600027961496219,0.600027961496219,0.600027961496219,0.600027961496219,0.600027961496219,0.600027961496219,0.600027961496219,0.600027961496219,0.600027961496219,0.600027961496219,0.600027961496219,0.600027961496219,0.600027961496219,0.600027961496219,0.600027961496219,0.600027961496219,0.600027961496219,0.600020733117962,0.600020733117962,0.600020733117962,0.600020733117962],"mei":["Inf",0.0659737212354587,0.0497147077915469,0.127829071411003,0.0436482926883798,0.0460517200110393,0.0108690613330805,0.0123538659350413,0.00794500367636689,0.0026745316273142,0.000481044017456015,0.000359207110576771,7.30840516633899e-05,2.78542471319468e-05,"Inf","Inf","Inf","Inf","Inf","Inf","Inf","Inf","Inf","Inf","Inf","Inf","Inf","Inf","Inf","Inf","Inf","Inf","Inf","Inf","Inf","Inf","Inf","Inf","Inf","Inf","Inf"],"obj":[0.688253100385948,0.821679379241932,1.27457854608413,1.36438645646544,1.87446715069806,0,0.722714623708383,0.618642847091533,0.611979933983343,0.596385166797266,0.601321845746568,0.605622646218291,0.599473839499952,0.3486847186458,0.423037427018754,0.599624706786942,0.350215765867916,0.493369179450403,0.600194388454327,0.600027961496219,0.604864442737043,0.600415780421216,0.600515370019552,0.600313642936104,0.604099317491869,0.600384858542046,0.600308595909124,0.600686211030153,0.601324846296674,0.604648011191126,0.600468914288198,0.600410603057127,0.600076407187418,0.600355329302279,0.600322073863532,0.600799801990563,0.600302719214354,0.60062780596265,0.600151758074643,0.601410203936419,0.600231472027263,0.600020733117962,0.608974558733981,0.60588847169636,0.604718296063533],"X":[[0.141697687646769,0.546555412739179],[0.502964664428254,0.318714714813678],[0.988936414483221,0.285642131600911],[0.460262112957486,0.904124343507952],[0.927599713380355,0.946867437317704],[0,0],[0.109326871123148,0.613387752585235],[0.180865064939321,0.437777782152211],[0.183817452111283,0.42816248187206],[0.187230252340912,0.409154914456354],[0.191613814961405,0.409708030785163],[0.196602499330442,0.409020146887849],[0.194046895144436,0.405426944355516],[0.00261529454379819,0.346069424102002],[0,0.423037427018754],[0.194986991000782,0.40463771578616],[0.350215765867916,0],[0.493369179450403,0],[0.193487922505046,0.406706465949281],[0.19409010267674,0.405937858819479],[0.189994211293569,0.414870231443474],[0.193866909291509,0.406548871129707],[0.194716587046178,0.405798782973374],[0.194537893927841,0.405775749008263],[0.190250152230042,0.413849165261828],[0.195180497611441,0.405204360930605],[0.193946833826136,0.406361762082988],[0.193826640474036,0.406859570556117],[0.191317627874485,0.41000721842219],[0.189141917820521,0.415506093370606],[0.195083881493896,0.405385032794301],[0.194749295274728,0.405661307782399],[0.196131017407534,0.403945389779884],[0.195300891328355,0.405054437973924],[0.195662262937587,0.404659810925945],[0.191927332931836,0.408872469058727],[0.19384430096202,0.406458418252335],[0.199181858269186,0.401445947693465],[0.195838762454823,0.40431299561982],[0.191917836324386,0.409492367612033],[0.193773717655328,0.406457754371934],[0.196134466821927,0.403886266296035],[0.190410159359133,0.418564399374847],[0.191182885996621,0.414705585699739],[0.192177608891804,0.412540687171728]],"C":[[0.48666240213691,-1.18119894612106],[0.691541920665825,-1.14544747689781],[-0.336800516519663,-0.440413340763558],[-1.05319856315952,-0.470717958852225],[-1.21750070154058,0.256999172115913],[1.5,-1.5],[0.651734498508791,-1.11180310022886],[0.0262689479475093,-1.27563844173839],[0.0108937130953727,-1.28288803341647],[0.00533479176243823,-1.29753708858457],[-0.000513347292319832,-1.29542347542608],[-0.00614319963387278,-1.29404997669687],[0.000401891216100403,-1.29797479527535],[0.337933736763443,-1.38022911393616],[0.242292292158645,-1.32103933534135],[0.000190006266531983,-1.29824839230382],[0.801487141067654,-1.37734891733755],[0.507058968300548,-1.25658685276844],[-0.000256412322829358,-1.29715227439973],[-0.000194652526538441,-1.29754348681999],[-0.00105371553046152,-1.29178489073697],[-0.000553958914353947,-1.29713363686492],[-0.000788644356184198,-1.29741279846642],[-0.000552937592043168,-1.2975010493429],[-0.00104404835340632,-1.29253374798853],[-0.000683353374926643,-1.29771399923497],[-0.000461263685822166,-1.29725474396563],[-0.00081170116311613,-1.29689652328944],[-0.00035442095561361,-1.29529164610618],[-9.22306419733898e-05,-1.29158002129507],[-0.000771340064810611,-1.29760525436764],[-0.000679588580035584,-1.29751161535827],[-0.000302924240739466,-1.29836074608626],[-0.000654997553161674,-1.29778846412398],[-0.000620849172950799,-1.29796671628352],[-0.00027288129022357,-1.29598720291949],[-0.00043647745647124,-1.29721594121636],[-0.000350245671565053,-1.29916773841693],[-0.00041381399491508,-1.29817818069309],[-0.000734332323179265,-1.29548354496806],[-0.000351593320607912,-1.29724384025696],[-0.000233727788164717,-1.29840715482193],[-0.00221278063055158,-1.2885478147888],[-0.00257286945105667,-1.29146838129144],[-0.002963827114493,-1.29287794806851]],"d":[[0.129664997317141,0.0417295461634661],[0.578376273389711,0.662531159943185]],"df":[0.58519508666522,0.644543228169515],"lambda":[[0,0],[0,0],[0,0],[0,0],[1.01385496209865,0],[1.85474475330705,0],[2.67833389908003,0],[2.51983202054623,0],[0.623048504309499,0],[0.747137037883494,0],[0.995314105031484,0],[1.49166823932746,0],[1.96100119390357,0],[2.89966710305579,0],[4.77699892136023,0],[0,0],[3.75466363660888,0],[0,0],[0,0],[0,0],[0,0],[0,0],[0,0],[0,0],[0,0],[0,0],[0,0],[0,0],[0,0],[0,0],[0,0],[0,0],[0,0],[0,0],[0,0],[0,0],[0,0],[0,0],[0,0],[0,0],[0,0]],"rho":[0.0259099663458108,0.0259099663458108,0.0259099663458108,0.0259099663458108,0.0129549831729054,0.00647749158645269,0.00323874579322635,0.00323874579322635,0.00323874579322635,0.00161937289661317,0.000809686448306587,0.000404843224153293,0.000202421612076647,0.000101210806038323,5.06054030191617e-05,5.06054030191617e-05,2.53027015095808e-05,2.53027015095808e-05,2.53027015095808e-05,2.53027015095808e-05,2.53027015095808e-05,2.53027015095808e-05,2.53027015095808e-05,2.53027015095808e-05,2.53027015095808e-05,2.53027015095808e-05,2.53027015095808e-05,2.53027015095808e-05,2.53027015095808e-05,2.53027015095808e-05,2.53027015095808e-05,2.53027015095808e-05,2.53027015095808e-05,2.53027015095808e-05,2.53027015095808e-05,2.53027015095808e-05,2.53027015095808e-05,2.53027015095808e-05,2.53027015095808e-05,2.53027015095808e-05,2.53027015095808e-05]}
