{"prog":["Inf","Inf",1.51487117311332,1.51487117311332,1.51487117311332,1.51487117311332,1.51487117311332,0.743060741872386,0.743060741872386,0.720506077148386,0.61344581242841,0.61344581242841,0.61344581242841,0.61344581242841,0.606782474231946,0.606782474231946,0.606782474231946,0.606782474231946,0.606782474231946,0.606782474231946,0.599985912299657,0.599855615616864,0.599855615616864,0.599855615616864,0.599855615616864,0.599855615616864,0.599855615616864,0.599855615616864,0.599855615616864,0.599855615616864,0.599855615616864,0.599855615616864,0.599855615616864,0.599855615616864,0.599855615616864,0.599855615616864,0.599855615616864,0.599855615616864,0.599855615616864,0.599855615616864,0.599855615616864,0.599855615616864,0.599855615616864,0.599855615616864,0.599855615616864],"mei":["Inf",0.278910636621197,0.23385126574337,0.0800566260699614,0.022164827120699,0.0199941005871781,0.0889078181567256,0.0212424445218927,0.0255658020867431,0.0191960619387337,0.00831585724526365,0.0190480075469585,0.01305894684113,0.000176393053300429,3.67599786927776e-05,"Inf","Inf","Inf","Inf","Inf","Inf","Inf","Inf","Inf","Inf","Inf","Inf","Inf","Inf","Inf","Inf","Inf","Inf","Inf","Inf","Inf","Inf","Inf","Inf","Inf","Inf"],"obj":[0.948702840774484,1.08158912223801,1.51487117311332,0.321238708063317,0.661601035828144,0.728242873662992,0.728012068678634,0.743060741872386,0,0.720506077148386,0.61344581242841,0.597683221406366,0.37214444648,0.604575934355887,0.606782474231946,0.599781662589685,0.597199265327077,0.426476855637724,0.560672237342289,0.599781661033065,0.599985912299657,0.599855615616864,0.599986946682977,0.600904884810934,0.600298302112426,0.611682618181451,0.610136646179217,0.6126478837086,0.607566988296286,0.626418154543156,0.613717993281467,0.610308795471051,0.618187997204188,0.610637021134069,0.613599311056267,0.613380483109706,0.609543896620195,0.608594244837648,0.606730415903267,0.603611296981243,0.60586449193555,0.604063317736838,0.619490375563291,0.604554772239854,0.608927543935045],"X":[[0.641198773710336,0.307504067064147],[0.945723536705068,0.135865585532939],[0.757657369579574,0.757213803533747],[0.133435267092063,0.187803440971254],[0.116205586822751,0.545395449005392],[0.101049392794072,0.627193480868921],[0.234988485189421,0.493023583489213],[0.256626433630228,0.486434308242158],[0,0],[0.271888895542159,0.448617181606227],[0.219269631675209,0.3941761807532],[0.211116826220516,0.386566395185849],[0,0.37214444648],[0.213494201216485,0.391081733139401],[0.210426840477973,0.396355633753973],[0.195231819397663,0.404549843192022],[0.193368784998457,0.40383048032862],[0.426476855637724,0],[0.560672237342289,0],[0.195022128396563,0.404759532636502],[0.195230400660526,0.40475551163913],[0.194874005760548,0.404981609856316],[0.196756434412962,0.403230512270015],[0.198949535042368,0.401955349768566],[0.19636968484327,0.403928617269156],[0.211930727180166,0.399751891001286],[0.214378155981674,0.395758490197543],[0.216509211005063,0.396138672703537],[0.206975177897279,0.400591810399008],[0.219468982578126,0.40694917196503],[0.204006533001083,0.409711460280384],[0.209342703416454,0.400966092054597],[0.210813711499376,0.407374285704813],[0.207121347181742,0.403515673952327],[0.216555939091685,0.397043371964582],[0.217183438725962,0.396197044383744],[0.212774390438147,0.396769506182049],[0.202988802799092,0.405605442038556],[0.20683013714212,0.399900278761147],[0.202369743364525,0.401241553616718],[0.202329113515446,0.403535378420103],[0.200248820976824,0.403814496760013],[0.210318870322527,0.409171505240763],[0.20065387991454,0.403900892325314],[0.2122900946061,0.396637449328945]],"C":[[0.722939458110817,-0.994305381331369],[0.630866624178406,-0.587147534789849],[-0.955028227697591,-0.352582566059716],[1.38057932102126,-1.44692489705543],[0.526377276450761,-1.18904006579539],[0.644228913873743,-1.09641735777148],[0.0684300434012265,-1.20170815795184],[-0.00528787694255917,-1.1975245373272],[1.5,-1.5],[-0.117010621956382,-1.22481905284855],[-0.00668851232215123,-1.29654596715184],[0.0202792786383567,-1.30599610779959],[0.256032986854937,-1.36150851095409],[0.00611778302595734,-1.30147530405162],[-0.00311383672661603,-1.29862275639794],[8.16017612759179e-06,-1.29822396106799],[0.00301971883730712,-1.29952945614578],[0.618623233488616,-1.31811749160536],[0.479647438922091,-1.18564664227359],[7.93666998666342e-06,-1.29813609017556],[-0.000229982046370314,-1.29805806645568],[-7.34163392243636e-05,-1.29801401755702],[-0.000111862167982202,-1.29869205949156],[-0.000834952558138424,-1.29885097929886],[-0.000556544410964699,-1.29828061902558],[-0.0112266668782233,-1.29528379251778],[-0.00570049474946965,-1.29741722367446],[-0.00857783060678491,-1.29619791353865],[-0.00747166355372919,-1.29668747717564],[-0.0309267189188727,-1.2862257371231],[-0.0158188790570861,-1.29051785380779],[-0.0106262326944123,-1.29540182554875],[-0.0214981703699708,-1.28960377039035],[-0.0121828707358659,-1.29427584841642],[-0.0105647685907417,-1.29546008602311],[-0.00935255294344539,-1.29585925596475],[-0.00628373003832783,-1.29730101773773],[-0.0102545053360162,-1.2942797713269],[-0.00614413889520771,-1.29730106141653],[-0.00354144252596877,-1.29805170262182],[-0.0068330525305621,-1.2962221281874],[-0.00484814726323146,-1.29683426190385],[-0.0229362028901088,-1.28834465208526],[-0.00542240431024649,-1.29660208965406],[-0.00553329312779544,-1.29761164952196]],"d":[[0.208786951771472,0.0425026933171798],[0.615974302312787,0.706276571948012]],"df":[0.545433085870681,0.595756358773773],"lambda":[[0,0],[0,0],[0,0],[0.748269851044062,0],[0.632625940986944,0],[0.516982030929825,0],[0,0],[0,0],[0.443500312195686,0],[0.150949738193696,0],[0.41853703558658,0],[0.146143212313484,0],[0.146857052430718,0],[0.675178111960251,0],[0.678033472429189,0],[0.683744193367064,0],[0.694852803465956,0],[0.717070023663738,0],[0.761504464059304,0],[0.850373344850434,0],[1.02811110643269,0],[1.38358662959722,0],[2.09453767592626,0],[3.51643976858434,0],[6.36024395390051,0],[6.21724893790088e-15,0],[5.68760837063235,0],[6.21724893790088e-15,0],[11.3752167412647,0],[5.32907051820075e-15,0],[5.32907051820075e-15,0],[5.32907051820075e-15,0],[5.32907051820075e-15,0],[5.32907051820075e-15,0],[5.32907051820075e-15,0],[5.32907051820075e-15,0],[5.32907051820075e-15,0],[5.32907051820075e-15,0],[5.32907051820075e-15,0],[5.32907051820075e-15,0],[5.32907051820075e-15,0]],"rho":[0.0914510230577191,0.0914510230577191,0.0914510230577191,0.0457255115288595,0.0457255115288595,0.0457255115288595,0.0457255115288595,0.0457255115288595,0.0228627557644298,0.0228627557644298,0.0114313778822149,0.0114313778822149,0.00571568894110744,0.00285784447055372,0.00142892223527686,0.00071446111763843,0.000357230558819215,0.000178615279409608,8.93076397048038e-05,4.46538198524019e-05,2.23269099262009e-05,1.11634549631005e-05,5.58172748155024e-06,2.79086374077512e-06,1.39543187038756e-06,1.39543187038756e-06,6.9771593519378e-07,6.9771593519378e-07,3.4885796759689e-07,3.4885796759689e-07,3.4885796759689e-07,3.4885796759689e-07,3.4885796759689e-07,3.4885796759689e-07,3.4885796759689e-07,3.4885796759689e-07,3.4885796759689e-07,3.4885796759689e-07,3.4885796759689e-07,3.4885796759689e-07,3.4885796759689e-07]}
