{"prog":["Inf",1.01320568372803,1.01320568372803,1.01320568372803,0.959266564957627,0.959266564957627,0.959266564957627,0.959266564957627,0.959266564957627,0.959266564957627,0.601724343423714,0.601724343423714,0.601724343423714,0.601724343423714,0.600468778452635,0.600468778452635,0.600468778452635,0.600468778452635,0.600468778452635,0.600050870618412,0.600050870618412,0.600050870618412,0.600050870618412,0.600050870618412,0.600050870618412,0.600050870618412,0.600050870618412,0.600050870618412,0.600050870618412,0.600050870618412,0.600050870618412,0.600050870618412,0.600050870618412,0.600050870618412,0.600050870618412,0.600050870618412,0.600050870618412,0.600050870618412,0.600050870618412,0.600050870618412,0.600050870618412,0.600050870618412,0.600050870618412,0.600050870618412,0.600050870618412],"mei":["Inf",0.280022546119077,0.271003590088875,0.2516747417679,0.0425812228374007,0.0227546229262571,0.0211724122516673,0.0218005893715652,0.0103911233911211,0.0133311353241508,0.00618792485883922,0.00412852244216436,0.00076878196256712,0.000101543349433785,7.16206871428759e-06,"Inf","Inf","Inf","Inf","Inf","Inf","Inf","Inf","Inf","Inf","Inf","Inf","Inf","Inf","Inf","Inf","Inf","Inf","Inf","Inf","Inf","Inf","Inf","Inf","Inf","Inf"],"obj":[0.377340595870591,1.01320568372803,1.42264553899473,1.49813338326247,0.959266564957627,1,0,0.582506214256733,0.381312621623892,0.59076274411391,0.601724343423714,0.38289430675064,0.598074825765018,0.600012987728566,0.600468778452635,0.599753861729429,0.547593863349362,0.472602009061895,0.532437730726577,0.600050870618412,0.600441993881653,0.6002657521411,0.600222898766876,0.600205933020912,0.600105589503332,0.600195602458095,0.600654536252868,0.600446289216761,0.600311065795369,0.602870795477097,0.600639958760007,0.600496161832201,0.603218107902739,0.600471466648613,0.600640760877964,0.605594132923006,0.600666780794017,0.600677704367129,0.600631657282451,0.600591584538202,0.601098499084307,0.600643798017478,0.600651344277192,0.600551509918688,0.607469362695682],"X":[[0.0977278777951672,0.279612718075424],[0.474439638330238,0.538766045397792],[0.529104176119227,0.8935413628755],[0.846582328841691,0.651551054420776],[0.741951842988364,0.217314721969262],[0,1],[0,0],[0.197681481268167,0.384824732988566],[0.381312621623892,0],[0.195965566335592,0.394797177778319],[0.191072052784281,0.410652290639433],[0,0.38289430675064],[0.194575761335232,0.403499064429786],[0.197893226937287,0.402119760791279],[0.196766907451947,0.403701871000689],[0.19608163561577,0.403672226113659],[0.547593863349362,0],[0,0.472602009061895],[0.418673191197711,0.113764539528867],[0.19580890215138,0.404241968467032],[0.198836274567411,0.401605719314242],[0.195395129259296,0.404870622881804],[0.195391345021722,0.404831553745154],[0.196940055025171,0.403265877995741],[0.196853549788719,0.403252039714612],[0.196363487311436,0.40383211514666],[0.195806380154894,0.404848156097974],[0.196533483333285,0.403912805883476],[0.196436711593532,0.403874354201837],[0.195738645764504,0.407132149712593],[0.195858281678163,0.404781677081844],[0.1956363915538,0.404859770278401],[0.195340783491127,0.407877324411612],[0.196269019754705,0.404202446893909],[0.195519902611497,0.405120858266467],[0.197105827479158,0.408488305443848],[0.195686571378746,0.404980209415271],[0.195816237734967,0.404861466632162],[0.195443349649006,0.405188307633445],[0.195351969852208,0.405239614685994],[0.19188794976542,0.409210549318887],[0.195501370146269,0.405142427871209],[0.195381183441691,0.405270160835501],[0.195748592034542,0.404802917884146],[0.199718000831765,0.407751361863917]],"C":[[0.689510458553611,-1.41226598979213],[-0.45192886487244,-0.984638177907498],[-0.838583662615665,-0.421632603643788],[-0.90798225332245,-0.358779583976153],[-0.00926626457618362,-0.902281774301592],[-0.5,-0.5],[1.5,-1.5],[0.0363898756610887,-1.3128319568439],[0.722842232952453,-1.35460068459031],[0.0144540979343877,-1.30573268522905],[-0.000474383482239271,-1.29485616683739],[0.236669667578349,-1.35339194985795],[0.00203677897418658,-1.2993287781051],[0.000109327936755221,-1.29913796871351],[-0.00072827646068141,-1.29830758348234],[9.3969140310457e-05,-1.29860072603869],[0.476741219487154,-1.20014096082212],[0.386030210594344,-1.27664734103066],[1.01498891328079,-1.31177038851811],[-0.000293758882229822,-1.29824730476817],[-0.000203021976676099,-1.29917698213024],[-0.000554818703768223,-1.29790052218904],[-0.000505366537770002,-1.29793363538289],[-0.000366759359672009,-1.29859124637101],[-0.000250343856614432,-1.29863647240159],[-0.000429395680670075,-1.29836100362707],[-0.00100805255074859,-1.29775783199471],[-0.000725098221512233,-1.29822903517222],[-0.000566106082302009,-1.29829812435637],[-0.00337109214308745,-1.29592979522468],[-0.000991190806432896,-1.29779132739689],[-0.000823484403590147,-1.29781496870993],[-0.0035978132899866,-1.2954780665359],[-0.000777055288522233,-1.2980988538095],[-0.000986406525725292,-1.29764905788023],[-0.00629522332944665,-1.29428659708937],[-0.00102068960939306,-1.29769779576399],[-0.00103496007123216,-1.29774319387578],[-0.000973091673044546,-1.29762433243512],[-0.000923778032269229,-1.29761846256401],[-0.000485919716317229,-1.29572574106096],[-0.00098916392061188,-1.29763882740955],[-0.00099224764108935,-1.29758228989329],[-0.000888259320364904,-1.29781708638898],[-0.00875874135664473,-1.29385154704188]],"d":[[0.208791598166872,0.0409643738541485],[0.693557107830555,0.633331708473727]],"df":[0.582436682215489,0.587522340872602],"lambda":[[0,0],[0,0],[0,0],[0,0],[0.14684804153897,0],[0.440544124616911,0],[0.673856927732304,0],[0.658542275722154,0],[0.643227623712004,0],[0.708981517722007,0],[0.840489305742014,0],[0.746444711188498,0],[0.758579237262251,0],[0.782848289409758,0],[0.831386393704771,0],[0.928462602294798,0],[1.12261501947485,0],[1.51091985383496,0],[-2.22044604925031e-16,0],[0.776609668720212,0],[2.32982900616064,0],[0,0],[3.10643867488085,0],[0,0],[6.2128773497617,0],[0,0],[0,0],[0,0],[0,0],[0,0],[0,0],[0,0],[0,0],[0,0],[0,0],[0,0],[0,0],[0,0],[0,0],[0,0],[0,0]],"rho":[0.247806339667333,0.247806339667333,0.247806339667333,0.247806339667333,0.123903169833667,0.0619515849168333,0.0309757924584166,0.0309757924584166,0.0309757924584166,0.0154878962292083,0.00774394811460416,0.00774394811460416,0.00387197405730208,0.00193598702865104,0.00096799351432552,0.00048399675716276,0.00024199837858138,0.00012099918929069,0.00012099918929069,6.0499594645345e-05,3.02497973226725e-05,3.02497973226725e-05,1.51248986613363e-05,1.51248986613363e-05,7.56244933066813e-06,7.56244933066813e-06,7.56244933066813e-06,7.56244933066813e-06,7.56244933066813e-06,7.56244933066813e-06,7.56244933066813e-06,7.56244933066813e-06,7.56244933066813e-06,7.56244933066813e-06,7.56244933066813e-06,7.56244933066813e-06,7.56244933066813e-06,7.56244933066813e-06,7.56244933066813e-06,7.56244933066813e-06,7.56244933066813e-06]}
