{"prog":["Inf","Inf",0.834079315982312,0.834079315982312,0.834079315982312,0.834079315982312,0.834079315982312,0.832981556976159,0.660226630067624,0.622342658304931,0.622342658304931,0.609984581451722,0.609984581451722,0.609984581451722,0.609984581451722,0.602174870060201,0.602174870060201,0.602174870060201,0.602174870060201,0.600061651783464,0.600061651783464,0.600061651783464,0.600061651783464,0.600061651783464,0.600061651783464,0.600036592629571,0.600036592629571,0.59995856188225,0.59995856188225,0.59995856188225,0.59995856188225,0.59995856188225,0.59995856188225,0.599896104134967,0.599896104134967,0.599896104134967,0.599896104134967,0.59987536579968,0.59987536579968,0.59987536579968,0.59987536579968,0.59987536579968,0.59987536579968,0.59987536579968,0.59987536579968],"mei":["Inf",0.0117886974786892,0.0111277936138581,0.0164181846316063,0.0285086356420533,0.0233249376041994,0.0177094714041688,0.0157702712916308,0.0115781693239851,0.0165561443866217,0.020294969018591,0.0209623549164909,0.00235670115632568,0.000335168172924811,0.000102579785087881,0.00367323241036849,1.27249526654202e-05,0.00017998100714829,0.00270074849206925,0.00288336198664596,9.66947448182504e-06,"Inf","Inf","Inf","Inf","Inf","Inf","Inf","Inf","Inf","Inf","Inf","Inf","Inf","Inf","Inf","Inf","Inf","Inf","Inf","Inf"],"obj":[1.80330272561016,0.738360452311663,0.834079315982312,0.124485983397925,1.40293011080076,1,0.28530692913788,0.832981556976159,0.660226630067624,0.622342658304931,0.603224280288732,0.609984581451722,0.606093537521478,0.600220643976317,0.598373018403769,0.602174870060201,0.599018584200569,0.599595189734431,0.395261406702611,0.600061651783464,0.50097563958648,0.599375345413643,0.599438498732857,0.599449891969264,0.525060926189828,0.600036592629571,0.600227262996655,0.59995856188225,0.612614941934034,0.606595614314567,0.601281556916535,0.600056406246507,0.617898235323908,0.599896104134967,0.599954191071657,0.599982386422509,0.599826912552997,0.59987536579968,0.605201206788281,0.620244064336187,0.607822144109767,0.600654276827079,0.600126414667772,0.599888577186304,0.607292984895117],"X":[[0.875256101944311,0.92804662366585],[0.626255357089978,0.112105095221686],[0.373142186662448,0.460937129319864],[0.123571491652069,0.000914491745856238],[0.849751057305781,0.553179053494981],[0,1],[0,0.28530692913788],[0.37235878570362,0.460622771272539],[0.252834879731518,0.407391750336105],[0.226783857776044,0.395558800528887],[0.213174539404722,0.390049740884011],[0.216694946527919,0.393289634923803],[0.211980489782551,0.394113047738927],[0.201755607723443,0.398465036252874],[0.195226545099048,0.403146473304721],[0.201359056383214,0.400815813676986],[0.194836912131526,0.404181672069043],[0.19407841167706,0.405516778057371],[0,0.395261406702611],[0.195330010254582,0.404731641528882],[0.493467573473397,0.00750806611308374],[0.194257390653083,0.405117954760559],[0.194575608892407,0.40486288984045],[0.193975206243229,0.405474685726035],[0,0.525060926189828],[0.195913030591463,0.404123562038108],[0.195351576845085,0.40487568615157],[0.195806779687009,0.40415178219524],[0.221950046579342,0.390664895354692],[0.212252982302138,0.394342632012429],[0.200820093807387,0.400461463109148],[0.194739131677481,0.405317274569026],[0.227489004474201,0.390409230849708],[0.19414798661334,0.405748117521627],[0.195858724155212,0.404095466916445],[0.19645941736996,0.403522969052549],[0.196324360559609,0.403502551993387],[0.195259044433188,0.404616321366492],[0.208880190821756,0.396321015966526],[0.219262676976124,0.400981387360064],[0.212030217326891,0.395791926782876],[0.197037673378203,0.403616603448877],[0.197223239284946,0.402903175382826],[0.194953581531187,0.404934995655116],[0.212794806848924,0.394498178046193]],"C":[[-0.963382894352572,0.127343779688334],[0.21446489548696,-1.09523667534144],[-0.284539003509159,-1.14830187134713],[1.33242377320046,-1.48472925015573],[-0.123762837959386,-0.471916075382104],[-0.5,-0.5],[0.714753131455333,-1.41859995618591],[-0.283155458193731,-1.14917559729453],[-0.0676111143629373,-1.27010648534923],[-0.0168520504952779,-1.29210231717636],[0.00904783329722131,-1.3024178153859],[-0.00221172478974269,-1.29836656321076],[0.000237670327117689,-1.29973917755348],[0.00169669330795086,-1.30052028963614],[0.00173882578413004,-1.29935951715066],[-0.0017781711728353,-1.29880121391892],[0.000902229770270657,-1.29867575363452],[0.000267385566896206,-1.29788971283488],[0.225596683108912,-1.34376842037147],[-0.000318261209067972,-1.29803848543928],[0.496074075980803,-1.25643338287352],[0.000494860210041026,-1.29814350890728],[0.000410116298662555,-1.29822637285419],[0.000434510340812433,-1.29796389859827],[0.60475067394698,-1.22431102378868],[-0.000270401015464605,-1.2983022310501],[-0.0005098677820079,-1.29791344018743],[-0.000182144042220278,-1.29832104197701],[-0.000109545052292048,-1.29811911636094],[-0.00053831639783336,-1.29944256008136],[-0.000635690102267494,-1.29930190648767],[-0.00029157645663247,-1.29779457752944],[-0.00398901873024693,-1.29582938531068],[-6.2785268598986e-05,-1.29767502442164],[-0.000173547679065911,-1.29834621378987],[-0.00014961064019009,-1.29857291077367],[3.07199067465236e-05,-1.29864243598568],[-0.000101352916676123,-1.29815953805089],[-0.00151257102799635,-1.29929871818553],[-0.02107636813954,-1.29113780547606],[-0.00350179002966627,-1.29839193763381],[-0.000929753479815165,-1.2982697926901],[-0.000210267686233612,-1.29877202515239],[-0.00011336716609639,-1.29802075034195],[-0.00140131818750833,-1.29908955769636]],"d":[[0.173750640583719,0.0256062085797946],[0.657058098647332,0.505405413685876]],"df":[0.626983680299452,0.513400762487759],"lambda":[[0,0],[0,0],[0,0],[0,0],[0,0],[0,0],[0,0],[0.930735899315969,0],[0.475702833697313,0],[0.524600353884503,0],[1.22274468080264,0],[2.65370612916893,0],[0,0],[1.48497455076745,0],[2.36515114251144,0],[4.12550432599941,0],[0,0],[0,0],[0,0],[0,0],[0,0],[0,0],[0,0],[0,0],[0,0],[0,0],[0,0],[0,0],[0,0],[0,0],[0,0],[0,0],[0,0],[0.404493677541604,0],[1.21348103262481,0],[0,0],[1.61797471016642,0],[0,0],[0,0],[0,0],[0,0]],"rho":[0.00972116075448565,0.00972116075448565,0.00972116075448565,0.00972116075448565,0.00972116075448565,0.00972116075448565,0.00972116075448565,0.00486058037724283,0.00486058037724283,0.00243029018862141,0.00121514509431071,0.000607572547155353,0.000607572547155353,0.000303786273577677,0.000151893136788838,7.59465683944192e-05,7.59465683944192e-05,7.59465683944192e-05,7.59465683944192e-05,7.59465683944192e-05,7.59465683944192e-05,7.59465683944192e-05,7.59465683944192e-05,7.59465683944192e-05,7.59465683944192e-05,7.59465683944192e-05,7.59465683944192e-05,7.59465683944192e-05,7.59465683944192e-05,7.59465683944192e-05,7.59465683944192e-05,7.59465683944192e-05,7.59465683944192e-05,3.79732841972096e-05,1.89866420986048e-05,1.89866420986048e-05,9.49332104930239e-06,9.49332104930239e-06,9.49332104930239e-06,9.49332104930239e-06,9.49332104930239e-06]}
