{"prog":["Inf","Inf","Inf","Inf","Inf",1.30738442902909,1.30738442902909,1.30738442902909,1.30738442902909,0.710230584162522,0.679574703034428,0.621440543469047,0.605543855644513,0.605543855644513,0.604475929775607,0.604475929775607,0.604475929775607,0.601505423587446,0.601505423587446,0.600515043153124,0.600515043153124,0.600515043153124,0.600515043153124,0.600515043153124,0.600515043153124,0.600515043153124,0.600515043153124,0.600515043153124,0.600515043153124,0.600515043153124,0.600515043153124,0.600515043153124,0.600515043153124,0.600370394629186,0.600370394629186,0.600370394629186,0.600370394629186,0.600370394629186,0.600370394629186,0.600370394629186,0.600370394629186,0.600370394629186,0.600370394629186,0.600370394629186,0.600370394629186],"mei":["Inf",0.80011196110373,0.197103591892324,0.0121792318563144,0.0704912325261153,0.355812389653045,0.218792582184542,0.0320271233385613,0.00128966351042016,0.000406106305392985,0.00132863252731481,0.000399931351712248,0.00149473115122176,0.00930346889325253,0.000541868394488015,0.00590970775016844,0.000600453341237985,0.000388320444244218,3.52916318417787e-05,8.17260978630403e-05,0.000122797429639867,0.000180191120411715,5.89474339896563e-05,6.48838014260977e-06,"Inf","Inf","Inf","Inf","Inf","Inf","Inf","Inf","Inf","Inf","Inf","Inf","Inf","Inf","Inf","Inf","Inf"],"obj":[1.75802575371182,1.29660504268869,0.421166832656871,0.981367945177799,0.799853711342405,1.30738442902909,1.31076396843152,0.839790159718157,0.734148749524981,0.710230584162522,0.679574703034428,0.621440543469047,0.605543855644513,0.604300590660167,0.604475929775607,0.603243010771316,0.601297130562335,0.601505423587446,0.597801951098304,0.600515043153124,0.599201686008144,0,0.393806806560388,0.599278252035206,0.599517072894635,0.599755348833901,0.599385808054656,0.958623351688637,0.604946348561706,0.603310004362349,0.603232936369071,0.601735593363449,0.60999566573995,0.600370394629186,0.603698218104781,0.629877484263426,0.605361163121432,0.606953655659862,0.600958929323678,0.621734749688831,0.605751809637662,0.632832998925019,0.601204297642087,0.609073623172999,0.603392575235519],"X":[[0.834846880434744,0.923178873277078],[0.794759013088131,0.501846029600558],[0.1489752323667,0.272191600290172],[0.978217719783592,0.00315022539420757],[0.262629755833798,0.537223955508606],[0.79492029547797,0.512464133551121],[0.795277673019727,0.515486295411792],[0.271917885645257,0.567872274072899],[0.246127213846214,0.488021535678767],[0.239811938754992,0.470418645407531],[0.231461307397502,0.448113395636926],[0.214837976871339,0.406602566597708],[0.210105109270534,0.395438746373979],[0.20919527033489,0.395105320325277],[0.208820753542498,0.395655176233109],[0.207118492332611,0.396124518438704],[0.2031044310185,0.398192699543835],[0.202474383241188,0.399031040346257],[0.194114742983239,0.403687208115065],[0.19857803254208,0.401937010611044],[0.193108983111814,0.40609270289633],[0,0],[0,0.393806806560388],[0.192140835028114,0.407137417007091],[0.19395741166549,0.405559661229145],[0.194128741269451,0.405626607564449],[0.19313599319465,0.406249814860006],[0.0044573630670484,0.954165988621589],[0.19590739593704,0.409038952624666],[0.199182516607871,0.404127487754478],[0.204356866336505,0.398876070032566],[0.201955422644249,0.3997801707192],[0.205032015919927,0.404963649820023],[0.196010780756066,0.40435961387312],[0.205528133098364,0.398170085006417],[0.211627345957084,0.418250138306342],[0.20675364691886,0.398607516202572],[0.207510994777295,0.399442660882567],[0.196189176517783,0.404769752805895],[0.217369864587333,0.404364885101498],[0.208702292584023,0.397049517053639],[0.215460761454637,0.417372237470382],[0.198189673276478,0.403014624365609],[0.202832202883621,0.406241420289377],[0.200180664805769,0.40321191042975]],"C":[[-0.777828422315443,0.0492285458367587],[0.0615940923066247,-0.616508673689335],[0.737156566360653,-1.40371811287276],[0.668168244465689,-0.543080168781357],[0.180114521326941,-1.14241603297837],[-0.00852839419067614,-0.605482235660916],[-0.0285735230930637,-0.601807302038955],[0.281660874809964,-1.10358174380549],[0.0245660517585258,-1.20125637531804],[-0.0152280933608269,-1.22119653208352],[-0.0453286333065636,-1.24562004782858],[-0.0251768092358646,-1.28851899652999],[-0.000877286230115681,-1.29948404092459],[0.000718607159209572,-1.30012912472017],[-7.90892654282671e-05,-1.29985087440989],[0.000636628294082398,-1.30018729602557],[0.000770288839619659,-1.30019116413064],[-4.37431887875261e-05,-1.29977835297128],[0.00233387535123492,-1.29935610456082],[-0.000395294550995906,-1.29901340449277],[0.00080961602814178,-1.29779763729587],[1.5,-1.5],[0.226284873303533,-1.34491619910671],[0.000952484759932537,-1.29732102318749],[0.000363787813627225,-1.29790188364372],[8.97620699168433e-05,-1.29778108704889],[0.000617955067510445,-1.29765957605893],[-0.685164776032722,-0.589547398072275],[-0.00530570723328411,-1.29430742745288],[-0.00403373468416857,-1.29700729871901],[-0.00175487719261413,-1.2991361519365],[-0.000756103622557625,-1.29938982236431],[-0.0118041442667586,-1.29396631477226],[-0.000668753161558844,-1.29807307649578],[-0.00170253720305863,-1.29921876991108],[-0.031051910984278,-1.28028068824989],[-0.00377166847460225,-1.29836497751257],[-0.00606152853916275,-1.29738474771359],[-0.00136209189707676,-1.29767125423073],[-0.0247994541403935,-1.28923938166614],[-0.00279842321588786,-1.29879503407764],[-0.0357815158891098,-1.27937707566236],[-0.00145240233414806,-1.29830006595401],[-0.0108263847757687,-1.29382700591465],[-0.00396794739470779,-1.29734785672551]],"d":[[0.146791439049853,0.0448236280725425],[0.559741148949889,0.680588577467514]],"df":[0.495267390797805,0.659457216149012],"lambda":[[0,0],[0,39.8698734036144],[0,0],[0,0],[0,0],[39.7917654072859,0],[0,0],[0,0],[0,0],[0,0],[2.32798072562389,0],[1.81554974532785,0],[1.3031187650318,0],[6.29393342312733,0],[5.72709631848896,0],[5.1602592138506,0],[0.037916170818141,0],[-1.87350135405495e-16,0],[-1.87350135405495e-16,0],[-1.87350135405495e-16,0],[-1.87350135405495e-16,0],[4.71406947446819,0],[0,0],[2.32632659978912,0],[6.97897979936735,0],[0,0],[9.30530639915647,0],[0,0],[0,0],[0,0],[0,0],[0,0],[0,0],[0,0],[0,0],[0,0],[0,0],[0,0],[0,0],[0,0],[0,0]],"rho":[0.00123473042761896,0.000617365213809482,0.000617365213809482,0.000617365213809482,0.000617365213809482,0.000308682606904741,0.000308682606904741,0.000308682606904741,0.000308682606904741,0.000308682606904741,0.00015434130345237,0.00015434130345237,0.00015434130345237,7.71706517261852e-05,7.71706517261852e-05,7.71706517261852e-05,7.71706517261852e-05,7.71706517261852e-05,7.71706517261852e-05,7.71706517261852e-05,7.71706517261852e-05,3.85853258630926e-05,3.85853258630926e-05,1.92926629315463e-05,9.64633146577315e-06,9.64633146577315e-06,4.82316573288658e-06,4.82316573288658e-06,4.82316573288658e-06,4.82316573288658e-06,4.82316573288658e-06,4.82316573288658e-06,4.82316573288658e-06,4.82316573288658e-06,4.82316573288658e-06,4.82316573288658e-06,4.82316573288658e-06,4.82316573288658e-06,4.82316573288658e-06,4.82316573288658e-06,4.82316573288658e-06]}
