{"prog":[1.65253014071671,1.65253014071671,1.65253014071671,1.4025372550689,1.4025372550689,1.4025372550689,0.970387304043017,0.970387304043017,0.970387304043017,0.605776567328167,0.60326083542346,0.60326083542346,0.60326083542346,0.60326083542346,0.60326083542346,0.60326083542346,0.60326083542346,0.599910573111053,0.599910573111053,0.599910573111053,0.599910573111053,0.599910573111053,0.599910573111053,0.599910573111053,0.599910573111053,0.599910573111053,0.599910573111053,0.599910573111053,0.599910573111053,0.599910573111053,0.599910573111053,0.599910573111053,0.599910573111053,0.599832738094614,0.599832738094614,0.599832738094614,0.599832738094614,0.599832738094614,0.599832738094614,0.599832738094614,0.599832738094614,0.599832738094614,0.599832738094614,0.599832738094614,0.599832738094614],"mei":["Inf",0.0946258369040636,0.149061714155651,0.0514835264701977,0.191152444827649,0.307877945276347,0.00901055039852074,0.008641850047444,0.00319638947578252,0.00460175196856254,0.000360896241424259,5.58715106559756e-05,"Inf","Inf","Inf","Inf","Inf","Inf","Inf","Inf","Inf","Inf","Inf","Inf","Inf","Inf","Inf","Inf","Inf","Inf","Inf","Inf","Inf","Inf","Inf","Inf","Inf","Inf","Inf","Inf","Inf"],"obj":[1.65253014071671,0.921542478497499,0.540060323602534,1.4025372550689,0.575460391919003,0.515691162465337,0.970387304043017,0.494136775501184,0.584222677141352,0.605776567328167,0.60326083542346,0.584934779644629,0.280695306576738,0,0.548417825907056,1,0.599134846421403,0.599910573111053,0.599692404599196,0.600213627127469,0.601190998720199,0.600114073515332,0.600252666474477,0.600346156464457,0.600224641138835,0.600938327715359,0.600112073185723,0.600467713582242,0.59997214556562,0.600114845663864,0.600281004260565,0.600496259530146,0.600411933684363,0.599832738094614,0.602967741663364,0.600398042059959,0.600061274150579,0.600823388440633,0.603275214682037,0.599913577082418,0.606644606179628,0.607223213196649,0.600089190109151,0.606449650362192,0.610654184190625],"X":[[0.909053865091189,0.743476275625517],[0.191544452619633,0.729998025877866],[0.120465805609819,0.419594517992715],[0.49659689534842,0.905940359720481],[0.52839684860045,0.0470635433185528],[0.116413341517886,0.399277820947451],[0.212614951042475,0.757772353000542],[0.0891396105706477,0.404997164930537],[0.182150219082516,0.402072458058836],[0.204389973955601,0.401386593372566],[0.201879153020406,0.401381682403054],[0.19559414508023,0.389340634564399],[0,0.280695306576738],[0,0],[0.548417825907056,0],[1,0],[0.195283106304353,0.40385174011705],[0.195799280810002,0.404111292301051],[0.1957882266878,0.403904177911396],[0.197447350931904,0.402766276195565],[0.200910211484445,0.400280787235754],[0.196460347255542,0.40365372625979],[0.197973265889051,0.402279400585427],[0.195948716263156,0.404397440201301],[0.197979165683507,0.402245475455328],[0.200792538304941,0.400145789410419],[0.196696619944849,0.403415453240874],[0.196978201754005,0.403489511828237],[0.197126703129922,0.402845442435698],[0.196741501798776,0.403373343865088],[0.197399278501594,0.402881725758971],[0.196113790250464,0.404382469279682],[0.196019529425271,0.404392404259092],[0.196060325763624,0.40377241233099],[0.206313505687015,0.39665423597635],[0.196175318398779,0.40422272366118],[0.196777568117175,0.403283706033404],[0.199785872976618,0.401037515464015],[0.201559699389629,0.401715515292407],[0.196839867932696,0.403073709149722],[0.212426397816735,0.394218208362892],[0.2133029535233,0.393920259673349],[0.196268778993122,0.403820411116029],[0.201110997674174,0.405338652688018],[0.210541452883982,0.400112731306643]],"C":[[-1.31913324071043,-0.120864097944781],[0.0801814523634957,-0.930413604885063],[0.0943821707515231,-1.30942843014924],[-1.00783620319233,-0.432663588159837],[0.418503802610244,-1.21858179327942],[0.0970750863061658,-1.3270251556161],[-0.135517164430285,-0.880575943621228],[0.127365789669293,-1.32803142622554],[0.0180370958688257,-1.30515903615872],[-0.00596986396453131,-1.2971135412072],[-0.00322003333691001,-1.29813755260706],[0.0266293156096564,-1.31015680068732],[0.750492236340695,-1.42121014486579],[1.5,-1.5],[0.476799227266615,-1.19923788822738],[0.5,-0.5],[0.000787787753764924,-1.29876828039655],[-0.000124278784556953,-1.29835670506906],[0.000142174485046054,-1.29852838535617],[-0.000279975984247505,-1.29879387036953],[-0.000445975353488892,-1.2994103782912],[-0.000316493693256759,-1.29846700123282],[-0.000203710925950173,-1.29897786985785],[-0.000642291617556412,-1.29806681095346],[-0.000162966558840461,-1.29900282743098],[-0.000102616212882933,-1.29956570377817],[-0.000282871652177941,-1.29856641178873],[-0.000699241275314177,-1.29839580187837],[-2.39915751133468e-05,-1.29885661242191],[-0.000279835755144009,-1.29858272692906],[-0.000380719173225297,-1.29871983989652],[-0.000815348011610817,-1.29801419981286],[-0.000718209189581154,-1.29804312746145],[-6.99321855174295e-06,-1.29852818770187],[0.000383473926044098,-1.30010015445315],[-0.000693578704191677,-1.29811923412708],[-0.000205003112340174,-1.29864084113385],[-0.000402086228395049,-1.29925451614942],[-0.00337337436810842,-1.29799833235532],[-1.630966087518e-06,-1.29878565138452],[-0.000421344955856273,-1.29946702970576],[-0.000564837748771085,-1.29932867903712],[-0.000306094015147584,-1.29840764195863],[-0.00775390828456385,-1.29525494325156],[-0.0104236547646458,-1.29558209886384]],"d":[[0.219023610794853,0.0372459639179579],[0.624775055870283,0.744742087983312]],"df":[0.53199180013141,0.628325041179628],"lambda":[[0,0],[0,0],[0,0],[0,0],[0,0],[7.86979062633019,0],[2.66035116776023,0],[0,0],[0,0],[0,0],[0,0],[0,0],[0,0],[0.687441562123332,0],[0.470544558110969,0],[0.718673954961949,0],[1.21493274866391,0],[0.347344732614458,0],[1.33986232001838,0],[2.22044604925031e-16,0],[1.98503517480784,0],[2.22044604925031e-16,0],[2.22044604925031e-16,0],[2.22044604925031e-16,0],[2.22044604925031e-16,0],[2.22044604925031e-16,0],[2.22044604925031e-16,0],[2.22044604925031e-16,0],[2.22044604925031e-16,0],[2.22044604925031e-16,0],[9.17220738075074e-18,0],[9.17220738075074e-18,0],[9.17220738075074e-18,0],[9.17220738075074e-18,0],[9.17220738075074e-18,0],[9.17220738075074e-18,0],[9.17220738075074e-18,0],[9.17220738075074e-18,0],[9.17220738075074e-18,0],[9.17220738075074e-18,0],[9.17220738075074e-18,0]],"rho":[0.00229194100901216,0.00229194100901216,0.00229194100901216,0.00229194100901216,0.00229194100901216,0.00114597050450608,0.00114597050450608,0.00114597050450608,0.00114597050450608,0.00114597050450608,0.00114597050450608,0.00114597050450608,0.00114597050450608,0.000572985252253041,0.000572985252253041,0.000286492626126521,0.00014324631306326,0.00014324631306326,7.16231565316301e-05,7.16231565316301e-05,3.58115782658151e-05,3.58115782658151e-05,3.58115782658151e-05,3.58115782658151e-05,3.58115782658151e-05,3.58115782658151e-05,3.58115782658151e-05,3.58115782658151e-05,3.58115782658151e-05,3.58115782658151e-05,3.58115782658151e-05,3.58115782658151e-05,3.58115782658151e-05,3.58115782658151e-05,3.58115782658151e-05,3.58115782658151e-05,3.58115782658151e-05,3.58115782658151e-05,3.58115782658151e-05,3.58115782658151e-05,3.58115782658151e-05]}
