{"prog":[1.38671367820974,0.914590748454116,0.914590748454116,0.914590748454116,0.914590748454116,0.914590748454116,0.914590748454116,0.914590748454116,0.914590748454116,0.914590748454116,0.604696087222378,0.604696087222378,0.604696087222378,0.604696087222378,0.604696087222378,0.601741186153171,0.601741186153171,0.601741186153171,0.601741186153171,0.601741186153171,0.601741186153171,0.601741186153171,0.6015718377248,0.6015718377248,0.6015718377248,0.601210545282217,0.601210545282217,0.601210545282217,0.600852657319907,0.600852657319907,0.600852657319907,0.600852657319907,0.600852657319907,0.600852657319907,0.600852657319907,0.600852657319907,0.600852657319907,0.600793424430304,0.600793424430304,0.600793424430304,0.600793424430304,0.600793424430304,0.600793424430304,0.600793424430304,0.600793424430304],"mei":["Inf",0.000104529445549804,0.000302168446304231,0.00621743201297688,0.000360948289923559,0.00164877495108861,0.0509965380114968,0.000392578423439407,0.000193490639369696,5.78908313760871e-05,0.000145067478356,"Inf","Inf","Inf","Inf","Inf","Inf","Inf","Inf","Inf",4.55247411287965e-05,"Inf","Inf","Inf","Inf","Inf","Inf","Inf",7.29488757768691e-06,"Inf","Inf","Inf","Inf","Inf","Inf","Inf","Inf","Inf","Inf","Inf","Inf"],"obj":[1.38671367820974,0.914590748454116,0.871466664399827,1.19457087536682,0.444316392993628,0.0763218292456639,0.476747564355134,0.538558538114696,0.472733665987546,0.571758504303132,0.604696087222378,0.600884681282073,0.601081860341988,0.600888049020815,0.600190136860675,0.601741186153171,0.601942513635601,0.601908055974443,0.601932994671245,0.601896712350611,0.602326283631706,0.601967687007094,0.6015718377248,0.602266083615779,0.59820996756145,0.601210545282217,0.602441479204359,0.601933393852806,0.600852657319907,0.601025670743643,0.601595081816246,0.615615609445453,0.452326613238866,0.601029543945255,0.600949410853295,0.601249169178807,0.602221352533515,0.600793424430304,0.600739045109208,0.600835920533891,0.601962879420159,0.60147925518702,0.601102220056136,0.601543982057316,0.640506516716468],"X":[[0.993204392798525,0.393509285411218],[0.132954098836741,0.781636649617375],[0.497345765143946,0.374120899255881],[0.439331063539565,0.755239811827252],[0.0896054216636357,0.354710971329992],[0.0453951951941996,0.0309266340514643],[0.0916850239038658,0.385062540451268],[0.0954581795760313,0.443100358538665],[0.0695847337260579,0.403148932261488],[0.171329574721464,0.400428929581668],[0.205095932640954,0.399600154581425],[0.201307580171865,0.399577101110208],[0.201541845032161,0.399540015309827],[0.201465617145545,0.399422431875271],[0.201113660575541,0.399076476285134],[0.202282333449535,0.399458852703637],[0.202475208987638,0.399467304647963],[0.202422401803844,0.399485654170598],[0.202473969187369,0.399459025483875],[0.202416207462787,0.399480504887824],[0.202879590566901,0.399446693064806],[0.202377127580962,0.399590559426132],[0.202079869732557,0.399491967992243],[0.202804539265389,0.399461544350391],[0.194991335882854,0.403218631678596],[0.199978022614152,0.401232522668065],[0.202894074850701,0.399547404353658],[0.201890698709238,0.400042695143568],[0.198210112574528,0.402642544745378],[0.200970142186734,0.400055528556909],[0.201092909633016,0.40050217218323],[0.215472870869388,0.400142738576065],[0.450151605378443,0.00217500786042278],[0.200950081318073,0.400079462627182],[0.200429609714911,0.400519801138384],[0.199417354809023,0.401831814369784],[0.202288303308848,0.399933049224667],[0.20052562325706,0.400267801173244],[0.200389996788021,0.400349048321187],[0.200489738794055,0.400346181739836],[0.202071690598156,0.399891188822002],[0.201356622877787,0.400122632309234],[0.198876768160686,0.40222545189545],[0.201317010109811,0.400226971947504],[0.241101341944072,0.399405174772396]],"C":[[-0.755201090477672,-0.358695476420866],[-0.337521539715632,-0.871367355577435],[0.251619611424214,-1.11268074263335],[0.00593251826442204,-0.736601043240332],[0.22411045518312,-1.36615099522662],[1.57620768327557,-1.49698281955953],[0.13954471014016,-1.34332069633296],[0.169457394606358,-1.29454980821494],[0.150022345153279,-1.3326289032487],[0.0323695648039725,-1.31030284917984],[-0.00379374567024832,-1.29825537487264],[0.000273003187156007,-1.29981339843371],[8.44942054563091e-05,-1.29974866086726],[0.00036217203544231,-1.29987332602301],[0.00131939124225738,-1.30029126160575],[-0.000568586140074934,-1.29951448257091],[-0.000787982719326674,-1.2994296622627],[-0.000762744012814287,-1.29943638335985],[-0.000772696987681454,-1.29943677876098],[-0.000747479732034095,-1.29944300517095],[-0.00118285812572588,-1.299282211131],[-0.000890772253959893,-1.29937088304959],[-0.000408761029769222,-1.29956989375856],[-0.00112829558824834,-1.29930079343855],[0.00191480496661589,-1.29939311399786],[-0.000908177201993043,-1.29902125322475],[-0.00136855012512715,-1.29919586606473],[-0.00111801824329522,-1.29920598783697],[-0.00097139130783469,-1.29859173243416],[-0.000148629803421785,-1.2995665760205],[-0.000995815384301157,-1.29915965177184],[-0.0156115367014402,-1.29345723068415],[0.571661171331689,-1.29735880151602],[-0.000165679449711575,-1.2995554884022],[-0.000304023481967564,-1.2994118604456],[-0.00117628986497753,-1.29876391156126],[-0.00136481726727161,-1.29913299848229],[-9.42358227090656e-06,-1.2995751617613],[8.34062653343182e-06,-1.29956448869562],[-9.51540620093838e-05,-1.29952679940463],[-0.00106380083488722,-1.29925406896133],[-0.00067339552290524,-1.29935738953718],[-0.00113843379102541,-1.29866271693346],[-0.000798978118952742,-1.29928983236618],[-0.0390547294648567,-1.2823456492778]],"d":[[0.0865154948445708,0.0235029746903616],[0.582909660131142,0.624970067101454]],"df":[0.456992133342589,0.404631042126282],"lambda":[[0,0],[0,0],[0,0],[0,0],[0,0],[0,0],[0,0],[0,0],[14.1888222760498,0],[22.9716740593186,0],[0,0],[17.5657035665377,0],[0,0],[0,0],[0,0],[0,0],[0,0],[0,0],[0,0],[0,0],[0,0],[0,0],[0,0],[0,0],[0,0],[0,0],[0,0],[0,0],[0,0],[0,0],[0,0],[0,0],[0,0],[0,0],[0,0],[3.46790581565312,0],[0,0],[6.93581163130624,0],[0,0],[0,0],[0,0]],"rho":[1.92407221575272e-05,1.92407221575272e-05,1.92407221575272e-05,1.92407221575272e-05,1.92407221575272e-05,1.92407221575272e-05,1.92407221575272e-05,1.92407221575272e-05,9.62036107876362e-06,4.81018053938181e-06,4.81018053938181e-06,2.4050902696909e-06,2.4050902696909e-06,2.4050902696909e-06,2.4050902696909e-06,2.4050902696909e-06,2.4050902696909e-06,2.4050902696909e-06,2.4050902696909e-06,2.4050902696909e-06,2.4050902696909e-06,2.4050902696909e-06,2.4050902696909e-06,2.4050902696909e-06,2.4050902696909e-06,2.4050902696909e-06,2.4050902696909e-06,2.4050902696909e-06,2.4050902696909e-06,2.4050902696909e-06,2.4050902696909e-06,2.4050902696909e-06,2.4050902696909e-06,2.4050902696909e-06,2.4050902696909e-06,1.20254513484545e-06,1.20254513484545e-06,6.01272567422726e-07,6.01272567422726e-07,6.01272567422726e-07,6.01272567422726e-07]}
