{"prog":["Inf",1.53167468668699,0.942392142541332,0.942392142541332,0.942392142541332,0.942392142541332,0.942392142541332,0.942392142541332,0.942392142541332,0.942392142541332,0.942392142541332,0.635902752648024,0.603814114650894,0.603814114650894,0.603814114650894,0.603814114650894,0.603814114650894,0.603814114650894,0.603814114650894,0.600004460024535,0.59995088244432,0.59995088244432,0.59995088244432,0.59995088244432,0.59995088244432,0.59995088244432,0.59995088244432,0.59995088244432,0.59995088244432,0.59995088244432,0.59995088244432,0.59995088244432,0.59995088244432,0.59995088244432,0.59995088244432,0.59995088244432,0.59995088244432,0.59995088244432,0.59995088244432,0.59995088244432,0.59995088244432,0.59995088244432,0.59995088244432,0.59995088244432,0.59995088244432],"mei":["Inf",0.147279799743354,0.144456888863593,0.153562660793707,0.47849575026156,0.104636862638038,0.310235066323725,0.135240127889513,0.0392794003382507,0.0125121856417704,0.00608689466380634,0.000764845540585661,0.0063092840156491,0.000889999978563592,1.50723859620882e-05,"Inf","Inf","Inf","Inf","Inf","Inf","Inf","Inf","Inf","Inf","Inf","Inf","Inf","Inf","Inf","Inf","Inf","Inf","Inf","Inf","Inf","Inf","Inf","Inf","Inf","Inf"],"obj":[0.658792169312665,1.53167468668699,0.942392142541332,0.0935032870139701,1.72455204175426,1,0.265749263761918,0.388835991936027,0.449824807186167,0.433561818179872,0.576926482494979,0.635902752648024,0.603814114650894,0.600192845699857,0.599656744140068,0.486886200036956,0.59935144764571,0.599553044185591,0.609050038559368,0.600004460024535,0.59995088244432,0.599863364276515,0.599985396203786,0.600417308075241,0.60010379776316,0.600091404760391,0.600155011647846,0.605221429836016,0.605136417501777,0.60056322554053,0.600294167582363,0.608277206045965,0.600744210987487,0.606566929200909,0.625134294085562,0.600000863171057,0.605701628110808,0.60025738398511,0.60592787199555,0.621806062177058,0.600794848011183,0.614690906345679,0.602202167480839,0.601854231260514,0.617383863142548],"X":[[0.541006748853486,0.11778542045918],[0.957211995031035,0.574462691655956],[0.422734541083391,0.519657601457941],[0.079220858327863,0.0142824286861071],[0.889771742892864,0.834780298861391],[0,1],[0,0.265749263761918],[0,0.388835991936027],[0,0.449824807186167],[0.0432685980714251,0.390293220108446],[0.169284016912756,0.407642465582223],[0.220922772242636,0.414979980405388],[0.193335478833391,0.410478635817503],[0.191458458922394,0.408734386777464],[0.194260977487084,0.405395766652984],[0.486886200036956,0],[0.195585192001108,0.403766255644602],[0.195420615528314,0.404132428657276],[0.609050038559368,0],[0.195139879802508,0.404864580222027],[0.19485153393283,0.40509934851149],[0.19664435404539,0.403219010231125],[0.196097086403592,0.403888309800194],[0.195397165612549,0.405020142462693],[0.195182556538417,0.404921241224743],[0.196314185177689,0.403777219582702],[0.196334829532579,0.403820182115267],[0.200055172674004,0.405166257162012],[0.19281504446166,0.412321373040118],[0.195893035774256,0.404670189766274],[0.196020364818008,0.404273802764354],[0.201196057551819,0.407081148494146],[0.1943245061675,0.406419704819986],[0.194855018575445,0.411711910625463],[0.212358405277309,0.412775888808252],[0.19436408787428,0.405636775296777],[0.200972491960705,0.404729136150103],[0.193945196518411,0.406312187466699],[0.197931792796231,0.40799607919932],[0.205924302914395,0.415881759262663],[0.195976749130674,0.40481809888051],[0.203323488173802,0.411367418171877],[0.19729759608772,0.404904571393119],[0.191028448369626,0.410825782890889],[0.203106356416481,0.414277506726067]],"C":[[0.547809696163854,-1.19343829242224],[-0.109098380278779,-0.253737812464099],[-0.346080567743455,-1.05125148502199],[1.46200830486569,-1.49352006783662],[-1.40646019479603,-0.0114480981822818],[-0.5,-0.5],[0.870190660783999,-1.42937732881],[0.22986653446799,-1.34880657137513],[0.305567931657179,-1.29765764283993],[0.184260492105709,-1.34579903075831],[0.0286137704478157,-1.30517054187193],[-0.041334678226408,-1.27898474456737],[-0.00320572611217645,-1.29412868216167],[0.000413798133708065,-1.29627985957271],[0.000183982624537227,-1.2979169450056],[0.514765958381236,-1.26294182821357],[0.000546125067582448,-1.29871924347263],[0.000287015601215357,-1.29848776313411],[0.528497745993427,-1.12905805053083],[-0.000250239446957956,-1.2980050989923],[-0.000180174437452441,-1.29792739755959],[3.05992478050188e-05,-1.2987454278103],[-0.000193304365615765,-1.29842016591076],[-0.000728475064274092,-1.29777863187008],[-0.000364965014908014,-1.29794255802814],[-0.00030424475175439,-1.29842469764408],[-0.000381615299799687,-1.29838189522881],[-0.00632185868856111,-1.2958182319437],[-0.00366833092004543,-1.29281344396356],[-0.000901149466192019,-1.29786795604967],[-0.000576495661464171,-1.29813870897506],[-0.00983311290303274,-1.29380508496629],[-0.000969991217597443,-1.29706100983679],[-0.00592316978582463,-1.29252482438509],[-0.0287835446068138,-1.28451997332664],[-0.000198823235993351,-1.29768140787163],[-0.00684645488290636,-1.2958043838263],[-0.00040900535652566,-1.29729566706346],[-0.00684395461179421,-1.29436220475845],[-0.0224765055033979,-1.28463754378181],[-0.00117146856240469,-1.29771542061894],[-0.0163622637210197,-1.28943640642344],[-0.00280886074902342,-1.29712594664296],[-0.000528705914988659,-1.29473030802558],[-0.0179905657435426,-1.28712195540405]],"d":[[0.175604231800618,0.0399225553283283],[0.677419065675173,0.571165389394431]],"df":[0.62691250997627,0.60436033527139],"lambda":[[0,0],[0,0],[0,0],[0,0],[1.44370337090656,0],[0,0],[2.31453868823134,0],[3.03338707467379,0],[0.956529234399935,0],[0.79545776377238,0],[0.81624902029493,0],[0.834737406930061,0],[0.871714180200325,0],[0.945667726740853,0],[1.09357481982191,0],[1.38938900598402,0],[0.584700209596656,0],[1.17632858192088,0],[0.017563623191297,0],[1.20082036783974,0],[0,0],[0.393588975453838,0],[1.18076692636151,0],[2.75512282817686,0],[0,0],[3.1487118036307,0],[0,0],[0,0],[0,0],[0,0],[0,0],[0,0],[0,0],[0,0],[0,0],[0,0],[0,0],[0,0],[0,0],[0,0],[0,0]],"rho":[0.159220058012088,0.159220058012088,0.159220058012088,0.159220058012088,0.0796100290060442,0.0796100290060442,0.0398050145030221,0.019902507251511,0.019902507251511,0.019902507251511,0.00995125362575552,0.00497562681287776,0.00248781340643888,0.00124390670321944,0.00062195335160972,0.00031097667580486,0.00031097667580486,0.00015548833790243,0.00015548833790243,7.7744168951215e-05,7.7744168951215e-05,3.88720844756075e-05,1.94360422378037e-05,9.71802111890187e-06,9.71802111890187e-06,4.85901055945094e-06,4.85901055945094e-06,4.85901055945094e-06,4.85901055945094e-06,4.85901055945094e-06,4.85901055945094e-06,4.85901055945094e-06,4.85901055945094e-06,4.85901055945094e-06,4.85901055945094e-06,4.85901055945094e-06,4.85901055945094e-06,4.85901055945094e-06,4.85901055945094e-06,4.85901055945094e-06,4.85901055945094e-06]}
