{"prog":["Inf",1.18579179899902,1.18579179899902,1.18579179899902,1.18579179899902,1.18579179899902,1.18579179899902,1.18579179899902,1.18579179899902,0.878712600997683,0.872885445645802,0.866921628087498,0.866921628087498,0.862079118824226,0.862079118824226,0.862079118824226,0.862079118824226,0.862079118824226,0.862079118824226,0.862079118824226,0.862079118824226,0.862079118824226,0.862079118824226,0.862079118824226,0.862079118824226,0.641348516105493,0.641348516105493,0.618947866216413,0.618947866216413,0.618947866216413,0.617660598723364,0.616850154854787,0.616850154854787,0.616850154854787,0.616712894432632,0.616712894432632,0.6162096378686,0.6162096378686,0.6162096378686,0.6162096378686,0.6162096378686,0.6162096378686,0.6162096378686,0.6162096378686,0.6162096378686],"mei":["Inf",0.0192166758504859,0.0381731423151984,0.101951745076936,0.215188830779044,0.0388099138508102,0.0305531024901926,0.0174137149681092,0.0117155254365575,0.00797040997860767,0.00216866880918323,0.00229392652690722,0.00210256620619079,0.000770348837621481,0.00256798771286374,0.0342111357275318,0.0138858811946275,0.0047091060959701,0.0105557130198218,0.0122805798543615,0.109028829071013,0.0497751005349562,0.00111408144171802,0.00607043373976154,0.00206107969333454,"Inf","Inf","Inf","Inf","Inf","Inf","Inf","Inf","Inf","Inf","Inf","Inf","Inf","Inf","Inf","Inf"],"obj":[0.981537159243956,1.18579179899902,0.537820944110356,1.36865068028882,0.302965041413662,0.613826365319738,1.01467873233524,0.92556482200691,0.883892206131056,0.878712600997683,0.872885445645802,0.866921628087498,0.858149049268355,0.862079118824226,0.859815137075868,0.661737666789829,0,0.251990442087231,0.357544796092397,0.402637958094303,0.86041672855829,0.451758875296325,0.54054125186744,0.613715513020843,0.6377258642471,0.641348516105493,0.611630865195941,0.618947866216413,0.612316387918374,0.622532681784222,0.617660598723364,0.616850154854787,0.627840046284814,0.628258677565958,0.616712894432632,0.617100181365752,0.6162096378686,0.61513624150765,0.616679095596392,0.631122809298132,0.617220964307929,0.61785645997583,0.620660142834297,0.618990217463513,0.872770937651778],"X":[[0.735692661259252,0.245844497984705],[0.260703364401288,0.925088434597731],[0.536244116443266,0.00157682766708937],[0.816162136349865,0.552488543938959],[0.203803696866102,0.0991613445475608],[0.613826365319738,0],[0.742694914254887,0.271983818080354],[0.723564251308694,0.202000570698216],[0.714170662094291,0.169721544036765],[0.715864590347491,0.162848010650193],[0.716975816008592,0.155909629637211],[0.715760423888819,0.15116120419868],[0.716129176913111,0.142019872355244],[0.717646453802507,0.144432665021719],[0.720466173691778,0.13934896338409],[0.571016974179916,0.0907206926099129],[0,0],[0,0.251990442087231],[0,0.357544796092397],[0,0.402637958094303],[0.720110862980454,0.140305865577837],[0.054199856961945,0.39755901833438],[0.126754662606893,0.413786589260547],[0.180798463638731,0.432917049382112],[0.197626945613494,0.440098918633606],[0.200073525977053,0.44127499012844],[0.172132066106219,0.439498799089722],[0.191135908734868,0.427811957481545],[0.189114650145475,0.423201737772899],[0.192485645685913,0.430047036098309],[0.191055528929176,0.426605069794188],[0.190879927491602,0.425970227363185],[0.196481389389217,0.431358656895596],[0.196568457438727,0.431690220127231],[0.190856097805761,0.425856796626871],[0.191000884064046,0.426099297301706],[0.190766497729519,0.425443140139082],[0.189908076064596,0.425228165443054],[0.19033950071615,0.426339594880242],[0.197066455293183,0.434056354004949],[0.190741611545797,0.426479352762132],[0.191042643114667,0.426813816861163],[0.192112905066477,0.428547237767819],[0.191620508431844,0.427369709031669],[0.715296301268462,0.157474636383316]],"C":[[0.119440942653625,-0.898316790979928],[-1.10067518312772,-0.576245143963369],[0.47223888597882,-1.21243976119449],[-0.233741457070337,-0.528635776005034],[1.51454287093181,-1.44863108089123],[0.536602743524852,-1.12321719323836],[0.189382242210754,-0.874429067042358],[0.0312065598636486,-0.935650543665684],[0.00733298190090531,-0.961154862893579],[-0.00261313756703552,-0.961018413713894],[-0.00644618237416111,-0.961637866645202],[-0.00236704920325387,-0.964837305939704],[0.00425979558559225,-0.96698935782995],[-0.000908745934763033,-0.96412277261941],[0.00175021674465381,-0.961510358969708],[0.353198883696756,-1.16570937113079],[1.5,-1.5],[0.983514103365693,-1.43650081709668],[0.29689070509648,-1.37216171878725],[0.224578029677947,-1.33788267470165],[0.00071030604827621,-0.961754609102],[0.168139437197472,-1.33900920244631],[0.0825469014710949,-1.31271391405554],[0.0200607956512954,-1.27989474390016],[0.00194351646022367,-1.26725653218501],[-0.000491713724612264,-1.26524696729025],[0.0431982666114969,-1.2772113574167],[-0.00038189290589774,-1.28044399342791],[0.000336523788588783,-1.28513593824635],[-0.000839923494064476,-1.27800882294794],[-0.000985662756120165,-1.28150589929149],[-0.00106492219215076,-1.28211421868096],[-0.00596100482921397,-1.27532477274491],[-0.00582056867871694,-1.27500439538666],[-0.00108749419466042,-1.28221993869706],[-0.00117722980521529,-1.28195805112574],[-0.00115857049573254,-1.28260627785261],[2.11974842645457e-06,-1.28311592995938],[-6.77709774573043e-05,-1.28200542430448],[-0.00442143934064315,-1.27275989374611],[-0.000588387794293044,-1.28173299929251],[-0.000848582997059644,-1.28133267424817],[-0.0013703149083959,-1.27943989670849],[-0.00138557163905367,-1.28063671255051],[-0.00246769804082603,-0.9635529402876]],"d":[[0.110091223753478,0.0308356340928854],[0.7662670570261,0.746089478690644]],"df":[0.718345790851886,0.667129122052843],"lambda":[[0,0],[0,0],[0,0],[0,0],[5.18773626512187,0],[7.62578623314299,0],[5.88816842695171,0],[1.60174990211081,0],[0.0277696817082358,0],[2.86034028711162,0],[1.65179073544025,0],[0.443241183768888,0],[0,0],[2.32762929787482,0],[0,0],[0,0],[0,0],[1.8892850539519,0],[0,0],[3.77857010790379,0],[0,0],[20.6776028970669,0],[10.2146494365133,0],[0,0],[0,0],[7.16073715686928,0],[21.4822114706078,0],[0,0],[0,0],[0,0],[0,0],[0,0],[0,0],[0,0],[0.180420663682429,0],[0.541261991047288,0],[1.262944645777,0],[2.70630995523644,0],[5.59304057415531,0],[11.366501811993,0],[22.9134242876685,0]],"rho":[0.00601544840925245,0.00601544840925245,0.00601544840925245,0.00601544840925245,0.00300772420462622,0.00150386210231311,0.00150386210231311,0.00150386210231311,0.00150386210231311,0.000751931051156556,0.000751931051156556,0.000751931051156556,0.000751931051156556,0.000375965525578278,0.000375965525578278,0.000375965525578278,0.000375965525578278,0.000187982762789139,0.000187982762789139,9.39913813945695e-05,9.39913813945695e-05,4.69956906972848e-05,4.69956906972848e-05,4.69956906972848e-05,4.69956906972848e-05,2.34978453486424e-05,1.17489226743212e-05,1.17489226743212e-05,1.17489226743212e-05,1.17489226743212e-05,1.17489226743212e-05,1.17489226743212e-05,1.17489226743212e-05,1.17489226743212e-05,5.87446133716059e-06,2.9372306685803e-06,1.46861533429015e-06,7.34307667145074e-07,3.67153833572537e-07,1.83576916786269e-07,9.17884583931343e-08]}
