{"prog":["Inf",1.53419439830682,1.53419439830682,1.53419439830682,1.11886649714291,1.11886649714291,1.11886649714291,1.11886649714291,1.11886649714291,1.11886649714291,1.10732935913397,1.10732935913397,1.10732935913397,1.10732935913397,1.10732935913397,1.10732935913397,0.60449811049416,0.60449811049416,0.60449811049416,0.60449811049416,0.602006719745405,0.599922541037219,0.599922541037219,0.599922541037219,0.599922541037219,0.599922541037219,0.599922541037219,0.599922541037219,0.599922541037219,0.599922541037219,0.599922541037219,0.599922541037219,0.599922541037219,0.599922541037219,0.599896908126397,0.599896908126397,0.599896908126397,0.599896908126397,0.599896908126397,0.599896908126397,0.599896908126397,0.599896908126397,0.599896908126397,0.599896908126397,0.599896908126397],"mei":["Inf",0.105732086275549,0.278877035865623,0.122647947000139,0.303444821954159,0.105637164964204,0.174182034788321,0.0850382544476975,0.0760745057485661,0.0489189915314276,0.290089987993044,0.0895229508193711,0.044674766108963,0.0108817254380036,0.0147575123682958,0.00603605904761559,0.0153102942662107,0.000723851548210405,0.000485806075670958,0.00046056294323922,8.0783845571592e-05,"Inf","Inf","Inf","Inf","Inf","Inf","Inf","Inf","Inf","Inf","Inf","Inf","Inf","Inf","Inf","Inf","Inf","Inf","Inf","Inf"],"obj":[0.694789794821942,1.53419439830682,0.372599622968724,0.585141600087551,1.11886649714291,0.734506239861995,0.793897893076257,0.708505877282644,0.791174671291756,1.11964444994941,1.10732935913397,0.0113487075762265,0.296733672730347,0.496320305226567,0.549122714647331,0.586149837644791,0.60449811049416,0.399546867177662,0.596630673069595,0.577847809531124,0.602006719745405,0.599922541037219,0.598787871128787,0.599550940534693,0.336792616240288,0.599674988501427,0.599991589983336,0.599979971637584,0.600157851902016,0.60007718617809,0.600020388010164,0.603136008910168,0.600146790262825,0.600434692683858,0.599896908126397,0.60017034166526,0.600265862758518,0.599925278427146,0.600322022598365,0.600347177151821,0.600422353719859,0.600429472226958,0.600225587775814,0.600332304655822,0.600280203455497],"X":[[0.595014515834631,0.0997752789873107],[0.654047946774878,0.880146451531943],[0.219757364490013,0.152842258478711],[0.0377509122941994,0.547390687793351],[0.272358041911469,0.846508455231438],[0.643301222882929,0.0912050169790668],[0.716054637890866,0.0778432551853905],[0.647951028429686,0.0605548488529577],[0.654650646889056,0.1365240244027],[0.274138437771917,0.84550601217749],[0.249746103824804,0.857583255309162],[0,0.0113487075762265],[0,0.296733672730347],[0.1144954313194,0.381824873907167],[0.154430661530357,0.394692053116973],[0.184440257762627,0.401709579882164],[0.199895360725454,0.404602749768707],[0,0.399546867177662],[0.193306617369368,0.403324055700228],[0.185463514711714,0.39238429481941],[0.197380464785126,0.404626254960279],[0.195737611760809,0.40418492927641],[0.194058526286634,0.404729344842153],[0.194325571121082,0.405225369413611],[0.336792616240288,0],[0.19531658968264,0.404358398818787],[0.195315164622532,0.404676425360804],[0.195508369192029,0.404471602445556],[0.195589815989178,0.404568035912839],[0.1961348881072,0.40394229807089],[0.195638657581572,0.404381730428591],[0.197089253602198,0.40604675530797],[0.195747433526489,0.404399356736336],[0.195654860610421,0.404779832073437],[0.195714984494998,0.4041819236314],[0.193890427221088,0.406279914444171],[0.19554422552609,0.404721637232429],[0.194777222156897,0.405148056270248],[0.195844846946476,0.404477175651889],[0.195896344363439,0.404450832788382],[0.195436465510404,0.404985888209455],[0.195509425909185,0.404920046317773],[0.195319226360603,0.404906361415211],[0.195277266500696,0.405055038155126],[0.195060639185627,0.40521956426987]],"C":[[0.292794293005978,-1.13600261964908],[-0.480047175866686,-0.297563507175295],[1.47401903798188,-1.42834594477553],[0.644223434741325,-1.19893830353808],[-0.804978301385079,-0.709244532227834],[0.177689672406295,-1.07784518151518],[0.237156857932212,-0.981206183177122],[0.254194038378448,-1.07649257503731],[0.157846008905316,-1.05279372128863],[-0.797828516366144,-0.709967700307691],[-0.874516774603597,-0.702177843837671],[1.54836715714706,-1.49987120683635],[0.629486308614837,-1.41194912746796],[0.121857704641876,-1.34110056187276],[0.0585653195780542,-1.3203693539856],[0.0158508731475268,-1.30461120474735],[-0.00544901802101971,-1.29633845964004],[0.22450591387924,-1.34036230092852],[0.0037097522322791,-1.29996225777473],[0.0297692605216871,-1.31163784988985],[-0.00257393266580558,-1.29731854591803],[-0.000142485459259489,-1.298321330288],[0.00116587661726936,-1.2985354457991],[0.000295564443108465,-1.29802997239207],[0.836268996087736,-1.38657073364602],[0.000136160396454366,-1.29834571509945],[-0.000236756750304268,-1.29808897722567],[-0.000220482064410943,-1.298179200391],[-0.000428875131071815,-1.29806932819895],[-0.000303556492312063,-1.29836172549638],[-0.000264595674576817,-1.29820093175526],[-0.0038574106545281,-1.2962818586184],[-0.000411576325895502,-1.29814410253903],[-0.000752329180646272,-1.29787246306612],[-0.000112722982332114,-1.29833261745374],[-0.000310962040731777,-1.29734313335126],[-0.000555868656435754,-1.2979628522193],[-0.000147847064077555,-1.29791688622928],[-0.000617122637191048,-1.29804301030118],[-0.000645425146723722,-1.29804414612183],[-0.000735273454979757,-1.2977910183],[-0.000744949281866414,-1.29781582047067],[-0.000507380344091646,-1.29790123829939],[-0.000628064912794157,-1.29779720525317],[-0.000559960821770067,-1.29774845177343]],"d":[[0.0765325855616482,0.0287485939874102],[0.670254650562795,0.686551267264496]],"df":[0.607512671460619,0.753428272289015],"lambda":[[0,0],[0,0],[0,0],[0,0],[0,0],[4.12018442308705,0],[1.77635683940025e-15,0],[1.77635683940025e-15,0],[1.77635683940025e-15,0],[1.77635683940025e-15,0],[6.36159532927781,0],[-3.5527136788005e-15,0],[1.6549932706615,0],[0.517126848721458,0],[0,0],[0.774672148732876,0],[2.32401644619863,0],[0.174057285515429,0],[0.0550417718352312,0],[1.02887731416481,0],[0.790846286804415,0],[0.552815259444019,0],[0.780279866866218,0],[1.23520908171061,0],[0.283084972269032,0],[1.19294340195783,0],[2.22044604925031e-16,0],[1.81971685937759,0],[2.22044604925031e-16,0],[2.22044604925031e-16,0],[2.22044604925031e-16,0],[-1.40201140464473e-16,0],[-1.40201140464473e-16,0],[-1.40201140464473e-16,0],[-1.40201140464473e-16,0],[-1.40201140464473e-16,0],[-1.40201140464473e-16,0],[-1.40201140464473e-16,0],[-1.40201140464473e-16,0],[-1.40201140464473e-16,0],[-1.40201140464473e-16,0]],"rho":[0.0383104231987387,0.0383104231987387,0.0383104231987387,0.0383104231987387,0.0383104231987387,0.0191552115993694,0.0191552115993694,0.0191552115993694,0.0191552115993694,0.0191552115993694,0.00957760579968468,0.00957760579968468,0.00478880289984234,0.00478880289984234,0.00478880289984234,0.00239440144992117,0.00119720072496059,0.00119720072496059,0.00119720072496059,0.000598600362480293,0.000598600362480293,0.000598600362480293,0.000299300181240146,0.000149650090620073,0.000149650090620073,7.48250453100366e-05,7.48250453100366e-05,3.74125226550183e-05,3.74125226550183e-05,3.74125226550183e-05,3.74125226550183e-05,3.74125226550183e-05,3.74125226550183e-05,3.74125226550183e-05,3.74125226550183e-05,3.74125226550183e-05,3.74125226550183e-05,3.74125226550183e-05,3.74125226550183e-05,3.74125226550183e-05,3.74125226550183e-05]}
