{"prog":[1.12437836342127,1.12437836342127,1.12437836342127,1.12437836342127,1.12437836342127,1.1199708908161,1.07883580795392,1.07883580795392,1.07883580795392,1.07883580795392,1.07883580795392,1.07883580795392,1.07873615998457,1.07873615998457,1.05449135263425,1.03325432611107,1.00573080091218,1.00573080091218,0.97448940789724,0.952405699014808,0.928074382424873,0.928074382424873,0.903255502243199,0.876121400874952,0.876121400874952,0.846158708661586,0.813094309093247,0.777142983371437,0.777142983371437,0.777142983371437,0.777142983371437,0.777142983371437,0.755132929204272,0.755132929204272,0.731561099137511,0.731561099137511,0.731561099137511,0.705114964703819,0.676864910398333,0.676864910398333,0.676864910398333,0.654526701252998,0.654526701252998,0.654526701252998,0.628388249452505,0.601420314230028,0.601420314230028,0.601420314230028,0.601420314230028,0.601170245000195],"mei":["Inf",0.0204513201694744,0.0133322734984024,0.0243562394756212,0.343166788639823,0.0215629344020523,0.00584890140558671,0.00929468280999798,0.130509988008525,0.0101420075496426,0.157756984713252,0.011626637523502,0.469154574868221,0.357594370578171,0.00958396134929842,0.0766601905863152,0.0400418171939738,0.267871374765313,0.411713570547596,0.374080431830518,0.168095836225708,0.0134353922209478,0.018957279472112,0.0292556385764273,0.0802963213366058,0.115087194457518,0.214634875448873,0.155553213399098,0.0803844225592578,0.0536050647552808,0.259214013557261,0.0647205189712638,0.176827710654907,0.126264737264049,0.209703471813782,0.0438645191503269,0.280348163227534,0.288276376850746,0.101481489347066,0.143356782777561,0.189851539656342,0.238616828470477,0.059608552722368,0.0605873035096004,0.228384505065638,0.10715445783366],"obj":[1.12437836342127,0.906956746170054,1.79653333626607,1.45100459713745,0.462674620915827,1.1199708908161,1.07883580795392,1.06964087418815,1.12370577919658,1.12529350622627,1.08754650826562,1.1014438352221,1.07873615998457,1.08817923689455,1.05449135263425,1.03325432611107,1.00573080091218,1.08780711541812,0.97448940789724,0.952405699014808,0.928074382424873,1.07023114421815,0.903255502243199,0.876121400874952,1.14418290450295,0.846158708661586,0.813094309093247,0.777142983371437,0.786591521650976,1.06509513462199,1.03098320543114,0.834769330192605,0.755132929204272,0.80639938881829,0.731561099137511,0.788334531267846,0.783323497586853,0.705114964703819,0.676864910398333,1.11221327219789,0.692914887068908,0.654526701252998,0.77433192351032,0.745419380000936,0.628388249452505,0.601420314230028,0.601213292500562,0.605836667126231,0.599982245084362,0.601170245000195],"X":[[0.494292849561733,0.630085513859541],[0.62449620785762,0.282460538312434],[0.80916228079916,0.987371055466908],[0.889756245852857,0.561248351284593],[0.183570988733222,0.279103632182605],[0.489893403009614,0.630077487806482],[0.449064099147407,0.629771708806509],[0.439719709997238,0.629921164190912],[0.493673757710665,0.63003202148592],[0.495473278888309,0.629820227337966],[0.456775519751991,0.630770988513633],[0.472540391919995,0.628903443302102],[0.445203726247653,0.63353243373692],[0.449927573443411,0.638251663451139],[0.432635505642654,0.621855846991598],[0.421354779747751,0.611899546363322],[0.406464195059713,0.599266605852468],[0.449767710709221,0.638039404708903],[0.389926570426545,0.584562837470695],[0.378221717185952,0.574183981828856],[0.365345966297829,0.562728416127044],[0.447602530196778,0.622628614021369],[0.352230891902673,0.551024610340526],[0.337881598144125,0.538239802730827],[0.514463028697504,0.629719875805446],[0.322027611035326,0.52413109762626],[0.30455038035669,0.508543928736557],[0.285615409268221,0.491527574103216],[0.29037636611449,0.496215155536486],[0.44926949644623,0.615825638175763],[0.42920456063637,0.60177864479477],[0.316738273946673,0.518031056245932],[0.273800866076908,0.481332063127364],[0.302854325074434,0.503545063743856],[0.261138475389752,0.470422623747759],[0.295694781381553,0.492639749886293],[0.298183400099601,0.485140097487253],[0.246792882964775,0.458322081739043],[0.23140705155536,0.445457858842973],[0.471627110559272,0.640586161638619],[0.239178055479142,0.453736831589766],[0.219243818143443,0.435282883109555],[0.29847134237696,0.47586058113336],[0.278102214075031,0.467317165925905],[0.205332548060829,0.423055701391676],[0.191181057418501,0.410239256811527],[0.189299637210005,0.411913655290557],[0.188901902257034,0.416934764869196],[0.188666521348279,0.411315723736083],[0.197341024839735,0.40382922016046]],"C":[[-0.204765635625107,-0.858666824096499],[0.755979762873738,-1.0302205306677],[-0.831488878164218,0.129645197841935],[-0.0753625470280611,-0.393334111146156],[0.681528550332121,-1.38840285459798],[-0.186884880891187,-0.863006813047133],[-0.0307396143650401,-0.901729029643857],[0.00329598268119155,-0.90984590354431],[-0.202462234939855,-0.859345872850197],[-0.210729112522175,-0.857832711143621],[-0.0551760521591368,-0.893484084604833],[-0.122770918044919,-0.881186037006857],[-0.00262919398594788,-0.90043029753858],[-0.00204694360154592,-0.890199992757178],[-0.00243947128015887,-0.926121824819688],[-0.0018637781551599,-0.948039094744085],[-0.00108231965523352,-0.975666393244523],[-0.00225094249281932,-0.890614724442096],[-0.00548758237206783,-1.0062435587236],[-0.00989114913794812,-1.02726108766007],[-0.0159903544229649,-1.04985905459305],[-0.0536381489664638,-0.911985583963271],[-0.0232293392284947,-1.07230527758852],[-0.0316470154071007,-1.09613394039185],[-0.290338065445106,-0.838780670118964],[-0.0409574782142737,-1.12158481023197],[-0.0504875830430814,-1.14863213836978],[-0.0587915542066131,-1.17682448188475],[-0.0557094152607462,-1.16945208541804],[-0.0878220805273326,-0.918915702928365],[-0.0721505765846184,-0.953645907797911],[-0.0492415683846269,-1.13132069058201],[-0.0607176504017139,-1.19335253074109],[-0.0634656208086491,-1.15472162656291],[-0.0607145165238005,-1.21050925173739],[-0.0803192260741039,-1.16987067309569],[-0.107594298929758,-1.1757257457151],[-0.0570903798389018,-1.22903414230832],[-0.0488618482273081,-1.24801807248549],[-0.0724227585018116,-0.867217238102612],[-0.0506656452977776,-1.2369167454361],[-0.0388262546976797,-1.26246095987772],[-0.130117826759513,-1.18447156510312],[-0.103357059119815,-1.20427382495755],[-0.0229915295486754,-1.27886241822684],[-0.000341327067746977,-1.29515355545507],[0.00105195408763692,-1.29449278793733],[-3.01798911105933e-05,-1.29048147316714],[0.00217912798000786,-1.2952243191298],[-0.00154662019910473,-1.2979784808598]],"d":[[0.0788847416155106,0.029967927889534],[0.499919594109536,0.527964079370942]],"df":[0.481916620715896,0.66594905066297],"lambda":[[0,0],[0,0],[0,0],[0,0],[0.440975566589507,0],[1.32292669976852,0],[3.08682896612655,0],[0,0],[3.52780453271606,0],[0,0],[0,0],[0,0],[0,0],[0,0],[0,0],[0,0],[0,0],[0,0],[0,0],[0,0],[0,0],[0,0],[0,0],[0,0],[0,0],[0,0],[0,0],[0,0],[0,0],[0,0],[0,0],[0,0],[0,0],[0,0],[0,0],[0,0],[0,0],[0,0],[0,0],[0,0],[0,0],[0,0],[0,0],[0,0],[0,0],[0,0]],"rho":[0.00747429774098957,0.00747429774098957,0.00747429774098957,0.00747429774098957,0.00373714887049479,0.00186857443524739,0.000934287217623696,0.000934287217623696,0.000467143608811848,0.000467143608811848,0.000467143608811848,0.000467143608811848,0.000467143608811848,0.000467143608811848,0.000467143608811848,0.000467143608811848,0.000467143608811848,0.000467143608811848,0.000467143608811848,0.000467143608811848,0.000467143608811848,0.000467143608811848,0.000467143608811848,0.000467143608811848,0.000467143608811848,0.000467143608811848,0.000467143608811848,0.000467143608811848,0.000467143608811848,0.000467143608811848,0.000467143608811848,0.000467143608811848,0.000467143608811848,0.000467143608811848,0.000467143608811848,0.000467143608811848,0.000467143608811848,0.000467143608811848,0.000467143608811848,0.000467143608811848,0.000467143608811848,0.000467143608811848,0.000467143608811848,0.000467143608811848,0.000467143608811848,0.000467143608811848]}
