{"prog":[0.762918283884162,0.762918283884162,0.762918283884162,0.762918283884162,0.762918283884162,0.762918283884162,0.723911939430651,0.723911939430651,0.723911939430651,0.668848949763758,0.620169659407553,0.61082109602506,0.605830463890501,0.605830463890501,0.605830463890501,0.602495389561268,0.602495389561268,0.602495389561268,0.600379337420508,0.600379337420508,0.600379337420508,0.600379337420508,0.600379337420508,0.600379337420508,0.600379337420508,0.600379337420508,0.600379337420508,0.600379337420508,0.600379337420508,0.600379337420508,0.600379337420508,0.600379337420508,0.600379337420508,0.600379337420508,0.600379337420508,0.600379337420508,0.600379337420508,0.600379337420508,0.600379337420508,0.600379337420508,0.600379337420508,0.600379337420508,0.600379337420508,0.600379337420508,0.600379337420508,0.600379337420508,0.600379337420508,0.600379337420508,0.600379337420508,0.600379337420508],"mei":["Inf",0.206166551485714,0.188648213360333,0.195614089212984,0.138123150502487,0.111832181957713,0.0542599703869805,0.241652550037401,0.0170401227084971,0.0764228736964375,0.0160388695937225,0.169830127941653,0.0976303216672283,0.000709049979663536,0.0170431824364573,0.000816015165092709,0.0432567973204987,0.0813551332579136,0.0987953806383458,0.00947094573912503,0.0763776598412353,0.123105750383854,0.145203266709408,0.174389812105488,0.00445624463341825,0.0713013460318399,0.00945131026333255,0.144921132236631,0.165850682901978,0.048668112321996,0.101996973340836,0.166702862107002,0.207875265024355,0.20386812701601,0.116691163041415,0.0454204706598048,0.0138350751011869,0.145500415114664,0.106573409210808,0.0697554190546695,0.145276408069446,0.165990871829112,0.186704651193958,0.18668036597224,0.0698409685888021,0.207343983623064],"obj":[0.762918283884162,0.732970293791259,1.57093898999759,1.15074466347479,1.15365342865085,0,0.723911939430651,0.595963401438796,0.464947936160009,0.668848949763758,0.620169659407553,0.61082109602506,0.605830463890501,0.596692018811409,0.631038728163188,0.602495389561268,0.613296046908377,0.633722395037624,0.600379337420508,0.453098225339544,0.774819669598961,0.637126918357154,0.640215317784011,0.643182450581032,0.826184925979216,0.607530595645763,0.643589024572048,0.60404762640802,0.750537980783899,0.666082822070641,0.887349152046252,0.700523598145392,0.679314699678641,0.675623150526826,0.679094074616297,0.679664218159886,0.61520256850479,0.64622556752498,0.711346804878716,0.737559524432178,0.677114346734541,0.659535805027932,0.670488196276427,0.769363621815078,0.74052535010186,0.710774149246737,0.673735641303213,0.646497460209442,0.760154989199052,0.643818512924127],"X":[[0.313490560761069,0.449427723123093],[0.0999168643820837,0.633053429409176],[0.637429090374482,0.933509899623112],[0.678020727745728,0.472723935729061],[0.200189421949952,0.953464006700894],[0,0],[0.280896441394043,0.443015498036608],[0.177902145673793,0.418061255765003],[0.0789337938079995,0.386014142352009],[0.2310728281137,0.437776121650059],[0.215453397289507,0.404716262118046],[0.214444889958308,0.396376206066752],[0.204622652984343,0.401207810906158],[0.197966908866982,0.398725109944427],[0.195181921134729,0.435856807028459],[0.200707665234334,0.401787724326935],[0.189986831063031,0.423309215845346],[0.197354163624383,0.436368231413241],[0.198833377001898,0.40154596041861],[0.453098225339544,0],[0.323182665148696,0.451637004450265],[0.254149158040068,0.382977760317086],[0.19884984928823,0.441365468495781],[0.259590805218263,0.383591645362769],[0.367067333461287,0.459117592517929],[0.18686748540053,0.420663110245233],[0.260068410015851,0.383520614556197],[0.210465888055193,0.393581738352827],[0,0.750537980783899],[0.285350644664617,0.380732177406024],[0.42066802548297,0.466681126563281],[0.319908748938723,0.380614849206669],[0.29763406405179,0.381680635626851],[0.294967134824722,0.380656015702104],[0.235062074368353,0.444032000247944],[0.29919918739943,0.380465030760456],[0.224149775042612,0.391052793462178],[0.262537833062237,0.383687734462743],[0.329572810682768,0.381773994195948],[0.283881794018306,0.453677730413872],[0.222463143477336,0.454651203257205],[0.236046341390639,0.423489463637293],[0.251463622404155,0.419024573872272],[0.304327953909888,0.46503566790519],[0.267996986758523,0.472528363343338],[0.329855660791918,0.380918488454819],[0.28293503759424,0.390800603708973],[0.220270754755177,0.426226705454265],[0.375720616725248,0.384434372473804],[0.234851016541164,0.408967496382963]],"C":[[-0.187308910785535,-1.1997383900021],[0.633606241939327,-1.08925997572533],[-0.882247212561511,-0.222243422050007],[-0.0787161501883385,-0.81681997333598],[-0.978299561044144,-0.550830583265222],[1.5,-1.5],[-0.135061066717662,-1.22483445771154],[0.0149770738010156,-1.29357561299285],[0.151499043319169,-1.34476253809932],[-0.0561110660028222,-1.25495741542057],[-0.0232157164255791,-1.28978458077361],[-0.00709406917565597,-1.2968992924349],[-0.00594116569809749,-1.29716186235354],[0.00525598918522036,-1.30182738969346],[0.000539028381179751,-1.27193286142911],[-0.00254042347137146,-1.29828305769637],[-0.000885640524950604,-1.28471431180303],[-0.00238769423057572,-1.2706341007134],[-0.000112381727907562,-1.29922612986152],[0.56649458209119,-1.29470199819416],[-0.203110786403551,-1.19157698115858],[0.00306062307394944,-1.28873624057003],[0.00170900762238368,-1.26565526065755],[-0.00210382618115901,-1.28547006345402],[-0.274269316501844,-1.15447260894616],[0.0028813117249038,-1.28812309057889],[-0.00205758574510134,-1.28527636032226],[0.00287263101949659,-1.30079752520031],[-0.00445616877648873,-0.936692739400828],[0.000718833317520151,-1.27361801867716],[-0.353625990035187,-1.10524713844589],[-0.00142039082756973,-1.25279072891585],[-0.00617758168351301,-1.2657338563035],[-0.000788981546619771,-1.26809538708309],[-0.0569587629240921,-1.24758140394946],[-0.000399227205304387,-1.26572620662797],[-0.00301206896319695,-1.29683459107377],[-0.00391363957961893,-1.28385760863383],[-0.00653699738419511,-1.24563037981433],[-0.134193523114952,-1.21358764395147],[-0.0173972650657817,-1.24380243317096],[-0.0663164199228332,-1.26493879890429],[-0.0834474308558538,-1.26118445309854],[-0.160791855806395,-1.19112632404499],[-0.070507573255509,-1.20489456092442],[-0.00172662666914347,-1.24609634819682],[-0.0415457088022535,-1.26722265264225],[-0.0442881869501092,-1.26981159015719],[-0.00409551487625537,-1.21104423142827],[-0.0511748904080205,-1.27759058693183]],"d":[[0.159822127920626,0.0391643646552687],[0.678476884924745,0.577296495892848]],"df":[0.598758345275401,0.559518247531568],"lambda":[[0,0],[0,0],[0,0],[0,0],[0.0569240897378242,0],[1.2085435918745,0],[1.4362399508258,0],[0.730343168746545,0],[0.51464099048313,0],[0.333993980879504,0],[0.493807522037446,0],[0.813434604353329,0],[0.504458267687901,0],[1.14371243231967,0],[0.525759758988812,0],[0.498423139729611,0],[0.47108652047041,0],[0.443749901211209,0],[0.416413281952008,0],[0.389076662692807,0],[0.361740043433606,0],[0.334403424174405,0],[0.307066804915204,0],[0.279730185656003,0],[0.252393566396802,0],[0.225056947137602,0],[0.197720327878401,0],[0.1703837086192,0],[0.143047089359999,0],[0.115710470100798,0],[0.0883738508415969,0],[0.061037231582396,0],[1.33954556084593,0],[1.28487232232753,0],[1.23019908380913,0],[1.17552584529072,0],[1.12085260677232,0],[1.06617936825392,0],[1.01150612973552,0],[0.956832891217116,0],[0.902159652698715,0],[0.847486414180313,0],[0.792813175661911,0],[0.738139937143509,0],[0.683466698625107,0],[0.628793460106705,0]],