{"prog":[1.22561614210848,1.22561614210848,1.14690576622889,1.14690576622889,1.14690576622889,1.14690576622889,1.14690576622889,1.14690576622889,0.700060020574792,0.669370277972131,0.634314492931512,0.623670024598004,0.623670024598004,0.604015107843723,0.604015107843723,0.603482580846243,0.603482580846243,0.603482580846243,0.603482580846243,0.603095717460487,0.603095717460487,0.603095717460487,0.60031410253494,0.60031410253494,0.60031410253494,0.60031410253494,0.60031410253494,0.60031410253494,0.60031410253494,0.60031410253494,0.60031410253494,0.600057177133611,0.600057177133611,0.600057177133611,0.600057177133611,0.600057177133611,0.600057177133611,0.600057177133611,0.600057177133611,0.600057177133611,0.600057177133611,0.600057177133611,0.600057177133611,0.600006239827075,0.59991911740881,0.59991911740881,0.59991911740881,0.59991911740881,0.59991911740881,0.59991911740881],"mei":["Inf",0.0249968199151252,0.0820648523415109,0.0457983002500384,0.0628515285935976,0.00619940763528398,0.00376973289028838,0.00674773188293033,0.00515850256763528,0.00130944092231393,0.0058938180023191,0.0162529426437852,0.00558765137465078,0.0030972579374051,0.00748969528149626,0.231823242218927,0.167379595394192,0.00297489357817072,0.00122755056757326,0.00120420092758227,0.000512568643029775,0.0116255676884151,0.000749376354995688,0.000422801238110334,0.000425358161777831,0.00500987712885798,0.00426451629169849,0.000589785473185365,0.182321112774094,0.000451012129494377,0.00356381384163113,0.120809509808054,0.00073250393783942,0.00861182592623179,0.00175292662988621,0.000690650062630438,0.000167352650940966,0.000162060982700694,0.155984337062174,0.01512426106623,0.00663128686738957,0.00613029786036536,0.00304583198919618,0.0154445971820965,3.67299519389735e-05,0.00649420957203735],"obj":[1.22561614210848,0.806306096028142,1.14690576622889,1.34197199556557,1.66817594646667,0.844059748901112,0.751723110014728,1.22639588536284,0.700060020574792,0.669370277972131,0.634314492931512,0.623670024598004,0.601303959871393,0.604015107843723,0.636319065810508,0.603482580846243,0.603487780419892,0.721950539379635,0.603559841079244,0.603095717460487,0.599990345385113,0.599576168990653,0.60031410253494,0.667285328179327,0.0733744475261965,0.600345513382459,0.600805198547745,0.600490459452251,0.60096870147586,0.60396855039067,0.602972127592791,0.600057177133611,0.603990881160211,0.600231889730142,0.601885934782492,0.600340899831026,0.60347382157149,0.600198416950766,0.600256701163749,0.600527906737045,0.603535258518724,0.40208201645476,0.600074449188265,0.600006239827075,0.59991911740881,0.600096919483412,0.600077664142858,0.60474152399397,0.599939087028985,0.599799464692621],"X":[[0.591778987634876,0.633837154473606],[0.271330746400946,0.534975349627197],[0.256979674230558,0.889926091998333],[0.952932773454332,0.389039222111236],[0.922555183130911,0.745620763335754],[0.284326958490943,0.559732790410169],[0.253422474362038,0.49830063565269],[0.592444234703189,0.633951650659651],[0.237053129311981,0.463006891262811],[0.227490889614982,0.441879388357148],[0.216673457276705,0.417641035654806],[0.212837392836077,0.410832631761927],[0.205996255292584,0.395307704578809],[0.206811904073024,0.3972032037707],[0.21650462455272,0.419814441257787],[0.206788319842016,0.396694261004227],[0.206843417165988,0.396644363253904],[0.24419863562059,0.477751903759045],[0.207065483490738,0.396494357588505],[0.204506894479684,0.398588822980803],[0.19797446615984,0.402015879225273],[0.195481897530573,0.40409427146008],[0.196100040993027,0.404214061541914],[0.226243282814115,0.441042045365211],[0.0534657676842915,0.019908679841905],[0.197660615352725,0.402684898029734],[0.197585874870924,0.403219323676821],[0.198036776023768,0.402453683428483],[0.198102786614943,0.402865914860917],[0.206783935612299,0.397184614778372],[0.205620070107635,0.397352057485157],[0.197155396273474,0.402901780860137],[0.207438762795099,0.396552118365112],[0.197340421833682,0.40289146789646],[0.20311237814436,0.398773556638132],[0.197259820104947,0.403081079726078],[0.206350662542658,0.397123159028831],[0.197139929854536,0.40305848709623],[0.195286811611262,0.404969889552487],[0.199199689326306,0.40132821741074],[0.206813454321119,0.396721804197605],[0,0.40208201645476],[0.197210174399136,0.402864274789129],[0.19694703140499,0.403059208422085],[0.196291789978533,0.403627327430276],[0.196885939003549,0.403210980479863],[0.19658725474459,0.403490409398268],[0.208880388072785,0.395861135921185],[0.19651511377706,0.403423973251925],[0.19600643168647,0.403793033006151]],"C":[[-0.607259202934825,-0.748048091402644],[0.147190952782626,-1.14018100134876],[-1.02396365108135,-0.641992997812931],[-0.595500749700706,-0.440567612935719],[-1.29932045439782,-0.0929416113608976],[0.216360060106953,-1.10585738401494],[0.0438707362561214,-1.18747352599635],[-0.609676683739229,-0.747115133392856],[-0.0279389615312134,-1.22943043252654],[-0.04633121559087,-1.2529905012873],[-0.0375216562019773,-1.27862857824894],[-0.0276575752241667,-1.28591679289031],[0.00342099308123328,-1.30129736150607],[-0.00119192030205328,-1.29945845124798],[-0.0382005155112553,-1.2768815824587],[-0.000172960431771174,-1.29987225406323],[-0.000129631390018536,-1.299889049874],[-0.00398968309577352,-1.21212014481565],[-5.40735317997587e-05,-1.29991610994723],[-0.00140159091847886,-1.29930388030505],[0.000165117412363025,-1.29918934359946],[0.000262517127753159,-1.29849464751099],[-0.000596179235678895,-1.29815576637432],[-0.0451145433632636,-1.25429589120156],[1.52178554292124,-1.49674505615288],[-0.000410422696731416,-1.29877515403716],[-0.00103990053236641,-1.2983739990651],[-0.000516819627850718,-1.29881246803696],[-0.00115420958085488,-1.29845434057867],[-0.00112759403059354,-1.29948478575605],[-0.000266170605581595,-1.29983172918124],[-0.000131645468501529,-1.29879990469998],[-0.000542946357424245,-1.29971557711018],[-0.000327191829968709,-1.29873522300674],[-0.000268752937404138,-1.29972501237072],[-0.000487783604493197,-1.29861420653902],[-0.000569596347851087,-1.29971260063117],[-0.000321994563065142,-1.29867970403665],[-0.00054227022597747,-1.29786244976655],[-0.000195255113922654,-1.29925514568222],[-0.000252608373558061,-1.29984000518596],[0.224512459626848,-1.33833005204367],[-0.000143552448236828,-1.29880852321209],[-0.000104151497148819,-1.29875514132692],[-9.0197969191852e-05,-1.29855451373852],[-0.000233702767182931,-1.29865683224316],[-0.000254118091032762,-1.2985489407956],[-0.000566702354746929,-1.29966294454575],[-8.673798972203e-05,-1.29863090786282],[2.91627510982662e-05,-1.29853266523323]],"d":[[0.199470384723951,0.0429846309689227],[0.504615087744713,0.563224189346946]],"df":[0.418497158896093,0.450168485343524],"lambda":[[0,0],[0,0],[0,0],[4.64483639841143,0],[-6.21724893790088e-15,0],[-3.399777142913e-16,0],[-3.399777142913e-16,0],[-3.399777142913e-16,0],[-3.399777142913e-16,0],[1.44879749358743,0],[0.439236173137034,0],[0,0],[0,0],[0,0],[0,0],[0,0],[0,0],[0.139855116627686,0],[0.584561256255933,0],[1.47397353551243,0],[2.22044604925031e-16,0],[1.77882455851299,0],[2.22044604925031e-16,0],[3.55764911702598,0],[0,0],[0,0],[0,0],[0,0],[0,0],[0,0],[0,0],[0,0],[0,0],[0,0],[0,0],[0,0],[0,0],[0,0],[0,0],[0,0],[0,0],[0,0],[0,0],[0,0],[0,0],[0,0]],