{"prog":[1.01370721489976,1.01370721489976,1.01370721489976,1.01370721489976,1.01370721489976,1.01370721489976,1.01370721489976,1.01370721489976,1.01370721489976,1.01370721489976,1.01370721489976,1.01370721489976,1.01370721489976,1.01370721489976,1.01370721489976,1.01370721489976,1.01370721489976,0.606038534935037,0.604477098650527,0.604447935325867,0.601857345253326,0.601808948448287,0.601808948448287,0.601808948448287,0.601808948448287,0.601808948448287,0.601808948448287,0.601808948448287,0.601808948448287,0.601808948448287,0.601808948448287,0.601808948448287,0.601808948448287,0.601472794318272,0.601472794318272,0.601472794318272,0.601472794318272,0.601472794318272,0.601472794318272,0.601472794318272,0.601472794318272,0.601472794318272,0.601452824980668,0.601452824980668,0.601452824980668,0.601452824980668,0.601452824980668,0.601452824980668,0.600973880285508,0.600973880285508],"mei":["Inf",0.000890670102681521,0.00053707121661808,0.00101255075520358,0.00159529254727651,0.00354112786768966,0.00296510054909942,0.00292428209239058,0.00798742978416328,0.0163612056472472,0.0145103911702382,0.0318748087738067,0.013221574976493,0.0126422568045114,0.000520141959162663,0.000839303690534644,0.00334320060789392,0.001825131930923,0.000806780332377985,0.00034230714215119,7.73450008706565e-05,0.00140235947488672,2.60539392611285e-05,0.00028834093963782,7.68096967905671e-06,0.000641071752284561,0.00265459119262673,"Inf",0.00317848796432517,0.00189403834972717,9.38157928825838e-05,0.00478064027348748,"Inf",0.000180787597786954,0.0025949627113462,0.00137103687942641,0.0125353291658379,"Inf",0.00130642225365148,0.00161423904871489,0.00155349434430247,"Inf",6.93740008960166e-05,0.000101766904981534,4.48573131732525e-05,0.000137281356402418],"obj":[1.01370721489976,0.48531762419858,1.26986919046609,0.964944307516549,1.08159305030517,0.379662295148591,1,0.310652537725341,1.0857230592672,0.624855626553925,0.23069360745409,0.43599554732846,1.07925010534273,0.477865249816016,0.522341863875841,0.558342380108107,0.586611229007525,0.606038534935037,0.604477098650527,0.604447935325867,0.601857345253326,0.601808948448287,0.601500806071342,0.601901740330414,0.601998635861119,0.602250562585237,0.244771354822759,0.600625821709996,0.600632929029341,0.602095768005803,0.602159032217969,1.07895394095553,0.602253803419278,0.601472794318272,0.601717002934276,0.60199212847001,0.602567360529942,0.602718650080354,0.60207225563457,0.601671248071789,0.601478103537523,1.07926667844098,0.601452824980668,0.601036905629914,0.602192897564254,1.07921915957984,0.601611538126997,0.60202983433249,0.600973880285508,0.601770019748138],"X":[[0.0650578748725955,0.948649340027163],[0.0212702485316597,0.46404737566692],[0.43866407806954,0.831205112396554],[0.656354329529301,0.308589977987248],[0.896643068337963,0.184949981967208],[0,0.379662295148591],[1,0],[0,0.310652537725341],[0.904663713803438,0.181059345463759],[0.0604429640683043,0.56441266248562],[0.0567362443655666,0.173957363088523],[0.0351915037644363,0.400804043564024],[0.892281708375068,0.186968396967659],[0.0793107962331625,0.398554453582854],[0.124189868303382,0.398151995572459],[0.159962788297477,0.398379591810631],[0.187894412979153,0.398716816028372],[0.207048118295016,0.398990416640021],[0.20553088187752,0.398946216773008],[0.205500461278028,0.39894747404784],[0.202950668094886,0.39890667715844],[0.20291126094691,0.398897687501377],[0.202579490592308,0.398921315479034],[0.203013401881875,0.398888338448539],[0.203112198941959,0.39888643691916],[0.203348702167539,0.398901860417699],[0.244771354822759,0],[0.200688865947838,0.399936955762158],[0.495815020673606,0.104817908355735],[0.202580660486318,0.399515107519485],[0.203021313520972,0.399137718696996],[0.891710215159983,0.187243725795548],[0.20310202413494,0.399151779284337],[0.202420250600994,0.399052543717279],[0.202428973557313,0.399288029376963],[0.202211316077175,0.399780812392835],[0.203450155936326,0.399117204593616],[0.203605932772729,0.399112717307625],[0.20293127617626,0.39914097945831],[0.202439875654931,0.399231372416857],[0.200798013142877,0.400680090394646],[0.892285477087839,0.186981201353145],[0.202172083384591,0.399280741596077],[0.201277072025727,0.399759833604186],[0.202955822317193,0.399237075247061],[0.892204519359189,0.187014640220655],[0.20208705930237,0.399524478824627],[0.202715612416879,0.399314221915611],[0.201048737593287,0.399925142692221],[0.202138321216307,0.399631698531831]],"C":[[-0.773587817367295,-0.59583190258309],[0.331067043715127,-1.28420760966405],[-0.507334429529263,-0.616671887737232],[0.687046266499018,-0.973971219593972],[0.0322016710639153,-0.661824712171813],[0.241533306469182,-1.3558565416425],[0.5,-0.5],[0.533444129704779,-1.40349500080481],[0.0976417376578979,-0.648801078347607],[0.664666923181453,-1.17778499452053],[1.50942586100668,-1.46651983440258],[0.188032286783789,-1.33811767672553],[-0.000933116252693655,-0.668876171434614],[0.139934760302801,-1.33486414513013],[0.0888885804738745,-1.32605186503246],[0.0476952141114785,-1.31570560718889],[0.0161232728854841,-1.30572059018742],[-0.00477106495782609,-1.29793772413992],[-0.00310834291210199,-1.29859897271715],[-0.00307876019377862,-1.29861047336537],[-0.000330982820051617,-1.29968448923825],[-0.000273855862025496,-1.29970765508699],[3.47407330247851e-05,-1.29982333404784],[-0.0003651248505534,-1.29967365210611],[-0.000465788232169029,-1.2996350450829],[-0.000741493710821217,-1.29952661108208],[1.07142047433335,-1.44008698385823],[0.000346130086786023,-1.29977441050027],[0.68181160267526,-1.24318067136236],[-0.00098072776610314,-1.29934875486062],[-0.000805203681117472,-1.29947142776958],[-0.00525640731108146,-0.669792679329538],[-0.000914683873822875,-1.29942742488644],[-2.35229150368776e-05,-1.2997831094994],[-0.000435286790007261,-1.29959158026079],[-0.00103085919346574,-1.29928588569286],[-0.00122255099435586,-1.29931349104686],[-0.00137907515057584,-1.29925366302307],[-0.000715670896792142,-1.29950537566654],[-0.000350389592044698,-1.29963240802297],[-0.000955679267120424,-1.29913562307921],[-0.00101487294248095,-0.668864657718662],[-0.000150343967299404,-1.29970133809042],[3.76597147350166e-06,-1.2996796157135],[-0.000906547552483816,-1.29941869193572],[-0.00158680829079635,-0.668996619978178],[-0.000470948599046728,-1.29954101128243],[-0.000783828148132826,-1.29945453265838],[-2.16836984303637e-05,-1.29963928535475],[-0.000704901088417031,-1.29943460462442]],"d":[[0.0489415254517073,0.0359209842096821],[0.730936518421344,0.607682262094152]],"df":[0.64769604827413,0.526227382990186],"lambda":[[0,0],[0,0],[0,0],[0,0],[0,0],[0,0],[0,0],[0,0],[0,0],[0,0],[0,0],[0,0],[0,0],[31.5238257892153,0],[12.8672885429906,0],[0.712577629121039,0],[-1.11022302462516e-16,0],[1.00958234296201e-16,0],[1.00958234296201e-16,0],[0.27169690011237,0],[0.815090700337109,0],[1.90187830078659,0],[4.07545350168554,0],[8.42260390348346,0],[1.77635683940025e-15,0],[8.69430080359583,0],[1.77635683940025e-15,0],[17.3886016071917,0],[3.5527136788005e-15,0],[3.5527136788005e-15,0],[1.61025090661041e-16,0],[1.61025090661041e-16,0],[1.61025090661041e-16,0],[1.61025090661041e-16,0],[1.61025090661041e-16,0],[1.61025090661041e-16,0],[1.61025090661041e-16,0],[1.61025090661041e-16,0],[1.61025090661041e-16,0],[1.61025090661041e-16,0],[3.76992492185182,0],[11.3097747655555,0],[26.3894744529627,0],[56.5488738277773,0],[0,0],[0,0]],