{"prog":[0.98911972895477,0.98911972895477,0.98911972895477,0.98911972895477,0.98911972895477,0.988915240560394,0.988915240560394,0.988915240560394,0.988915240560394,0.983253814363337,0.983253814363337,0.983253814363337,0.898844386763278,0.898844386763278,0.898844386763278,0.898844386763278,0.898844386763278,0.807209975035216,0.807209975035216,0.807209975035216,0.807209975035216,0.807209975035216,0.807209975035216,0.807209975035216,0.762219380807298,0.762219380807298,0.757037405917271,0.7443545330258,0.7443545330258,0.7443545330258,0.7443545330258,0.701129440583715,0.701129440583715,0.701129440583715,0.649231542456877,0.649231542456877,0.649231542456877,0.634798704458468,0.634798704458468,0.634798704458468,0.634798704458468,0.624250595695286,0.624250595695286,0.624250595695286,0.624250595695286,0.624250595695286,0.624250595695286,0.624250595695286,0.624250595695286,0.608969321643055],"mei":["Inf",0.0181442807087977,0.0331324577753202,0.16711439094388,0.152115478522674,0.226912367082335,0.232782619715137,0.215321397956642,0.440290218869274,0.171472205337758,0.308762709180239,0.268119677186035,0.345875816061108,0.249892460749823,0.264490087438546,0.13946444013069,0.273395979420742,0.22794102328618,0.210691004404476,0.152933541461261,0.100153918058145,0.32558571109627,0.302089708649811,0.0877009218362324,0.260407621106638,0.275429955776684,0.274267401737105,0.0840302639084482,0.150254050342516,0.290480470954315,0.104131116538391,0.202055788570449,0.17226212199111,0.182569338542919,0.117097655696021,0.220645183878109,0.126938269124228,0.247017859156087,0.107815246785095,0.0505807029481099,0.169628156388763,0.292772542807675,0.064273077763762,0.168222327361681,0.165626488406229,0.0311922724192549],"obj":[0.98911972895477,1.8447173822589,1.13009623192951,0.688076887961495,1.14983484123131,0.988915240560394,1.14735379342345,1.12384132903388,1.12970262674841,0.983253814363337,1.1238737304958,1.1168149936272,0.898844386763278,1.10436018059469,1.07398255429462,0.986099906616342,0.909267892104695,0.807209975035216,0.869498152510884,1.13673453422481,0.848820698943166,0.758504119898344,1.00546709720178,0.88624561709533,0.762219380807298,0.816647940822125,0.757037405917271,0.7443545330258,0.775916312820119,0.790952773281621,0.817111294882905,0.701129440583715,0.997486297058435,0.655381672069153,0.649231542456877,0.838137626624907,0.852856875771114,0.634798704458468,0.857155053491858,0.691670052410652,0.94388750802414,0.624250595695286,0.69041333259102,0.859663942876529,0.695545480409253,0.608284281563926,0.990134592730277,0.60243280471263,0.78516030902457,0.608969321643055],"X":[[0.780121284071384,0.208998444883385],[0.937230119117822,0.907487263141081],[0.19875687875756,0.931339353171955],[0.509885713334634,0.178191174626861],[0.57650602938526,0.573328811846052],[0.780341206230104,0.20857403433029],[0.574086626282723,0.573267167140725],[0.551632101148296,0.572209227885584],[0.19649079717546,0.933211829572949],[0.777981161592845,0.205272652770492],[0.169845487816952,0.954028242678847],[0.142349614905018,0.974465378722177],[0.738950006434284,0.159894380328994],[0.104360180594695,1],[0.509998348745477,0.563984205549141],[0.453359923076266,0.532739983540076],[0.416862046573602,0.492405845531094],[0.384621369189267,0.422588605845949],[0.722876021405394,0.14662213110549],[0.237566757747272,0.899167776477534],[0.713944550462608,0.134876148480558],[0.376227511116797,0.382276608781547],[0.465482530668531,0.539984566533244],[0.406388833040921,0.479856784054409],[0.376510509974122,0.385708870833175],[0.384245185683288,0.432402755138837],[0.37259614558102,0.384441260336251],[0.361619401185935,0.382735131839866],[0.390981031768739,0.38493528105138],[0.402500573102792,0.388452200178829],[0.426266272439197,0.390845022443709],[0.319448990336126,0.381680450247589],[0.782334224839752,0.215152072218683],[0.273983780489189,0.381397891579964],[0.266854970708573,0.382376571748304],[0.44451755949446,0.393620067130446],[0.456525083014087,0.396331792757028],[0.250292163219597,0.384506541238871],[0.459856432283691,0.397298621208167],[0.311957202429234,0.379712849981418],[0.763225453996168,0.180662054027972],[0.237030425728847,0.387220169966439],[0.310258461727578,0.380154870863441],[0.462232056368913,0.397431886507616],[0.315455917998806,0.380089562410447],[0.215553851211075,0.392730430352852],[0.780711207833021,0.209423384897256],[0.204786492993443,0.397646311719187],[0.398249590968522,0.386910718056048],[0.215967705167285,0.39300161647577]],"C":[[-0.16368822149223,-0.847730432175141],[-1.44623011318102,0.201933428944896],[-1.00951323668053,-0.593102712379798],[0.918397577867082,-1.20826446462233],[-0.682911847639156,-0.838934871589637],[-0.164411830784348,-0.847564474062534],[-0.677019529508019,-0.841789300601769],[-0.618011587509055,-0.8682786245053],[-1.00433330402696,-0.590507047770461],[-0.158656798894096,-0.852608450231213],[-0.921982788314095,-0.560982622439333],[-0.807950714453057,-0.530153812808236],[-0.0531859164346263,-0.928386675129979],[-0.638548717569354,-0.489108952706243],[-0.50699880398483,-0.921823500167991],[-0.404207133466612,-1.010652890086],[-0.365351980687513,-1.08376251741328],[-0.202579744030773,-1.17348527257215],[-0.0118994476029006,-0.955952208347192],[-1.03525452026805,-0.635059345357897],[0.0172967987995,-0.972091603435795],[0.0101228928121526,-1.21231745425734],[-0.424027569456616,-0.991742681548324],[-0.346631595845405,-1.1045855831766],[-0.0116753194986178,-1.20946850283962],[-0.238445117296816,-1.16538349462756],[-0.00608045041481625,-1.21337702964924],[-0.00152474386653634,-1.22274522754145],[0.00379537677049169,-1.19895866219895],[-0.00981973752659782,-1.18709817682815],[-0.00181618092623065,-1.16553723341177],[-0.00717010420306846,-1.25227237647203],[-0.167355800508231,-0.841662746464391],[0.00100623037988218,-1.27946853632721],[-0.000476739703221762,-1.28257658198614],[0.00127315378672677,-1.14746738205331],[-0.00167423613588263,-1.13450595862898],[-0.000632434392727754,-1.28950855277538],[-0.00389836729588108,-1.1306858672734],[0.0029411016212415,-1.25850085541151],[-0.116379402565606,-0.884848128606738],[-0.00155884521173039,-1.29387711724996],[0.000588604542165583,-1.25922196108524],[-0.00128391406788486,-1.12838942165196],[0.00108243161563831,-1.25601948834617],[0.000179599509579187,-1.29929934630294],[-0.165209194439474,-0.846631855822081],[3.19796317857501e-05,-1.29993990306357],[-0.00324202204928614,-1.19169735954676],[-0.000854268554449811,-1.29890767977221]],"d":[[0.091122143220683,0.0382925554267177],[0.551549270471129,0.469886804953594]],"df":[0.750062711567606,0.745271503234868],"lambda":[[0,0],[0,0],[0,0],[0,0],[0,0],[0,0],[0,0],[0,0],[0,0],[0,0],[0,0],[0,0],[0,0],[0,0],[0,0],[0,0],[0,0],[0,0],[0.491096748249768,0],[1.4732902447493,0],[3.43767723774837,0],[0,0],[0,0],[0,0],[0,0],[0,0],[0,0],[0,0],[0,0],[0,0],[0.390525891537271,0],[0.0204730659533467,0],[1.38777878078145e-17,0],[1.38777878078145e-17,0],[1.38777878078145e-17,0],[1.38777878078145e-17,0],[1.38777878078145e-17,0],[1.38777878078145e-17,0],[1.38777878078145e-17,0],[1.38777878078145e-17,0],[1.38777878078145e-17,0],[1.38777878078145e-17,0],[0.139407952692268,0],[0.418223858076803,0],[0.517516222639487,0],[0.716100951764856,0]],