{"prog":[1.33547296103916,0.669705732513616,0.669705732513616,0.669705732513616,0.669705732513616,0.669705732513616,0.669705732513616,0.669705732513616,0.669705732513616,0.669705732513616,0.669705732513616,0.669705732513616,0.607513631885421,0.607513631885421,0.605482329768221,0.599851194616017,0.599851194616017,0.599851194616017,0.599851194616017,0.599851194616017,0.599851194616017,0.599851194616017,0.599851194616017,0.599851194616017,0.599851194616017,0.599851194616017,0.599851194616017,0.599851194616017,0.599851194616017,0.599851194616017,0.599851194616017,0.599851194616017,0.599851194616017,0.599851194616017,0.599851194616017,0.599851194616017,0.599851194616017,0.599851194616017,0.599851194616017,0.599851194616017,0.599851194616017,0.599851194616017,0.599851194616017,0.599851194616017,0.599851194616017,0.599851194616017,0.599851194616017,0.599851194616017,0.599851194616017,0.599851194616017],"mei":["Inf",0.191906373382595,0.180072683115013,0.431313087877128,0.415042562818483,0.315948542874829,0.235470216876067,0.234888047303432,0.0331699806631768,0.0920286774184968,0.149628393841312,0.0429611346128255,0.00843222894136851,0.0201309653287313,0.0386028652313263,0.20998315070116,0.029200346884199,0.213550425935932,0.212494167744641,0.0389772734347097,0.172502771404089,0.170581860833822,0.057792639824748,0.174208431139753,0.233861334934791,0.155601319907152,0.0576464310171887,0.0599505801315384,0.212349511678757,0.0570988999676621,0.190660899304669,0.212351043130195,0.212278971344664,0.116642304542649,0.191457235479595,0.191028068261269,0.19102968286608,0.12768401241227,0.191114526620573,0.127853889814984,0.212240112986059,0.169802707324276,0.148586151775175,0.191140067994556,0.127638882024732,0.127352889285196],"obj":[1.33547296103916,0.669705732513616,1.65647114056546,0.972220010797544,0.370618046948364,0,1,1,1,0.562338136347356,0.468139975103042,0.588230414712643,0.607513631885421,0.608685175075881,0.605482329768221,0.599851194616017,0.600281232800256,0.600401898016234,0.600456546358545,0.677660356684127,0.581940565608192,0.682588465265723,0.682947858226116,0.682818019060026,0.708557949992274,0.682824889530574,0.682741071105995,0.70865772211935,0.654989324001917,0.697046903980092,0.623066337863454,0.765585606519199,0.698446658045064,0.825926338035986,0.626656224374087,0.627921084737147,0.69891724690127,0.796083248185159,0.731828554726676,0.604056626974391,0.700208675278224,0.544829828896915,0.724554644769512,0.697690379526455,0.639687672512847,0.623971791036179,0.77020607747582,0.697190982941957,0.693852851903564,0.839558552544666],"X":[[0.590163189952765,0.745309771086394],[0.228771688297571,0.440934044216046],[0.978334132763169,0.678137007802291],[0.957019122763774,0.0152008880337702],[0.318974884450197,0.0516431624981675],[0,0],[0,1],[0,1],[0,1],[0.159015944600399,0.403322191746957],[0.0810553496250284,0.387084625478014],[0.174410290080393,0.41382012463225],[0.208162909653818,0.399350722231603],[0.219084905801267,0.389600269274614],[0.200705182211169,0.404777147557052],[0.196271076896497,0.40358011771952],[0.196556722115983,0.403724510684273],[0.196636013064885,0.403765884951348],[0.196673236484684,0.403783309873861],[0.287895108125662,0.389765248558464],[0.195684060502633,0.386256505105559],[0.295447495719042,0.38714096954668],[0.295366407394472,0.387581450831644],[0.295223359229994,0.387594659830032],[0.322184919265836,0.386373030726438],[0.295180548958862,0.387644340571712],[0.295215236533755,0.387525834572241],[0.321817260163903,0.386840461955447],[0.264629193098303,0.390360130903614],[0.26280989982574,0.434237004154352],[0.239792859326659,0.383273478536795],[0.373932706041379,0.39165290047782],[0.269048955464358,0.429397702580707],[0.408538843233707,0.417387494802279],[0.21183450794393,0.414821716430158],[0.217508550136809,0.410412534600338],[0.308269355318459,0.390647891582811],[0.350260502025189,0.44582274615997],[0.293353022467966,0.43847553225871],[0.189431634968558,0.414624992005834],[0.288117949305017,0.412090725973207],[0.151838380282549,0.392991448614366],[0.250456677104964,0.474097967664548],[0.238289781091697,0.459400598434758],[0.23159453257922,0.408093139933627],[0.240682115504919,0.383289675531261],[0.333270738200945,0.436935339274875],[0.23742436555502,0.459766617386937],[0.263459116401022,0.430393735502542],[0.383687773495155,0.45587077904951]],"C":[[-0.190907671104253,-0.596220754347923],[-0.0495001247099751,-1.25324068328476],[-0.538524781000945,-0.0829925233194928],[0.842093352474713,-0.583883331667441],[1.08258100268459,-1.39558800685717],[1.5,-1.5],[-0.5,-0.5],[-0.5,-0.5],[-0.5,-0.5],[0.0440135295960723,-1.31204513900727],[0.147829244653451,-1.34359552301571],[0.019796235589021,-1.29833395516342],[-0.00657980967728322,-1.29718720369755],[0.00519794714812311,-1.3002134342312],[-0.00659838894606568,-1.29587289064916],[-6.81115583378578e-06,-1.29860075295539],[-0.000516123023183879,-1.29837197446376],[-0.000659028094370351,-1.2983073885154],[-0.000723588923090046,-1.29827867671795],[-0.0395933684534531,-1.26519945773347],[0.0342582951334533,-1.31251366072884],[-0.0310569812509184,-1.2628326469718],[-0.0329743009665093,-1.26253930435412],[-0.0329900342589583,-1.2626135478362],[-0.0314748348110968,-1.24691275892493],[-0.0331950752765419,-1.26260030873907],[-0.0326856684511296,-1.26267169165741],[-0.0338248167631667,-1.2467881080547],[-0.0301768361190163,-1.27759035836105],[-0.107386504869613,-1.24236918077664],[0.0101223689830169,-1.29560082526625],[-0.0493715314725716,-1.20678233689988],[-0.114818686651653,-1.24323027258195],[-0.178205886826851,-1.15888369275194],[-0.0295937251322143,-1.28304908482209],[-0.03288604454758,-1.28425158206031],[-0.0500072161719193,-1.25236422937345],[-0.238361099665104,-1.17855965972745],[-0.153888711282115,-1.22168321181935],[-0.000235598871823395,-1.2922017716773],[-0.111529989181029,-1.24716928085515],[0.0638273549968952,-1.32250282758915],[-0.0282057002269447,-1.21250256994988],[-0.0382732477608604,-1.23216907038506],[-0.0462270679403914,-1.27982396161853],[0.00951790686191717,-1.29516114390722],[-0.205524925669676,-1.19801812435175],[-0.0358047623368937,-1.23224432817737],[-0.107444419428849,-1.24535052642536],[-0.2933484587432,-1.14496552527912]],"d":[[0.155442387136803,0.0363437030364036],[0.604207136278152,0.598094190281938]],"df":[0.631796790237617,0.561241402724697],"lambda":[[0,0],[0,0],[0,0],[0,0],[0,0],[0,0],[0.0831342018401981,0],[0.641583677521455,0],[0.974120484882247,0],[0.874695198012245,0],[0.775269911142243,0],[0.675563879202226,0],[0.675460958121541,0],[0.675358037040855,0],[0.67525511596017,0],[0.675152194879484,0],[0.675049273798799,0],[0.674946352718114,0],[0.674843431637428,0],[0.674740510556743,0],[0.674637589476057,0],[0.674534668395372,0],[0.674431747314686,0],[0.674328826234001,0],[0.674225905153315,0],[0.67412298407263,0],[0.674020062991945,0],[0.673917141911259,0],[0.673814220830574,0],[0.673711299749888,0],[0.673608378669203,0],[0.673505457588517,0],[0.673402536507832,0],[0.673299615427147,0],[0.673196694346461,0],[0.673093773265776,0],[0.67299085218509,0],[0.672887931104405,0],[0.672785010023719,0],[0.672682088943034,0],[0.672579167862349,0],[0.672476246781663,0],[0.672373325700978,0],[0.672270404620292,0],[0.672167483539607,0],[0.672064562458921,0]],