{"prog":[1.4798637318052,1.4798637318052,1.4798637318052,1.4798637318052,1.01694129551224,1.01694129551224,1.01694129551224,1.01478800453161,1.01478800453161,1.00280529121155,1.00280529121155,1.00280529121155,0.603934326314764,0.603934326314764,0.603934326314764,0.601122047316068,0.601122047316068,0.600472530315808,0.600472530315808,0.600472530315808,0.600472530315808,0.600472530315808,0.600472530315808,0.600472530315808,0.600472530315808,0.600472530315808,0.600472530315808,0.600472530315808,0.600472530315808,0.600472530315808,0.600472530315808,0.600472530315808,0.600472530315808,0.600472530315808,0.600472530315808,0.600472530315808,0.600472530315808,0.600472530315808,0.600472530315808,0.600472530315808,0.600472530315808,0.600472530315808,0.600472530315808,0.600472530315808,0.600472530315808,0.600472530315808,0.600472530315808,0.600472530315808,0.600472530315808,0.600472530315808],"mei":["Inf",0.0098788002467803,0.0183537952770441,0.0108756622315814,0.0108312208293996,0.243463274677857,0.0593614604305071,0.00163083416008476,0.0103116239066448,0.0714147510947301,0.000244889453153814,0.00302110069770273,0.000243117004789549,0.000213047139980971,3.74882454446499e-05,0.000251112765567761,0.0295095997387145,0.000954160988140284,4.44905513171754e-05,0.0014531220027351,0.00670108879958618,0.000263553975912445,0.000241118519604532,0.000267500163972028,0.0115073079644784,0.00151245294456747,0.0032500882190391,0.000539562969737796,0.0494697063926344,0.0322142563661956,0.00444850770969488,0.00310315482388019,0.0235214732063113,0.000273329067260372,0.0241862550016354,0.00543779797392262,0.0632424376957551,0.0246747025422987,0.00414072706834447,0.0385502143774945,0.00801268105241425,0.140324909939062,0.000754743991051189,0.0243033390598265,0.0572401010045797,0.000986898177772038],"obj":[1.4798637318052,0.463719278798373,1.0571700027951,0.488528387772042,1.01694129551224,0.503492171694646,0.509742479109085,1.01478800453161,0.53206474469528,1.00280529121155,0.59784611192338,0.453530837525768,0.603934326314764,0.600556009061079,0.320002381977939,0.601122047316068,0.60045755926747,0.600472530315808,0.646674596884625,0.63387308235826,0.60164113385252,0.60156896660209,0,0.600878057770341,0.601060335357183,0.601354931719888,0.601233091753434,0.601414700010491,0.601334662118127,0.749039909194041,0.600804478498085,0.601299579681109,0.600787804012496,0.601223678346289,0.600940503358431,0.75087074688389,0.601247679534521,0.600675088386949,0.599973913182712,0.601070461369483,0.601096620143305,0.600817391735244,0.60098690187993,0.600940974240038,0.601019838802758,0.600583820083529,0.60078737622839,0.600961318423887,0.601139170833366,0.600726587069082],"X":[[0.484500709912856,0.995363021892347],[0.365661030841447,0.0980582479569265],[0.63095351012213,0.426216492672967],[0.184314088785163,0.30421429898688],[0.139065935020118,0.877875360492122],[0.137202014769039,0.366290156925607],[0.11671396377357,0.393028515335514],[0.137047001643028,0.877741002888581],[0.127793322802642,0.404271421892638],[0.12581222339473,0.87699306781682],[0.187369676715701,0.41047643520768],[0.453530837525768,0],[0.193100789075624,0.410833537239141],[0.190094089478789,0.41046191958229],[0,0.320002381977939],[0.191278715070079,0.409843332245989],[0.191389766389254,0.409067792878217],[0.19195871340709,0.408513816908718],[0.646674596884625,0],[0,0.63387308235826],[0.192158692471876,0.409482441380644],[0.192093570056035,0.409475396546055],[0,0],[0.191681332144923,0.409196725625419],[0.191838471955632,0.409221863401552],[0.192102533087867,0.40925239863202],[0.191704377466167,0.409528714287267],[0.19210787980561,0.409306820204881],[0.191924669277891,0.409409992840236],[0,0.749039909194041],[0.192088022238957,0.408716456259128],[0.192253616661957,0.409045963019152],[0.191730226148217,0.409057577864279],[0.192284945793228,0.408938732553061],[0.191928175945753,0.409012327412678],[0,0.75087074688389],[0.192335834311846,0.408911845222675],[0.191560686434585,0.409114401952365],[0.192635912910013,0.407338000272699],[0.192790136830833,0.40828032453865],[0.192639651916895,0.408456968226409],[0.192623223774408,0.408194167960836],[0.192642361770257,0.408344540109672],[0.192712700520574,0.408228273719464],[0.192861394064054,0.408158444738704],[0.192345504950329,0.4082383151332],[0.192381778759018,0.408405597469372],[0.192069660027033,0.408891658396854],[0.192560068418043,0.408579102415323],[0.192182390374542,0.40854419669454]],"C":[[-1.4748732514012,-0.274511516743273],[1.12929860204695,-1.35667659053159],[0.158127137271546,-0.920237169438118],[0.481783575375749,-1.37348197696722],[-0.892995336301997,-0.709995517157807],[0.143126778022842,-1.34700712808273],[0.102188393074781,-1.33190643679342],[-0.890784221649369,-0.710788851188803],[0.0811469287553457,-1.32023348408796],[-0.878414818121698,-0.715054443445717],[0.0043053726455653,-1.29640170038665],[0.56572187469103,-1.29430977941318],[-0.00314800341306271,-1.29392788993795],[0.000878888064243077,-1.29538524971805],[0.474729074880819,-1.39759847552845],[-0.000191633843696637,-1.29544089617464],[0.000239260610335856,-1.29603349815121],[-2.40011364521231e-05,-1.29626831374177],[0.607475945233969,-1.08181196574411],[0.729148855638877,-1.09820491546164],[-0.00102604011847951,-1.29539916710845],[-0.000939958509503791,-1.29542995996658],[1.5,-1.5],[-0.000219650953413919,-1.29581630664458],[-0.000433266260227494,-1.29573546719189],[-0.000783395659525787,-1.29560909099516],[-0.000495895336150687,-1.29553566383453],[-0.00083129852683278,-1.29556248945036],[-0.000681648405575386,-1.29554837908513],[0.00795246371105129,-0.938939214434583],[-0.000346781855699141,-1.29605305009531],[-0.000811302069553488,-1.29571994701813],[-0.000173760625480524,-1.29591141837296],[-0.000765974905553801,-1.29579561263919],[-0.000383292456549,-1.2958724913026],[-0.00721244862033041,-0.936193121474029],[-0.000807499417475099,-1.29579802967615],[-7.71624327389198e-06,-1.29592990952787],[0.000169875510049378,-1.29696715859116],[-0.000848388273986755,-1.29613913973536],[-0.000812279643899128,-1.29605286961663],[-0.000571343520920642,-1.29627381490552],[-0.000721761359313344,-1.2961436570142],[-0.000709631094405083,-1.29621149159409],[-0.000831648963830922,-1.29621116666815],[-0.000269344279046901,-1.29634468478261],[-0.000453685488385591,-1.2961941191572],[-0.000463451531460823,-1.29591685739057],[-0.000815436080594534,-1.29598373712033],[-0.000323332507747742,-1.29615756817714]],"d":[[0.177062687473084,0.0475408856480389],[0.83982497318493,0.574406422735045]],"df":[0.44591148906716,0.677827382808912],"lambda":[[0,0],[0,0],[0,0],[8.3121741142077,0],[5.32907051820075e-15,0],[5.32907051820075e-15,0],[5.32907051820075e-15,0],[0.700412365429747,0],[2.10123709628923,0],[0.0527263647544967,0],[0.624648118062923,0],[1.76849162467978,0],[1.2696815106769,0],[1.89246092174457,0],[1.76751420691654,0],[1.6425674920885,0],[1.51762077726047,0],[1.39267406243243,0],[1.26772734760439,0],[1.14278063277636,0],[1.01783391794832,0],[0.892887203120287,0],[0.767940488292251,0],[0.642993773464215,0],[0.518047058636179,0],[0.393100343808144,0],[0.268153628980108,0],[0.143206914152072,0],[0.0182601993240364,0],[6.93889390390723e-18,0],[6.93889390390723e-18,0],[6.93889390390723e-18,0],[6.93889390390723e-18,0],[6.93889390390723e-18,0],[6.93889390390723e-18,0],[0.88434924540955,0],[2.65304773622865,0],[2.15326087691651,0],[1.65347401760436,0],[1.15368715829222,0],[0.653900298980078,0],[4.19129728061828,0],[0,0],[0,0],[0,0],[0,0]],