{"prog":[1.49987252523654,1.49987252523654,1.02906246090053,1.02906246090053,1.02906246090053,1.014929149257,1.014929149257,1.014929149257,1.014929149257,0.792338227068176,0.792338227068176,0.694639024353938,0.694639024353938,0.694639024353938,0.624824297768811,0.624824297768811,0.600123428624314,0.600123428624314,0.600123428624314,0.600123428624314,0.600123428624314,0.600123428624314,0.600123428624314,0.600123428624314,0.600123428624314,0.600123428624314,0.600123428624314,0.600123428624314,0.600123428624314,0.600123428624314,0.600123428624314,0.600123428624314,0.600123428624314,0.600123428624314,0.600123428624314,0.600123428624314,0.600123428624314,0.600123428624314,0.600123428624314,0.600123428624314,0.600123428624314,0.600123428624314,0.600123428624314,0.600123428624314,0.600123428624314,0.600123428624314,0.600123428624314,0.600123428624314,0.600123428624314,0.600123428624314],"mei":["Inf",0.120228115727592,0.0984376922781572,0.0820763586292284,0.136290715334148,0.409473932303092,0.221942102774753,0.186329648057321,0.0933981682860065,0.0113133221845621,0.194059556985932,0.160647004750692,0.0135815130706657,0.0375622972976132,0.0635683040876229,0.0251505441758178,0.16590968145216,0.000294370473187932,0.0748879078436828,0.0829663559718096,4.84332226886485e-05,0.0219410078959375,0.159816337302098,0.0472465756561749,0.0829439110618367,0.167005214113262,0.0721883476490591,0.0240220610676125,0.0745965839307374,0.207239030967409,0.000240043525423252,0.000182902666157816,0.00263956539614208,0.0127696002261531,0.0237023510934425,0.110465210013995,0.105142805920764,0.0774342975063042,0.103087704873946,0.165091538545652,0.0022368235435758,0.186482673037856,0.207191272103369,0.186489341796321,0.207201830399879,0.0601466464430473],"obj":[1.49987252523654,0.724287057766758,1.02906246090053,1.48880224198774,1.20411897746476,1.014929149257,0,0.696616165237565,0.762717160998899,0.792338227068176,0.799798750212724,0.694639024353938,0.570778806642865,0.548748521452023,0.624824297768811,0.59618948117909,0.600123428624314,0.523225905138661,0.598651096114348,0.607946167930717,0.636715757662981,0.652063382564714,0.609587110347747,0.61199338677352,0.62692831663247,0.659489438831738,0.616673927424127,0.61036120821734,0.63247438880389,0.600702399695176,0.609277574761311,0.635266309200503,0.637244846219998,0.605755432336723,0.785360659425337,0.636152889382504,0.630324056757561,0.63695079966109,0.638067443614173,0.640899890860666,0.642893403017252,0.659027916705852,0.669401603239533,0.639638973404208,0.57121283191246,0.63922131652333,0.614742114575259,0.645083217592301,0.609131471181607,0.666252831542274],"X":[[0.520754667506729,0.979117857729811],[0.186778187790601,0.537508869976157],[0.818135937335467,0.210926523565065],[0.988764399604119,0.500037842383617],[0.619725758274953,0.58439321918981],[0.81413915929554,0.200789989961457],[0,0],[0.123780172299406,0.572835992938159],[0.251433587459176,0.511283573539723],[0.287551889613753,0.504786337454423],[0.293052475467166,0.506746274745557],[0.232375197000595,0.462263827353343],[0.174803341371026,0.395975465271839],[0.177965193797829,0.370783327654194],[0.21258031636435,0.412243981404461],[0.190153064315595,0.406036416863495],[0.194131366828613,0.405992061795701],[0.100317173650656,0.422908731488005],[0.19345386507685,0.405197231037498],[0.212808309015621,0.395137858915096],[0.1980536399926,0.438662117670381],[0.652063382564714,0],[0.217103683584068,0.392483426763679],[0.220363906944336,0.391629479829184],[0.241069590748694,0.385858725883775],[0.209265054234705,0.450224384597034],[0.226799335262788,0.389874592161339],[0.217371253103643,0.392989955113697],[0.247055007473574,0.385419381330316],[0.198609867688647,0.402092532006529],[0.216474576053466,0.392802998707845],[0.250310989212791,0.384955319987712],[0.19830983539335,0.438935010826648],[0.210390259991524,0.395365172345199],[0.785360659425337,0],[0.197765747264939,0.438387142117566],[0.194939225800021,0.43538483095754],[0.252104716368196,0.384846083292894],[0.254409061123978,0.383658382490196],[0.257041177678633,0.383858713182033],[0.257871009370384,0.385022393646867],[0.277154582807848,0.381873333898004],[0.21439462799419,0.455006975245342],[0.199288004412654,0.440350968991554],[0.503779071410352,0.0674337605021082],[0.206117501318901,0.433103815204429],[0.215611763836075,0.399130350739184],[0.260658477550095,0.384424740042206],[0.18939120064965,0.419740270531957],[0.285264266916543,0.38098856462573]],"C":[[-1.44038765064579,-0.270142796944542],[0.362949565706249,-1.17619812326261],[-0.239926972852899,-0.786163589696973],[-0.418636285389768,-0.272307118259844],[-0.776657343723317,-0.774424549895505],[-0.214472180853898,-0.79686080923283],[1.5,-1.5],[0.595784948272826,-1.15653739414008],[0.0996723104701915,-1.17537025852586],[-0.0188230984139406,-1.16250466429891],[-0.0261963301187185,-1.15732845965407],[-0.020246591722811,-1.23231392173957],[0.0345266472514311,-1.31264722274828],[0.0962586750310527,-1.33084811373018],[-0.0286206221391156,-1.28486450889023],[0.00438758998005651,-1.29897624031204],[-0.000300268747541077,-1.29748345817213],[0.124704855748693,-1.31108466950195],[0.00135007863120568,-1.29839080604637],[-0.00283615522376518,-1.29857869606591],[-0.000711710151930833,-1.26835030220662],[0.621464004081735,-1.07481334511826],[-0.000610155467017426,-1.29882275029007],[-0.00131388007924677,-1.29806609904495],[0.000230818202116012,-1.29299849607561],[-0.00157959772710409,-1.25350614059037],[-0.00191301776288838,-1.29655986391139],[-0.00209804185737028,-1.29830863350389],[-0.00203074206798837,-1.29041572377719],[-0.000652355678999295,-1.29887571616128],[-0.000830807714522874,-1.2988445621286],[-0.00229670713157482,-1.28915381029247],[-0.000778352867145005,-1.26800926545687],[-0.000997366469939087,-1.29942231899715],[1.04949566990557,-0.883208634626999],[-0.000592340062273211,-1.26870542283473],[0.00039368272930973,-1.27243874721656],[-0.00292663235604118,-1.28833670415903],[0.00029202826257585,-1.28808227516302],[-0.00186053226355376,-1.28658232129182],[-0.00676942581478368,-1.28526029891674],[-0.00215521287318665,-1.27735809408623],[-0.00143339622839056,-1.24700359596532],[-0.000485641954049876,-1.26637531540542],[0.521547608259125,-1.24165933515347],[-0.0196350700235166,-1.26993666090542],[-0.0138414658330134,-1.29420653041431],[-0.0059086647003978,-1.28427477732475],[-0.000771798980062355,-1.28794907841024],[-0.000456174485788441,-1.27347201164499]],"d":[[0.137603324358225,0.0387622504628265],[0.614002715270932,0.715625001641073]],"df":[0.689226478841174,0.767624952786614],"lambda":[[0,0],[0,0],[0,0],[0,0],[0,0],[1.55723334618208,0],[0.969066855601498,0],[0.380900365020918,0],[0,0],[1.0788562275352,0],[3.23656868260561,0],[0,0],[0.548397154161422,0],[0.473337028952083,0],[0.398276903742744,0],[0.735764810594882,0],[0.585644560176204,0],[1.26062037388048,0],[0.960379873043123,0],[0.660139372205767,0],[0.359898871368411,0],[1.70985049877696,0],[1.10936949710225,0],[0.508888495427538,0],[0,0],[0,0],[0,0],[0,0],[0,0],[0,0],[0,0],[0,0],[0,0],[0,0],[0,0],[0,0],[0,0],[0,0],[0,0],[0,0],[0,0],[0,0],[0,0],[0,0],[0,0],[0,0]],