{"prog":[1.07406810838591,1.02764167346704,1.02764167346704,1.02764167346704,1.02764167346704,1.02764167346704,1.02764167346704,1.02764167346704,1.02764167346704,1.02764167346704,1.02764167346704,1.02764167346704,0.956175183874154,0.956175183874154,0.956175183874154,0.956175183874154,0.956175183874154,0.903296323284452,0.891799798511884,0.891799798511884,0.891319650403271,0.891319650403271,0.860706471092171,0.852189235431821,0.852189235431821,0.818588550985764,0.818588550985764,0.784215189982505,0.749480404746878,0.720139898602727,0.720139898602727,0.720139898602727,0.720139898602727,0.720139898602727,0.720139898602727,0.720139898602727,0.720139898602727,0.720139898602727,0.720139898602727,0.720139898602727,0.720139898602727,0.720139898602727,0.720139898602727,0.720139898602727,0.720139898602727,0.720139898602727,0.720139898602727,0.720139898602727,0.720139898602727,0.720139898602727],"mei":["Inf",0.00452657379855814,0.00483055672102003,0.00389289995719598,0.00882233965586795,0.0557614681179745,0.020123623829773,0.00860322120876832,0.0237428260212613,0.00666798076928614,0.0135578894274935,0.0673279220032698,0.00251072817666975,0.0800491804423527,0.0048093120743799,0.00945940044656717,0.0101807473693057,0.00594699030442235,0.0481909898827088,0.00278180390042072,0.00347980100719976,0.00360785948265333,0.00316199019531516,0.01931106799877,0.0203965114342463,0.00483397860255715,0.00530479259383244,0.00471739017168511,0.00318236980108926,0.00541024852519641,0.0139482278083064,0.0262626655874338,0.00151534674957098,0.072227159244406,0.00837608692907931,0.0327374041172257,0.00961791415108338,0.0416678333609827,0.0171908174812606,0.0232852304605009,0.0120308007022831,0.0147644436504926,0.00609632700577576,0.0305370129770148,0.0594084066372418,0.223690277630712],"obj":[1.07406810838591,1.02764167346704,0.936573815233208,1.42308049290047,1.48531909669873,0,1.07449483342863,0.950469827644466,1.00602549491039,0.937423148403737,1.07337731007268,0.922147724415534,0.956175183874154,1.07171468033206,1.07276830693862,0.910721860712089,1.07060456236403,0.903296323284452,0.891799798511884,0.928322912208629,0.891319650403271,1.0710513637496,0.860706471092171,0.852189235431821,1.02762678980571,0.818588550985764,0.820116357998146,0.784215189982505,0.749480404746878,0.720139898602727,0.557226726497227,0.759900608694023,0.936677701017071,0.275981470263164,0.728558410164637,0.860397560698257,0.758158929115768,0.894768203175854,0.72765770782202,0.684870020283568,0.687138075475236,0.687841285925012,0.68631977768866,0.685371154518631,0.686599162601363,0.686380884928308,0.684304189499336,0.685568755614543,0.68288496508541,0.729857365512932],"X":[[0.851456755728334,0.222611352657576],[0.159522858410963,0.868118815056076],[0.532066699781471,0.404507115451737],[0.742901947629382,0.680178545271088],[0.973961452444541,0.511357644254192],[0,0],[0.851227049999295,0.223267783429338],[0.54268838616785,0.407781441476616],[0.584740647870286,0.421284847040104],[0.548255189288785,0.389167959114952],[0.851410503581757,0.221966806490926],[0.514015204855943,0.408132519559592],[0.539203191230188,0.416971992643966],[0.851025200630944,0.22068947970112],[0.85118606722032,0.221582239718304],[0.503987914178007,0.406733946534082],[0.850836282161575,0.219768280202456],[0.497959129961471,0.405337193322982],[0.487850564159068,0.403949234352815],[0.517984304221875,0.410338607986754],[0.48745388651648,0.40386576388679],[0.850940665436078,0.220110698313519],[0.461072979142227,0.399633491949944],[0.453704642882761,0.39848459254906],[0.159511041975508,0.868115747830201],[0.424639402647246,0.393949148338518],[0.425977727142597,0.394138630855549],[0.394864469845252,0.389350720137252],[0.364723857549716,0.384756547197162],[0.339103608670585,0.381036289932142],[0.223511321975649,0.333715404521578],[0.373714262311258,0.386186346382765],[0.524012757274979,0.412664943742092],[0.0814756930372735,0.19450577722589],[0.346391473183849,0.382166936980788],[0.461025404708159,0.399372155990098],[0.372190176110394,0.385968753005374],[0.489659152010327,0.405109051165527],[0.345535655304783,0.382122052517237],[0.309548653670866,0.375321366612703],[0.310782133491181,0.376355941984055],[0.311055829275691,0.376785456649321],[0.309464104335061,0.376855673353599],[0.308397162371789,0.376973992146842],[0.30879975042804,0.377799412173323],[0.308409004705903,0.377971880222405],[0.306126763204202,0.378177426295135],[0.307083808364137,0.378484947250406],[0.304376587840021,0.378508377245389],[0.34779455404362,0.382062811469312]],"C":[[-0.287966203531824,-0.725465578792544],[-0.880663380731889,-0.720922180590031],[0.0778507787722435,-1.05327902053257],[-1.06991350573371,-0.485453842761377],[-0.272164008561953,-0.289912448814924],[1.5,-1.5],[-0.290016207567594,-0.725564006232048],[0.0758039939679482,-1.03920361150579],[0.0706536954681553,-0.980597452382635],[0.243075121880058,-1.04796454701622],[-0.285909896616227,-0.725830891206879],[0.00908904927154908,-1.06921621565484],[-0.00721540635076642,-1.0353942759177],[-0.281781788932152,-0.72705226144031],[-0.284679807499516,-0.726383590011424],[4.83813753564266e-05,-1.08056367909931],[-0.278748498212154,-0.727779523974324],[-0.000587747599751803,-1.08773846459706],[-0.00835521780262224,-1.09882684311545],[-0.000232231151988949,-1.06331448737527],[-0.00841678273890606,-1.09928115328012],[-0.279876826022144,-0.72745126439514],[-0.0193857810135795,-1.12770478001681],[-0.0215547913465714,-1.13536212652764],[-0.880643618106308,-0.720931275857099],[-0.0253543335527746,-1.16448544624275],[-0.0252068332148959,-1.16319771564574],[-0.0221613282644934,-1.19248806718243],[-0.0123707708223213,-1.21893890712297],[-0.000227393878314275,-1.23982008834134],[0.27261319747728,-1.3386767177337],[-0.0163469140324315,-1.21119775601268],[-0.00606200411157956,-1.05511827441941],[1.36631338439826,-1.45552921406985],[-0.00454183123295282,-1.23396137958425],[-0.017527779255017,-1.1279574572335],[-0.015865372976026,-1.21250259451039],[-0.014050942942025,-1.09612057151629],[-0.00456675392388795,-1.23458784789311],[0.0265822592856089,-1.26331350277453],[0.0209871184244714,-1.26177067043596],[0.0186546158247836,-1.26127699073117],[0.0181578583277129,-1.2622117695893],[0.0174561772962136,-1.2627817994859],[0.0130313551063798,-1.26191031829707],[0.012095768642361,-1.26202114357745],[0.0109665990417782,-1.26326823909091],[0.00934834243055727,-1.26244867934544],[0.00924385785940007,-1.26408630112993],[-0.00343736395575095,-1.23306695626976]],"d":[[0.133324740000323,0.0157253743779807],[0.514916672583141,0.723406350063577]],"df":[0.604821557804832,0.473138277632992],"lambda":[[0,0],[0,0],[0,0],[0,0],[0,0],[0,0],[0,0],[0,0],[3.0822242881488,0],[0,0],[6.1644485762976,0],[0,0],[0.0656272161201329,0],[0.196881648360399,0],[0,0],[0,0],[0,0],[0,0],[0,0],[0,0],[0,0],[0,0],[0,0],[0,0],[0,0],[0,0],[0,0],[0,0],[0,0],[0,0],[0,0],[0,0],[0,0],[0,0],[0,0],[0,0],[0,0],[0,0],[0,0],[0,0],[0,0],[0,0],[0,0],[0,0],[0,0],[0,0]],"rho":[0.0029488604403309,0.0029488604403309,0.0029488604403309,0.0029488604403309,0.0029488604403309,0.0029488604403309,0.0029488604403309,0.0029488604403309,0.00147443022016545,0.00147443022016545,0.000737215110082726,0.000737215110082726,0.000368607555041363,0.000184303777520681,0.000184303777520681,0.000184303777520681,0.000184303777520681,0.000184303777520681,0.000184303777520681,0.000184303777520681,0.000184303777520681,0.000184303777520681,0.000184303777520681,0.000184303777520681,0.000184303777520681,0.000184303777520681,0.000184303777520681,0.000184303777520681,0.000184303777520681,0.000184303777520681,0.000184303777520681,0.000184303777520681,0.000184303777520681,0.000184303777520681,0.000184303777520681,0.000184303777520681,0.000184303777520681,0.000184303777520681,0.000184303777520681,0.000184303777520681,0.000184303777520681,0.000184303777520681,0.000184303777520681,0.000184303777520681,0.000184303777520681,0.000184303777520681]}
