{"prog":[1.67578634513444,1.67578634513444,0.892712539605031,0.892712539605031,0.892712539605031,0.892712539605031,0.892712539605031,0.892712539605031,0.892712539605031,0.892712539605031,0.892712539605031,0.892712539605031,0.892712539605031,0.892712539605031,0.892712539605031,0.88338623652084,0.88338623652084,0.88338623652084,0.88338623652084,0.641824498313647,0.641824498313647,0.641824498313647,0.641824498313647,0.641824498313647,0.641824498313647,0.618660012738195,0.618660012738195,0.618660012738195,0.618660012738195,0.618660012738195,0.618660012738195,0.618660012738195,0.618660012738195,0.618660012738195,0.618660012738195,0.618660012738195,0.618660012738195,0.618660012738195,0.618660012738195,0.618660012738195,0.618660012738195,0.618660012738195,0.618660012738195,0.618660012738195,0.618660012738195,0.618660012738195,0.618660012738195,0.618660012738195,0.618660012738195,0.618660012738195],"mei":["Inf",0.0183522385839406,0.0126114050665156,0.0188547621348667,0.0368224819476395,0.0440700994307755,0.107772643899813,0.046732883115427,0.0557718396909711,0.0458516571758391,0.0344248840350843,0.108009616127481,0.0971277834647217,0.171668576301448,0.106307451253951,0.239043374813941,0.0193305183447717,0.125344866402173,0.133040834838943,0.123208767874545,0.0769033283101546,0.0141058779506433,0.15266277722994,0.0105700739239542,0.235144978354301,0.213679146111233,0.167405540616219,0.0141057643164828,0.161481234385252,0.163900950492759,0.213757858454487,0.163555439012773,0.159670283577708,0.169113004240731,0.171773147216346,0.125436567774306,0.0657424141022832,0.0395027488301896,0.0385025550488459,0.0445905084828665,0.220959042186703,0.192241676668311,0.192255721873869,0.170962271147834,0.2135920395268,0.0763484057518888],"obj":[1.67578634513444,0.45166351950999,0.892712539605031,0.756095762996957,1.06296494764811,0.0271460758054215,0.761227254214762,0.773027661402008,1.06316490455724,0.729601596992982,1.06270693116983,0.509084476499009,0.462824348510122,0.89425537287748,0.48012569726484,0.88338623652084,0.512738464529027,0.460237542627653,0.545950542297319,0.641824498313647,0.655436205461074,0.8759144427033,0.685388398965769,0.689531204811256,0.655012388367585,0.618660012738195,0.663792111407925,0.630224245152893,0.62784649848202,0.658686758881037,0.633379043969476,0.850145132743632,0.634918218254378,0.66292717006041,0.692562175231052,0.720625047163351,0.704850130713412,0.697267137295532,0.739876893010259,0.814234603445847,0.710069028457172,0.779805993987947,0.658126070104087,0.712148049525028,0.666927988192436,0.748011911455454,0.738399487054827,0.778314555640713,0.654677853584778,0.772421032164754],"X":[[0.733463720263323,0.942322624871117],[0.191834494707136,0.259829024802854],[0.0316548012224154,0.861057738382616],[0.643207643111983,0.112888119884973],[0.496373181267728,0.566591766380377],[0,0.0271460758054215],[0.664022655783293,0.0972045984314695],[0.710690557110101,0.0623371042919071],[0.496429217018852,0.566735687538385],[0.654729775415214,0.0748718215777673],[0.496198199031563,0.566508732138264],[0.30505764965978,0.204026826839229],[0.112987810552604,0.349836537957518],[0.0313269041481014,0.862928468729378],[0.0946845794014695,0.38544111786337],[0.0333093007074313,0.850076935813408],[0.0801887896518713,0.432549674877156],[0.0747068123641395,0.385530730263513],[0.121766925759303,0.424183616538015],[0.208066960961421,0.433757537352225],[0.220503358877298,0.434932846583776],[0.0334913564807124,0.842423086222587],[0.247878645669249,0.43750975329652],[0.252474569355961,0.437056635455294],[0.222419315460382,0.432593072907203],[0.198301573852502,0.420358438885693],[0.240650160241813,0.423141951166112],[0.219865145237736,0.410359099915157],[0.230711945635916,0.397134552846104],[0.207801099687562,0.450885659193475],[0.248126924494861,0.385252119474615],[0.029197710998341,0.820947421745291],[0.251773918430341,0.383144299824036],[0.282727129789129,0.380200040271282],[0.225906360488031,0.466655814743022],[0.339978544785213,0.380646502378138],[0.324984522042515,0.379865608670897],[0.318076373674287,0.379190763621245],[0.358290464314171,0.381586428696088],[0.0162655835529836,0.797969019892863],[0.278715470812467,0.431353557644705],[0,0.779805993987947],[0.233739942147057,0.42438612795703],[0.285349674441209,0.42679837508382],[0.270622018642647,0.39630596954979],[0.364777372510879,0.383234538944575],[0.256632371094296,0.48176711596053],[0.281624367929454,0.49669018771126],[0.203615516486718,0.45106233709806],[0.34682358870879,0.425597443455964]],"C":[[-0.70755149625705,-0.074059041713495],[0.842257898800942,-1.39568840451046],[-0.745557339950522,-0.757577544730984],[0.168549333404625,-1.07354020023116],[-0.455956481226832,-0.932587435188119],[1.6129828366496,-1.49926309056837],[0.141687881124368,-1.04962517865028],[0.32329455653036,-0.991033017463034],[-0.455747386707076,-0.932368692960444],[0.203762720999165,-1.06572313151837],[-0.455597310229409,-0.93285520368893],[1.24577413890384,-1.36531288431397],[0.226115683212998,-1.36484815137643],[-0.750966705753612,-0.754373082932866],[0.135834176457566,-1.3424699750838],[-0.708055125337484,-0.776259693684468],[0.166803593134012,-1.30647053677783],[0.156595028056087,-1.34578494820887],[0.0971782124208693,-1.30524107525186],[-0.0221878800565591,-1.26856253854641],[-0.0411048215567954,-1.26221168768636],[-0.675608712631134,-0.789201672840293],[-0.0835341526483685,-1.2471413927916],[-0.091047082969187,-1.24523808923302],[-0.045585056692263,-1.26339288138284],[-0.0131758184806373,-1.2839752686652],[-0.0724726604023225,-1.26303838953892],[-0.0356492446313121,-1.28326472702641],[-0.024189108057381,-1.28905614507662],[0.00236259610786788,-1.25352082530231],[-0.00208166019627004,-1.29001383378104],[-0.558428206588957,-0.825192824402216],[0.00367436241898694,-1.28981033951058],[0.00383860058204877,-1.27551329945892],[0.00376011141295624,-1.23119866685758],[0.00229237840161944,-1.23952282931302],[0.00331084984030505,-1.25008717978189],[0.00614112558845348,-1.25504178529455],[0.00389528838594222,-1.2260197406165],[-0.394992703336459,-0.862980874082904],[-0.129363964170198,-1.23625179463704],[-0.242540343478834,-0.89190261174047],[-0.0634076075296492,-1.26526205384273],[-0.134102256000887,-1.23641871032211],[-0.0540062724740733,-1.26970530152498],[-0.00297272761301293,-1.220068756664],[-0.0199392531312145,-1.20204027208559],[-0.0320410501015295,-1.17398657281969],[0.0103390234381857,-1.25508348949748],[-0.194425379960103,-1.1985802144389]],"d":[[0.16352778456505,0.0271747884532474],[0.835562419340166,0.666043781421481]],"df":[0.946857383971802,0.864000763369723],"lambda":[[0,0],[0,0],[0,0],[0,0],[0,0],[0,0],[0,0],[0,0],[0,0],[0,0],[0,0],[0,0],[0,0],[0,0],[0,0],[6.1074013160461,0],[3.31849864986367,0],[0.529595983681248,0],[1.11022302462516e-16,0],[1.11022302462516e-16,0],[1.11022302462516e-16,0],[1.11022302462516e-16,0],[-1.07023536748282e-16,0],[-1.07023536748282e-16,0],[-1.07023536748282e-16,0],[-1.07023536748282e-16,0],[-1.07023536748282e-16,0],[-1.07023536748282e-16,0],[-1.07023536748282e-16,0],[-1.07023536748282e-16,0],[-1.07023536748282e-16,0],[-1.07023536748282e-16,0],[-1.07023536748282e-16,0],[-1.07023536748282e-16,0],[-1.07023536748282e-16,0],[-1.07023536748282e-16,0],[-1.07023536748282e-16,0],[-1.07023536748282e-16,0],[-1.07023536748282e-16,0],[-1.07023536748282e-16,0],[-1.07023536748282e-16,0],[-1.07023536748282e-16,0],[-1.07023536748282e-16,0],[-1.07023536748282e-16,0],[-1.07023536748282e-16,0],[-1.07023536748282e-16,0]],