{"prog":[1.13105432241015,1.13105432241015,1.13105432241015,1.13105432241015,1.13105432241015,1.13105432241015,1.09196701745379,1.04377481156734,0.985606119313931,0.931442064898736,0.834290897365213,0.803454920402727,0.803454920402727,0.803454920402727,0.803454920402727,0.803454920402727,0.803454920402727,0.601148954970887,0.600026290183055,0.600026290183055,0.600026290183055,0.600026290183055,0.600026290183055,0.600006412064849,0.600006412064849,0.600006412064849,0.600006412064849,0.600006412064849,0.600006412064849,0.600006412064849,0.600006412064849,0.600006412064849,0.600006412064849,0.600006412064849,0.600006412064849,0.600006412064849,0.600006412064849,0.600006412064849,0.600006412064849,0.600006412064849,0.600006412064849,0.600006412064849,0.600006412064849,0.600006412064849,0.600006412064849,0.600006412064849,0.600006412064849,0.600006412064849,0.600006412064849,0.600006412064849],"mei":["Inf",0.101867947271829,0.120229858180732,0.0999528647943451,0.109756876702307,0.178120468262039,0.106717714258227,0.12802792768161,0.209738988473222,0.156479484442696,0.227003895438879,0.0575076840955524,0.0361331440956813,0.0753762415223306,0.00696283784058575,0.0010747539247798,0.157127678911471,0.00032192989515689,9.34564870946177e-05,0.160614811246168,0.0022824456012517,2.51600328655172e-05,"Inf",0.000102066092675321,6.24473545541922e-05,0.0501670227923992,0.00338163249511566,0.148900338958044,0.0807177816159032,0.135873293568865,0.00372242821785845,0.0285422438052737,0.171691987987727,0.118999931724165,0.0869136661832147,0.104460531098042,0.190293924799915,0.205603348610354,0.00265632462353539,0.148641258130301,0.0762341482350851,0.0428053734378913,0.115953943662757,0.000217594644150485,0.101495842463804,0.183608749709428],"obj":[1.13105432241015,0.722804463818391,1.13451394037216,0.940480421218202,1.55569415307504,1.13208111603599,1.09196701745379,1.04377481156734,0.985606119313931,0.931442064898736,0.834290897365213,0.803454920402727,0.712794646710229,0.646484920942445,0.601572947397106,0.600572149016661,0.599519466856068,0.601148954970887,0.600026290183055,0.362588241161322,0.600696757807715,0.00856332220296544,0.754103843577808,0.600006412064849,0.651520525216219,0.50761118831687,0.764949017387222,0.600006475246922,0.600072859080444,0.776505293494257,0.748064745377273,0.681788457007039,0.779246076696314,0.612098508564576,0.753974784588555,0.710002947915382,0.628855713030012,0.617181922140335,0.753565233674747,0.738821576714304,0.630223774561885,0.600486035181566,0.754741720821515,0.60056840169771,0.606641427535704,0.647625545540377,0.766658382519887,0.719382331809183,0.659123510190267,0.618565103054787],"X":[[0.137105533014309,0.993948789395846],[0.010831352777507,0.711973111040884],[0.484528291300993,0.649985649071165],[0.879680239148363,0.0608001820698381],[0.624018114522104,0.931676038552931],[0.484649753072018,0.647431362963969],[0.486213032783523,0.605753984670268],[0.486748664954549,0.55702614661279],[0.484871016003796,0.500735103310136],[0.475827730250754,0.455614334647983],[0.438373492516191,0.395917404849022],[0.413442105266986,0.390012815135741],[0.332372725939451,0.380421920770777],[0.265158806211401,0.381326114731044],[0.21179913511952,0.389773812277586],[0.203375044095539,0.397197104921122],[0.194521048509053,0.404998418347014],[0.196041871859504,0.405107083111383],[0.195210510345203,0.404815779837852],[0.0125500899859686,0.350038151175354],[0.194842424415816,0.405854333391898],[0,0.00856332220296544],[0,0.754103843577808],[0.196024690790217,0.403981721274632],[0.269548761157695,0.381971764058524],[0.445609992840006,0.0620011954768641],[0.379907248755715,0.385041768631508],[0.196493474119622,0.403513001127301],[0.196119631122894,0.40395322795755],[0.390780358462006,0.38572493503225],[0.365118313154934,0.382946432222339],[0.300605117714924,0.381183339292115],[0.393365841093085,0.385880235603229],[0.221318570078592,0.390779938485984],[0,0.753974784588555],[0.328573440799451,0.381429507115931],[0.242417492652459,0.386438220377553],[0.22819234768361,0.388989574456725],[0.369979256796361,0.383585976878386],[0.356297625523382,0.382523951190921],[0.244201899576624,0.386021874985261],[0.196886015360894,0.403600019820671],[0.370999392550089,0.383742328271426],[0.195611564502619,0.404956837195091],[0.212631973968994,0.39400945356671],[0.265204515261307,0.38242103027907],[0.381685382599059,0.384972999920828],[0.337967978905524,0.381414352903658],[0.277764968339234,0.381358541851033],[0.23021838118132,0.388346721873467]],"C":[[-0.721470682013098,-0.493267876875395],[0.295489608634086,-0.992976970951774],[-0.0853386896720411,-0.842750990930476],[0.907318531203041,-0.722466014712153],[-0.905907379975673,-0.242581151934595],[-0.0955163857999385,-0.84594724709785],[-0.275612858210928,-0.896658996807542],[-0.449595591262802,-0.95279760915467],[-0.483698629303979,-1.01416445415243],[-0.345704634395851,-1.06600354918769],[-0.0232449995653042,-1.15107808959677],[-0.00997480580706911,-1.1769556296223],[0.00158872116092873,-1.24480753324865],[0.00464147972812196,-1.28428120171267],[0.010965230635912,-1.30321750162522],[0.0023215227878603,-1.30087305128142],[0.000320214848065214,-1.29813784282336],[-0.00158076123616424,-1.29745583569081],[-0.00027644267157384,-1.29801704104504],[0.311924243151482,-1.37731578796308],[-0.000996630638199159,-1.29731868971478],[1.53657451343225,-1.49992666951285],[-0.0339814690171674,-0.931327393101177],[-0.000225395497228609,-1.29837308947659],[0.000146278883005335,-1.28144103682037],[0.704608403764044,-1.29758758604057],[-0.00521521297212024,-1.20741331875198],[-0.000175827487690294,-1.29856757254964],[-0.000299506754792289,-1.2983588799109],[-0.00160887277466004,-1.19850698593467],[-0.00099895621696644,-1.22004064744708],[-0.0041222032513325,-1.26433582504971],[-0.000524524784564051,-1.19635975883193],[0.000114256298331838,-1.29830913021526],[-0.0329134940136324,-0.931522024204643],[-0.00479344017923888,-1.24655102510251],[-0.00263489632350716,-1.29189926108752],[-0.000453583601005281,-1.29661536342262],[-0.00225279538350009,-1.21597714788267],[-0.00276979263989902,-1.22672742881169],[-0.00236392571745464,-1.29135254427603],[-0.000735286020080217,-1.29834292095606],[-0.00263293006873583,-1.21510127622029],[-0.000906351835420538,-1.29774607584179],[-0.000140258334143606,-1.29954419414611],[3.81900669036983e-05,-1.28342072068531],[-0.00354215344678666,-1.20611205804217],[-0.00271621974355279,-1.2403007366336],[-5.98081783070858e-05,-1.27741228492076],[-9.69901726062816e-05,-1.29618632057638]],"d":[[0.148710851245694,0.0434965977674707],[0.649076123863111,0.561075844967975]],"df":[0.578815841544285,0.668519163094755],"lambda":[[0,0],[0,0],[0,0],[0,0],[0,0],[0,0],[0,0],[0,0],[0,0],[0.0411601277422004,0],[0.281660352980786,0],[1.41799643207723,0],[1.89915915265886,0],[2.0318956894453,0],[0.721370751313984,0],[0.98684382488687,0],[0.528476037553905,0],[1.05942218469968,0],[0.142686610033745,0],[1.20457890432529,0],[0,0],[2.12378458858308,0],[-4.44089209850063e-16,0],[-8.4547502345596e-17,0],[-8.4547502345596e-17,0],[-8.4547502345596e-17,0],[-8.4547502345596e-17,0],[-8.4547502345596e-17,0],[-8.4547502345596e-17,0],[-8.4547502345596e-17,0],[-8.4547502345596e-17,0],[-8.4547502345596e-17,0],[-8.4547502345596e-17,0],[-8.4547502345596e-17,0],[-8.4547502345596e-17,0],[-8.4547502345596e-17,0],[-8.4547502345596e-17,0],[-8.4547502345596e-17,0],[-8.4547502345596e-17,0],[-8.4547502345596e-17,0],[-8.4547502345596e-17,0],[-8.4547502345596e-17,0],[-8.4547502345596e-17,0],[-8.4547502345596e-17,0],[-8.4547502345596e-17,0],[-8.4547502345596e-17,0]],