{"prog":[1.05122370664757,1.05122370664757,1.05122370664757,1.05122370664757,1.05122370664757,1.05122370664757,1.05122370664757,1.05122370664757,1.05122370664757,1.04326709638367,1.04326709638367,0.857883337896998,0.857883337896998,0.711594163877194,0.711594163877194,0.711594163877194,0.711594163877194,0.711594163877194,0.711594163877194,0.711594163877194,0.666963698356605,0.609260535555589,0.609260535555589,0.609260535555589,0.609260535555589,0.606222702582289,0.606222702582289,0.604152241126331,0.604152241126331,0.604152241126331,0.604152241126331,0.604152241126331,0.604152241126331,0.604152241126331,0.604152241126331,0.604152241126331,0.604152241126331,0.604152241126331,0.604152241126331,0.604152241126331,0.604152241126331,0.604152241126331,0.604152241126331,0.604152241126331,0.604152241126331,0.604152241126331,0.604152241126331,0.604152241126331,0.604152241126331,0.604152241126331],"mei":["Inf",0.0686113554478042,0.126335086929892,0.244557517154566,0.87713630386356,0.346095716285493,0.331532570294001,0.594032686449968,0.312628930115884,0.42202903338302,0.319684436631925,0.227543625980562,0.119640922658397,0.255088000935637,0.0122086658799874,0.300971613711547,0.0457328210705551,0.0686171425331382,0.0010538959005745,0.0862446341545995,0.231379255059097,0.00558442401989616,0.0500063375399617,0.0148384437456306,0.250584229235653,0.0221099739935224,0.250358436901869,0.0269808025316343,0.0831354181015129,0.187180813111623,0.112312257995209,0.0179664835836737,0.268341216835803,0.250268885619515,0.00802098384511122,0.208630471456779,0.187748767908709,0.250252897522058,0.106084994304457,0.16685778442518,0.0665888975839218,0.260514039283491,0.0766946810368234,0.208629543833675,0.271255583495249,0.175258370787088],"obj":[1.05122370664757,0.172502656572615,1.07487752047714,0.770569343532102,1.0052525618964,2,1.93023142670286,1.84168831360097,1.77846922171081,1.04326709638367,1.06173727837835,0.857883337896998,0.935365544951456,0.711594163877194,0.650106512328805,0.584854047124854,0.565105125305626,0.591709997382924,0.911076193876322,0.715388227910662,0.666963698356605,0.609260535555589,0.918930932480637,0.730881193051501,0.768074327618909,0.606222702582289,0.899157010049129,0.604152241126331,0.605540415243693,0.946115313230946,0.730119959772458,0.871031277318983,0.796788516309847,0.776413502710963,0.63902669950872,0.98676157859227,0.635991652500232,0.64942192520831,0.897058360373794,0.616904192918475,0.855039046245025,0.630943751418069,0.904036020772579,0.866218523244231,0.655489568541259,0.679371139892691,1.07374359104839,0.811126636036546,0.694551612809966,0.819957342966303],"X":[[0.121123771630489,0.930099935017084],[0.0162626662562282,0.156239990316387],[0.505356555009577,0.569520965467561],[0.723744591712892,0.0468247518192103],[0.66997415723977,0.33527840465663],[1,1],[0.961539982969525,0.968691443733339],[0.912639788408447,0.929048525192522],[0.877595826673274,0.900873395037539],[0.115735126142189,0.927531970241479],[0.499221410623117,0.562515867755231],[0.399154936521856,0.458728401375142],[0.0427579747253331,0.892607570226123],[0.317694809979632,0.393899353897563],[0.27182265555297,0.378283856775835],[0.197893406967732,0.386960640157122],[0.155838667963663,0.409266457341963],[0.18789802011339,0.403811977269534],[0.026494770892028,0.884581422984294],[0.333065381278194,0.382322846632469],[0.283239577552804,0.383724120803801],[0.202042539296246,0.407217996259344],[0.0317998080271861,0.887131124453451],[0.349214823490111,0.381666369561391],[0.383773844457928,0.38430048316098],[0.195249697788391,0.410973004793898],[0.0185500937389994,0.88060691631013],[0.189574335291393,0.414577905834938],[0.189071755104214,0.416468660139479],[0.050023848050117,0.896091465180829],[0.348849035785111,0.381270923987347],[0,0.871031277318983],[0.40828813502176,0.388500381288088],[0.390658826323956,0.385754676387008],[0.213285894004746,0.425740805503974],[0.0773801491486222,0.909381429443647],[0.198904303970084,0.437087348530148],[0.203937868705589,0.44548405650272],[0.494092620255191,0.402965740118603],[0.226493393085749,0.390410799832726],[0.45454310793494,0.400495938310084],[0.246461653555837,0.384482097862232],[0.49821816362172,0.405817857150859],[0.467158882296437,0.399059640947794],[0.20674178676649,0.448747781774768],[0.219926311450852,0.45944482844184],[0.50484885615048,0.568894734897905],[0.362932986470187,0.448193649566359],[0.229241763729808,0.465309849080158],[0.363253505474542,0.456703837491762]],"C":[[-0.893927692347633,-0.620243142827222],[1.63353840956929,-1.47532459111217],[-0.478208187595177,-0.92026062220175],[0.470161883531833,-0.974001208583408],[0.651580612429297,-0.938723020001765],[-1.5,0.5],[-1.35867945349343,0.362922252011217],[-1.19194355081658,0.196042545548615],[-1.08080440705328,0.0817473088808103],[-0.890129808782645,-0.626289824756812],[-0.476003226176337,-0.934353881699046],[-0.315959187631965,-1.13024359042204],[-0.817011902083248,-0.701423481172404],[-0.0666706995866375,-1.24391330671109],[0.0156753751026906,-1.28301376763093],[0.0304760086074933,-1.31109966244789],[0.044827157530303,-1.30821527646207],[0.00938608380200312,-1.30163022105114],[-0.792297787405786,-0.71681373322646],[-0.00896549260870527,-1.24289669273686],[-0.0122945709468361,-1.27253114082106],[-0.0109847481570544,-1.29335231583725],[-0.800735933084797,-0.71198714023539],[-0.000556613712271392,-1.2323797894006],[0.00234365630765121,-1.20503077495222],[-0.0059469815828343,-1.29297874484422],[-0.778598276346358,-0.724187352969038],[-0.000409261567467956,-1.29218673139234],[-0.000191782023821641,-1.29080572654344],[-0.826746967797927,-0.694517700656334],[0.00166341379868873,-1.23293683275363],[-0.741440868442175,-0.741304513932061],[-0.00473029107726786,-1.18236825253946],[-0.00190299638649716,-1.19857901106074],[-0.03414446080681,-1.27325389394742],[-0.857751263202664,-0.667037728300766],[-0.00406958337795016,-1.26939172761706],[-0.000560954876878073,-1.2599533011097],[0.0106562219150027,-1.09349109490003],[-0.0031820339405384,-1.29628015026248],[-0.0349699236889658,-1.13299356642597],[0.00170281961085089,-1.29143016974998],[-0.00384635443075143,-1.08709052825489],[-0.00582969726994748,-1.12251398165816],[0.000210783097597755,-1.25588326195682],[-0.00217556646525263,-1.24054286714967],[-0.478174241265652,-0.921486413048994],[-0.257198645182187,-1.16740209982022],[-0.00653440414650069,-1.23093495811105],[-0.266928038432418,-1.15946849558076]],"d":[[0.126152424813688,0.0424812732643013],[0.633850663559957,0.432552733440552]],"df":[0.875355434967249,0.731362306254359],"lambda":[[0,0],[0,0],[0,0],[0,0],[0,0],[0,0],[0,0],[0,0],[0,0],[0,0],[0,0],[0.149089908741797,0],[0.728810050982667,0],[1.88825033546441,0],[2.6024254634297,0],[4.03077571936029,0],[6.88747623122146,0],[0,0],[0,0],[0,0],[0,0],[0,0],[0,0],[0,0],[0,0],[0,0],[0,0],[0,0],[0,0],[0,0],[0,0],[0,0],[0,0],[0,0],[0,0],[0,0],[0,0],[0,0],[0,0],[0,0],[0,0],[0,0],[0,0],[0,0],[0,0],[0,0]],"rho":[0.10514041651094,0.10514041651094,0.10514041651094,0.10514041651094,0.10514041651094,0.10514041651094,0.10514041651094,0.10514041651094,0.10514041651094,0.10514041651094,0.10514041651094,0.0525702082554701,0.0262851041277351,0.0131425520638675,0.00657127603193376,0.00328563801596688,0.00164281900798344,0.00164281900798344,0.00164281900798344,0.00164281900798344,0.00164281900798344,0.00164281900798344,0.00164281900798344,0.00164281900798344,0.00164281900798344,0.00164281900798344,0.00164281900798344,0.00164281900798344,0.00164281900798344,0.00164281900798344,0.00164281900798344,0.00164281900798344,0.00164281900798344,0.00164281900798344,0.00164281900798344,0.00164281900798344,0.00164281900798344,0.00164281900798344,0.00164281900798344,0.00164281900798344,0.00164281900798344,0.00164281900798344,0.00164281900798344,0.00164281900798344,0.00164281900798344,0.00164281900798344]}
