{"prog":["Inf",1.303454675787,1.303454675787,1.303454675787,0.871347869669867,0.871347869669867,0.871347869669867,0.871347869669867,0.871347869669867,0.852800105317918,0.790215587013587,0.790215587013587,0.790215587013587,0.790215587013587,0.790215587013587,0.790215587013587,0.790215587013587,0.790215587013587,0.790215587013587,0.790215587013587,0.790215587013587,0.790215587013587,0.790215587013587,0.790215587013587,0.790215587013587,0.790215587013587,0.790215587013587,0.790215587013587,0.790215587013587,0.790215587013587,0.790215587013587,0.790215587013587,0.790215587013587,0.790215587013587,0.790215587013587,0.790215587013587,0.790215587013587,0.790215587013587,0.790215587013587,0.750528169669716,0.750528169669716,0.750528169669716,0.750528169669716,0.750528169669716,0.750528169669716,0.750528169669716,0.750528169669716,0.750528169669716,0.750528169669716,0.750528169669716],"mei":["Inf",0.280130051575055,0.1847865853008,0.209089666667837,0.233433846901962,0.306209554787619,0.306320448818657,0.174663299861168,0.380125224277056,0.385117656726,0.301272469939458,0.241092445293382,0.160496605099656,0.367638030473386,0.446146861699821,0.158532688851934,0.34766243012053,0.133811939455501,0.394425950564739,0.394576563821463,0.246296690726505,0.219783914322578,0.174182235139046,0.19262396527426,0.164983134210626,0.343595007439961,0.229236308145274,0.206686638583576,0.296121551216849,0.334008268368326,0.23833492416639,0.244583008220144,0.245758967128011,0.354660725468764,0.28584280452098,0.261410820699815,0.285501813909268,0.284176518277369,0.0171289088929129,0.259052200541977,0.207266365381749,0.23315512477856,0.181355097845096,0.233151811974184,0.233161989472845,0.259025839802712],"obj":[0.647528588149587,1.303454675787,1.35493767514241,1.70636101931016,0.871347869669867,0,1,1,1,0.852800105317918,0.790215587013587,0.805352011731367,0.917654042951575,1,1,1,1,1,1,0.341815979082305,0.853191279345935,0.85070067339913,0.879598189662082,0.912376747067851,0.909215004893617,0.909219170233031,0.745813767152338,0.934984932532159,0.872039664123675,0.747578727294227,0.913253266906412,0.96096805394272,0.857138380263792,0.814292257538957,0.986516273286418,0.905436886553673,0.971484455756254,0.74976028334813,0.808695791974862,0.750528169669716,0.795114832172481,0.824007156720114,0.910181170211522,0.853806762130419,0.936261885300961,0.92038700885323,0.941960046064556,0.920887821183702,0.914791715715633,0.861788998358626],"X":[[0.371745785570644,0.275782802578943],[0.516091036842226,0.787363638944776],[0.788812212745848,0.566125462396565],[0.868890470673537,0.837470548636622],[0.116579331596517,0.75476853807335],[0,0],[1,0],[1,0],[1,0],[0.0921708469636426,0.760629258354276],[0,0.790215587013587],[0,0.805352011731367],[0,0.917654042951575],[0,1],[0,1],[0,1],[0,1],[0,1],[0,1],[0,0.341815979082305],[0.0442683347124882,0.808922944633446],[0.0431888067888319,0.807511866610298],[0.0580916891996675,0.821506500462415],[0.0761633928465311,0.83621335422132],[0.0744679598676535,0.834747045025964],[0.0744542947983981,0.834764875434633],[0,0.745813767152338],[0.191404452716264,0.743580479815895],[0.0546597278446792,0.817379936278995],[0,0.747578727294227],[0.170573532173429,0.742679734732983],[0.109753169822774,0.851214884119946],[0.115945461978454,0.741192918285338],[0.0697876395248288,0.744504618014128],[0.127941898233166,0.858574375053252],[0.120531906928475,0.784904979625198],[0.117756994011253,0.853727461745001],[0,0.74976028334813],[0.0653527027878017,0.74334308918706],[0,0.750528169669716],[0.0501159640440602,0.744998868128421],[0.0814443070566311,0.742562849663483],[0.170134268745425,0.740046901466098],[0.0654879813432334,0.788318780787186],[0.152109916941791,0.78415196835917],[0.139624942451785,0.780762066401445],[0.12438555833378,0.817574487730775],[0.125176532950257,0.795711288233446],[0.137952492006214,0.776839223709419],[0.0437438292078628,0.818045169150763]],"C":[[0.835601759204944,-1.28574891671217],[-0.124077641055623,-0.613708541758757],[-0.45254060004594,-0.557277253849274],[-1.28478975953589,-0.0436724301389932],[-0.11338282226967,-0.916733713379128],[1.5,-1.5],[0.5,-0.5],[0.5,-0.5],[0.5,-0.5],[-0.153482711279961,-0.912947666305429],[-0.322494147177317,-0.875559326040773],[-0.431117081065421,-0.85140813720024],[-0.76518560216222,-0.65791105745463],[-0.5,-0.5],[-0.5,-0.5],[-0.5,-0.5],[-0.5,-0.5],[-0.5,-0.5],[-0.5,-0.5],[0.359214534222134,-1.38316183644401],[-0.494853397684842,-0.843683984187337],[-0.484506766788973,-0.84605931225171],[-0.585636116993995,-0.821752425343926],[-0.681538668037652,-0.794946363812034],[-0.672642306091103,-0.797651893773571],[-0.672725245105104,-0.797624160726675],[0.0346632124833416,-0.943761824726039],[-0.0256272475096777,-0.910452405517151],[-0.557692448110164,-0.828902353920491],[0.0200535032510579,-0.941126046497144],[-0.0202555302983279,-0.919331481738826],[-0.777513933881924,-0.76338746276652],[-0.00137930324301956,-0.937189707730268],[-0.00905026808142903,-0.94084255912519],[-0.821370058404504,-0.746480913178412],[-0.360544168808317,-0.869396232371754],[-0.794131423532646,-0.757282711423872],[0.00198561517071179,-0.937859517513732],[0.00309305663866181,-0.943170075996168],[-0.00437490288281453,-0.936707466532226],[-0.000840701759824612,-0.942465076635306],[0.000792260316389834,-0.941967239147713],[0.000846004610455836,-0.923384914228888],[-0.361668700018759,-0.874264824157793],[-0.36041166585989,-0.861968263686401],[-0.331657803488417,-0.870915471113881],[-0.601068150867726,-0.816100189889754],[-0.445700743679606,-0.851174381376424],[-0.299621728100527,-0.877489930455823],[-0.553174468199407,-0.828888578635332]],"d":[[0.128589633041639,0.0531681902390607],[0.591037095528958,0.594439576695419]],"df":[0.688284927312736,0.778367038061031],"lambda":[[0,0],[0,0],[0,0],[0,0],[0,0],[0,0],[0,0],[0,0],[0,0],[0,0],[0,0],[0,0],[0,0],[0,0],[0,0],[0,0],[0.89655467302123,0],[0,0],[1.79310934604246,0],[0,0],[0,0],[0,0],[0,0],[0.346060219430318,0],[1.03818065829095,0],[-6.66133814775094e-16,0],[0.800816685844426,0],[2.40245005753328,0],[2.66453525910038e-15,0],[3.20326674337771,0],[1.33226762955019e-15,0],[1.33226762955019e-15,0],[1.33226762955019e-15,0],[1.33226762955019e-15,0],[0.634348518745898,0],[1.90304555623769,0],[0,0],[0,0],[0,0],[0,0],[0,0],[0,0],[0,0],[0,0],[0,0],[0,0]],"rho":[0.400661047264016,0.400661047264016,0.400661047264016,0.400661047264016,0.400661047264016,0.400661047264016,0.400661047264016,0.400661047264016,0.400661047264016,0.400661047264016,0.400661047264016,0.400661047264016,0.400661047264016,0.400661047264016,0.400661047264016,0.400661047264016,0.200330523632008,0.200330523632008,0.100165261816004,0.100165261816004,0.100165261816004,0.100165261816004,0.100165261816004,0.0500826309080021,0.025041315454001,0.025041315454001,0.0125206577270005,0.00626032886350026,0.00626032886350026,0.00313016443175013,0.00313016443175013,0.00313016443175013,0.00313016443175013,0.00313016443175013,0.00156508221587506,0.000782541107937532,0.000782541107937532,0.000782541107937532,0.000782541107937532,0.000782541107937532,0.000782541107937532,0.000782541107937532,0.000782541107937532,0.000782541107937532,0.000782541107937532,0.000782541107937532]}
