{"prog":[1.16594466376257,1.16594466376257,1.16594466376257,1.16594466376257,0.86488498213349,0.86488498213349,0.86488498213349,0.86488498213349,0.782540784439517,0.782540784439517,0.782540784439517,0.782540784439517,0.64894790555161,0.64894790555161,0.64894790555161,0.64894790555161,0.64894790555161,0.64894790555161,0.604476205895223,0.604476205895223,0.604476205895223,0.604476205895223,0.604476205895223,0.604476205895223,0.604476205895223,0.604476205895223,0.604476205895223,0.604476205895223,0.604476205895223,0.604476205895223,0.604476205895223,0.604476205895223,0.604476205895223,0.604476205895223,0.604476205895223,0.604476205895223,0.604476205895223,0.604476205895223,0.604476205895223,0.604476205895223,0.604476205895223,0.604476205895223,0.604476205895223,0.604476205895223,0.604476205895223,0.604476205895223,0.604476205895223,0.604476205895223,0.604476205895223,0.604476205895223],"mei":["Inf",0.18157660498621,0.198796018854125,0.219430002710506,0.176860111095911,0.157290736943031,0.0276621535005967,0.00516123794394215,0.255976299952237,0.00345645360167296,0.133516919625789,0.0033797295710663,0.003356723883623,0.035853176614498,3.46677657549558e-06,0.0675599222969523,0.101846397932389,0.187989755269606,0.193679663679145,0.166245317362855,0.271676880244045,0.229437017557694,0.137934160362579,0.228257200603454,0.209332149329162,0.292201279181742,0.250512550103753,0.21292989954544,0.149368705854536,0.14613888863439,0.177649721708929,0.158353810132534,0.250520337115429,0.292226349367612,0.167083632961165,0.250408248287822,0.250414260476176,0.208678883984388,0.208678286986282,0.187866353379914,0.22955042474026,0.189566658362447,0.292626339265521,0.292190458061946,0.292203356400927,0.250417977733076],"obj":[1.16594466376257,1.28901295505674,0.787651945480064,0.421841200241316,0.86488498213349,1,0,1,0.782540784439517,0.565366164116323,0.609491901814527,2,0.64894790555161,1.72036476439962,0.585892432062272,1,1.71794059821658,0.598280478705269,0.604476205895223,0.869835886233431,1,0.869647385357527,0.610170143928489,0.894406518246715,0.632818083378131,0.619512131486676,0.65352029463855,0.688604840787779,0.693349558757443,0.655104975243426,0.716378436569842,0.688870213169592,0.742413049707024,0.90953864520753,0.805741020546454,0.657834434446187,0.74625349597846,0.603732530413929,0.74570142877169,0.712584989390927,0.647961547858366,0.820603870820451,0.813250640478282,0.653509806073245,0.591016447406071,0.867915704742688,0.657583710254378,0.659602840637458,0.650174964609632,0.719156233754727],"X":[[0.680469159861204,0.485475503901363],[0.479711445695653,0.809301509361086],[0.754573455908004,0.0330784895720609],[0.18238480771016,0.239456392531157],[0.348401386241522,0.516483595891968],[0,1],[0,0],[0,1],[0.291872942395315,0.490667842044203],[0.114479140573992,0.450887023542332],[0.102377588866481,0.507114312948046],[1,1],[0.223391497109187,0.425556408442423],[1,0.720364764399621],[0.197218490676132,0.38867394138614],[1,0],[1,0.717940598216583],[0.207233497002247,0.391046981703022],[0.206904389947888,0.397571815947336],[0.352722311082696,0.517113575150735],[0,1],[0.353473807016126,0.516173578341401],[0.189923660166061,0.420246483762427],[0.377697208482534,0.516709309764181],[0.248709022984282,0.384109060393849],[0.231302419213581,0.388209712273095],[0.271814615656106,0.381705678982443],[0.308351376168798,0.380253464618981],[0.313305080214042,0.380044478543401],[0.206723418248629,0.448381556994798],[0.337402992463068,0.378975444106775],[0.310067867718824,0.378802345450768],[0.359598180683918,0.382814869023106],[0.397432323642446,0.512106321565084],[0.417095134023372,0.388645886523082],[0.262480619210297,0.39535381523589],[0.36244636752285,0.38380712845561],[0.210764178892635,0.392968351521294],[0.362958422806277,0.382743005965413],[0.30239134894582,0.410193640445107],[0.252292020380419,0.395669527477946],[0.302470632635937,0.518133238184515],[0.362186402702579,0.451064237775703],[0.245081674581183,0.408428131492061],[0.195835519164299,0.395180928241772],[0.412821381873665,0.455094322869023],[0.208545654451502,0.449038055802875],[0.223643967690823,0.435958872946634],[0.244494903967632,0.405680060642],[0.293136216773908,0.426020016980819]],"C":[[-0.176268503364645,-0.801275257589504],[-0.275937563630495,-0.614907995814454],[0.689397747715776,-0.929524713166683],[1.00615289051661,-1.40939641799249],[-0.145068053498987,-1.11186116923949],[-0.5,-0.5],[1.5,-1.5],[-0.5,-0.5],[-0.0768097914349717,-1.17405525428119],[0.161823104574496,-1.28359541837458],[0.395165675127923,-1.23235390290112],[-1.5,0.5],[-0.0488451039392543,-1.2689979822529],[-0.758800116934344,0.0189253937885208],[0.0267490524405994,-1.31003743422279],[0.5,-0.5],[-0.739850957213048,0.0154387025675851],[0.011834340618863,-1.30413653582118],[-0.00199424812423898,-1.29912722458463],[-0.155355724985255,-1.10818052165931],[-0.5,-0.5],[-0.160585907000902,-1.10862110477576],[-0.00146903325208281,-1.28732189619444],[-0.227976155109955,-1.09035630790752],[0.00174989733216974,-1.29060405160956],[-0.000500910037382285,-1.29579241016279],[0.000433492585249384,-1.28041758934827],[9.03940432100403e-05,-1.26032673146007],[0.00122609781223915,-1.25740612104075],[-0.000427213043221519,-1.25621940769452],[0.0112882690406885,-1.24253683344104],[0.00771925869430934,-1.2603667004893],[-0.00301062681308589,-1.22414192450364],[-0.294070633267841,-1.07979466353724],[0.003338337382775,-1.17498602406271],[-0.0453664552010697,-1.2747992853174],[-0.00769512203201073,-1.22132471881615],[0.00400948672535895,-1.30115433559835],[-0.000885584161976594,-1.22176897469854],[-0.118410409483982,-1.24030064942112],[-0.0387256862597351,-1.27979436147774],[-0.00876212736514459,-1.14004946388125],[-0.259989547661651,-1.16536206309719],[-0.0614828117561194,-1.27312143419039],[0.0138425101490299,-1.30548048338762],[-0.321976925751229,-1.1224676639603],[-0.00249735484872182,-1.25487353445017],[-0.0454000363013435,-1.25992323681461],[-0.0558303132157295,-1.27564593033136],[-0.142616579349729,-1.23257810354714]],"d":[[0.144357743167585,0.0529459476477154],[0.662896959768795,0.649189456638778]],"df":[0.900496972011575,0.801674015384128],"lambda":[[0,0],[0,0],[0,0],[0,0],[0,0],[0,0],[0.588964556689329,0],[1.76689367006799,0],[0.648678940945118,0],[0,0],[0,0],[0.389418899210025,0],[1.16825669763007,0],[0,0],[0.689148283948835,0],[0.45688647624036,0],[0.224624668531885,0],[0,0],[0,0],[0,0],[0,0],[0,0],[0,0],[0,0],[0,0],[0,0],[0,0],[0,0],[0,0],[0,0],[0,0],[0,0],[0,0],[0,0],[0,0],[0,0],[0,0],[0,0],[0,0],[0,0],[0,0],[1.6121797440143,0],[1.14765612859735,0],[0.6831325131804,0],[0.21860889776345,0],[-2.77555756156289e-17,0]],"rho":[0.274758646741209,0.274758646741209,0.274758646741209,0.274758646741209,0.274758646741209,0.274758646741209,0.137379323370604,0.0686896616853022,0.0686896616853022,0.0686896616853022,0.0686896616853022,0.0343448308426511,0.0171724154213255,0.0171724154213255,0.00858620771066277,0.00858620771066277,0.00858620771066277,0.00858620771066277,0.00858620771066277,0.00858620771066277,0.00858620771066277,0.00858620771066277,0.00858620771066277,0.00858620771066277,0.00858620771066277,0.00858620771066277,0.00858620771066277,0.00858620771066277,0.00858620771066277,0.00858620771066277,0.00858620771066277,0.00858620771066277,0.00858620771066277,0.00858620771066277,0.00858620771066277,0.00858620771066277,0.00858620771066277,0.00858620771066277,0.00858620771066277,0.00858620771066277,0.00858620771066277,0.00429310385533139,0.00429310385533139,0.00429310385533139,0.00429310385533139,0.00429310385533139]}
