{"prog":[0.978233642875737,0.978233642875737,0.978233642875737,0.978233642875737,0.978233642875737,0.978233642875737,0.978233642875737,0.976534008949745,0.947603910561949,0.917690033252639,0.917690033252639,0.917690033252639,0.917483303106236,0.917483303106236,0.917483303106236,0.917483303106236,0.917483303106236,0.917483303106236,0.917483303106236,0.833967363533779,0.796291832407199,0.796291832407199,0.796291832407199,0.752378969899768,0.752378969899768,0.750169517158236,0.750127437513432,0.750127437513432,0.750127437513432,0.750127437513432,0.750127437513432,0.750127437513432,0.750127437513432,0.750127437513432,0.750127437513432,0.750127437513432,0.750127437513432,0.750127437513432,0.750127437513432,0.750127437513432,0.750127437513432,0.750127437513432,0.750127437513432,0.750127437513432,0.750127437513432,0.750127437513432,0.750127437513432,0.750127437513432,0.750127437513432,0.750127437513432],"mei":["Inf",0.173049041182078,0.158281812850803,0.219188939628151,0.26334847661996,0.362599623303319,0.264862232420849,0.136647946633056,0.210933104995233,0.220489811739202,0.338010710041911,0.219230015697979,0.254276268356976,0.374156485846962,0.358352355030752,0.423839775982061,0.295244642468268,0.171318629969095,0.210016693169901,0.279354177537868,0.183643875139883,0.0549197103414224,0.115194452679206,0.181435156882987,0.154162217056936,0.259009860856544,0.0302092165186772,0.217165058799687,0.155544572909987,0.0461938726744356,0.207258124274153,0.126473458277847,0.233216009163016,0.259111256263175,0.259476144926678,0.161599575980833,0.181405303679786,0.207147520386025,0.207145278931709,0.207366816439602,0.207148624267525,0.233040637992853,0.258937193212394,0.258932506985037,0.18126738904177,0.258899953810902],"obj":[0.978233642875737,1.33175121915335,1.68382818316664,0.473635617334776,0.6451642317756,0.613971209680466,0.820163465352741,0.976534008949745,0.947603910561949,0.917690033252639,0.379094825229314,0,0.917483303106236,0.93247465656829,0.962541682719927,1,1,1,1,0.833967363533779,0.796291832407199,0.746887375100144,0.962060359749196,0.752378969899768,1.00067150485728,0.750169517158236,0.750127437513432,0.992223131291592,0.992325631871769,0.759171754392316,0.347087330500375,0.798421489870856,1.03804630701497,0.757738412083724,0.81889470748577,0.842234441694648,0.838280183295136,0.840956353600753,0.833359654889091,0.897742201049066,0.908056048555564,0.856450234754195,0.921477560699114,0.909172010949908,0.942096944129483,0.902813983311705,0.860609041007045,0.817873741694851,0.998696711483474,0.833288903345182],"X":[[0.140743247987876,0.837490394887861],[0.712553399333859,0.619197819819487],[0.991277656338941,0.692550526827702],[0.197216792334154,0.276418825000622],[0.54386382701431,0.101300404761289],[0.605423404401269,0.00854780527919722],[0.573500066768065,0.246663398584676],[0.136552296357575,0.839981712592169],[0.0661011455496333,0.881502765012316],[0.00261957772796264,0.915070455524676],[0.3293635495471,0.0497312756822142],[0,0],[0,0.917483303106236],[0,0.93247465656829],[0,0.962541682719927],[0,1],[0,1],[0,1],[0,1],[0,0.833967363533779],[0,0.796291832407199],[0,0.746887375100144],[0.0564092813873636,0.905651078361832],[0,0.752378969899768],[0.0787913860248023,0.921880118832475],[0,0.750169517158236],[0,0.750127437513432],[0.0764755707427316,0.915747560548861],[0.0770221871293532,0.915303444742416],[0.00878358036111364,0.750388174031203],[0,0.347087330500375],[0.0542588769018363,0.744162612969019],[0.108379085265708,0.929667221749257],[0.010457636513223,0.747280775570501],[0.0756927721776716,0.743201935308099],[0.101593590746578,0.74064085094807],[0.0983149972025832,0.739965186092553],[0.100745601628722,0.74021075197203],[0.093860030535137,0.739499624353954],[0.15753869140946,0.740203509639606],[0.168328691908869,0.739727356646695],[0,0.856450234754195],[0.0191986946011436,0.90227886609797],[0.169207213662039,0.739964797287868],[0.109678192100053,0.83241875202943],[0.0220958199262896,0.880718163385415],[0.0336175919562423,0.826991449050803],[-4.33680868994202e-19,0.817873741694851],[0.141492009273962,0.857204702209512],[0.0767017269146015,0.75658717643058]],"C":[[-0.729568032843771,-0.778801176616397],[-0.947263249755041,-0.608861713028556],[-0.588798110868516,-0.0377423758338493],[0.706197755956242,-1.3846981700067],[0.477222477788531,-1.19395036566055],[0.471944377693886,-1.13338943642809],[0.862620950596468,-1.11025484121568],[-0.740882003044572,-0.775784192870199],[-0.828370747445643,-0.718583513832667],[-0.770710793971279,-0.662639199238389],[1.04285881233423,-1.38904645244875],[1.5,-1.5],[-0.765391013611488,-0.65822438852127],[-0.740110134563225,-0.630491014857849],[-0.651845229345824,-0.573513509026691],[-0.5,-0.5],[-0.5,-0.5],[-0.5,-0.5],[-0.5,-0.5],[-0.602925528669768,-0.804498436560518],[-0.367314720121282,-0.865919317641585],[0.0257774623411236,-0.942159248916017],[-0.834741244502951,-0.676614117235412],[-0.0197032221579801,-0.933925885652564],[-0.84878607145908,-0.643928963989712],[-0.00140414122887028,-0.937245695526579],[-0.00105558819659788,-0.937308827489532],[-0.852548052741781,-0.655557892428384],[-0.853595691620404,-0.656287186732478],[-0.0117565128203787,-0.936840436990157],[0.336269582551209,-1.37953038500612],[0.00327765907796122,-0.943277979736473],[-0.87662860435823,-0.623972830681986],[0.0124062453230395,-0.941462080301308],[-0.00153279934008947,-0.941921487594356],[0.00784979729979261,-0.941129872226135],[0.0146288226290696,-0.942785684696069],[0.011684569772343,-0.941938366417468],[0.0202463910456486,-0.944330600248304],[-0.000226765988887323,-0.927280325026205],[0.0033744284027529,-0.924468889308743],[-0.699377590715224,-0.766492995389483],[-0.795053597757427,-0.685524257918574],[0.00148684934899376,-0.923821017619453],[-0.684146526769928,-0.79504971544743],[-0.782349633174074,-0.723847291424806],[-0.59731157257138,-0.814955000707916],[-0.512351826980416,-0.831082542646064],[-0.825688568311807,-0.745180109821519],[-0.112774042270587,-0.92169268954912]],"d":[[0.176522588094344,0.0429569661763193],[0.629157934017759,0.712975907970361]],"df":[0.765804627359301,0.980752597623344],"lambda":[[0,0],[0,0],[0,0],[0,0],[0,0],[0,0],[0,0],[0,0],[0,0],[0,0],[0,0],[0,0],[0,0],[0,0],[0,0],[0,0],[0,0],[0,0],[0.22144759541783,0],[0.664342786253491,0],[-1.11022302462516e-16,0],[8.19822821232189e-18,0],[-6.70433812203281e-18,0],[-6.70433812203281e-18,0],[-6.70433812203281e-18,0],[-6.70433812203281e-18,0],[-6.70433812203281e-18,0],[-6.70433812203281e-18,0],[-6.70433812203281e-18,0],[-6.70433812203281e-18,0],[-6.70433812203281e-18,0],[-6.70433812203281e-18,0],[-6.70433812203281e-18,0],[-6.70433812203281e-18,0],[-6.70433812203281e-18,0],[-6.70433812203281e-18,0],[-6.70433812203281e-18,0],[-6.70433812203281e-18,0],[-6.70433812203281e-18,0],[-6.70433812203281e-18,0],[-6.70433812203281e-18,0],[-6.70433812203281e-18,0],[-6.70433812203281e-18,0],[-6.70433812203281e-18,0],[-6.70433812203281e-18,0],[-6.70433812203281e-18,0]],"rho":[0.116404345201791,0.116404345201791,0.116404345201791,0.116404345201791,0.116404345201791,0.116404345201791,0.116404345201791,0.116404345201791,0.116404345201791,0.116404345201791,0.116404345201791,0.116404345201791,0.116404345201791,0.116404345201791,0.116404345201791,0.116404345201791,0.116404345201791,0.116404345201791,0.0582021726008953,0.0291010863004477,0.0291010863004477,0.0145505431502238,0.0145505431502238,0.0145505431502238,0.0145505431502238,0.0145505431502238,0.0145505431502238,0.0145505431502238,0.0145505431502238,0.0145505431502238,0.0145505431502238,0.0145505431502238,0.0145505431502238,0.0145505431502238,0.0145505431502238,0.0145505431502238,0.0145505431502238,0.0145505431502238,0.0145505431502238,0.0145505431502238,0.0145505431502238,0.0145505431502238,0.0145505431502238,0.0145505431502238,0.0145505431502238,0.0145505431502238]}
