{"prog":[1.73091392751106,1.50647808433661,1.50647808433661,1.50647808433661,1.50647808433661,1.50647808433661,1.50647808433661,1.50647808433661,1.50647808433661,1.50647808433661,1.50647808433661,1.50647808433661,1.50647808433661,1.50647808433661,1.50647808433661,1.50647808433661,1.50647808433661,1.50647808433661,1.50585823609658,1.04830490443255,1.04830490443255,1.04814340622315,1.04814340622315,1.04814340622315,1.04814340622315,1.04814340622315,1.04814340622315,1.04814340622315,1.04814340622315,1.04814340622315,1.04814340622315,1.04814340622315,1.04814340622315,1.04814340622315,1.04814340622315,1.04805929876117,1.04805929876117,1.04805929876117,1.04805929876117,1.04805929876117,1.04805929876117,1.04805929876117,1.04805929876117,1.04805929876117,1.04805929876117,1.04805929876117,1.04805929876117,1.04805929876117,1.04805929876117,1.04805929876117],"mei":["Inf",0.0512818046265797,0.0826244895272422,0.118650547362716,0.0655056332921591,0.0321443081006588,0.074986818684026,0.0285024140605866,0.0702900149688309,0.055957258412853,0.0466289346989737,0.0716803537499808,0.119242436647484,0.273829295111091,0.565043684837932,0.0920694330722386,0.0189201038941194,0.0286500502628863,0.0368041209966648,0.0577532262645983,0.173995279343697,0.0241268996902211,0.0482970907708011,0.0314276849332958,0.0594220263503353,0.0934500253713082,0.0584354201830213,0.141474487530805,0.375516564711176,0.299192322435036,0.0693307668138989,0.149996425781339,0.0608073050069605,0.0430754838019116,0.315602681297083,0.135637937896622,0.117654255415599,0.0998640991617423,0.277225800913768,0.23376010611828,0.301693068510291,0.102467835287379,0.262118179059431,0.289392814138913,0.194251503278012,0.312264102311251],"obj":[1.73091392751106,1.50647808433661,0.243737488916083,0.643246870945032,0.976217975424653,0.504340325680814,1.73752543377731,1.74551704987568,1.03619944079779,0,1.7271276062519,0.590277148110788,0.717969810787815,1.74334054560903,1.73119018587309,0.88942676364671,1.71540532961181,1.70939865106396,1.50585823609658,1.04830490443255,1.69579174703024,1.04814340622315,1.05259760995315,1.05315121407242,1.05591608211089,1.10083627771531,1.12349012898783,1.14261409003941,1.1242474432969,1.12480058398314,1.69273465285606,1.05219340546966,1.16242962056556,1.15020041104752,1.68659393748969,1.04805929876117,1.17369902388427,1.67835905272786,1.14542464357316,1.06022879934888,1.18372230746439,1.66716377135534,1.13909407592764,1.17752594286527,1.07520068659515,1.12390226395968,1.12533566630209,1.09214854805975,1.18623603099477,1.17624548921042],"X":[[0.852783131714161,0.878130795796898],[0.521019072444415,0.985459011892197],[0.197525476822053,0.0462120120940292],[0.430115001478725,0.213131869466308],[0.714419288498913,0.261798686925741],[0,0.504340325680814],[0.860546743151794,0.876978690625519],[0.869980973603509,0.875536076272169],[0.766093036637299,0.270106404160489],[0,0],[0.848325445663147,0.878802160588757],[0.0820538347673176,0.508223313343471],[0.180274536729371,0.537695274058444],[0.86782019389682,0.875520351712212],[0.854639154910185,0.876551030962902],[0.275834194717358,0.613592568929352],[0.834035002258098,0.881370327353716],[0.826390638588287,0.883008012475673],[0.521040552951122,0.984817683145455],[0.776570862840838,0.271734041591709],[0.809646572990521,0.886145174039719],[0.776508602340069,0.271634803883085],[0.780368845497874,0.272228764455275],[0.780940966052314,0.272210248020104],[0.783334957849966,0.272581124260925],[0.36346466335677,0.737371614358539],[0.372013262905738,0.751476866082095],[0.379165435423095,0.763448654616313],[0.372173620841881,0.752073822455014],[0.372436873513663,0.752363710469481],[0.805893909274792,0.886840743581272],[0.780228883209922,0.271964522259739],[0.386527338900658,0.775902281664906],[0.381987334715699,0.768213076331819],[0.798188907041565,0.888405030448121],[0.77631529008494,0.271744008676226],[0.390760523266397,0.782938500617876],[0.787942898496798,0.890416154231059],[0.380362634637286,0.765062008935875],[0.787210844523477,0.273017954825405],[0.394523402436804,0.78919890502759],[0.77400168682051,0.89316208453483],[0.377475410460789,0.761618665466854],[0.392589103722311,0.784936839142963],[0.801005460323492,0.274195226271659],[0.372117934079541,0.751784329880137],[0.372273291787447,0.753062374514639],[0.817103444749719,0.275045103310035],[0.396113852716559,0.790122178278212],[0.3933380374268,0.782907451783617]],"C":[[-1.01837225922573,-0.0016472357368944],[-1.46693558747304,-0.257409662029617],[1.37470446907823,-1.45884813594444],[1.14286836530657,-1.26957589172075],[0.303412517918726,-0.921066527744665],[0.518576899993453,-1.24564083589217],[-1.07240427268346,0.00963232096040922],[-1.13925382278643,0.0234303152861757],[0.0491209170729256,-0.840143989647333],[1.5,-1.5],[-0.98783821120692,-0.0080507007849544],[0.431997382397399,-1.23497623197416],[0.377457803780458,-1.17838488366223],[-1.12536753484708,0.01964777519739],[-1.03668733673344,-0.00125020501227713],[0.403511888212099,-1.0474196563793],[-0.892089130130069,-0.0275719610687384],[-0.843056636550008,-0.0373753623574054],[-1.46437822247341,-0.258650873144408],[-0.00291535591165509,-0.823098305626872],[-0.747147298961128,-0.0592191573708198],[-0.00295217870167294,-0.82324892381127],[-0.0220097210671761,-0.816915964779469],[-0.025227151212151,-0.816032788414111],[-0.0369748185636641,-0.812085874506842],[0.0794599101359413,-0.824176540829232],[0.00100151806434945,-0.796888651965659],[-0.0710250571544618,-0.773379724344957],[-0.00258680426358554,-0.795871761527348],[-0.0042317967499978,-0.795239622415962],[-0.727766795372532,-0.0640485025180091],[-0.0222360343033283,-0.817278188437031],[-0.150575334279849,-0.748572265589568],[-0.100942091020924,-0.7639343454696],[-0.690334697486716,-0.0736309705502651],[-0.00146037457160955,-0.82348976412891],[-0.197220735369454,-0.734313517706804],[-0.646647781580373,-0.0863050609928362],[-0.0808884308990247,-0.770004388654786],[-0.0564971690661158,-0.805760282607588],[-0.239648186826018,-0.721516373232941],[-0.598692579184516,-0.103182879548402],[-0.0601597587077372,-0.777449322909948],[-0.209966118572304,-0.729747954194767],[-0.125793212266846,-0.783207230421785],[-0.000832451323434513,-0.796348564483047],[-0.00866146373579119,-0.794309656312112],[-0.203857495185181,-0.756692151723315],[-0.244723663781817,-0.718800759078937],[-0.194163951839459,-0.732341110254917]],"d":[[0.0726332107903995,0.0750515431302907],[0.620156978610369,0.668673348087327]],"df":[0.744290267799259,0.851175153134852],"lambda":[[0,0],[0,0],[0,0],[0,0],[0,0],[1.60765291024262,0],[4.82295873072787,0],[-9.76996261670138e-15,0],[6.43061164097048,0],[1.59872115546023e-14,0],[12.861223281941,0],[-4.9737991503207e-14,0],[-4.9737991503207e-14,0],[-4.9737991503207e-14,0],[-4.9737991503207e-14,0],[-4.9737991503207e-14,0],[-3.2131671174586e-18,0],[-3.2131671174586e-18,0],[-3.2131671174586e-18,0],[-3.2131671174586e-18,0],[-3.2131671174586e-18,0],[-3.2131671174586e-18,0],[-3.2131671174586e-18,0],[-3.2131671174586e-18,0],[-3.2131671174586e-18,0],[-3.2131671174586e-18,0],[-3.2131671174586e-18,0],[-3.2131671174586e-18,0],[-3.2131671174586e-18,0],[-3.2131671174586e-18,0],[-3.2131671174586e-18,0],[-3.2131671174586e-18,0],[-3.2131671174586e-18,0],[-3.2131671174586e-18,0],[-3.2131671174586e-18,0],[-3.2131671174586e-18,0],[-3.2131671174586e-18,0],[-3.2131671174586e-18,0],[-3.2131671174586e-18,0],[-3.2131671174586e-18,0],[-3.2131671174586e-18,0],[-3.2131671174586e-18,0],[-3.2131671174586e-18,0],[-3.2131671174586e-18,0],[-3.2131671174586e-18,0],[-3.2131671174586e-18,0]],