{"prog":[1.05158671552119,1.05158671552119,1.04692365049546,1.04692365049546,1.04692365049546,1.04692365049546,1.04692365049546,1.04692365049546,1.04692365049546,1.04692365049546,1.04692365049546,1.04692365049546,1.04692365049546,1.04692365049546,1.04692365049546,1.04692365049546,0.605554763840025,0.605554763840025,0.60422895052038,0.60422895052038,0.60422895052038,0.60422895052038,0.60422895052038,0.60422895052038,0.60422895052038,0.60422895052038,0.60422895052038,0.60422895052038,0.60422895052038,0.60422895052038,0.60422895052038,0.60422895052038,0.60422895052038,0.60422895052038,0.60422895052038,0.60422895052038,0.60422895052038,0.60422895052038,0.60422895052038,0.60422895052038,0.60422895052038,0.60422895052038,0.60422895052038,0.60422895052038,0.603970786721388,0.603970786721388,0.603970786721388,0.602695622008609,0.60231246338841,0.600994551449808],"mei":["Inf",0.00279379708402432,0.00596048425716587,0.00594364309364839,0.0223611672158205,0.0138731831496295,0.0140099571813459,0.118182215258009,0.0324280589874754,0.0392315994923162,0.032457455348474,0.000325355086503553,0.0156401590959326,0.000682618155427978,0.002676921722868,0.000305231510001654,0.00849266781734446,0.001804727975545,0.0356747406551141,0.00100472460218423,0.0209046502391227,0.00586039542293005,0.0218589232195889,0.000318161202263105,0.00165222688718036,0.0114942893090242,0.00441030517856151,0.00021916934005515,0.0168124674980368,0.0571156505273424,0.156589237620875,0.00561806058268056,0.115227408332172,0.00518536835254404,0.075926767725877,0.124401601420437,0.00194430653247504,0.00172377326863736,8.45433803268167e-05,0.125165030339697,0.172192471119871,0.000873637618640209,0.00104449698096973,0.0103654261176187,0.148177891174695,0.0944549386104672],"obj":[1.05158671552119,0.466040179120852,1.04692365049546,1.39283099617642,1.29840329924096,0.336200432906518,1.05106170314174,0.433127368007755,0.531862349889775,1.05086996167764,0.487783256732282,0.552897339216371,1.04725686059372,1.04730578328593,0.60172198435633,1,0.605554763840025,0.0815068766912019,0.60422895052038,0.617881447145265,0.604457961016421,0.622736180131877,0.625561741027907,0.62502516974033,0.628840724270147,0.646460107339722,0.632067702454211,0.654820572132513,0.670957065793891,0.614333583917203,0.676017156567747,0.681110133699975,0.700699163023701,0.689294606029505,0.622838985159111,0.655422002328098,0.661054295972878,0.660553181380075,0.690190040251961,0.620498326035933,0.713285304288331,0.631413757938786,0.716595239651455,0.679136443247711,0.603970786721388,0.685476691500917,0.736620244656758,0.602695622008609,0.60231246338841,0.600994551449808],"X":[[0.275575914265489,0.776010801255705],[0.374881164975204,0.0911590141456479],[0.517576553583512,0.529347096911945],[0.54216802171482,0.850662974461602],[0.796118858763044,0.502284440477911],[0,0.336200432906518],[0.275200547466552,0.775861155675189],[0,0.433127368007755],[0.011859817600396,0.520002532289379],[0.275096857234457,0.775773104443187],[0.0785697006000768,0.409213556132205],[0.140736465788324,0.412160873428047],[0.518020984111487,0.529235876482237],[0.518154726406619,0.529151056879309],[0.186962202611235,0.414759781745095],[1,0],[0.190639919358613,0.414914844481412],[0,0.0815068766912019],[0.189408111053507,0.414820839466874],[0.202270795966715,0.41561065117855],[0.189617491768925,0.414840469247495],[0.20687691545231,0.415859264679567],[0.209562995098663,0.415998745929243],[0.209168386439105,0.415856783301225],[0.212706739033012,0.416133985237136],[0.229436748327709,0.417023359012014],[0.215797695531711,0.416270006922499],[0.237438411773325,0.417382160359189],[0.253125859113246,0.417831206680645],[0.198747608759693,0.41558597515751],[0.258350872105094,0.417666284462653],[0.263407813367529,0.417702320332446],[0.282957750536095,0.417741412487606],[0.271541312606343,0.417753293423162],[0.2071660493216,0.415672935837511],[0.23864796265709,0.416774039671007],[0.243882649560623,0.417171646412255],[0.243486282731853,0.417066898648222],[0.27255425042638,0.417635789825581],[0.205875782189793,0.41462254384614],[0.295586002121969,0.417699302166363],[0.215547576604235,0.415866181334552],[0.299257271435321,0.417337968216134],[0.263403233732316,0.415733209515395],[0.189795226632624,0.414175560088764],[0.270777833112571,0.414698858388347],[0.320420548211852,0.416199696444906],[0.190110534104359,0.41258508790425],[0.190523830543914,0.411788632844495],[0.191298589050432,0.409695962399376]],"C":[[-0.252731709765579,-0.821865151811218],[1.07256070560383,-1.35115414628683],[-0.559924251809342,-0.951906162171509],[-0.46866698388716,-0.482426340109979],[0.0621501169616233,-0.61390510357562],[0.385862136556181,-1.38696926891347],[-0.251769594172396,-0.82230412578847],[0.261308162620132,-1.31240068308267],[0.572067428251406,-1.22945671113912],[-0.251120089703322,-0.822497809562305],[0.140768120366261,-1.32637106762525],[0.0639874560964348,-1.31031666161244],[-0.560685714134839,-0.951563647064245],[-0.56089045823289,-0.951514838505992],[0.00299165576058819,-1.29301945824152],[0.5,-0.5],[-0.00192159846011536,-1.29150209297591],[1.76414742089326,-1.49335662905205],[-0.000263551502027726,-1.29204823861114],[-0.0175422730487906,-1.28635431172593],[-0.000546385298928864,-1.29195259188978],[-0.0237192951988074,-1.28426301383311],[-0.0273162257690736,-1.28302839447057],[-0.0267259256695874,-1.28331172189682],[-0.0315067234809037,-1.2815883495006],[-0.0537805695679915,-1.27345029655514],[-0.0356213107425161,-1.28015063593995],[-0.064270473122285,-1.26941513282846],[-0.0841949450838715,-1.26134438217198],[-0.0128786734651712,-1.28778768526469],[-0.0902774527025904,-1.2588097017057],[-0.0962813481851547,-1.25614109544583],[-0.118150912162699,-1.24542702370441],[-0.105680815940265,-1.25174750138213],[-0.024007959348922,-1.2842982384207],[-0.0652314383182163,-1.26934654977593],[-0.0721365031098619,-1.26648907067298],[-0.0715386149144394,-1.26676963217338],[-0.1066351707013,-1.25129452763128],[-0.0217710874063251,-1.2857033084423],[-0.130946207487526,-1.23815620831929],[-0.035051474291224,-1.28059456144226],[-0.133698285987985,-1.23627410577832],[-0.0934288798107475,-1.25778463496539],[-0.000566622577972076,-1.29243637737263],[-0.0998111005615365,-1.25470422194626],[-0.148770292584867,-1.22410848496278],[-0.000322537997486216,-1.2936315300616],[-0.00044844293307722,-1.29413079185494],[-0.000112000345786734,-1.29555406822096]],"d":[[0.183200470914108,0.0378944277300684],[0.670511656833868,0.579283139822098]],"df":[0.601759186374917,0.498187509812222],"lambda":[[0,0],[0,0],[0,0],[0,0],[0,0],[0,0],[0,0],[0,0],[0,0],[0,0],[0,0],[1.62170824688409,0],[4.86512474065226,0],[0.698506226554029,0],[2.22044604925031e-16,0],[-1.30438872166843e-17,0],[-1.30438872166843e-17,0],[-1.30438872166843e-17,0],[-1.30438872166843e-17,0],[-1.30438872166843e-17,0],[-1.30438872166843e-17,0],[-1.30438872166843e-17,0],[-1.30438872166843e-17,0],[-1.30438872166843e-17,0],[-1.30438872166843e-17,0],[-1.30438872166843e-17,0],[-1.30438872166843e-17,0],[-1.30438872166843e-17,0],[-1.30438872166843e-17,0],[-1.30438872166843e-17,0],[-1.30438872166843e-17,0],[-1.30438872166843e-17,0],[-1.30438872166843e-17,0],[-1.30438872166843e-17,0],[-1.30438872166843e-17,0],[-1.30438872166843e-17,0],[-1.30438872166843e-17,0],[-1.30438872166843e-17,0],[-1.30438872166843e-17,0],[-1.30438872166843e-17,0],[-1.30438872166843e-17,0],[-1.30438872166843e-17,0],[-1.30438872166843e-17,0],[-1.30438872166843e-17,0],[-1.30438872166843e-17,0],[-1.30438872166843e-17,0]],