{"prog":[1.62496396544039,1.62496396544039,1.62496396544039,1.62471614226343,1.01839695194233,1.01839695194233,1.01839695194233,1.01839695194233,1.01786070331283,1.01786070331283,1.0172044648843,1.0172044648843,1.01362792847587,1.01362792847587,1.01362792847587,0.986600678654711,0.962206278756085,0.920277359898855,0.884951597898107,0.604368267983151,0.604368267983151,0.600356828914054,0.600356828914054,0.600356828914054,0.60018972462051,0.60018972462051,0.60018972462051,0.60018972462051,0.600129630829872,0.600129630829872,0.600129630829872,0.600129630829872,0.600129630829872,0.600129630829872,0.600129630829872,0.600129630829872,0.600129630829872,0.600129630829872,0.600129630829872,0.600129630829872,0.600129630829872,0.600129630829872,0.600129630829872,0.600129630829872,0.600129630829872,0.600129630829872,0.600129630829872,0.600129630829872,0.600129630829872,0.600129630829872],"mei":["Inf",0.0476044733032267,0.0334397689510897,0.0198682530020103,0.0280068702495891,0.0418180689150195,0.0650683483275816,0.0496937327386665,0.200301950791012,0.128394436459424,0.0906943038270227,0.291270282922703,0.171892469365334,0.0677043063354979,0.0969232255753292,0.467169368153434,0.143067338810251,0.239146987514451,0.0923173439274473,0.0695622840374469,0.00177624998804865,0.00148527687214412,0.133274563725457,0.0382854687695582,0.0193936283162265,0.0637288218441938,0.0398162370548112,0.20225716784417,0.0158299697483308,0.00534994512064069,0.00371111843484059,0.00998042224428034,0.130533126191648,0.0277465078837963,0.00166698151490463,0.0790468188578373,0.00489786309255741,0.0211270114694931,0.0668675575411747,0.0792265572511067,0.156307121783754,0.0298438203079546,0.16741831328934,0.0791331572319544,0.00797041422572734,0.0186708910321182],"obj":[1.62496396544039,0.432880662370678,0.996845344825845,1.62471614226343,1.01839695194233,0.376046520873564,0.505174930701149,0.850076411709547,1.01786070331283,0.480060564953653,1.0172044648843,0.513029077656773,1.01362792847587,0.487401269949592,0.569059263659115,0.986600678654711,0.962206278756085,0.920277359898855,0.884951597898107,0.604368267983151,0.618700181623873,0.600356828914054,0.619601720647335,0.863124940060548,0.60018972462051,0,0.621072651169769,0.85632110177955,0.600129630829872,0.61973460370574,0.620790258357188,0.641142628743109,0.624082643395338,0.624204716764922,0.649571765660857,0.849073267989372,0.600423432652704,0.654531287457844,0.67669815301838,0.653819604862823,0.8278269932725,0.659881062664088,0.820943633994719,0.660590584851132,0.600540685879567,0.821343318027613,0.609453928906978,0.610250535065204,0.600338150548749,0.641483926351866],"X":[[0.951187241256979,0.673776724183414],[0.0414928623851139,0.391387799985564],[0.644365979597058,0.352479365228787],[0.765140074786064,0.859576067477366],[0.188612071100765,0.829784880841567],[0.020768006662758,0.355278514210806],[0.0664869764975629,0.438687954203586],[0.152777772336012,0.697298639373535],[0.188458288609951,0.829402414702875],[0.0849203389055198,0.395140226048133],[0.187519948025432,0.829684516858869],[0.138811393846273,0.3742176838105],[0.185053559148112,0.828574369327762],[0.174047189212081,0.313354080737511],[0.168255740974039,0.400803522685076],[0.165921080183434,0.820679598471277],[0.150382868050681,0.811823410705404],[0.126170206195958,0.794107153702897],[0.107525949113957,0.77742564878415],[0.201374234348789,0.402994033634362],[0.215290727663376,0.403409453960497],[0.197779235915679,0.402577592998375],[0.216263651603213,0.403338069044122],[0.0968440635995468,0.766280876461001],[0.197681065656474,0.402508658964036],[0,0],[0.217727642991233,0.403345008178535],[0.0936103216230309,0.762710780156519],[0.197422586072317,0.402707044757555],[0.216509007125793,0.403225596579947],[0.217568584506417,0.403221673850771],[0.237395025136176,0.403747603606933],[0.220836281010821,0.403246362384518],[0.220985458917192,0.40321925784773],[0.24579487592943,0.403776889731427],[0.0901803516729655,0.758892916316407],[0.19759340818842,0.402830024464284],[0.25076914127205,0.403762146185794],[0.272797538315094,0.403900614703286],[0.249489100340508,0.404330504522315],[0.0805009082445023,0.747326085027997],[0.25592319954504,0.403957863119048],[0.0774495855728052,0.743494048421914],[0.256705795240048,0.403884789611084],[0.197845697740344,0.402694988139224],[0.0774619086155786,0.743881409412035],[0.204735689366889,0.40471823954009],[0.203945306481368,0.406305228583837],[0.198192377677893,0.402145772870855],[0.233779684067869,0.407704242283997]],"C":[[-0.622874277708061,-0.141267758018605],[0.185219106931428,-1.34509393239355],[0.635160650234576,-0.960550781425836],[-0.611923161520831,-0.175689650176523],[-0.699496195829886,-0.775882538161827],[0.284285313949142,-1.37334586723942],[0.198071043040378,-1.30313236079288],[0.314396326324944,-0.990433559807862],[-0.696993699675892,-0.776575107939248],[0.135553419944088,-1.3366527377988],[-0.698672598931611,-0.776459871577205],[0.117030767703986,-1.34069252206196],[-0.691068839942123,-0.779219694739718],[0.414535546188186,-1.37151679601252],[0.0354844088537583,-1.31104654183251],[-0.635168702392057,-0.798955191803786],[-0.570538582458675,-0.818327742827496],[-0.433776653686799,-0.853474907506354],[-0.29670442083415,-0.884047530879686],[-0.00501236529153315,-1.29704422659555],[-0.0210283564324857,-1.29091071503747],[-0.000397758054498432,-1.29881465545624],[-0.0219715760870777,-1.290548435055],[-0.201980017385308,-0.903434845715687],[-0.000192927054138481,-1.29890897573989],[1.5,-1.5],[-0.0235670867757051,-1.28990747785494],[-0.171271122604148,-0.909509373518667],[-0.000172067450149971,-1.29885135861116],[-0.0220556135505374,-1.29053296809615],[-0.0231935492314333,-1.29007619277286],[-0.0448774326477665,-1.28063147462225],[-0.0267402895933766,-1.28862370821296],[-0.0268534231843936,-1.28857965704788],[-0.0532678523976353,-1.27654910228565],[-0.138274444948147,-0.915949045736919],[-0.000530725134343435,-1.29868481643059],[-0.0580098186348774,-1.27409096709312],[-0.0778759134389773,-1.26244579653153],[-0.0580233531169819,-1.27427203192401],[-0.0380278075831533,-0.935023326408537],[-0.0632718177588594,-1.27132136075892],[-0.00485684506986483,-0.941218161655794],[-0.0638234409480551,-1.27097921141099],[-0.000632687445905333,-1.29869382641319],[-0.00805514780199953,-0.940640101444796],[-0.01114582454979,-1.29428644408304],[-0.0122026453877338,-1.29332237318966],[-0.000261555582180939,-1.29899855879249],[-0.0480468702327629,-1.27912431014076]],"d":[[0.211823922753277,0.0425538069992424],[0.697044347988958,0.604870807070751]],"df":[0.617790681463827,0.584756580048694],"lambda":[[0,0],[0,0],[0,0],[0,0],[0,0],[0,0],[0,0],[0,0],[6.94825212217155,0],[-3.5527136788005e-15,0],[-3.5527136788005e-15,0],[4.21350084185992,0],[12.6405025255798,0],[1.59872115546023e-14,0],[16.8540033674397,0],[-1.4210854715202e-14,0],[-2.03869217849303e-16,0],[-2.03869217849303e-16,0],[2.11586299411955e-18,0],[2.11586299411955e-18,0],[2.11586299411955e-18,0],[2.11586299411955e-18,0],[2.11586299411955e-18,0],[2.11586299411955e-18,0],[2.11586299411955e-18,0],[2.11586299411955e-18,0],[2.11586299411955e-18,0],[2.11586299411955e-18,0],[2.11586299411955e-18,0],[2.11586299411955e-18,0],[2.11586299411955e-18,0],[2.11586299411955e-18,0],[2.11586299411955e-18,0],[2.11586299411955e-18,0],[2.11586299411955e-18,0],[2.11586299411955e-18,0],[2.11586299411955e-18,0],[2.11586299411955e-18,0],[2.11586299411955e-18,0],[2.11586299411955e-18,0],[2.11586299411955e-18,0],[2.11586299411955e-18,0],[2.11586299411955e-18,0],[2.11586299411955e-18,0],[2.11586299411955e-18,0],[2.11586299411955e-18,0]],