{"prog":[0.918923784396361,0.715210669235143,0.715210669235143,0.715210669235143,0.715210669235143,0.715210669235143,0.715210669235143,0.715210669235143,0.715210669235143,0.703550495473419,0.703550495473419,0.703550495473419,0.703550495473419,0.703550495473419,0.703550495473419,0.703550495473419,0.603045003566645,0.601804123519019,0.601804123519019,0.601804123519019,0.601804123519019,0.601804123519019,0.600209663180413,0.600069308009185,0.600069308009185,0.600069308009185,0.600069308009185,0.600069308009185,0.600069308009185,0.599909290799121,0.599909290799121,0.599909290799121,0.599909290799121,0.599909290799121,0.599909290799121,0.599909290799121,0.599909290799121,0.599909290799121,0.599909290799121,0.599909290799121,0.599909290799121,0.599909290799121,0.599909290799121,0.599909290799121,0.599909290799121,0.599909290799121,0.599909290799121,0.599909290799121,0.599909290799121,0.599909290799121],"mei":["Inf",0.196573679358894,0.144187813948131,0.152608381408027,0.447186595544,0.289015723312001,0.170636237531677,0.194073486267452,0.135557013433574,0.18889705605771,0.0428112134543666,0.0436097193949678,0.0227016470955042,0.00541636752830681,0.0432774239596228,0.0360302006435078,0.0524234443984465,0.000705007582359928,0.00769879214673852,0.0312270614326382,0.00140298939594998,0.0104872762797433,0.0033167313870344,0.0514231393307216,0.000448724726207875,0.0933861485661744,0.00270097468049439,0.00367412856159277,0.0205857782129519,0.000959313689634217,0.0051145281713624,0.137659007288689,0.0054011004066814,0.00257511312744498,0.289943985109736,0.0142625907501582,0.0114361096324555,0.00791707368676704,0.129041003417547,0.232227448141356,0.00114457983760659,0.0132111501660524,0.300875487019271,0.0187610887924355,0.00214019228821069,0.13797928657075],"obj":[0.918923784396361,0.715210669235143,0.235495265353354,1.35526176056249,0.891382580327658,2,1.99931644893139,1.93390087221609,1.87644042089527,0.703550495473419,0.620618900021752,0.627194777719228,0.613129730557442,0.601682172956269,0.593793827841699,0.59943804704926,0.603045003566645,0.601804123519019,0.511260479471943,0.717126700324595,0.626795585265319,0.367360840766807,0.600209663180413,0.600069308009185,0.918911896609395,0.623563356793884,0.62450153510923,0.708650110798669,0.456436979165564,0.599909290799121,0.600315973768656,0.62997647551857,0.626364873409689,0.590931196799853,0.629979324838963,0.707836571314731,0.918903833607209,0.771549816391638,0.622707787556607,0.706266886734779,0.600559639094689,0.634200410539776,0.626852943884172,0.600369880311306,0.771454290036229,0.627696445146209,0.600001477894299,0.600576812515633,0.771407514978585,0.708864535663361],"X":[[0.0348275825508934,0.884096201845467],[0.287613205683328,0.427597463551815],[0.160951530272363,0.0745437350809909],[0.985569138234846,0.36969262232764],[0.587118426549043,0.304264153778615],[1,1],[0.999316448931394,1],[0.933900872216088,1],[0.876440420895271,1],[0.282959842697329,0.42059065277609],[0.248618058740282,0.37200084128147],[0.249213480497019,0.377981297222209],[0.223787785742035,0.389341944815407],[0.205090626073065,0.396591546883203],[0.188123308704025,0.405670519137674],[0.195574810356242,0.403863236693018],[0.199940230942404,0.403104772624241],[0.198787385009018,0.403016738510001],[0.115408333543616,0.395852145928327],[0.288545610741901,0.428581089582695],[0.240553903191348,0.386241682073971],[0,0.367360840766807],[0.19676085694462,0.403448806235793],[0.196236376021942,0.403832931987243],[0.0348205148514524,0.884091381757943],[0.236766146972197,0.386797209821687],[0.23794790113755,0.38655363397168],[0.284896426367932,0.423753684430737],[0,0.456436979165564],[0.195593242826137,0.404316047972984],[0.197030185005404,0.403285788763252],[0.244707568825567,0.385268906693003],[0.240292103846428,0.386072769563261],[0,0.590931196799853],[0.243878953942547,0.386100370896416],[0.284604479768346,0.423232091546385],[0.0348170607809024,0.884086772826306],[0.0104821104232921,0.761067705968346],[0.234278335481601,0.388429452075007],[0.283896609465421,0.422370277269358],[0.196342018802944,0.404217620291745],[0.248969809560409,0.385230600979367],[0.240895245020731,0.385957698863441],[0.196739220649184,0.403630659662122],[0.0104677820701256,0.760986507966103],[0.241940962027487,0.385755483118723],[0.197033410420866,0.402968067473433],[0.197520267462803,0.40305654505283],[0.0104570458460464,0.760950469132539],[0.285023952453974,0.423840583209387]],"C":[[-0.800177262363261,-0.71716094537608],[-0.137831653721029,-1.23443905308061],[1.53945300027945,-1.46853783646316],[-0.721746295882186,-0.391980838755535],[0.802469359550619,-1.06271527793196],[-1.5,0.5],[-1.49502309154581,0.498633365104852],[-1.07411885573409,0.37217083912597],[-0.879687386228779,0.268147811379079],[-0.122922313765998,-1.24303723021809],[0.0520792905587909,-1.29980443495409],[0.0256139308134755,-1.29502278008878],[0.00204017474914248,-1.29833187696003],[0.00173868108477393,-1.30065298003775],[0.00716749434696223,-1.30004105062482],[0.000438102485765757,-1.29864497960196],[-0.00355114400144912,-1.29753044633826],[-0.00213072114021023,-1.29806108404204],[0.100818456315422,-1.32998199511262],[-0.140079062792277,-1.23305968017369],[-0.000731886499511059,-1.29295118268808],[0.267580382091502,-1.3650460126711],[-0.000398993483344823,-1.29851422592133],[-0.000284502354016836,-1.29841024776836],[-0.800163613879786,-0.717169960446811],[4.97143523481292e-06,-1.2943297101221],[-1.20031216017114e-05,-1.29395708440752],[-0.129770518919308,-1.23926684117416],[0.326879182312628,-1.29166528405021],[-0.000133505723362459,-1.29827181671226],[-0.00049520297853306,-1.29853967877834],[-4.5383440839819e-05,-1.29168607529506],[1.49787969583315e-05,-1.29320752143081],[0.773011285765987,-1.15080032064869],[-0.00242830620342926,-1.29144955941754],[-0.128710204094576,-1.23987488678106],[-0.800153942687764,-0.717178350392146],[-0.101592129343419,-0.920666072293154],[-0.00340431478678854,-1.29423622228468],[-0.126664225398844,-1.24100606401344],[-0.000879740879477064,-1.29805792709806],[-0.00250911421742261,-1.28961141799653],[7.15906629217278e-06,-1.29300613561444],[-0.000606400985370292,-1.29837596963907],[-0.100910998919978,-0.920789960232089],[1.65279649364525e-05,-1.29265727813706],[-8.16412226632424e-05,-1.29879457177465],[-0.000750554539907244,-1.2985311654315],[-0.100604571723787,-0.920845033719143],[-0.130039182262528,-1.23912050655224]],"d":[[0.0521352360676355,0.0449451678331093],[0.521337276583512,0.607349609116064]],"df":[0.825022465938256,0.733618484430312],"lambda":[[0,0],[0,0],[0,0],[0,0],[0,0],[0,0],[0,0],[0.115683687048585,0],[0.229476095682309,0],[0.247603449927874,0],[0.278500497307768,0],[0.533238889957864,0],[1.04271567525805,0],[1.1049977044513,0],[1.22956176283779,0],[1.47868987961077,0],[1.97694611315673,0],[2.97345858024865,0],[4.44089209850063e-16,0],[1.99302493418384,0],[2.22044604925031e-16,0],[2.22044604925031e-16,0],[2.22044604925031e-16,0],[2.22044604925031e-16,0],[2.22044604925031e-16,0],[2.22044604925031e-16,0],[-2.45691479829186e-17,0],[-2.45691479829186e-17,0],[-2.45691479829186e-17,0],[-2.45691479829186e-17,0],[-2.45691479829186e-17,0],[-2.45691479829186e-17,0],[-2.45691479829186e-17,0],[-2.45691479829186e-17,0],[-2.45691479829186e-17,0],[-2.45691479829186e-17,0],[-2.45691479829186e-17,0],[-2.45691479829186e-17,0],[-2.45691479829186e-17,0],[-2.45691479829186e-17,0],[-2.45691479829186e-17,0],[-2.45691479829186e-17,0],[-2.45691479829186e-17,0],[-2.45691479829186e-17,0],[-2.45691479829186e-17,0],[-2.45691479829186e-17,0]],