{"prog":[1.44183815334035,1.44183815334035,1.44183815334035,1.44183815334035,1.44183815334035,1.44183815334035,1.43914535566566,1.43914535566566,1.43914535566566,1.43373963872894,1.43373963872894,1.06481328063067,1.06481328063067,1.06481198413334,1.06481198413334,1.06481198413334,1.06481198413334,1.06481198413334,1.06481198413334,1.06481198413334,1.06481198413334,1.06096729017963,1.06096729017963,1.06096729017963,1.06096729017963,1.04248595728439,1.04248595728439,0.906430914657676,0.900573090188156,0.900573090188156,0.900573090188156,0.900573090188156,0.900573090188156,0.89605449676217,0.89605449676217,0.891736065825663,0.891736065825663,0.891736065825663,0.891736065825663,0.890919615950567,0.890919615950567,0.873363781037358,0.853243208064385,0.829132542515944,0.796963369704883,0.758321624825308,0.758321624825308,0.713750385423724,0.713750385423724,0.713750385423724],"mei":["Inf",0.0424413829312655,0.031655078587165,0.0724752733117322,0.185665636925526,0.0550155282742751,0.209530066790412,0.336178731153213,0.022276446235684,0.0863159144466434,0.0276340867622795,0.161000670803905,0.227598676074038,0.0142527302186168,0.430871284242474,0.0773862234145349,0.0452499802537523,0.0209257591299642,0.0179722216115807,0.126966249039091,0.0263561064172389,0.033528583882395,0.368559615799559,0.0373471495353715,0.183485327805911,0.262536620610756,0.208303919242083,0.278143905525422,0.383359808170915,0.112828951381224,0.401998620009893,0.111643440527104,0.0678828814148345,0.432161013943886,0.398346651764462,0.266528825879929,0.308934036090847,0.256409219600039,0.403576952273267,0.412420608539741,0.371207605928607,0.30188389750596,0.310440692252259,0.363894916279321,0.142299583604245,0.194789823852098],"obj":[1.44183815334035,1.57989676439667,1.91518064326494,0.907574857316812,0.924901456834027,0.947859793896624,1.43914535566566,1.00081786529879,1.05839601350165,1.43373963872894,1.45214765914164,1.06481328063067,1.42938442243456,1.06481198413334,1.06733864137994,1.42268825144029,1.06832957426998,1.45139365851429,1.07280473898451,1.39975996495565,1.45542846389763,1.06096729017963,1.38801151934482,1.38015817299712,1.38649515389719,1.04248595728439,1.07721559972544,0.906430914657676,0.900573090188156,1.08742269715322,1.02746097604092,0.997563620088577,0.982387169455068,0.89605449676217,0.934946840829539,0.891736065825663,0.899686313726515,0.892980445886716,0.903974372265693,0.890919615950567,0.900963809736537,0.873363781037358,0.853243208064385,0.829132542515944,0.796963369704883,0.758321624825308,0.892777405404632,0.713750385423724,1.10115042800935,1.00573764831584],"X":[[0.727827709267807,0.714010444072543],[0.600720188738946,0.97917657565772],[0.97198250091448,0.943198142350465],[0.580895163328595,0.326679693988217],[0.345489156107765,0.579412300726262],[0.347367377770798,0.600492416125826],[0.727733566684474,0.711411788981182],[0.602980525522603,0.39783733977619],[0.619724381925985,0.438671631575669],[0.72759280175927,0.706146836969666],[0.727712748580851,0.724434910560792],[0.621994245566061,0.442819035064614],[0.727508410145108,0.701876012289457],[0.622134546238861,0.442677437894481],[0.623194498151227,0.444144143228713],[0.727206239387374,0.695482012052918],[0.623965668067121,0.444363906202859],[0.727707480139829,0.723686178374456],[0.626174462059285,0.446630276925222],[0.725270698358408,0.674489266597239],[0.727593942365125,0.727834521532508],[0.618833995313119,0.44213329486651],[0.723776221564154,0.664235297780666],[0.722623182666949,0.657534990330168],[0.723571657151833,0.662923496745357],[0.605677011401677,0.436808945882711],[0.630423007134914,0.446792592590522],[0.351037477322662,0.555393437335014],[0.355908540211674,0.544664549976482],[0.637845772009628,0.449576925143596],[0.592154392233194,0.435306583807728],[0.566437870570115,0.431125749518461],[0.552142589418196,0.430244580036872],[0.362799586077738,0.533254910684431],[0.499333488296887,0.435613352532652],[0.377538656976234,0.514197408849429],[0.359506705683892,0.540179608042624],[0.41389476058795,0.479085685298766],[0.450571504890989,0.453402867374704],[0.365870362826293,0.525049253124274],[0.429930836800431,0.471032972936106],[0.380075652244374,0.493288128792984],[0.364292613360993,0.488950594703393],[0.34432478280183,0.484807759714114],[0.317408248289788,0.479555121415095],[0.285012282643972,0.473309342181336],[0.387861166638872,0.50491623876576],[0.247674510078515,0.466075875345209],[0.649013565284242,0.452136862725113],[0.562732400402242,0.443005247913603]],"C":[[-0.954076080918201,-0.460455911377306],[-1.34654616573778,-0.180348488524667],[-1.53762248524142,0.334372717817335],[0.723466989299355,-1.05584118675721],[0.118392928188555,-1.04491862877904],[0.193407126132322,-1.01874476303601],[-0.961391695291731,-0.464297122419287],[0.308277612812838,-0.97813993692029],[0.0240220369187834,-0.923508890097197],[-0.975456659507269,-0.471965359465831],[-0.919373248493619,-0.44562821591368],[-0.00374063989745283,-0.917034460667152],[-0.98595925247612,-0.478101576540789],[-0.00215975499364032,-0.916985292355345],[-0.0112217306220636,-0.914364597509673],[-0.99911673292768,-0.487475856306898],[-0.0107917454420405,-0.913207563937689],[-0.921951327185951,-0.446720138578315],[-0.0230983846355328,-0.908426938798464],[-1.02262405743053,-0.519046643347825],[-0.906678949408749,-0.44086396429912],[-0.00721940512197323,-0.921562635815286],[-1.02309175201376,-0.534939450280546],[-1.0196507046183,-0.545463472363794],[-1.02267355284075,-0.536976494429458],[-0.000567271838656618,-0.942353302656367],[-0.0119205757243503,-0.902943211281212],[-0.000867347555962503,-1.06831081928014],[-0.0614769632192769,-1.07666963900331],[-0.012839572159871,-0.891033359507871],[-0.0253292735778845,-0.959861353852582],[-0.0572883992187289,-0.993278726886138],[-0.0838548455165946,-1.01002816229947],[-0.128211175891465,-1.08401566057276],[-0.217144120651082,-1.06090707456053],[-0.234559430129127,-1.09306558722111],[-0.0910417830623954,-1.07896091962323],[-0.358714727793335,-1.09916803329966],[-0.336450627679301,-1.09141115883667],[-0.167135907594732,-1.090462159399],[-0.371481611540027,-1.09328741397505],[-0.285211962594682,-1.11220932056293],[-0.255394604620028,-1.12821820778982],[-0.216489987587312,-1.14640188006945],[-0.165034301640984,-1.16927888944216],[-0.105882033459345,-1.19474626534594],[-0.28415662977384,-1.09462330724417],[-0.0425658738646836,-1.22143061547857],[-0.000153886751677934,-0.87435364944213],[-0.159762409893852,-0.987078595858538]],"d":[[0.131292459713702,0.0307813025329481],[0.486085731417298,0.386217098326639]],"df":[0.604875002488418,0.640887371079462],"lambda":[[0,0],[0,0],[0,0],[0,0],[0,0],[4.9420236023486,0],[14.8260708070458,0],[-3.73034936274053e-14,0],[1.69167872328901e-16,0],[1.69167872328901e-16,0],[1.69167872328901e-16,0],[1.69167872328901e-16,0],[1.69167872328901e-16,0],[1.69167872328901e-16,0],[1.69167872328901e-16,0],[1.69167872328901e-16,0],[1.69167872328901e-16,0],[1.69167872328901e-16,0],[1.69167872328901e-16,0],[1.69167872328901e-16,0],[1.69167872328901e-16,0],[1.69167872328901e-16,0],[-9.27337290792819e-18,0],[-9.27337290792819e-18,0],[-9.27337290792819e-18,0],[-9.27337290792819e-18,0],[-9.27337290792819e-18,0],[-9.27337290792819e-18,0],[-9.27337290792819e-18,0],[-9.27337290792819e-18,0],[-9.27337290792819e-18,0],[-9.27337290792819e-18,0],[-9.27337290792819e-18,0],[-9.27337290792819e-18,0],[-9.27337290792819e-18,0],[-9.27337290792819e-18,0],[-9.27337290792819e-18,0],[-9.27337290792819e-18,0],[-9.27337290792819e-18,0],[-9.27337290792819e-18,0],[-9.27337290792819e-18,0],[-9.27337290792819e-18,0],[-9.27337290792819e-18,0],[-9.27337290792819e-18,0],[-9.27337290792819e-18,0],[-9.27337290792819e-18,0]],