{"prog":[1.3457068076324,1.3457068076324,1.3457068076324,1.3457068076324,1.3457068076324,1.3457068076324,1.3457068076324,1.3457068076324,1.3457068076324,1.3457068076324,1.3457068076324,1.3457068076324,1.3457068076324,1.3457068076324,1.3457068076324,1.34438047044386,1.34438047044386,1.34438047044386,1.34438047044386,1.34438047044386,1.34438047044386,1.34438047044386,1.34438047044386,0.622890350078766,0.622890350078766,0.622890350078766,0.606240202472623,0.606240202472623,0.606240202472623,0.606240202472623,0.606090417890189,0.606090417890189,0.606090417890189,0.606090417890189,0.606090417890189,0.606090417890189,0.606090417890189,0.606080843569734,0.606080843569734,0.606080843569734,0.606080843569734,0.606080843569734,0.606080843569734,0.606080843569734,0.606080843569734,0.606080843569734,0.606080843569734,0.606080843569734,0.606080843569734,0.606080843569734],"mei":["Inf",0.140150070065545,0.153068922971081,0.132958817567898,0.22860540532892,0.191428576120328,0.239975314201238,0.366495155100597,0.180458109815344,0.304364296926671,0.0828414230960791,0.704615551820999,0.281330154070767,0.362872854070774,0.475070651313881,0.713926929106688,0.415823401293625,0.383903633110409,0.365760000699635,0.160865308448926,0.0192648224707749,0.0306414252842393,0.0262111655165276,0.00207176323450242,0.021918286889233,0.00952332820733573,0.00661136255997726,0.0226802145791764,0.00131414025137771,0.00701340173914293,0.203382576511573,0.00697340715787701,0.00994154954910846,0.0229966263738198,0.0107524618014332,0.0130246090913255,0.0088602508541089,0.00245397704442331,0.0194904432683519,0.00903377930645862,0.00159987824689085,0.000774919776731642,0.00152152770578635,0.00144681383823578,0.000890711874378879,0.00143425921784383],"obj":[1.3457068076324,0.0917461835573768,1.49415344129646,0.785630905461877,0.705576560149336,1.34581860942313,0.599297201194138,1.49999881855968,1.35201323900446,0.416005761844244,0.260140698265067,1.44276160671953,0.389532189913492,1.34590688653632,0.531479186787697,1.34438047044386,0.447482487635473,1.35127660280513,0.526140428465509,1.35019586374805,1.36080816611882,0.574862055762265,1.3502728605954,0.622890350078766,0.631333458508062,0.604387396211457,0.606240202472623,0.616361388441738,0.637970274781298,0.637504753410898,0.606090417890189,0.639497303184469,0.641238736517823,0.611180885205629,0.61139328813913,0.612134496549971,0.613528654602679,0.606080843569734,0.644117869898115,0.644874619018132,0.64594766896316,0.640798442236808,0.605623052975804,0.606707168295283,0.628820955677836,0.606227786451043,0.606455686997729,0.614236278821004,0.606986985950358,0.608780247596015],"X":[[0.588375280701643,0.757331526930754],[0.0693546394885878,0.022391544068789],[0.882557794862091,0.611595646434369],[0.542355040237856,0.243275865224021],[0.0231290464483036,0.682447513701033],[0.582819884117049,0.762998725306083],[0,0.599297201194138],[0.890259493675041,0.609739324884641],[0.531093432093908,0.820919806910548],[0.416005761844244,0],[0,0.260140698265067],[0.812687431574059,0.630074175145471],[0,0.389532189913492],[0.622722599976258,0.723184286560062],[0.531479186787697,0],[0.613333821823798,0.731046648620067],[0.0349208479961733,0.4125616396393],[0.547674639423645,0.803601963381488],[0.108521368809789,0.41761905965572],[0.650853654864513,0.699342208883534],[0.684947273687767,0.675860892431055],[0.157869973181055,0.41699208258121],[0.516573815947364,0.833699044648031],[0.206078918621156,0.41681143145761],[0.21448339164663,0.416850066861432],[0.187647504704207,0.41673989150725],[0.189418586851847,0.416821615620775],[0.199598670471321,0.416762717970418],[0.221073702594261,0.416896572187038],[0.220616537803579,0.416888215607318],[0.189328520792739,0.41676189709745],[0.222600439531197,0.416896863653272],[0.224329539579596,0.416909196938227],[0.194427267993904,0.416753617211725],[0.194643224340681,0.416750063798449],[0.195392441019064,0.416742055530907],[0.196782595481836,0.416746059120843],[0.189385097862493,0.416695745707241],[0.227182060383437,0.416935809514678],[0.227938565756026,0.416936053262106],[0.22900880241159,0.416938866551569],[0.223915234573878,0.41688320766293],[0.188869975879496,0.416753077096308],[0.18996549239341,0.416741675901873],[0.212001414764211,0.416819540913625],[0.189464282783386,0.416763503667657],[0.189699250142428,0.416756436855301],[0.197480023609314,0.41675625521169],[0.190226861183731,0.416760124766627],[0.192014341660492,0.416765905935523]],"C":[[-0.16720914340656,-0.580263487375996],[1.51012512334493,-1.49468855273562],[-0.434262592156916,-0.347042503990689],[0.93870715356648,-1.1466678637281],[0.488357917088069,-1.03373043825367],[-0.148310806856402,-0.578153927859082],[0.775550766645521,-1.14084286464087],[-0.388124366149649,-0.335655989610682],[-0.287234997825451,-0.544030437008662],[0.641289775749685,-1.32693920611239],[0.916175022689007,-1.43232681710616],[-0.865933563047765,-0.442545672376315],[0.229249707710726,-1.3482646730212],[-0.389168901688618,-0.589221051151424],[0.478890384538536,-1.21752987401149],[-0.318436593721558,-0.589392420548382],[0.192899750589767,-1.32857342787336],[-0.186886605081538,-0.554276373781599],[0.108563432968534,-1.31381743352392],[-0.627525874311488,-0.587309994823406],[-0.873014914113236,-0.574059286349993],[0.0421800347692862,-1.3011946746324],[-0.391477847077153,-0.538097395630539],[-0.0230787647626998,-1.28379970990619],[-0.0342236290668204,-1.28023289646538],[0.00169139471267554,-1.29111627680481],[-0.000713954542977679,-1.29038033970634],[-0.014406426683422,-1.28646920765599],[-0.0428802908892559,-1.27732366611996],[-0.0422794405151045,-1.27753255893531],[-0.000583626585940911,-1.29046423234217],[-0.0448659646029156,-1.27664604939658],[-0.0471161137732186,-1.27586297918033],[-0.00745847882116452,-1.28851446000137],[-0.00774833970255551,-1.28843339954225],[-0.00875438961602104,-1.28814785314449],[-0.0106237536991416,-1.28759933232268],[-0.000650203820718953,-1.2904979402171],[-0.0508174699804212,-1.27455284218428],[-0.0517907593852949,-1.2742083377313],[-0.0531668759002987,-1.2737169499767],[-0.0465618912032139,-1.27607035889439],[3.72151600758208e-05,-1.29064500494204],[-0.00144089281508802,-1.29023948726623],[-0.0309357509203176,-1.28131687045053],[-0.000767278695404883,-1.29041146756004],[-0.00108361995203082,-1.29032826683507],[-0.0115629744513649,-1.28731586401719],[-0.00179670991570768,-1.29012473968869],[-0.00420986308239679,-1.28943667224643]],"d":[[0.0543851391368155,0.0347517447075212],[0.722686182973332,0.9018083111646]],"df":[0.75312692919245,0.776198202575903],"lambda":[[0,0],[0,0],[0,0],[0,0],[0,0],[0,0],[0,0],[0,0],[0,0],[2.58709734468699,0],[0,0],[5.17419468937398,0],[0,0],[8.70754318555177,0],[1.77635683940025e-15,0],[9.801161256612,0],[1.77635683940025e-15,0],[1.77635683940025e-15,0],[7.61606944951892,0],[22.8482083485568,0],[6.17970855207773,0],[0,0],[1.2215997135845,0],[0.190300917770902,0],[-8.32667268468867e-17,0],[7.33449798647742e-17,0],[7.33449798647742e-17,0],[7.33449798647742e-17,0],[7.33449798647742e-17,0],[7.33449798647742e-17,0],[7.33449798647742e-17,0],[7.33449798647742e-17,0],[7.33449798647742e-17,0],[7.33449798647742e-17,0],[7.33449798647742e-17,0],[7.33449798647742e-17,0],[7.33449798647742e-17,0],[7.33449798647742e-17,0],[7.33449798647742e-17,0],[0.107513706999142,0],[0.322541120997425,0],[0.752595948993991,0],[1.61270560498712,0],[3.33292491697339,0],[6.77336354094592,0],[0,0]],