{"prog":[1.43258361792019,1.22505172234146,1.22505172234146,1.22505172234146,1.22505172234146,1.22505172234146,1.22505172234146,1.22505172234146,1.22505172234146,1.22505172234146,1.22505172234146,0.823348691165087,0.807866135821235,0.783007772385418,0.760082261894817,0.70514211328116,0.70514211328116,0.685568958511184,0.685568958511184,0.668017412314503,0.668017412314503,0.640673345021861,0.640673345021861,0.640673345021861,0.640673345021861,0.640673345021861,0.640673345021861,0.640673345021861,0.640673345021861,0.640673345021861,0.640673345021861,0.640673345021861,0.640673345021861,0.640673345021861,0.623976347242712,0.623976347242712,0.604209004196361,0.604209004196361,0.604209004196361,0.604209004196361,0.604209004196361,0.604209004196361,0.604209004196361,0.604209004196361,0.604209004196361,0.604209004196361,0.604209004196361,0.604209004196361,0.604209004196361,0.604209004196361],"mei":["Inf",0.0214575127666018,0.0234430574992248,0.0316696094374224,0.0905146678350911,0.343429903398129,0.181920234397035,0.0763489241331964,0.032494576387867,0.0405246794486289,0.15865742255643,0.0198788706440765,0.0499477766586527,0.0640474705574641,0.131434521611422,0.0284679450659095,0.0501690982783996,0.0350938719482491,0.169707043989839,0.117187643677027,0.014774383002453,0.0166187480879588,0.00874982122147761,0.0307531185391162,0.055025769636861,0.000335157141443415,0.14115850576601,0.00564602509455874,0.00182189011270218,6.74950695093409e-06,0.0116070334457945,"Inf",0.0232940130053297,0.00385091576531788,0.0150973152118962,0.035708161821085,0.0368069932942779,0.0833692594749032,"Inf",0.0938293400444758,0.0727360107769236,0.0201792409603059,0.117540947229816,0.0309530805991365,0.0709040524858736,0.0438579593718976],"obj":[1.43258361792019,1.22505172234146,0.870148939958343,0.693606732812153,1.2915382041809,0,0.895325578025319,0.534743016621482,1.22654078426395,1.23649276640602,0.833735315267367,0.823348691165087,0.807866135821235,0.783007772385418,0.760082261894817,0.70514211328116,0.694145497199375,0.685568958511184,0.704953418980957,0.668017412314503,0.715571073769172,0.640673345021861,0.6156163657318,0.600662476644326,0.715262017477881,0.642579364867967,0.649308445378725,0.699127386879178,0.700551213285972,0.378812685807706,0.603371673097867,0.735631550817406,0.651516769923385,0.757819755671139,0.623976347242712,1.22802157554867,0.604209004196361,0.622766937112795,0.655769480900208,0.692937646489761,0.657188402825224,0.661850112338617,1.29153865475365,0.654545952803477,0.647097391612621,0.694048168676778,0.6158100360081,0.677626923235247,0.668405862462385,0.660015732797007],"X":[[0.721120116939098,0.711463500981094],[0.28003090296407,0.945020819377392],[0.301731796502539,0.568417143455804],[0.479500730177271,0.214106002634882],[0.963198610260896,0.328339593920004],[0,0],[0.299284793361777,0.596040784663541],[0.478924491998684,0.0558185246227987],[0.281769716289346,0.944771067974603],[0.293386404857315,0.943106361548707],[0.305822202244907,0.52791311302246],[0.307009744240719,0.516338946924368],[0.308664128741055,0.49920200708018],[0.311052731058119,0.471955041327299],[0.312889649655996,0.447192612238821],[0.315769815515452,0.389372297765708],[0.314413167820249,0.379732329379126],[0.305130927699739,0.380438030811444],[0.322288864617149,0.382664554363808],[0.287063813961968,0.380953598352535],[0.334822807733959,0.380748266035213],[0.257321297793056,0.383352047228804],[0.226852448041568,0.388763917690231],[0.204003164552026,0.396659312092299],[0.333239538843922,0.382022478633959],[0.25878549981412,0.383793865053847],[0.26646428911255,0.382844156266174],[0.318325087924624,0.380802298954553],[0.319474738191903,0.38107647509407],[0,0.378812685807706],[0.20690226688856,0.396469406209307],[0.353589075493186,0.382042475324221],[0.269012899633754,0.382503870289631],[0.687707340788736,0.0701124148824023],[0.23662302489497,0.387353322347742],[0.283498756646095,0.944522818902577],[0.20836644690338,0.395842557292981],[0.23482640238531,0.387940534727485],[0.27360776047724,0.382161720422968],[0.311975813478452,0.380961833011308],[0.27512238632225,0.382066016502974],[0.279978748600562,0.381871363738055],[0.963199641133433,0.328339013620213],[0.272401722910156,0.382144229893321],[0.264257110999765,0.382840280612856],[0.313067027744641,0.380981140932138],[0.225867388741939,0.38994264726616],[0.296673049203789,0.380953874031457],[0.28733130565148,0.381074556810905],[0.278334541349614,0.381681191447392]],"C":[[-0.930487816361133,-0.473805463717467],[-1.13305806975392,-0.528518344328411],[0.203317711300571,-1.08585987400489],[1.06612908827695,-1.22423766939518],[-0.615501648248218,-0.464441548255925],[1.5,-1.5],[0.30886932890092,-1.05516399548007],[0.572394362250145,-1.26751562327274],[-1.13602877556133,-0.52801345610035],[-1.15499407278555,-0.52447480825126],[0.0210149905356287,-1.12778052571301],[-0.0283474469042327,-1.13913910883028],[-0.0929480251922045,-1.15552381175565],[-0.164657622776802,-1.18050463746703],[-0.186099004246581,-1.20211883469717],[-0.0456274919817288,-1.24867863734199],[0.00293611270736938,-1.25694771792554],[-0.000744213309242847,-1.26216202167341],[-0.0122201642332396,-1.24969772657734],[-0.000715598081246493,-1.27246872261586],[0.000301138817924984,-1.24292444533233],[-2.69407853913384e-05,-1.28682695758758],[0.0012628312697241,-1.29740058311969],[0.00270677889786652,-1.30104409898322],[-0.00725401730161868,-1.24301023556946],[-0.00249766297794901,-1.28573233423299],[-0.00225695113243307,-1.28242713464058],[-0.00255381782083103,-1.25365874750871],[-0.00394113722850237,-1.25271661178709],[0.24294839951535,-1.35650094907115],[0.00015908816823329,-1.30000346189641],[-0.0010409920003801,-1.22901831274002],[-0.00189771988385756,-1.28132284904409],[0.238089551194854,-1.02214286270464],[-0.00170157602442411,-1.29396694775572],[-1.13894989537723,-0.527505099552448],[-2.19731088287323e-05,-1.29989209364061],[-0.00228004576078639,-1.29435870225813],[-0.00219486699178961,-1.27909121284999],[-0.00362103501886563,-1.25753917359312],[-0.00231587447187059,-1.2783332315779],[-0.00304011034944379,-1.2757861618889],[-0.615500213464045,-0.464439943455331],[-0.00167754068018816,-1.27976308891482],[-0.00127457284270482,-1.28360149882633],[-0.00371393977980938,-1.25684240639318],[-0.00135227612673117,-1.29692865454596],[-0.0024942164263323,-1.26685924773655],[-0.00134379594060219,-1.27222290294399],[-0.00168027960576966,-1.276849351187]],"d":[[0.131846865016519,0.047882848076902],[0.648936691291641,0.640797456444112]],"df":[0.56836535819299,0.63607641725074],"lambda":[[0,0],[0,0],[0,0],[0,0],[0,0],[0,0],[0,0],[1.24555581906123,0],[0,0],[0,0],[0,0],[0,0],[0,0],[0.348046054256682,0],[0.171608341114974,0],[0,0],[0,0],[0,0],[0,0],[0.299391395647901,0],[1.58283492665834,0],[4.14972198867922,0],[9.28349611272099,0],[14.0737584430874,0],[0,0],[9.58052466073284,0],[0,0],[2.41385869281309,0],[7.24157607843927,0],[16.8970108496916,0],[36.2078803921963,0],[74.8296194772058,0],[0,0],[0,0],[0,0],[0,0],[0,0],[0,0],[0,0],[0,0],[0,0],[0,0],[0,0],[0,0],[0,0],[0,0]],"rho":[0.0168719781273774,0.0168719781273774,0.0168719781273774,0.0168719781273774,0.0168719781273774,0.0168719781273774,0.0168719781273774,0.0084359890636887,0.0084359890636887,0.0084359890636887,0.0084359890636887,0.0084359890636887,0.0084359890636887,0.00421799453184435,0.00421799453184435,0.00421799453184435,0.00421799453184435,0.00421799453184435,0.00421799453184435,0.00210899726592218,0.00105449863296109,0.000527249316480544,0.000263624658240272,0.000131812329120136,0.000131812329120136,6.5906164560068e-05,6.5906164560068e-05,3.2953082280034e-05,1.6476541140017e-05,8.2382705700085e-06,4.11913528500425e-06,2.05956764250213e-06,2.05956764250213e-06,2.05956764250213e-06,2.05956764250213e-06,2.05956764250213e-06,2.05956764250213e-06,2.05956764250213e-06,2.05956764250213e-06,2.05956764250213e-06,2.05956764250213e-06,2.05956764250213e-06,2.05956764250213e-06,2.05956764250213e-06,2.05956764250213e-06,2.05956764250213e-06]}
