{"prog":[1.07051377316716,1.07051377316716,1.07051377316716,1.07051377316716,1.07051377316716,1.07051377316716,1.07051377316716,1.07051377316716,0.93559455185965,0.93559455185965,0.93559455185965,0.93559455185965,0.93559455185965,0.611971334967405,0.611971334967405,0.611971334967405,0.611971334967405,0.611971334967405,0.611971334967405,0.611971334967405,0.611971334967405,0.611971334967405,0.60547273788058,0.602051669685323,0.600407051414524,0.600407051414524,0.600407051414524,0.600407051414524,0.600407051414524,0.600407051414524,0.600407051414524,0.600407051414524,0.600407051414524,0.600407051414524,0.600407051414524,0.600407051414524,0.600407051414524,0.600407051414524,0.600407051414524,0.600407051414524,0.600407051414524,0.600407051414524,0.600407051414524,0.600407051414524,0.600407051414524,0.600407051414524,0.600407051414524,0.600407051414524,0.600407051414524,0.600407051414524],"mei":["Inf",0.164783756613628,0.156758581921718,0.161631910699959,0.0929417033332921,0.0293795855458958,0.0342442532547366,0.14799392713169,0.0902302470113883,0.00225960560387449,0.0321428549581384,0.0978097361263757,0.0121677775690575,0.00373985566171484,0.004159245438698,0.148390106605237,0.0123177782716417,0.000968285330576064,0.0467047988727823,0.206373336302237,0.171465344411453,0.000450427122757641,0.025631023651172,0.165882881063115,8.35198150618007e-05,0.14515508875024,0.00970158093974805,0.0389346516066039,0.124208120335447,0.086622546854777,0.0803730332173034,0.165850336552191,0.203346915098783,0.108523588513852,0.143578892615288,0.174432304268673,0.079332422823246,0.186564461426363,0.143276115183985,0.123837639217875,0.205106577316524,0.0691982881290088,0.103617549401257,0.16601893321173,0.0124081593602469,0.186576188632177],"obj":[1.07051377316716,0.330632018468024,0.849112386724239,0.822383979121778,1.46224594647117,0.0901970799885795,0.461012581673485,0.521678927020148,0.93559455185965,0.495412093178484,1.07400783623311,1.08742592643312,0.573716358127565,0.611971334967405,0.655305221124702,0.692225325462381,0.670002560143617,0.660433564856663,0.475615655921323,0.668693825299501,0.602099182899176,0.61049827648939,0.60547273788058,0.602051669685323,0.600407051414524,0.6230809114163,0.600749736196217,0.647005173930981,0.8236268412425,0.683495857812411,0.711632658462816,0.719619641525903,0.691220644780823,0.616578039521074,0.740960004444494,0.660988306897898,0.600342143039613,0.623103220508397,0.671188906665335,0.629429227533771,0.662011404864192,0.622179017785231,0.673992209115216,0.662922089308663,0.598569952366174,0.721812260294139,0.747886156917973,0.613765953119227,0.789842891382922,0.621937500026566],"X":[[0.101911320500521,0.968602452666639],[0.0679439836572725,0.262688034810752],[0.188192138063766,0.660920248660473],[0.618959514759239,0.203424464362539],[0.886149497503915,0.576096448967256],[0.0144199219160869,0.0757771580724927],[0.0946546457848415,0.366357935888644],[0.105190845644197,0.416488081375951],[0.162942711944554,0.772651839915096],[0.0840677248765822,0.411344368301902],[0.104646692666044,0.969361143567063],[0.11538932447728,0.972036601955839],[0.173534927932505,0.400181430195061],[0.216847863267074,0.395123471700331],[0.266674734254575,0.388630486870127],[0.30995234095049,0.382272984511891],[0.284151801629748,0.385850758513869],[0.275030753003657,0.385402811853006],[0.475615655921323,0],[0.276734687480766,0.391959137818734],[0.208876935064264,0.393222247834913],[0.61049827648939,0],[0.209465407461329,0.396007330419251],[0.201575558467673,0.40047611121765],[0.197420229501772,0.402986821912752],[0.236465804401093,0.386615107015207],[0.200082052217224,0.400667683978993],[0.265037348205618,0.381967825725363],[0.8236268412425,0],[0.289399158036048,0.394096699776363],[0.330242495453935,0.38139016300888],[0.338037168994879,0.381582472531024],[0.30591792540091,0.385302719379914],[0.204145528590586,0.412432510930489],[0.357974658610039,0.382985345834455],[0.261012285065017,0.399976021832881],[0.200553182602559,0.399788960437054],[0.200766912319665,0.422336308188732],[0.252473474892374,0.418715431772961],[0.202302780120983,0.427126447412788],[0.246737758634644,0.415273646229548],[0.191535741109013,0.430643276676218],[0.234600306962717,0.439391902152499],[0.232350147355308,0.430571941953355],[0.195025142483838,0.403544809882336],[0.339833522535915,0.381978737758225],[0.364007358756549,0.383878798161424],[0.197739184615067,0.41602676850416],[0.402598928436461,0.387243962946461],[0.234416941617153,0.387520558409412]],"C":[[-0.761005087062881,-0.551423371442012],[0.841646252139755,-1.42637861145205],[0.47693018137657,-1.02776814408157],[0.548490641654844,-1.07550760638782],[-0.167328193916627,-0.382851949560877],[1.74100595991091,-1.49404988816639],[0.179411568645176,-1.35682236084276],[0.112008284669332,-1.31547256406444],[-0.267025549533242,-0.876458806899971],[0.135144970104676,-1.32372842830038],[-0.762572683440612,-0.549388043056415],[-0.770193632117277,-0.541830148254823],[0.0301433072032399,-1.3097404517145],[-0.00664171335288172,-1.29685444630798],[-0.0250741607213736,-1.27785093078534],[-0.0103243175962986,-1.25779691165168],[-0.021842504681998,-1.27037694578484],[-0.0164507271471781,-1.27582275751804],[0.529959675080142,-1.27378974784253],[-0.0427956200918351,-1.26978594702532],[0.00518800452216234,-1.30174668980582],[0.530893944983634,-1.12729185440348],[-0.00144588355146524,-1.29930243733128],[-0.00147711098009806,-1.29898617857243],[-0.000544638004300713,-1.29862687434813],[0.000811318534837513,-1.29461268237656],[-0.000157133492256822,-1.29943257939545],[0.00199567605690465,-1.28385578416677],[1.12657060411253,-0.821638826384902],[-0.0572469568938266,-1.26093591855341],[-0.00428988093429267,-1.24548143775642],[-0.00366192911562446,-1.24012568903504],[-0.0248712278582747,-1.25795603735685],[-0.018178017944586,-1.28822402708404],[-0.00481030290431927,-1.22517636866909],[-0.0577075054397506,-1.27189176900388],[0.000732644066645693,-1.29994720806064],[-0.0165516420211821,-1.28132468970314],[-0.0843765047857393,-1.26093453167095],[-0.0174955936951965,-1.27663658307585],[-0.0734721347361145,-1.26666827721117],[0.00110622008586203,-1.27786042813139],[-0.0606613454748492,-1.25189745229581],[-0.0615955293284252,-1.26062121182648],[0.00146447366460839,-1.29911678021619],[-0.00545679810262178,-1.23860542086147],[-0.00735235886981905,-1.22013571109322],[-0.0116941569600131,-1.28782094275575],[-0.00157677477393781,-1.18795621598333],[-0.000654477095889616,-1.29487651429292]],"d":[[0.138499718141472,0.0361159463444544],[0.69730692191901,0.722177034193472]],"df":[0.703462218747071,0.898030064918334],"lambda":[[0,0],[0,0],[0,0],[1.68874114637588,0],[3.79733425979069,0],[0,0],[4.21718622682963,0],[0,0],[0,0],[2.26983102801507,0],[1.26957137197225,0],[0.269311715929425,0],[1.11022302462516e-16,0],[-1.96046769943072e-17,0],[-1.96046769943072e-17,0],[-1.96046769943072e-17,0],[-1.96046769943072e-17,0],[0.781327248432838,0],[2.34398174529851,0],[1.47296614614496,0],[0.583138812510394,0],[0.255043097501368,0],[0,0],[0,0],[0,0],[0,0],[0,0],[0,0],[0,0],[0,0],[0,0],[0,0],[0,0],[0,0],[0,0],[0,0],[0,0],[0,0],[0,0],[0,0],[0,0],[0.882214480641136,0],[0.226023050623084,0],[1.99045201190536,0],[0.678069151869253,0],[0,0]],