{"prog":[1.15989300746934,1.15989300746934,1.15989300746934,1.15989300746934,1.15989300746934,1.11998348617672,1.03506747776425,0.860976071766231,0.663646526860509,0.663646526860509,0.663646526860509,0.663646526860509,0.663646526860509,0.628369381386958,0.628369381386958,0.628369381386958,0.628369381386958,0.628369381386958,0.628369381386958,0.628369381386958,0.628369381386958,0.628369381386958,0.628369381386958,0.628369381386958,0.628369381386958,0.628369381386958,0.628369381386958,0.628369381386958,0.628369381386958,0.628369381386958,0.628369381386958,0.625789872249189,0.625789872249189,0.625789872249189,0.625789872249189,0.625789872249189,0.625789872249189,0.601126163372044,0.601126163372044,0.600622188319214,0.600622188319214,0.600622188319214,0.600064197379863,0.600064197379863,0.600064197379863,0.600064197379863,0.600064197379863,0.600064197379863,0.600064197379863,0.600064197379863],"mei":["Inf",0.232867403860951,0.376819000595082,0.330532772483697,0.409540923339142,0.0818485890406698,0.130786646221113,0.168601458097666,0.0543837614018787,0.10371573511399,0.217322049563409,0.214301499962635,0.02886941741602,0.132294008954146,0.217041159578036,0.0334189150827749,0.116448314158594,0.26043774396858,0.0389563046606103,0.169314606079323,0.0306825733493257,0.0363169553231668,0.167621251900048,0.213762477718753,0.0651167956655177,0.0204265736681412,0.242842692166705,0.22900720669664,0.090936983597571,0.21305830973377,0.211180442542149,0.151875029510167,0.13945268162277,0.000273262609350551,0.229898974575837,0.227820740351508,0.186580629821461,0.207345954990757,0.164237857440607,0.138668370480496,0.186807295797627,0.186305555308902,0.185701669862867,0.207135980752609,0.186412994667421,0.0573494672914908],"obj":[1.15989300746934,0.815499824703555,0.506597496240073,1.58981999778883,0.971189614960735,1.11998348617672,1.03506747776425,0.860976071766231,0.663646526860509,0.553675770661313,0.601355842118861,0.544444983149837,0.666503363192869,0.628369381386958,0.680950206079033,0.6314689674383,0.125242865546879,0.688288058536693,0.666053381001449,0.684918008003941,0.64356800126767,0.593937686022834,0.711360952031069,0.71769712100296,0.751803511508998,0.755912368314412,0.71731882600187,0.677652034989842,0.801832540679931,0.6360607505881,0.605419497209429,0.625789872249189,0.725420511702715,0.663032849905009,0.643645340839512,0.634429714206876,0.741495323480559,0.601126163372044,0.612845844482215,0.600622188319214,0.653449669418648,0.623118259471078,0.600064197379863,0.630848356608614,0.621815999482294,0.625677812404537,0.640584412237997,0.604135138139297,0.62186439940252,0.733852797558382],"X":[[0.511167609456733,0.648725398012606],[0.197989589608738,0.617510235094817],[0.446136886772266,0.0604606094678074],[0.710398953955248,0.879421043833583],[0.874549005360936,0.0966406095997991],[0.494222820318774,0.625760665857948],[0.456218655634035,0.57884882213022],[0.364847622077948,0.496128449688283],[0.258612484254425,0.405034042606084],[0.214809752114506,0.338866018546807],[0.217846358234973,0.383509483883887],[0.145492589574435,0.398952393575403],[0.272895591662403,0.393607771530466],[0.207670157530623,0.420699223856335],[0.300153050004606,0.380797156074427],[0.194520708445797,0.436948258992504],[0.125242865546879,0],[0.307954508182488,0.380333550354205],[0.211403055691303,0.454650325310146],[0.304005868008986,0.380912139994955],[0.23970576182393,0.403862239443739],[0.199956322489304,0.39398136353353],[0.329306496984535,0.382054455046534],[0.240634413105142,0.477062707897818],[0.262461027686887,0.489342483822111],[0.2652946114501,0.490617756864312],[0.335757373640026,0.381561452361843],[0.289671309398663,0.38798072559118],[0.291616776716102,0.510215763963829],[0.251942712909775,0.384118037678325],[0.211954940704911,0.393464556504517],[0.226397275151339,0.399392597097849],[0.343458979374562,0.381961532328153],[0.24919199539177,0.413840854513239],[0.246591928081754,0.397053412757758],[0.249160171061999,0.385269543144878],[0.359278440209878,0.382216883270681],[0.199272013551507,0.401854149820537],[0.222276225139567,0.390569619342648],[0.194616901878827,0.406005286440387],[0.270947433772858,0.38250223564579],[0.236198526803609,0.386919732667469],[0.194235705994469,0.405828491385394],[0.24578814890813,0.385060207700485],[0.234027726010352,0.387788273471942],[0.23869719034269,0.386980622061847],[0.199847783699278,0.44073662853872],[0.20812099165112,0.396014146488177],[0.233772551526609,0.388091847875911],[0.351682400913684,0.382170396644698]],"C":[[-0.195997910968489,-0.817863033015675],[0.538297323215354,-1.07948123195971],[0.697265960580061,-1.29730639296393],[-0.469413099237349,-0.221951953881941],[0.649468704179617,-0.725824629798377],[-0.222927981252768,-0.864167392941175],[-0.269732335992861,-0.956798579369931],[-0.244071491656753,-1.12074277407397],[-0.0682226121277305,-1.26906700731793],[0.239575276358241,-1.33902659187074],[0.0242507888007037,-1.30546343997487],[0.0636413408956926,-1.31966889403938],[-0.0464741348555343,-1.27060091824205],[-0.0262467736142403,-1.27988526871788],[-0.00215507681411459,-1.26490167249856],[0.00291355397701787,-1.27123791294917],[1.32555855579616,-1.48431422462961],[-0.000315878508026946,-1.26051041136505],[0.00343038661234341,-1.24860182973976],[-0.00307947278919346,-1.26248637382057],[-0.0474295443368626,-1.2794364392999],[0.0121212140157456,-1.30479615428481],[-0.00812836519563226,-1.24559162442287],[0.00182531534258973,-1.21450625196274],[-0.00959187040352055,-1.19165814247235],[-0.0121736593982202,-1.18891298578497],[-0.00410752625421829,-1.24167784411787],[-0.0328554130797143,-1.26556148908101],[-0.00949378674340884,-1.15463952974052],[-0.000115563285703557,-1.28897820254182],[0.00174680265563626,-1.30026074588548],[-0.0251222311462175,-1.28922982718748],[-0.00429891434975693,-1.23614131730851],[-0.07447835128059,-1.26663909656842],[-0.0379484962496093,-1.28154100842234],[-0.00276362881332204,-1.28948658828129],[0.000500277292329099,-1.2248292565432],[-0.00104740361132027,-1.29880390688714],[-0.000125582236972122,-1.29804865218424],[-0.000889534975121786,-1.29728396888555],[-0.0026579580311249,-1.28027952785788],[3.31008440995761e-06,-1.29450337640834],[-0.000251797511796714,-1.29757572609669],[2.83314164203352e-05,-1.29131682230197],[-0.00121697076505006,-1.29485127841607],[-0.00193911575999456,-1.29326964947113],[-0.00088297042250951,-1.26581208761481],[-0.000132961028406431,-1.2998584486154],[-0.00198012435845846,-1.294735111765],[-0.00259872895171925,-1.23026527681602]],"d":[[0.128644847116463,0.0409002632410212],[0.584794079568352,0.616294930692527]],"df":[0.564566838714981,0.620130285685642],"lambda":[[0,0],[0,0],[0,0],[0,0],[0,0],[0,0],[0,0],[0.194146405774451,0],[1.21314316461033,0],[1.98972878770814,0],[0.308722267958943,0],[1.11022302462516e-16,0],[1.55317124619561,0],[0,0],[0,0],[0,0],[0,0],[0,0],[1.55263577056867,0],[0,0],[3.10527154113733,0],[0,0],[0,0],[0,0],[0,0],[0,0],[0,0],[0.895008794908522,0],[2.68502638472557,0],[6.26506156435966,0],[-8.88178419700125e-16,0],[7.16007035926818,0],[-8.88178419700125e-16,0],[14.3201407185364,0],[1.77635683940025e-15,0],[1.77635683940025e-15,0],[-1.28273851532768e-18,0],[-1.28273851532768e-18,0],[-1.28273851532768e-18,0],[-1.28273851532768e-18,0],[-1.28273851532768e-18,0],[-1.28273851532768e-18,0],[-1.28273851532768e-18,0],[-1.28273851532768e-18,0],[-1.28273851532768e-18,0],[-1.28273851532768e-18,0]],