{"prog":[1.59071816952217,0.870236758722513,0.870236758722513,0.870236758722513,0.870236758722513,0.870236758722513,0.863088002595758,0.863088002595758,0.707663641063114,0.707663641063114,0.707663641063114,0.707663641063114,0.707663641063114,0.707663641063114,0.704403018745357,0.668292475595925,0.668292475595925,0.649462201942041,0.649462201942041,0.629557673471369,0.629557673471369,0.629557673471369,0.629557673471369,0.629557673471369,0.616855784833054,0.616855784833054,0.600210927368441,0.600210927368441,0.600210927368441,0.600210927368441,0.600210927368441,0.599885312126748,0.599885312126748,0.599885312126748,0.599885312126748,0.599885312126748,0.599885312126748,0.599885312126748,0.599885312126748,0.599885312126748,0.599885312126748,0.599885312126748,0.599885312126748,0.599885312126748,0.599885312126748,0.599885312126748,0.599885312126748,0.599885312126748,0.599885312126748,0.599885312126748],"mei":["Inf",0.0455489793050354,0.136750086300625,0.0840148957834571,0.039776788008034,0.0185635205370351,0.0847361338307368,0.116584043813203,0.0564002072344069,0.0190143672380022,0.0943302581862205,0.0102148455475707,0.036628114326691,0.0155573788131141,0.0339469753089506,0.00374110795371262,0.0517192972298579,0.00505643809853742,0.0178586225087478,0.000309768714092694,0.00792538572540026,0.00984895975147357,0.0782678277427503,0.010833393444301,0.0020900183884472,0.00121666719160849,0.0103704405927843,0.0438643211331286,0.00125387397242554,0.000474658318556404,0.0428898263267511,0.0329668364002985,0.00419561782989253,0.00115215753669977,0.000219957871049897,0.0566702920756948,0.0225897594230164,0.126625355953234,0.0330938672404731,0.00978531132716905,0.00722694786669018,0.00282916195033216,0.00246371709077057,0.00306834383275103,0.0166511356408346,0.129916664327769],"obj":[1.59071816952217,0.870236758722513,0.650144705043674,1.21942522519255,0.126738420954612,1,0.863088002595758,0.824761720564473,0.707663641063114,0.859416208907944,0.851520353561464,0.693420653549164,0.715882053958233,0.682042188367089,0.704403018745357,0.668292475595925,0.716854348971909,0.649462201942041,0.707452464508027,0.629557673471369,0.611143807675344,0.599373109201256,0.710876066690387,0.562868359336044,0.616855784833054,0.864053585196125,0.600210927368441,0.601128392958978,0.691541963505616,0.600626381190216,0.863444896353637,0.599885312126748,0.664469500178156,0.698931504588017,0.663382066365779,0.606508807219844,0.631475433590681,0.619785656242418,0.386633336562193,0.630925109602859,0.723074649056878,0.689056978290428,0.864045878985327,0.737715346467919,0.629637891611197,0.613776115954651,0.626762652810812,0.738247503154712,0.703054309537338,0.632839847181886],"X":[[0.972741079035388,0.617977090486786],[0.716942861456644,0.15329389726587],[0.320179059556727,0.329965645486947],[0.514234637067242,0.705190588125305],[0.0678155084158796,0.0589229125387322],[0,1],[0.716086596322848,0.14700140627291],[0.711525926454477,0.113235794109996],[0.31829513676776,0.389368504295354],[0.713403050530826,0.146013158377118],[0.725664649966227,0.125855703595237],[0.313626052096796,0.379794601452367],[0.322179761983829,0.393702291974404],[0.302169401099417,0.379872787267672],[0.323240276884902,0.381162741860455],[0.287093899121112,0.381198576474813],[0.3175282112779,0.399326137694008],[0.266883615369522,0.382578586572519],[0.326279997848743,0.381172466659284],[0.244164497957217,0.385393175514152],[0.220225311690921,0.390918495984423],[0.199974615301882,0.399398493899374],[0.319154875344248,0.391721191346138],[0.562868359336044,0],[0.226531354572302,0.390324430260753],[0.716290987288341,0.147762597907783],[0.19781754891502,0.402393378453421],[0.201065343480701,0.400063049478277],[0.311024621289309,0.380517342216307],[0.19993332282413,0.400693058366086],[0.716312721470659,0.147132174882977],[0.196382345780265,0.403502966346483],[0.282813508280779,0.381655991897377],[0.318509007125549,0.380422497462468],[0.281601211527157,0.381780854838622],[0.212227875501315,0.394280931718529],[0.246201968208424,0.385273465382257],[0.230924512175469,0.388861144066949],[0.0103781728735088,0.376255163688684],[0.245043099723021,0.385882009879838],[0.341312507079191,0.381762141977687],[0.308683494574123,0.380373483716305],[0.716320531878874,0.147725347106453],[0.355025457275633,0.382689889192287],[0.244288678006882,0.385349213604315],[0.223379061412665,0.390397054541987],[0.239916473658025,0.386846179152787],[0.355453376058205,0.382794127096507],[0.321943091500368,0.38111121803697],[0.248144899189883,0.384694947992003]],"C":[[-0.224192634021812,-0.171879108790557],[-0.0057423812014793,-0.962493914467401],[0.343397167728136,-1.28860804261975],[-0.0277277550189819,-0.738268972459808],[1.64084332408851,-1.49192914719625],[-0.5,-0.5],[-0.000498713177577326,-0.965610573120545],[0.0707400833256812,-0.980908510915377],[-0.0459425219106635,-1.24708037377279],[0.0053335399647797,-0.969736245074051],[0.0287198512782196,-0.957571157661941],[0.0025663781620372,-1.25739476015381],[-0.0667032712729186,-1.24119870626214],[0.00231490306054377,-1.26439031853271],[-0.00405699656764191,-1.25023068761679],[-0.00187012323363417,-1.27226473838101],[-0.0895560512174339,-1.23971447079704],[-0.00133221596290872,-1.28240676094347],[-0.00372385290417232,-1.2482489136647],[-0.00014347280823207,-1.29185579820442],[0.000675280729066585,-1.29868354158791],[0.00199374466885455,-1.30049099630578],[-0.0571052402729007,-1.24469467379436],[0.480556064837422,-1.18317921005835],[-0.00297034003280255,-1.29633038453726],[-0.00145788025633886,-0.965093436189036],[-0.000187430365255759,-1.2989477863181],[-0.000263323292667372,-1.29952228409313],[-0.00130409258726488,-1.25847023722448],[-3.44583701320511e-05,-1.29947173940173],[-0.00102452777053263,-0.965248208173503],[-3.60677078927729e-05,-1.29861933041543],[-0.00289204890243366,-1.27435522338275],[-0.000499889821122534,-1.25383073580432],[-0.00311510782245222,-1.27494413654513],[-0.000375519999608331,-1.29950187574337],[-0.000986933759666964,-1.29094894772265],[-0.00219065664419976,-1.29546088031147],[0.237168471819324,-1.35832434532541],[-0.00241262653529639,-1.29104895372923],[-0.00379093541774411,-1.23776343946393],[-0.000537644765044032,-1.26003051306303],[-0.00148711177173616,-0.965062117431044],[-0.00433024543642252,-1.22750537339622],[-6.6761606696164e-05,-1.29182902537219],[-0.000575418586864052,-1.29769193472734],[-0.00233093752733121,-1.29279011934239],[-0.00477426429037864,-1.22712155370925],[-0.00391396767077928,-1.25110688532156],[-7.28699602975946e-05,-1.29043390599547]],"d":[[0.111774533734766,0.0202456096918122],[0.621143479039876,0.599607018642303]],"df":[0.626196494939295,0.50686931958296],"lambda":[[0,0],[0,0],[0,0],[0,0],[1.04409392506329,0],[0,0],[0,0],[0,0],[0.0757573280218451,0],[0.227271984065535,0],[0.500607960953957,0],[1.0472799147308,0],[0.164008438391648,0],[0,0],[0,0],[0,0],[0,0],[0.318939520015984,0],[2.202256902989,0],[5.96889166893504,0],[8.52040782906292,0],[-1.77635683940025e-15,0],[5.10303232025575,0],[2.27024539023463,0],[0,0],[0,0],[0,0],[0,0],[0,0],[0,0],[0,0],[0,0],[0,0],[0,0],[0,0],[0,0],[0,0],[0,0],[0,0],[0,0],[0,0],[0,0],[0,0],[0,0],[0,0],[0,0]],