{"prog":[1.00844873346585,1.00844873346585,1.00844873346585,1.00844873346585,0.683422986283764,0.683422986283764,0.63684685719856,0.63684685719856,0.614629345644012,0.614629345644012,0.614629345644012,0.614629345644012,0.614629345644012,0.614629345644012,0.614629345644012,0.614629345644012,0.614629345644012,0.614629345644012,0.614629345644012,0.614629345644012,0.614629345644012,0.614629345644012,0.614629345644012,0.614629345644012,0.614629345644012,0.614629345644012,0.614629345644012,0.614629345644012,0.614629345644012,0.614629345644012,0.614629345644012,0.614629345644012,0.614629345644012,0.614629345644012,0.614629345644012,0.614629345644012,0.614629345644012,0.614629345644012,0.614629345644012,0.601214363655315,0.601214363655315,0.601214363655315,0.601214363655315,0.600193259205595,0.600193259205595,0.600193259205595,0.600021705821201,0.600021705821201,0.599998091971689,0.599998091971689],"mei":["Inf",0.249893779576985,0.142355093759001,0.127575904003641,0.0878340630615526,0.114257055235067,0.109701672143583,0.0566498526952484,0.209795472252702,0.155476162519137,0.10975542285044,0.0531038319092774,0.189942676480221,0.14928323324821,0.0124233513947186,0.215130514788995,0.0409573110324011,0.127331985257609,0.000954653968549584,0.172126190642105,0.000489298630665937,0.17109515573143,0.170610860299258,0.00325488931722017,0.21245087172859,0.000542159373805008,0.170553037098075,0.192295240732295,0.00934493221433701,0.00151758266051769,0.0071002255115452,0.169828942453521,0.190990163666554,0.0006751191142274,0.165851604455636,0.207515172143363,0.12353700421227,0.0135657310523597,0.00505114314462357,0.0680816736704239,0.165696889239821,0.203422162353941,0.137099561670427,0.185818602464559,0.165303527854846,0.181603469238437],"obj":[1.00844873346585,1.3137490391903,1.02518848892888,1.51752857128101,0.683422986283764,0,0.63684685719856,0.524838063932121,0.614629345644012,0.624822948863874,0.579306297481891,0.32260849191255,0.618203112291689,0.592679980510475,0.6882277834257,0.725645573595013,0.662002938949547,0.625291269480272,0.627955565516709,0.648206981473575,0.761390347178851,0.728305667844171,0.681750189367618,0.696376081579505,0.733572667927861,0.708441048677799,0.69078762861817,0.672217269742117,0.63721368341224,0.764353129407336,0.687765337214464,0.670633427293183,0.701245930427469,0.76418783879518,0.722402617038608,0.681080612101228,0.599893779451778,0.764767656398112,0.635493621884842,0.601214363655315,0.601734402627587,0.602262820470435,0.709308282642195,0.600193259205595,0.615447765796613,0.600786608622809,0.600021705821201,0.620262040060022,0.599998091971689,0.600597803993475],"X":[[0.0599023063247796,0.948546427141071],[0.465031696871163,0.848717342319134],[0.949519805547204,0.075668683381674],[0.853381760370308,0.664146810910699],[0.255070209762796,0.428352776520968],[0,0],[0.234232468636405,0.402614388562155],[0.183525620005528,0.341312443926593],[0.2244003014918,0.390229044152212],[0.231307101259723,0.393515847604151],[0.151978653059157,0.427327644422734],[0.32260849191255,0],[0.183653745616632,0.434549366675057],[0.188779125672064,0.403900854838411],[0.302788353462564,0.385439429963136],[0.294377888601731,0.431267684993282],[0.214460124543614,0.447542814405932],[0.238018654591107,0.387272614889165],[0.240945797393564,0.387009768123145],[0.207784525157328,0.440422456316246],[0.331225993495625,0.430164353683225],[0.345495478188965,0.382810189655206],[0,0.681750189367618],[0.29226687506418,0.404109206515325],[0.287341115033643,0.446231552894218],[0.276410684584656,0.432030364093143],[0.276486743193356,0.414300885424813],[0.289915848218778,0.382301421523339],[0.241031600172987,0.396182083239253],[0,0.764353129407336],[0.228066133746655,0.459699203467809],[0.250577587262395,0.420055840030787],[0.288052200943177,0.413193729484293],[0,0.76418783879518],[0.340872399011321,0.381530218027287],[0.300617568307129,0.380463043794099],[0.192320855466568,0.407572923985211],[0,0.764767656398112],[0.22696761305864,0.408526008826203],[0.192875512315616,0.408338851339699],[0.202949277840563,0.398785124787024],[0.203999063686846,0.39826375678359],[0.328644980950376,0.38066330169182],[0.19730370816672,0.402889551038875],[0.22583028572213,0.389617480074483],[0.196661666882797,0.404124941740012],[0.195004247605473,0.405017458215728],[0.231910208168832,0.38835183189119],[0.196747295927299,0.403250796044389],[0.191985847132386,0.408611956861089]],"C":[[-0.767147283566062,-0.596671389254881],[-0.603479942536258,-0.563424393751872],[0.899142208397305,-0.592686389228884],[-0.975652365052873,-0.330648584624423],[-0.0947564991052288,-1.25145308693834],[1.5,-1.5],[-0.0394599385971726,-1.28303680475922],[0.231301301180599,-1.34982416242244],[-0.0009560329668587,-1.29736579779044],[-0.0156635316730445,-1.29164230259121],[0.0575913240442452,-1.29429357332644],[0.87323622385212,-1.39592376094591],[0.0174694305800933,-1.27743814964329],[0.00825977320756838,-1.30122654117129],[-0.0250023234546711,-1.25975565883712],[-0.150318914353128,-1.22734984258292],[-0.015723468353008,-1.25371228425435],[-0.00242375799162137,-1.29336704182355],[-0.0035758448349032,-1.29216856209565],[-0.014669397302135,-1.26285365107751],[-0.191550930835145,-1.20524797005313],[-0.0085942358033283,-1.23408923324712],[0.514654032986015,-1.03521667929722],[-0.0932003068629533,-1.25127582294977],[-0.14481011233343,-1.21831248481284],[-0.126540359649577,-1.23694689794899],[-0.105042601255149,-1.25190985717455],[-0.00766739129410904,-1.26979442405282],[-0.0309550486335919,-1.28494352463826],[-0.118401448696651,-0.915764293565212],[-0.0175247335303289,-1.23666248096891],[-0.0833394689961031,-1.26076396401779],[-0.114011543520876,-1.24629687144665],[-0.117048970588521,-0.916016947037552],[-0.00257693744463339,-1.23824070032432],[-0.000534556589922019,-1.26487694993204],[0.000338545006438151,-1.29689700018675],[-0.121791572973965,-0.91513043172734],[-0.0416387952631219,-1.281592202735],[-0.00100221617385793,-1.29605841923556],[-0.000117613164910713,-1.29978201487259],[-0.000288474989767085,-1.29977036204751],[-0.00052063153122095,-1.24708792724121],[-0.000283108153356026,-1.29875125640736],[-0.000397420900499823,-1.29719890127107],[-0.00113483178049745,-1.29800722024251],[-0.000266300687664145,-1.29793420195629],[-0.00139437650626245,-1.29540051001385],[-0.000127832316865806,-1.29867929703486],[-0.000137020711461711,-1.29617770321101]],"d":[[0.19567374538922,0.0419066411326914],[0.589255479204766,0.675483343034528]],"df":[0.537532843120943,0.689653909235134],"lambda":[[0,0],[0,0],[0,0],[0,0],[0.391057737164354,0],[0.387825035171187,0],[0.38459233317802,0],[0.579329956754611,0],[0.572864552768278,0],[0.566399148781944,0],[0.622257861267447,0],[0.733975286238453,0],[0.957410136180465,0],[1.40427983606449,0],[2.29801923583253,0],[2.09112630826987,0],[1.8842333807072,0],[1.67734045314453,0],[1.47044752558186,0],[3.25792632511795,0],[2.84414046999261,0],[2.43035461486728,0],[2.01656875974194,0],[1.6027829046166,0],[1.18899704949126,0],[0.775211194365924,0],[4.35016879343811,0],[3.52259708318744,0],[2.69502537293676,0],[1.86745366268608,0],[1.03988195243541,0],[0.21231024218473,0],[2.77555756156289e-17,0],[0.293055030199869,0],[0.879165090599608,0],[2.05138521139909,0],[-4.44089209850063e-16,0],[2.34444024159895,0],[-4.44089209850063e-16,0],[4.68888048319791,0],[0,0],[0,0],[0,0],[0,0],[0,0],[0,0]],