{"prog":[1.4015576235162,0.842466871706412,0.842466871706412,0.677111103887929,0.677111103887929,0.677111103887929,0.677111103887929,0.677111103887929,0.657759962433086,0.657759962433086,0.657759962433086,0.619620068246665,0.619620068246665,0.619620068246665,0.619620068246665,0.619620068246665,0.619620068246665,0.610322648535852,0.610322648535852,0.610322648535852,0.610322648535852,0.610322648535852,0.610322648535852,0.610322648535852,0.610322648535852,0.610322648535852,0.610322648535852,0.610322648535852,0.610322648535852,0.610322648535852,0.610322648535852,0.610322648535852,0.610322648535852,0.610322648535852,0.610322648535852,0.610322648535852,0.610322648535852,0.600109150147235,0.600109150147235,0.600109150147235,0.600109150147235,0.600109150147235,0.600109150147235,0.600109150147235,0.600109150147235,0.600109150147235,0.600109150147235,0.600109150147235,0.600109150147235,0.600109150147235],"mei":["Inf",0.229138111224436,0.166998075827817,0.25433697271304,0.0974661684312706,0.156854809978438,0.034925693554146,0.0760111983574221,0.0118059597260594,0.0276617035163832,0.21566575987663,0.149853089054013,0.0752646554389963,0.0858976709567616,0.0193612935130264,0.191424712756302,0.0215907889626755,0.0147101630770053,0.14893421782157,0.148776272342727,0.212238135185891,0.112488610748885,0.0836823385070779,0.00480928774291333,0.101195298961,0.190611037813757,0.015776456907978,0.0880126001604294,0.000657270189088965,0.0292331034941223,0.000752760627860513,5.49013830315891e-05,"Inf",0.123517219124671,0.173527106097439,0.175015256677476,0.140966860519381,0.11193847183013,0.14767204471143,0.0819735739912593,0.111011346509684,0.0833391781514412,0.0445036643311995,0.0806233527247931,0.0423791336515824,0.0715012914880013],"obj":[1.4015576235162,0.842466871706412,1.47536819316805,0.677111103887929,0.574393742730467,0.598940161910398,0.489912135895473,0.527794268407433,0.657759962433086,0.272091169136719,0,0.619620068246665,0.73699505525512,0.711019321072327,0.6202016173789,0.65428962830956,0.566988686224968,0.610322648535852,0.84221377663832,0.594841637091454,0.842737405776164,0.506937241548418,0.717643735661843,0.716955299236959,0.606950201365749,0.644806463979012,0.709468775160588,0.841014944088921,0.732421854466611,0.612822716645762,0.843094213599747,0.726398966213464,0.841768807349711,0.684403958832646,0.839012036123678,0.647671385155235,0.599791743449733,0.600109150147235,0.630531644292319,0.600968951565935,0.603570943221131,0.61169270790397,0.600388829291848,0.625455545684289,0.601370095814922,0.612575311923247,0.619842708603247,0.61482251710222,0.634867265666188,0.637687087771097],"X":[[0.736806203000435,0.664751420515764],[0.0346419486251292,0.807824923081283],[0.534864930458103,0.940503262709943],[0.283233968118027,0.393877135769901],[0.415663121346306,0.158730621384161],[0.24025030767906,0.358689854231339],[0.130984233502387,0.358927902393086],[0.0977611565630506,0.430033111844382],[0.240106003191429,0.417653959241657],[0,0.272091169136719],[0,0],[0.210418899436769,0.409201168809896],[0.282261695955937,0.454733359299182],[0.328397875780029,0.382621445292298],[0.186551534720326,0.433650082658575],[0.275888369268015,0.378401259041545],[0.158570253128891,0.408418433096077],[0.218132296938799,0.392190351597054],[0.0345547421656109,0.80765903447271],[0.179983148372126,0.414858488719328],[0.0351553283068413,0.807582077469323],[0.506937241548418,0],[0.333301343591884,0.384342392069959],[0.280456972448085,0.436498326788875],[0.21404608186986,0.392904119495889],[0.203273264012675,0.441533199966336],[0.328407269162391,0.381061505998197],[0.033154670560583,0.807860273528338],[0.275338264377011,0.4570835900896],[0.190534443541567,0.422288273104195],[0.0355817892893424,0.807512424310404],[0.344417934282998,0.381981031930467],[0.0339982825003547,0.807770524849356],[0.303314083100266,0.38108987573238],[0.0309004973236893,0.808111538799989],[0.647671385155235,0],[0.194324441527212,0.40546730192252],[0.196283351414638,0.403825798732597],[0.244773553807565,0.385758090484755],[0.20026310955185,0.400705842014085],[0.207128322682851,0.39644262053828],[0.220643741114574,0.391048966789396],[0.195997384150283,0.404391445141565],[0.23795741629451,0.38749812938978],[0.192964677477312,0.408405418337611],[0.212350548527284,0.400224763395963],[0.231348481473035,0.388494227130212],[0.224232945094945,0.390589572007276],[0.249654709230418,0.385212556435771],[0.253852176700039,0.383834911071058]],"C":[[-1.05313233924898,-0.515222168142355],[-0.479649140430318,-0.846218829044173],[-1.19672091861095,-0.329373118998],[-0.0532941216578847,-1.26463932122182],[1.16134663075667,-1.30202875938764],[0.120780170504026,-1.31362137813162],[0.174957760862637,-1.35401389145749],[0.138606062611485,-1.30551427898489],[-0.0678835305465767,-1.26791427756121],[0.818790702860679,-1.42596639567781],[1.5,-1.5],[-0.0230873826739436,-1.28827829020443],[-0.130191572230661,-1.21354590693656],[-0.0113679575605909,-1.2457556647856],[0.0118305040326049,-1.2771461307037],[0.013979363600624,-1.28069809485841],[0.0416508497338538,-1.30804985832998],[-0.000794046633588286,-1.29860502914638],[-0.478459505323986,-0.846492853828479],[0.0122401979973422,-1.29549850063957],[-0.478442331073256,-0.846575291041971],[0.493544271950626,-1.24301463313128],[-0.0200535879478323,-1.24119114001779],[-0.134174346449605,-1.23081309731577],[0.00113379221528537,-1.29981062771932],[-0.00553850298443992,-1.26372841346512],[-0.00278014399783577,-1.24694079420769],[-0.478637827212457,-0.846262546274739],[-0.114414228821276,-1.21526343184066],[-0.00196890201445904,-1.28536924022298],[-0.478327567550803,-0.846657620855302],[-0.00410810621839675,-1.23546677778957],[-0.478743919296507,-0.846350895971622],[-0.0039198005772158,-1.26277107360732],[-0.478411149491288,-0.846000900123463],[0.610016623887727,-1.0805217768511],[3.12814764741876e-05,-1.29783427849681],[-0.000329538315675337,-1.29839757023542],[-0.0018084413701252,-1.29127660298197],[-0.000413652842218393,-1.29932951512841],[-1.35609402261427e-05,-1.29993110656333],[-2.91375419644302e-05,-1.29839704507991],[-0.000691434467385732,-1.29805258450256],[-0.00311358505894888,-1.29322146774986],[-0.00116730253829705,-1.29596964751856],[-0.012516893764397,-1.29472738330481],[-0.00140446395743105,-1.29555011560662],[-0.00181540037678585,-1.29715937257322],[-0.00285056174146237,-1.28928381252329],[-8.68120144137396e-05,-1.28822983342772]],"d":[[0.160460558049181,0.0472412990853083],[0.741753361515568,0.662408286223456]],"df":[0.594526201195987,0.573775462110466],"lambda":[[0,0],[0,0],[0.121272363361597,0],[0.472613830420676,0],[1.02929742240418,0],[0.484016113503354,0],[0,0],[1.11336718396701,0],[0.742463722046904,0],[0.371560260126801,0],[0.00065679820669784,0],[2.21177243187043e-17,0],[2.21177243187043e-17,0],[0.669129306529644,0],[0.643616267699453,0],[0.618103228869263,0],[1.011385730911,0],[0.960359653250614,0],[0.909333575590232,0],[0.858307497929851,0],[0.807281420269469,0],[0.88013982326584,0],[1.02585662925858,0],[1.31729024124407,0],[1.90015746521504,0],[1.08374022264893,0],[2.24947467059087,0],[0.61664018545866,0],[2.94810908134254,0],[-4.44089209850063e-16,0],[4.66293779176777,0],[0,0],[0,0],[0.257302135024927,0],[0.771906405074782,0],[1.80111494517449,0],[3.85953202537391,0],[7.97636618577275,0],[8.88178419700125e-16,0],[8.23366832079768,0],[1.77635683940025e-15,0],[16.4673366415954,0],[3.5527136788005e-15,0],[3.5527136788005e-15,0],[3.5527136788005e-15,0],[3.5527136788005e-15,0]],