{"prog":[0.948351706277661,0.948351706277661,0.948351706277661,0.948351706277661,0.948351706277661,0.948351706277661,0.948351706277661,0.929654905285318,0.665167234195409,0.665167234195409,0.665167234195409,0.665167234195409,0.617323277626077,0.617323277626077,0.617323277626077,0.617323277626077,0.617323277626077,0.617323277626077,0.617323277626077,0.617323277626077,0.617323277626077,0.617323277626077,0.617323277626077,0.617323277626077,0.617323277626077,0.617323277626077,0.617323277626077,0.617323277626077,0.617323277626077,0.617323277626077,0.617323277626077,0.617323277626077,0.617323277626077,0.617323277626077,0.617323277626077,0.617323277626077,0.611269574727903,0.611269574727903,0.611269574727903,0.611269574727903,0.611269574727903,0.611269574727903,0.611269574727903,0.611269574727903,0.611269574727903,0.611269574727903,0.611269574727903,0.611269574727903,0.611269574727903,0.611269574727903],"mei":["Inf",0.265716304490643,0.327338756399377,0.322951528401028,0.454714246914526,0.315072656129537,0.146810431179137,0.240704989858384,0.352556182029977,0.0656723220916548,0.204021483523736,0.178464942754862,0.180888143967182,0.2610025622272,0.227087856749495,0.318676098255859,0.101737522324836,0.260357979413987,0.236280464037887,0.099520831205421,0.252962950822569,0.0287084896737726,0.298509939962796,0.239353950195023,0.128119494705655,0.294775848073634,0.0638931023001545,0.320688592141753,0.214137478785198,0.207963596717728,0.123181645623691,0.0467688015714426,0.319632495842982,0.210208735043657,0.274257862312856,0.232104560923259,0.217794267122357,0.253186321819923,0.295391434386281,0.232088296180704,0.0143894916327494,0.231985088407315,0.295360322693377,0.253166161242715,0.253165670801816,0.210979548030955],"obj":[0.948351706277661,1.32226532171999,0.438444638391595,1.30567583653277,1.20222540551848,2,1.19731881881367,0.929654905285318,0.665167234195409,0.383692093012233,0.405843116436523,0.709563986995604,0.617323277626077,0.634828660324302,0.63466647919397,0.681291808445749,0.715663255599209,0.755852224958671,0.681534494404265,0.574569185275906,0.772926538281784,0.769813938751455,0.793237901585914,0.600485189484972,0.754395912801135,0.780753724695004,0.661795721846464,0.657751615916079,0.632720214051576,0.621945187075048,0.625080448115571,0.611622516858485,0.73299205964479,0.818395683734266,0.656527813117357,0.73601453539744,0.611269574727903,0.774939767874711,0.686789918748815,0.780574164541883,0.726440551961373,0.613977367979194,0.638614797584546,0.780101190960944,0.648056830834263,0.683242758197443,0.650310141635484,0.73618662717535,0.74054234160899,0.804171183271829],"X":[[0.499283833834176,0.449067872443485],[0.344619375142413,0.977645946577575],[0.225341616618759,0.213103021772835],[0.789773556080128,0.515902280452639],[0.933414551525706,0.268810853992778],[1,1],[0.937481689694992,0.259837129118678],[0.483868453159444,0.445786452125875],[0.269045707620289,0.39612152657512],[0.0140812668948731,0.36961082611736],[0,0.405843116436523],[0.316338175405314,0.39322581159029],[0.19673737916337,0.420585898462706],[0.224804531879906,0.410024128444397],[0.224253034797529,0.410413444396441],[0.252367511383937,0.428924297061812],[0.254454735380322,0.461208520218887],[0.369081836651978,0.386770388306694],[0.29195577906481,0.389578715339454],[0.16021191682232,0.414357268453586],[0.280507583615446,0.492418954666338],[0.324656478398264,0.445157460353191],[0.404309211572661,0.388928690013253],[0.207834554849032,0.392650634635941],[0.315213645593061,0.439182267208074],[0.278793717549649,0.501960007145355],[0.279292000700224,0.38250372114624],[0.244394503880955,0.413357112035124],[0.246128986749889,0.386591227301687],[0.234321075006345,0.387624112068703],[0.194742028951976,0.430338419163595],[0.221795848730692,0.389826668127793],[0.290908305349274,0.442083754295516],[0.427879215070395,0.39051646866387],[0.274356819624418,0.382170993492939],[0.35188566690794,0.3841288684895],[0.220029891074844,0.391239683653059],[0.327934724298994,0.447005043575717],[0.305871447469117,0.380918471279697],[0.393726579521448,0.386847585020435],[0.314786899678063,0.41165365228331],[0.190091997295035,0.423885370684159],[0.19894448409429,0.439670313490256],[0.332070356922663,0.448030834038282],[0.264816176045744,0.383240654788519],[0.279784716787027,0.403458041410416],[0.204428205458302,0.445881936177183],[0.335149539707423,0.401037087467927],[0.320165442163533,0.420376899445457],[0.350200672258809,0.453970511013019]],"C":[[-0.299796573000241,-1.04905369921093],[-1.22781666457906,-0.425445889416891],[1.20105545954567,-1.40380825793093],[-0.0485448629272729,-0.610102567140315],[-0.403564844139659,-0.556477999775739],[-1.5,0.5],[-0.344014373610058,-0.553612747817986],[-0.293248810150811,-1.06714575913811],[-0.0523482795414987,-1.27070214339489],[0.247885762713798,-1.36318955513948],[0.225401703734548,-1.33529136484109],[-0.0633738129119229,-1.24530361988039],[-0.0109862397002845,-1.28440190565425],[-0.0411002705869332,-1.28134313653967],[-0.040922821367575,-1.28127138104275],[-0.0910931574020013,-1.25233458658791],[-0.0667531712767021,-1.22253948852003],[-0.0224568207976652,-1.21418726458269],[-0.0403926519674107,-1.26299024762512],[0.0385899655621339,-1.3026401957878],[-0.0433828781777786,-1.17883906861953],[-0.202989267046301,-1.19643300652593],[-0.0113860159513649,-1.18526853552207],[0.00747906608238097,-1.3026302769307],[-0.185297997355401,-1.20775929380191],[-0.00636018752523812,-1.17031021428148],[-0.00563995640286086,-1.27568688165415],[-0.0682639606403553,-1.26940722440276],[-0.00557182172868453,-1.28996774485485],[-0.000913034840771099,-1.29484118155082],[-0.00408327324775859,-1.27688438715145],[0.00231443735665465,-1.29884177030222],[-0.151048784290098,-1.2199343120668],[0.00242380298634581,-1.16441626501304],[-0.00250395482832377,-1.27867366725819],[-0.014128993365764,-1.22862148981773],[-5.60090949353054e-06,-1.29851835696865],[-0.208875759279193,-1.19264530761681],[-0.00323240244432887,-1.26134377586109],[-0.00664802683712301,-1.1953283265422],[-0.131547344575262,-1.23145047835289],[-0.000834692697106953,-1.28418622508434],[-0.000849710359076994,-1.26711110768384],[-0.215542333537799,-1.18899764980422],[-0.00316141437194295,-1.28299899342178],[-0.0822031200779657,-1.25894212107367],[-0.000750461656190193,-1.25939840780399],[-0.101821053414432,-1.22684404050914],[-0.159556748274309,-1.22077735205685],[-0.245893260069307,-1.17127026428006]],"d":[[0.114432832715903,0.0294797008394469],[0.724771257815714,0.472196452148519]],"df":[0.876060241874652,0.572184562821486],"lambda":[[0,0],[0,0],[0,0],[0,0],[0,0],[0,0],[0.32593041229349,0],[0.97779123688047,0],[0.7024725393155,0],[0.644691897202494,0],[0.586911255089489,0],[0.529130612976484,0],[0.471349970863478,0],[0.413569328750473,0],[0.355788686637468,0],[0.298008044524463,0],[0.500966750153388,0],[0.906884161411239,0],[0.675761592959218,0],[0.444639024507197,0],[0.601979571385809,0],[0.916660665143034,0],[1.54602285265748,0],[0,0],[1.2587243750289,0],[0,0],[2.5174487500578,0],[0,0],[1.55807620000129,0],[0,0],[3.11615240000257,0],[0,0],[0,0],[0,0],[0,0],[0,0],[0,0],[0,0],[0,0],[0,0],[0,0],[0,0],[0,0],[0,0],[0,0],[0,0]],