{"prog":[0.964349016138434,0.964349016138434,0.964349016138434,0.964349016138434,0.964349016138434,0.964349016138434,0.964349016138434,0.9643440226533,0.9643440226533,0.964335862637654,0.964335862637654,0.964335862637654,0.610088672554014,0.610088672554014,0.601283709894921,0.601283709894921,0.601283709894921,0.601283709894921,0.601239650451012,0.601239650451012,0.601126895775866,0.601126895775866,0.601126895775866,0.601126895775866,0.601126895775866,0.601126895775866,0.601126895775866,0.601126895775866,0.601126895775866,0.601126895775866,0.601126895775866,0.601072582258194,0.601072582258194,0.601072582258194,0.601072582258194,0.601072582258194,0.601072582258194,0.601072582258194,0.601072582258194,0.601072582258194,0.601072582258194,0.601072582258194,0.601072582258194,0.601072582258194,0.601072582258194,0.601072582258194,0.601072582258194,0.601072582258194,0.601072582258194,0.601072582258194],"mei":["Inf",0.000701384305898278,0.000562979964155137,0.0109068284983531,0.0021028934100261,0.00295404980515239,0.00139192656401124,0.0113176950645495,0.317827994965865,0.000223142784452324,0.00029686588911969,0.000177026016789273,0.0555464920662937,0.00022258040307909,0.0040927613292699,0.0019775711270616,0.00862329787529609,0.00204038335258859,0.00675334077405516,0.00730810836820213,0.00178032222151526,0.000876360980632895,4.61566410504418e-05,0.00289684698535197,0.00295187491294806,0.000105988883975293,0.000690912803742264,0.00389282997777031,0.040393371862227,2.65406664165922e-05,7.72059280991358e-05,0.0014462957466618,0.00579645947451284,0.000122454556274256,0.00249824165860882,0.00640766212237183,0.00178632004048036,0.0036376033420184,3.10461422120591e-05,0.0029331690019583,0.0014491404879375,0.0126954086572422,0.00069237172095879,0.00336501491888265,0.00278820682457986,0.00382407840126458],"obj":[0.964349016138434,1.63932926799621,1.43417880862816,0.984033519086436,0.435752155425901,0.0283141618881097,0.474942402563613,0.9643440226533,0.52543783521851,0.964335862637654,0.534110697807082,0.586249856021251,0.610088672554014,0.964239756581317,0.601283709894921,0.707143013557229,0.613489345856254,0.493384272543024,0.601239650451012,0.601272771524038,0.601126895775866,0.61992430283801,0.601132694119598,0.600716725590951,0.601393692969301,0.601489922942977,0.601554073968321,0.601461041978711,0.601152030359621,0.813462032096971,0.602072219150352,0.601072582258194,0.601600892692806,0.601324579585923,0.820546180556379,0.820907507484298,0.601382126056045,0.601600189574669,0.60079666997301,0.601652174608541,0.601447866340981,0.6012546143027,0.610156991919972,0.602223062706166,0.60274044306993,0.601716103951539,0.601750541329353,0.601505511353387,0.605523661664129,0.601401927540257],"X":[[0.0544218281084723,0.909927188029962],[0.822483312562686,0.816845955433521],[0.902536651692944,0.531642156935214],[0.608707352194168,0.375326166892267],[0.0959165272246852,0.339835628201215],[0,0.0283141618881097],[0.102326154810555,0.372616247753058],[0.0544178756860355,0.909926146967264],[0.10992850774592,0.415509327472589],[0.0544138439849998,0.909922018652655],[0.128674895602822,0.405435802204261],[0.18485982916187,0.401390026859381],[0.21047526883384,0.399613403720174],[0.0543269603380827,0.909912796243234],[0.201059891695097,0.400223818199824],[0.0919063386969087,0.61523667486032],[0.214157475186999,0.399331870669255],[0.493384272543024,0],[0.201067652590736,0.400171997860276],[0.201110389993485,0.400162381530553],[0.200928926058165,0.4001979697177],[0.221086475576345,0.398837827261665],[0.200986834188901,0.400145859930697],[0.200547187600511,0.40016953799044],[0.201237333692134,0.400156359277167],[0.201367300630744,0.400122622312233],[0.201414816973308,0.400139256995013],[0.201322540493965,0.400138501484746],[0.200986223462863,0.400165806896757],[0.0780956930355093,0.735366339061461],[0.201956547426611,0.400115671723741],[0.200873102274273,0.40019947998392],[0.201456047884907,0.400144844807899],[0.201196881020424,0.400127698565498],[0.0770843378840671,0.743461842672312],[0.0770345448201629,0.743872962664135],[0.201244433516568,0.400137692539477],[0.201461671282429,0.40013851829224],[0.200582400000581,0.400214269972429],[0.201513681852609,0.400138492755932],[0.201304838120639,0.400143028220342],[0.201083196983095,0.400171417319604],[0.210599074012724,0.399557917907249],[0.202121874084197,0.40010118862197],[0.202683452220896,0.400056990849035],[0.201587903505882,0.400128200445657],[0.201621258873835,0.400129282455518],[0.201363458225251,0.400142053128136],[0.205625038625428,0.399898623038701],[0.201259619409646,0.400142308130611]],"C":[[-0.830759722881489,-0.669070777109219],[-1.0889808766992,-0.156283885647809],[0.0341626590206853,-0.402784209320163],[0.482621323855203,-0.988605627830723],[0.285547534107012,-1.37531176561024],[1.61754479195502,-1.49919830823657],[0.154731332608564,-1.35068648995212],[-0.830755805895078,-0.669073101871128],[0.105224059918403,-1.31526772196803],[-0.830753538286616,-0.669081053553854],[0.0797101807269285,-1.31906458153259],[0.0157732480208934,-1.30471288990007],[-0.00946251056224262,-1.2960092887765],[-0.830659740607836,-0.669107284613243],[-0.000516437781009738,-1.29939581529711],[0.669917084074467,-1.11303705881415],[-0.0127438232932973,-1.29467063288932],[0.5070419415501,-1.25657195960719],[-0.000441553187664201,-1.29943417121017],[-0.000472168876143708,-1.29942467944446],[-0.00033358739765843,-1.29946915170694],[-0.0187478331263393,-1.29204915786242],[-0.000312324586668133,-1.29948758326305],[0.000124165854450797,-1.29964516641004],[-0.000599330017268862,-1.29937842365852],[-0.000684879838340702,-1.29935309735067],[-0.000762960644305977,-1.29932064651509],[-0.000662331080851175,-1.2993584143186],[-0.000343756159393638,-1.2994718649688],[0.0613658857166818,-0.953137410104647],[-0.00130772062738588,-1.29912100219258],[-0.000275745529948079,-1.29949037300331],[-0.000816408041829808,-1.29929956394426],[-0.000509486772321432,-1.29941763990833],[-0.00440233104113368,-0.941322493343265],[-0.007764235851399,-0.940718694321633],[-0.000576863135052952,-1.29939050498778],[-0.000812232468299035,-1.29930236118298],[1.45849349579841e-05,-1.29959523892044],[-0.000868203884805685,-1.29928142264122],[-0.000650568608268454,-1.29936191911588],[-0.000457385822650591,-1.29942838465148],[-0.00949094162463082,-1.29600150026261],[-0.00146183530768901,-1.29906578687998],[-0.00199226755556492,-1.29887382226864],[-0.000931449097759385,-1.29925974036822],[-0.000969108595485713,-1.29924542529176],[-0.000712153449226316,-1.29933909500997],[-0.00486491269893596,-1.29779943478204],[-0.000600678652912412,-1.29938069883899]],"d":[[0.151382560239807,0.0445999497479231],[0.646523605693256,0.577438471684609]],"df":[0.51811711191054,0.47302018722312],"lambda":[[0,0],[0,0],[0,0],[0,0],[0,0],[0,0],[0,0],[0,0],[26.0664589246763,0],[0,0],[0,0],[0,0],[0,0],[0,0],[0,0],[0,0],[0,0],[0,0],[0,0],[0,0],[0.410386515269633,0],[1.2311595458089,0],[2.87270560688743,0],[0,0],[3.28309212215706,0],[0,0],[6.56618424431413,0],[0,0],[0,0],[0,0],[0,0],[0,0],[0,0],[0,0],[0,0],[1.54257175693034,0],[4.62771527079101,0],[10.7980022985123,0],[0,0],[12.3405740554427,0],[0,0],[24.6811481108854,0],[0,0],[0,0],[0,0],[0,0]],