{"prog":[1.14873141402116,1.14873141402116,1.14873141402116,1.14873141402116,1.14873141402116,1.14873141402116,1.14873141402116,1.14669878399857,1.13510460291104,1.11207969445039,1.10992655785858,1.05903104034338,1.0510733668972,1.00097951666184,1.00097951666184,0.959674040901265,0.917996165212101,0.917996165212101,0.902301154808499,0.902301154808499,0.902301154808499,0.902301154808499,0.869820447679071,0.63265639377891,0.632603918834699,0.632603918834699,0.632603918834699,0.632603918834699,0.632603918834699,0.632603918834699,0.632603918834699,0.632603918834699,0.632603918834699,0.632497224643051,0.63176455211415,0.63176455211415,0.629740672955987,0.62959309086782,0.62959309086782,0.62959309086782,0.62959309086782,0.62959309086782,0.62959309086782,0.62959309086782,0.629353971843311,0.629353971843311,0.629353971843311,0.628878957204234,0.628850882113914,0.628850882113914],"mei":["Inf",0.125247425176376,0.0882066840026355,0.23312632635876,0.333800298338459,0.377278309936328,0.219898207279651,0.433463773805126,0.366785204910153,0.325946343050011,0.090507277553101,0.519631423172354,0.138972204955321,0.203327074175498,0.235843677733157,0.156152565061569,0.181454135711901,0.0995510680991077,0.276280741784732,0.0201287432624883,0.000798494610397504,0.0129358620857898,0.198381445458005,0.00812879184115459,0.0416391143286386,0.0105377134440446,0.0654894700426715,0.065184301421302,0.00532087952914775,0.0431869679415354,0.202516998164715,0.00533004599696714,0.0170606721512957,0.0139205741532119,0.0287206587364067,0.00591084316299117,0.0216587452173971,0.00168393354552963,0.107583286099091,0.123245126535156,0.00391509670329877,0.00202902139004291,0.21275773312839,0.0213980496460435,0.0390954338744175,0.0147564186664367],"obj":[1.14873141402116,0.81846651060471,1.5620706470688,0.482995387186062,0.433488625556577,0.484325272103483,0.480469194287307,1.14669878399857,1.13510460291104,1.11207969445039,1.10992655785858,1.05903104034338,1.0510733668972,1.00097951666184,0.525006821769719,0.959674040901265,0.917996165212101,0.589748664679417,0.902301154808499,0.866521393980967,1.10955652151541,1.03634718499309,0.869820447679071,0.63265639377891,0.632603918834699,0.633455862772373,0.634168450839027,0.63433441690338,0.635292549328029,0.866312357495938,0.908771324213559,0.864954386387135,0.0360212187470657,0.632497224643051,0.63176455211415,0.635669484449376,0.629740672955987,0.62959309086782,0.631809725799375,0.63578298926879,0.959339817537077,0.226362118186017,0.629119750526196,0.632127593515933,0.629353971843311,0.866641546708657,0.629879568685002,0.628878957204234,0.628850882113914,0.866261702369997],"X":[[0.911618115182877,0.237113298838286],[0.64195109690585,0.17651541369886],[0.79594418471119,0.766126462357614],[0.0463021274950127,0.43669325969105],[0.32222329041041,0.111265335146167],[0.0212873041465461,0.463037967956937],[0.0863675894109562,0.394101604876351],[0.911194435232646,0.235504348765921],[0.908732267585838,0.226372335325199],[0.904475910049115,0.207603784401279],[0.901497113230823,0.208429444627757],[0.877529741821926,0.181501298521456],[0.864989126047802,0.186084240849397],[0.823094222652752,0.177885294009084],[0.117230383388628,0.40777643838109],[0.786644457326801,0.173029583574464],[0.747935463920239,0.170060701291862],[0.15462319863834,0.435125466041077],[0.735396920860668,0.166904233947832],[0.712344766969455,0.154176627011513],[0.911840573112343,0.197715948403071],[0.849407989546409,0.186939195446679],[0.716416580277717,0.153403867401354],[0.200216327752716,0.432440066026194],[0.200176617114677,0.432427301720022],[0.201213013534437,0.432242849237936],[0.202082459847193,0.432085990991833],[0.20247723168267,0.43185718522071],[0.203528337229772,0.431764212098257],[0.714870800737726,0.151441556758212],[0.740220700442232,0.168550623771328],[0.715635533056516,0.14931885333062],[0.0360212187470657,0],[0.199677186746633,0.432820037896418],[0.198467417432814,0.433297134681337],[0.204148670541631,0.431520813907745],[0.19557721332123,0.434163459634757],[0.194922336177319,0.434670754690501],[0.198034328419915,0.43377539737946],[0.204943520635724,0.430839468633066],[0.789408715104911,0.169931102432166],[0,0.226362118186017],[0.194475616394559,0.434644134131637],[0.199204304805688,0.432923288710245],[0.195324836591965,0.434029135251346],[0.715451570711067,0.15118997599759],[0.196646420763619,0.433233147921383],[0.194815587387131,0.434063369817102],[0.194679563531065,0.434171318582849],[0.715439688836869,0.150822013533127]],"C":[[-0.277390111347753,-0.612729695584444],[0.323674314191789,-1.0567410979081],[-1.12531884303923,-0.279523098499847],[0.218510487300739,-1.30715510992984],[1.29453755887187,-1.3837921763119],[0.327386535023707,-1.28514269091248],[0.134728824131737,-1.33722456453323],[-0.268924309029744,-0.614262402913399],[-0.219336232813174,-0.622961231647717],[-0.106236629513557,-0.638823996843092],[-0.122724697099515,-0.643860121448658],[-0.0162089095702624,-0.696998830852969],[-0.0883982954038893,-0.717166467126564],[-0.128960125261645,-0.790872722810964],[0.0934762663316656,-1.31997541351179],[-0.12760402914564,-0.851251260965071],[-0.0787752699327408,-0.911671899686538],[0.0639710784118559,-1.28675749524538],[-0.0510673648408502,-0.931334345478936],[0.00467301039042806,-0.968794500654586],[-0.00289762521487408,-0.629455172973228],[-0.132152412914353,-0.743559804500475],[-0.00461784380962282,-0.963214536969489],[-0.0108937910754373,-1.27290901139648],[-0.0108422490764303,-1.27293595068766],[-0.0126208022034579,-1.27267944246706],[-0.0141084668002349,-1.27246437581071],[-0.0149045822035934,-1.27250234222337],[-0.0166155940291935,-1.27215588109566],[-0.000573274689459724,-0.966025193139252],[-0.0622519122856285,-0.923664001863108],[-0.00117949549514013,-0.965569663866946],[1.45990252134707,-1.49870247179998],[-0.00971840033481769,-1.27279583588829],[-0.00737747375924341,-1.27286427729449],[-0.0177614203343778,-1.27211310748048],[-0.00194168230871328,-1.27325164394748],[-0.000363187605823878,-1.27306661787597],[-0.00623704785617252,-1.27262130939556],[-0.0194669843696693,-1.27237550561741],[-0.118363927515397,-0.847957300942602],[1.19362246323011,-1.44876019145034],[0.000322396650248691,-1.27326371129292],[-0.00888176393499046,-1.27289507103919],[-0.00167791348195195,-1.27346691796329],[-0.00172295300297715,-0.965270641124915],[-0.00455892475745251,-1.27363922474299],[-0.000832627139398856,-1.27363587789403],[-0.000504128772417789,-1.27359513366338],[-0.00153888295876159,-0.965398771870817]],"d":[[0.0846457790777921,0.0311162702277777],[0.662819824404131,0.709349761021107]],"df":[0.767471665309106,0.520654795280427],"lambda":[[0,0],[0,0],[0,0],[6.48282714199943,0],[0,0],[0,0],[0,0],[0,0],[0,0],[0,0],[0,0],[8.99570645573444,0],[0,0],[0,0],[0,0],[0,0],[0.899416106067718,0],[2.69824831820315,0],[6.29591274247402,0],[0,0],[0,0],[0,0],[0,0],[0,0],[0,0],[0,0],[0,0],[0,0],[0,0],[0,0],[0,0],[0,0],[0,0],[0,0],[0,0],[0,0],[0,0],[0,0],[0,0],[0.496414457575202,0],[1.48924337272561,0],[-2.22044604925031e-16,0],[-2.22044604925031e-16,0],[-2.22044604925031e-16,0],[-2.22044604925031e-16,0],[-2.22044604925031e-16,0]],