{"prog":[1.17056655027218,1.17056655027218,0.68036204988611,0.68036204988611,0.68036204988611,0.68036204988611,0.68036204988611,0.68036204988611,0.68036204988611,0.68036204988611,0.68036204988611,0.679696104019942,0.601760781986728,0.601760781986728,0.601724203652087,0.601724203652087,0.601724203652087,0.601724203652087,0.601724203652087,0.601724203652087,0.601724203652087,0.601724203652087,0.601724203652087,0.601724203652087,0.601724203652087,0.601724203652087,0.601724203652087,0.601724203652087,0.601724203652087,0.601724203652087,0.601724203652087,0.601724203652087,0.601724203652087,0.601724203652087,0.601724203652087,0.601724203652087,0.601551828517534,0.601551828517534,0.601551828517534,0.601551828517534,0.601551828517534,0.601551828517534,0.601551828517534,0.601551828517534,0.601551828517534,0.601551828517534,0.601551828517534,0.601551828517534,0.601551828517534,0.601551828517534],"mei":["Inf",5.0658740853394e-05,2.61838534520165e-05,2.35197603171891e-05,9.82432690879264e-06,0.00266615088044339,1.6965493187481e-05,0.00273239011949813,0.000970998171133719,"Inf",1.60167913637061e-05,0.00253286982017871,"Inf","Inf",0.00636298729535219,0.00149315113710807,0.00511700286922746,0.00108702898107234,"Inf",0.00441988597423248,"Inf",0.0230815897952327,0.0125698472874819,0.00373444567794505,0.00646789848474842,0.000459222587273631,0.00595081378958457,0.00888722344994554,0.00461946773562646,0.00284704202015473,0.00680869256309011,0.0139893500261107,0.00640659993215743,0.000520031113047618,0.00298477092408381,0.00380591929368924,0.000240165367418526,0.0566999325947829,0.0453883227240348,2.77463478271918e-05,0.00995242188879036,0.000718016978873391,0.00026148065489302,0.00554508680462989,0.000744341187726058,0.00766267970853077],"obj":[1.17056655027218,0.738958620289098,0.68036204988611,1.20633831691144,1.04672078536514,0.14728982659427,0.513145456514276,0.380939847479153,0.698197456883532,0.585223759854412,0.598198868962995,0.679696104019942,0.601760781986728,1.17055772723742,0.601724203652087,0.602361738242425,1.17055326661988,1.04671621209848,0.602200373303522,0.602349390568825,0.602328174838902,0.602043970148456,0.922219810666938,0.602474300512802,0.672700314500262,0.601770308712702,0.602464952300449,0.602480004919652,0.602443813318229,0.602485001923543,0.602491753921421,0.602266778445477,0.606283847148997,0.602213302366134,0.602339323084726,0.60247884495922,0.601551828517534,0.60206622538047,0.602464744375071,0.602207379620565,0.602480200657629,0.602473995139988,0.602452829538919,0.602372765974913,0.616550562776789,0.601752172110328,0.602288303980782,0.602148058323027,0.602422897757234,0.601783917523629],"X":[[0.885264124908779,0.285302425363404],[0.575801744176029,0.163156876113069],[0.229216397788659,0.451145652097451],[0.502227055146877,0.704111261764567],[0.0807864908037676,0.965934294561375],[0.0568905346694243,0.0903992919248458],[0.167718712036413,0.345426744477863],[0.380939847479153,0],[0.13638455655171,0.561812900331822],[0.195532877891054,0.389690881963358],[0.366338154383961,0.231860714579035],[0.229010671606783,0.450685432413159],[0.201896450913372,0.399864331073356],[0.885258452832442,0.285299274404976],[0.201883133814728,0.39984106983736],[0.202126027271026,0.400235710971399],[0.885255666839566,0.285297599780309],[0.0807831887347932,0.96593302336369],[0.202048875689434,0.400151497614088],[0.202117490570113,0.400231899998711],[0.202105239726667,0.400222935112235],[0.201987906245587,0.400056063902869],[0.720504374883277,0.201715435783661],[0.202153902883209,0.400320397629593],[0.226916594809632,0.44578371969063],[0.20187479605976,0.399895512652941],[0.202143656139748,0.400321296160701],[0.202149886427923,0.40033011849173],[0.202138732814914,0.400305080503316],[0.202162936107179,0.400322065816364],[0.202154240331973,0.400337513589449],[0.202056190473075,0.400210587972402],[0.203552506488417,0.40273134066058],[0.202032367586168,0.400180934779966],[0.202077883161623,0.400261439923104],[0.202141356036225,0.400337488922994],[0.201779426249068,0.399772402268466],[0.201992347638904,0.400073877741565],[0.202147541544364,0.400317202830707],[0.202048970301684,0.400158409318881],[0.202141291483414,0.400338909174214],[0.202148715885301,0.400325279254687],[0.202122579686046,0.400330249852873],[0.202096450475974,0.40027631549894],[0.207312144217482,0.409238418559307],[0.201847844071819,0.399904328038509],[0.202053409564504,0.400234894416278],[0.202008112158941,0.400139946164085],[0.202117781107271,0.400305116649963],[0.20189268640672,0.399891231116909]],"C":[[-0.442481648146311,-0.634909955231253],[0.581444696748315,-1.14183218518087],[-0.0364752316074039,-1.24392744357836],[0.00483176521696627,-0.751995316134805],[-0.738692117076179,-0.560444481493832],[1.71141039640188,-1.48859143508451],[0.214740574977339,-1.35255079783227],[0.723760994469558,-1.35488483260256],[0.546505356995407,-1.16576551775494],[0.0258584055160455,-1.30990791017826],[1.10882156281306,-1.31203696567745],[-0.0368659085987768,-1.24443675330077],[-0.000831827864501367,-1.29934633984384],[-0.442466972897822,-0.634921795712706],[-0.00077925012100416,-1.29937031915246],[-0.00168501644120234,-1.29895644476285],[-0.442459694144145,-0.63492768388803],[-0.738691901959048,-0.560447470793319],[-0.00146528864576084,-1.29905503078984],[-0.00166964889656684,-1.29896294622906],[-0.00164192750840042,-1.29897507428517],[-0.00124426556468871,-1.29915603146507],[0.0437725785532688,-0.940184328740666],[-0.00185202581318844,-1.29887737879077],[-0.0405195115919942,-1.24978573425879],[-0.000859907722967512,-1.29933014567587],[-0.0018424304641057,-1.29888080212267],[-0.00186338481163834,-1.29887121964558],[-0.00181093991862291,-1.29889577521921],[-0.00186445632415311,-1.29887239088504],[-0.00188000938713712,-1.29886353832882],[-0.00156910605403771,-1.29900478116629],[-0.00707396416763512,-1.29637384435201],[-0.00149535549739116,-1.29903814188616],[-0.00167482709814865,-1.2989553088476],[-0.00186607712311632,-1.29886876714267],[-0.000554929006385818,-1.2994670895271],[-0.00127810725275879,-1.29913998384415],[-0.00184001086749053,-1.29888250856537],[-0.00147662693655792,-1.29904946105141],[-0.00186829803265731,-1.29886765607862],[-0.00185431374600964,-1.29887556745558],[-0.00183415555780386,-1.29888215383379],[-0.00171888925736891,-1.29893589595561],[-0.019385734106815,-1.28954559163503],[-0.000845494851118345,-1.29933397625963],[-0.00160549987256214,-1.29898644897495],[-0.00140266200140104,-1.29908074610578],[-0.00178841679732988,-1.29890421614413],[-0.00087204728027851,-1.29932634645128]],"d":[[0.147625311254023,0.0369578125792484],[0.661652832073076,0.507551844539427]],"df":[0.593484418377973,0.331162032474655],"lambda":[[0,0],[0,0],[0,0],[0,0],[0,0],[0,0],[0,0],[0,0],[0,0],[0,0],[0,0],[0,0],[0,0],[0,0],[0,0],[0,0],[0,0],[0,0],[0,0],[0,0],[0,0],[0,0],[0,0],[0,0],[0,0],[0,0],[0,0],[0,0],[0,0],[0,0],[0,0],[0,0],[0,0],[0,0],[0,0],[0,0],[0,0],[0,0],[0,0],[0,0],[0,0],[0,0],[0,0],[0,0],[0,0],[0,0]],"rho":[1.71570086219485e-05,1.71570086219485e-05,1.71570086219485e-05,1.71570086219485e-05,1.71570086219485e-05,1.71570086219485e-05,1.71570086219485e-05,1.71570086219485e-05,1.71570086219485e-05,1.71570086219485e-05,1.71570086219485e-05,1.71570086219485e-05,1.71570086219485e-05,1.71570086219485e-05,1.71570086219485e-05,1.71570086219485e-05,1.71570086219485e-05,1.71570086219485e-05,1.71570086219485e-05,1.71570086219485e-05,1.71570086219485e-05,1.71570086219485e-05,1.71570086219485e-05,1.71570086219485e-05,1.71570086219485e-05,1.71570086219485e-05,1.71570086219485e-05,1.71570086219485e-05,1.71570086219485e-05,1.71570086219485e-05,1.71570086219485e-05,1.71570086219485e-05,1.71570086219485e-05,1.71570086219485e-05,1.71570086219485e-05,1.71570086219485e-05,1.71570086219485e-05,1.71570086219485e-05,1.71570086219485e-05,1.71570086219485e-05,1.71570086219485e-05,1.71570086219485e-05,1.71570086219485e-05,1.71570086219485e-05,1.71570086219485e-05,1.71570086219485e-05]}
