{"prog":[0.959778853096016,0.959778853096016,0.959778853096016,0.959778853096016,0.959778853096016,0.959778853096016,0.959778853096016,0.959778853096016,0.956669802957402,0.956669802957402,0.912857807861637,0.912857807861637,0.912857807861637,0.912857807861637,0.865741809494636,0.865741809494636,0.813703800168962,0.813703800168962,0.813703800168962,0.614683732133798,0.614683732133798,0.614683732133798,0.614683732133798,0.602176449273748,0.602176449273748,0.602176449273748,0.602176449273748,0.602038283162142,0.602038283162142,0.602038283162142,0.602038283162142,0.602038283162142,0.602038283162142,0.602038283162142,0.602038283162142,0.602038283162142,0.602038283162142,0.602038283162142,0.602038283162142,0.602038283162142,0.602038283162142,0.602038283162142,0.602038283162142,0.602038283162142,0.602035143793656,0.602035143793656,0.601881315160225,0.601881315160225,0.601881315160225,0.601881315160225],"mei":["Inf",0.028045873387184,0.0435584964605434,0.101614580652623,0.114350360742614,0.0820738421786694,0.140239384279493,0.182380193995594,0.353273561537583,0.0873953105457709,0.505841229289882,0.100364422147257,0.128008925658212,0.36800881489959,0.246145731574703,0.2270882679972,0.0629134530230108,0.0515631616524734,0.0140056184632526,0.0107602236261977,0.0418794394276541,0.0178794908310366,0.00346961237556098,0.284113569844586,0.00466065867628756,0.0332004228788862,0.00326281685862766,0.0685609615732587,0.00865172266532342,0.00107331561876377,0.0184147910697238,0.00322083390363924,0.0819373560184394,0.0259521069247121,0.0125415559999585,0.0126449372133801,0.0432107897437181,0.00437782035876536,0.0197033384202006,0.0128290756975515,0.0028644324400043,0.0117190741925323,0.00617828692625277,0.0123372957352833,0.0421945767957144,0.0773455090091629],"obj":[0.959778853096016,0.558342226831788,1.88154220663978,0.932844223122309,0.912498572159675,0.435548447110216,0.382839006185063,0.280226183053828,0.956669802957402,0,0.912857807861637,0.981370312387842,0.998376138557095,0.542123895652748,0.865741809494636,1.04908519441517,0.813703800168962,0.884599940710308,0.59731275341167,0.614683732133798,0.621174396218964,0.601747594996466,0.63079284087793,0.602176449273748,0.602615925929859,0.602421792134006,0.808763965194953,0.602038283162142,0.808758404629017,0.602499493141976,0.602550904269335,0.865254834459712,0.808756321283201,0.808755855071608,0.8087542719235,0.917292070979191,0.602488028282446,0.602594202807699,0.602593862595653,0.60204941877168,0.602572781613297,0.602603375009767,0.602531956541779,0.829791386892597,0.602035143793656,0.592031750785925,0.601881315160225,0.808752289643624,0.808751134239597,0.60247365354504],"X":[[0.157324351746897,0.802454501349119],[0.0530921879348094,0.505250038896978],[0.979133757184989,0.902408449454794],[0.338464692225322,0.594379530896987],[0.613497712475596,0.299000859684078],[0,0.435548447110216],[0,0.382839006185063],[0,0.280226183053828],[0.153982787066028,0.802687015891375],[0,0],[0.107930220454544,0.804927587407093],[0.180168649759835,0.801201662628007],[0.197961299767946,0.800414838789148],[0.134727421138013,0.407396474514735],[0.0587301157822997,0.807011693712336],[0.251301097503353,0.797784096911817],[0.00503680791609098,0.808666992252871],[0.0781186003665049,0.806481340343803],[0.18629843204659,0.41101432136508],[0.202753823014979,0.411929909118819],[0.208946774904804,0.412227621314159],[0.190056497405377,0.41169109759109],[0.218205345648993,0.412587495228936],[0.190794044636026,0.411382404637722],[0.191211725609651,0.411404200320208],[0.191027157189477,0.411394634944529],[0,0.808763965194953],[0.190649689593604,0.411388593568539],[0,0.808758404629017],[0.191095068395171,0.411404424746805],[0.19114533410195,0.411405570167385],[0.0581398766146097,0.807114957845103],[0,0.808756321283201],[0,0.808755855071608],[0,0.8087542719235],[0.11254170169236,0.804750369286831],[0.191075045688586,0.41141298259386],[0.191190504427588,0.411403698380111],[0.191190312958816,0.411403549636837],[0.190673327223514,0.411376091548166],[0.19116775538915,0.411405026224147],[0.191196202415184,0.411407172594583],[0.191130376908464,0.411401579633315],[0.0215365271146013,0.808254859777996],[0.190665860244402,0.411369283549254],[0.186865414407858,0.405166336378067],[0.190998270341536,0.410883044818689],[0,0.808752289643624],[0,0.808751134239597],[0.19114316551846,0.41133048802658]],"C":[[-0.503545186962891,-0.831315821611955],[0.460529874435088,-1.2419036177749],[-1.69551371444784,0.273043924106599],[0.19753129744873,-1.0321546253675],[0.780573657310664,-1.03421904269539],[0.266786375559335,-1.31029755021988],[0.23674597599189,-1.35343429534323],[0.754164750927183,-1.42147328633108],[-0.504799571552416,-0.831982855806779],[1.5,-1.5],[-0.507100434543237,-0.84044264654363],[-0.495298393212615,-0.825615153445835],[-0.487636715447035,-0.820147409640327],[0.071797008911923,-1.31587663454647],[-0.492853257312044,-0.845282899711745],[-0.448004367072289,-0.800388293108207],[-0.458432100212875,-0.846032326206712],[-0.502131343174988,-0.843485331954041],[0.00535738764308313,-1.29636012184978],[-0.0160647209621721,-1.28920463722617],[-0.024070621450972,-1.28640963348255],[0.000201413302084452,-1.29438896795824],[-0.0359017889546642,-1.28215798591092],[-0.000565662368424924,-1.29436214968591],[-0.00110931900849021,-1.29418465994827],[-0.000869122889384455,-1.29426307955496],[-0.454099081564529,-0.845900848602136],[-0.000385654523515966,-1.29441212093956],[-0.454062122457708,-0.845909842941928],[-0.000961138450089716,-1.2942290741338],[-0.00102571033779497,-1.2942089180863],[-0.493133980787589,-0.845185199569936],[-0.454048274774848,-0.845913212784463],[-0.454045175905688,-0.845913966887393],[-0.454034652767474,-0.845916527645489],[-0.507833584639777,-0.839711208512898],[-0.000940636109097948,-1.29422968466833],[-0.00108204946754448,-1.29419318797589],[-0.00108171962069759,-1.29419338357692],[-0.000408525907027391,-1.29441339358807],[-0.0010538998645398,-1.29420079369698],[-0.00109131190252848,-1.29418815051974],[-0.00100437862482666,-1.29421791929804],[-0.471159724855211,-0.846260259645094],[-0.000395110960774658,-1.29442184228944],[0.00916286961789908,-1.30092155676415],[-0.000526124935948502,-1.29469478420707],[-0.454021476424512,-0.845919733996196],[-0.454013796282646,-0.845921602866166],[-0.000979168480233772,-1.2942715198954]],"d":[[0.28890752183173,0.014142135623731],[0.5847960312436,0.650453308199066]],"df":[0.664060985553433,0.599471213386061],"lambda":[[0,0],[0,0],[0,0],[0,0],[0,0],[0,0],[0,0],[0,0],[0,0],[0,0],[3.53212196630464,0],[0,0],[7.06424393260927,0],[0,0],[0,0],[1.05424707034003,0],[3.16274121102009,0],[4.44089209850063e-16,0],[0.158539495587328,0],[0.475618486761982,0],[1.10977646911129,0],[0,0],[1.26831596469862,0],[0,0],[2.53663192939724,0],[0,0],[0,0],[0,0],[0,0],[0,0],[0,0],[0,0],[0,0],[0,0],[0,0],[0,0],[0,0],[0,0],[0,0],[0,0],[0,0],[0,0],[0,0],[0,0],[0,0],[0,0]],"rho":[0.0203268770435575,0.0203268770435575,0.0203268770435575,0.0203268770435575,0.0203268770435575,0.0203268770435575,0.0203268770435575,0.0203268770435575,0.0203268770435575,0.0203268770435575,0.0101634385217788,0.0101634385217788,0.00508171926088938,0.00508171926088938,0.00508171926088938,0.00254085963044469,0.00127042981522235,0.00127042981522235,0.000635214907611173,0.000317607453805586,0.000158803726902793,0.000158803726902793,7.94018634513966e-05,7.94018634513966e-05,3.97009317256983e-05,3.97009317256983e-05,3.97009317256983e-05,3.97009317256983e-05,3.97009317256983e-05,3.97009317256983e-05,3.97009317256983e-05,3.97009317256983e-05,3.97009317256983e-05,3.97009317256983e-05,3.97009317256983e-05,3.97009317256983e-05,3.97009317256983e-05,3.97009317256983e-05,3.97009317256983e-05,3.97009317256983e-05,3.97009317256983e-05,3.97009317256983e-05,3.97009317256983e-05,3.97009317256983e-05,3.97009317256983e-05,3.97009317256983e-05]}
