{"prog":[1.38700092906761,1.38700092906761,1.08181123177097,1.08181123177097,1.08181123177097,0.87219901399836,0.87219901399836,0.848765982618452,0.83894552315456,0.83894552315456,0.83894552315456,0.810073126201223,0.810073126201223,0.810073126201223,0.810073126201223,0.780134900462507,0.742876998115171,0.702832891913811,0.702832891913811,0.702832891913811,0.676604129971536,0.646363195751004,0.629862240976388,0.629862240976388,0.613895462862134,0.613895462862134,0.613895462862134,0.613895462862134,0.613895462862134,0.613895462862134,0.613895462862134,0.613895462862134,0.613895462862134,0.613895462862134,0.613895462862134,0.613895462862134,0.613895462862134,0.613895462862134,0.613895462862134,0.607412650768228,0.607412650768228,0.607412650768228,0.607412650768228,0.607412650768228,0.607412650768228,0.607412650768228,0.607412650768228,0.607412650768228,0.607412650768228,0.607412650768228],"mei":["Inf",0.0770393185029635,0.018711902399215,0.0233589315364549,0.161812404597573,0.106517155894514,0.225605414067362,0.0176081695140167,0.020652353310773,0.0296091868477066,0.021378401584165,0.072084714215134,0.0688088525938751,0.0772691816737975,0.002322001355204,0.0111482888127413,0.0139687320129926,0.0031837602696117,0.00133681822139695,0.00356204762434165,0.00030126494425714,0.125542699871317,0.00668778269276713,0.00247273856828635,0.00159496389637831,0.104398330584508,0.0153227158235424,0.0484694345760484,0.0840952800754721,0.0570015166316926,0.0686702868005995,0.115413483008992,4.92278871091597e-05,0.00424643683294125,0.000693480695563277,0.0281194568246453,0.0292069896443985,0.00633332816971558,0.0319110718606313,0.0105758981431776,0.00406888307740152,0.0313886355029984,0.00466613415355975,0.00237264051957648,0.000441590326490211,0.0154720522266708],"obj":[1.38700092906761,0.789667464250156,1.08181123177097,0.376115765440305,0.734689729240418,0.87219901399836,0.0132775084497812,0.848765982618452,0.83894552315456,0.74208096619457,0.776352953624708,0.810073126201223,0.792938597127073,0.831041189507056,0.808152073293276,0.780134900462507,0.742876998115171,0.702832891913811,0.662554173127665,0.730970367905179,0.676604129971536,0.646363195751004,0.629862240976388,0.489026030907032,0.613895462862134,0.622805620708149,0.713035382211972,0.640339023186395,0.630896301927491,0.714128656312911,0.776218431591781,0.611256352708156,0.683802187886511,0.731846938295484,0.704346214627801,0.628072580386092,0.788351158029522,0.618595128601318,0.632904684643384,0.607412650768228,0.647868032471177,0.795310738963713,0.664721111534859,0.706858392529445,0.809404094768346,0.641715140227849,0.788354468137596,0.618768561008979,0.62487575389484,0.774475324279227],"X":[[0.818577516926121,0.568423412141489],[0.444768268006101,0.344899196244054],[0.302699849364045,0.779111382406929],[0.288342339640563,0.0877734257997417],[0.612198936522985,0.122490792717433],[0.458424628316928,0.413774385681433],[0.0132775084497812,0],[0.450205362071978,0.398560620546474],[0.444631165102507,0.394314358052053],[0.647833039579999,0.0942479266145707],[0.392517064166146,0.383835889458562],[0.414947218291509,0.395125907909715],[0.715230414465553,0.0777081826615205],[0.422190257418572,0.408850932088484],[0.419375660925709,0.388776412367568],[0.39338107769019,0.386753822772317],[0.359721011440551,0.38315598667462],[0.321446045235704,0.381386846678107],[0.281507788259254,0.381046384868411],[0.347035300589127,0.383935067316052],[0.295232390378014,0.381371739593522],[0.263579528042702,0.382783667708302],[0.244170637779051,0.385691603197336],[0.0992531412709099,0.389772889636122],[0.223660324764092,0.390235138098043],[0.23500772171434,0.387797898993809],[0.331920475387873,0.381114906824098],[0.590000107629864,0.0503389155565302],[0.245595343344763,0.385300958582728],[0.332625235852067,0.381503420460843],[0.390459723138622,0.385758708453158],[0.22003675184413,0.391219600864026],[0.30270188137552,0.38110030651099],[0.349546711775218,0.382300226520266],[0.323095119815137,0.381251094812663],[0.242005805702809,0.386066774683282],[0.400768291975713,0.387582866053809],[0.229097969766804,0.389497158834513],[0.247294848853427,0.385609835789957],[0.212947807399796,0.394464843368431],[0.264471333992708,0.383396698478469],[0.406845261964172,0.388465476999541],[0.282964151742971,0.381756959791888],[0.325529060180204,0.381329332349241],[0.419423199797191,0.389980894971156],[0.25750575093829,0.384209389289558],[0.401265454532514,0.387089013605082],[0.230028965398067,0.388739595610912],[0.23794138871636,0.38693436517848],[0.388543696858699,0.385931627420528]],"C":[[-0.351809637209294,-0.506825673312493],[0.390619567859738,-1.18322573220506],[-0.256748291000742,-0.801358254998948],[1.31037415732683,-1.40915452089398],[0.278752747631058,-1.11020846781958],[-0.122237071440166,-1.11863761790644],[1.48616865328683,-1.49982370776937],[-0.0269020326192111,-1.13846456371125],[-0.00364041845206731,-1.14681931405358],[0.167158404774786,-1.07142968115739],[0.0124620692485145,-1.19860036430194],[-0.0430290333376292,-1.17169432293066],[0.236477369280624,-0.982406892570878],[-0.124059635102516,-1.15459630187122],[0.0049333187715998,-1.17297695620973],[-0.00630979625387762,-1.1956728082863],[-0.0050352506635829,-1.22379228380359],[-0.00544879572497015,-1.25121651318326],[0.000251394936061133,-1.2755570177281],[-0.014628208493547,-1.23216036423003],[-0.00430526031762318,-1.2673934319111],[-0.000739465336114409,-1.28400249613257],[-0.00119376224804979,-1.29162268686964],[0.125024389497219,-1.33822590845256],[-0.000361743449439567,-1.29769259612002],[-0.00196198122025487,-1.29438416027062],[-0.00242623747512066,-1.24458022581475],[0.309387638987141,-1.14936586657734],[-0.000710609296931231,-1.2912260986426],[-0.00446706781558326,-1.24381559265103],[-0.00208884624911554,-1.19873142345906],[4.12820238072653e-05,-1.29853105173768],[-0.003918986532503,-1.26313412738895],[-0.00420036175846128,-1.23166363308969],[-0.00455302166314719,-1.25025714625579],[-0.00109572506071631,-1.29238563549178],[-0.00552939262576291,-1.18916429808838],[-0.002655593028493,-1.29580608350857],[-0.00285678881751361,-1.2901503122726],[-0.00147112933914761,-1.29905071866994],[-0.00364027650885101,-1.28306188509193],[-0.0058836819266192,-1.18357150599682],[-0.00339364135836195,-1.27419291247884],[-0.00468802988693717,-1.24861877126828],[-0.0034647917555235,-1.17199908102938],[-0.00345893470534597,-1.28607393341545],[-0.00175104350452199,-1.18914813054506],[-0.001137133471524,-1.29596820188216],[-0.00126333715775573,-1.29366569257966],[-0.00472941253958642,-1.20009057458792]],"d":[[0.121942610552745,0.0192937239131804],[0.611355157247031,0.688924353776117]],"df":[0.546201584118028,0.570121614514044],"lambda":[[0,0],[0,0],[0,0],[0,0],[0,0],[0,0],[0,0],[0.347003078926089,0],[1.04100923677827,0],[2.42902155248263,0],[-4.44089209850063e-16,0],[2.77602463140871,0],[-4.44089209850063e-16,0],[-5.7665815631754e-17,0],[-5.7665815631754e-17,0],[0.224000852763779,0],[0.672002558291336,0],[1.56800596934645,0],[0,0],[0,0],[0,0],[0,0],[0,0],[0,0],[0,0],[0,0],[0,0],[0,0],[0.294268728925975,0],[0.882806186777924,0],[2.05988110248182,0],[4.41403093388962,0],[9.12233059670521,0],[18.5389299223364,0],[37.3721285735988,0],[0,0],[0,0],[0,0],[0,0],[0,0],[0,0],[0,0],[0,0],[0,0],[0,0],[0,0]],