{"prog":[1.11901118990477,1.11901118990477,1.11901118990477,1.0134634203076,1.0134634203076,1.0134634203076,0.940692816343362,0.75775865637373,0.75775865637373,0.75775865637373,0.75775865637373,0.75775865637373,0.75775865637373,0.75775865637373,0.75775865637373,0.75775865637373,0.75775865637373,0.75775865637373,0.75775865637373,0.75775865637373,0.75775865637373,0.75775865637373,0.75775865637373,0.627184519692289,0.627184519692289,0.627184519692289,0.627184519692289,0.627184519692289,0.627184519692289,0.627184519692289,0.627184519692289,0.618203804009365,0.618203804009365,0.618203804009365,0.618203804009365,0.61668266264983,0.61668266264983,0.61668266264983,0.61668266264983,0.61668266264983,0.61668266264983,0.61668266264983,0.61668266264983,0.61668266264983,0.61668266264983,0.61668266264983,0.61668266264983,0.61668266264983,0.61668266264983,0.61668266264983],"mei":["Inf",0.395554555078182,0.435966304162432,0.449050419881967,0.269711920951536,0.248939552594513,0.263693692267663,0.273076371455921,0.265874668760195,0.217249896421462,0.160506123541339,0.287944779134472,0.261908758647934,0.248561765643783,0.24353607115894,0.130794310047361,0.0990817127849415,0.150407010025646,0.0817566425712744,0.112488582334499,0.227417863672429,0.146027241332312,0.136147580473176,0.100919553584469,0.0171761489069674,0.11506215240056,0.0635395018606429,0.0791771340353599,0.14283133904142,0.174152889314775,0.174570192241061,0.256057572031196,0.255485832257339,0.255482580424855,0.192037387558877,0.234181452175089,0.106458277011922,0.134650846443869,0.140333254574515,0.124992692415749,0.234172304987619,0.1247342152435,0.235224648062426,0.129829402293825,0.182098503284648,0.190151056694631],"obj":[1.11901118990477,0.360323510463425,1.50732612416319,1.0134634203076,1.71109801517592,1,0.940692816343362,0.75775865637373,0,0.704687017870855,0.264846603569075,0.786405635739728,0.829709504910613,0.664011159226808,0.782258224563559,0.818254088208725,0.876534986267989,0.567524537877837,0.499512211195704,0.578386533296663,0.588361644993633,0.839837396058963,0.936660607892072,0.627184519692289,0.663685170963859,0.721707427839389,0.726252401524334,0.877319051779378,0.909558099978183,0.696956659384421,0.765679224923589,0.618203804009365,0.755183200579189,0.677605896947833,0.702800220328532,0.61668266264983,0.643750827329973,0.63134141901723,0.712395881796372,0.624079980513215,0.780377794463431,0.742996350138957,0.757095762304159,0.704611899579756,0.632712267919583,0.790509205986601,0.622931624962139,0.769332288600789,0.70045402559421,0.648403928843822],"X":[[0.610714135079345,0.50829705482542],[0.298836398757723,0.0614871117057016],[0.848722560626623,0.658603563536565],[0.227268973604606,0.786194446702999],[0.745277016625106,0.965820998550817],[1,0],[0.15990066057057,0.780792155772792],[0,0.75775865637373],[0,0],[0,0.704687017870855],[0,0.264846603569075],[0.0456102905912808,0.740795345148447],[0.0973450177588111,0.732364487151802],[0.345508688092747,0.318502471134061],[0.436311593271293,0.345946631292266],[0.0935995906818135,0.724654497526912],[0.149000880913621,0.727534105354368],[0.218946016329979,0.348578521547858],[0.108999993491861,0.390512217703844],[0.173423812546757,0.404962720749906],[0.180333253901784,0.408028391091848],[0.0759080821991274,0.763929313859835],[0.194485613206381,0.742174994685691],[0.210275377905764,0.416909141786526],[0.238953975992109,0.42473119497175],[0.285903096711216,0.435804331128174],[0.290518930888727,0.435733470635607],[0.09813658371952,0.779182468059858],[0.169094132620352,0.740463967357831],[0.265762071871952,0.431194587512469],[0,0.765679224923589],[0.201347114403738,0.416856689605627],[0.314444766091681,0.440738434487508],[0.246619033019257,0.430986863928577],[0.261248987281583,0.441551233046949],[0.227154924296959,0.389527738352871],[0.221286992398613,0.42246383493136],[0.209823733048448,0.421517685968782],[0.27128775528032,0.441108126516052],[0.192545163174558,0.431534817338657],[0,0.780377794463431],[0.361036101899922,0.381960248239035],[0.307737956195951,0.449357806108208],[0.262047588755054,0.442564310824703],[0.198177698490495,0.434534569429089],[0,0.790509205986601],[0.237365863005352,0.385565761956787],[0.32437486920714,0.444957419393649],[0.263211795993548,0.437242229600662],[0.227895615629843,0.420508313213979]],"C":[[-0.519718321655099,-0.868662349270091],[1.18318271107213,-1.40691614187161],[-0.951829188911497,-0.345911361180327],[-0.364623102631169,-0.830247105610075],[-0.82605070040194,-0.0117519672486854],[0.5,-0.5],[-0.333669613524294,-0.864795388232771],[-0.0641891912906977,-0.92580181869068],[1.5,-1.5],[0.360197677043205,-1.00341620684428],[0.877563055380476,-1.42985627657793],[0.0369913580623126,-0.949141957998572],[0.0766583575386811,-0.954166205476414],[0.462217386044672,-1.27917992233393],[0.367002855649785,-1.1899531218746],[0.139551579561348,-0.966114975838216],[0.100636874430908,-0.948492863033184],[0.180834214853908,-1.33055565624874],[0.113588137993317,-1.3356192092428],[0.0254188163864527,-1.30592937604458],[0.0146693963819443,-1.30099274960019],[-0.172962396959062,-0.910649966482492],[-0.0139830366858071,-0.911351623519033],[-0.0286942530528113,-1.28197103294141],[-0.070808146900863,-1.26250440937543],[-0.141906238715652,-1.22833400426086],[-0.148487538963291,-1.22573509336312],[-0.307223013714736,-0.883243892404009],[-0.00250686356374999,-0.923120287358071],[-0.111038434870024,-1.24344174885428],[-0.129237746870747,-0.913735324520413],[-0.0167772248456454,-1.28568983985233],[-0.18546836840454,-1.20687412144305],[-0.0829894294660057,-1.25342937567366],[-0.103413930202986,-1.23678147523907],[-0.00120278607975616,-1.29666878142134],[-0.0455115936315403,-1.27255637517026],[-0.0293398517091496,-1.27829684146514],[-0.119971619118577,-1.23182657455646],[0.000311195145517085,-1.27670406156257],[-0.247022842081417,-0.891010497908391],[0.00296669692027696,-1.22375930189008],[-0.177935281385456,-1.20337491240596],[-0.104213036933195,-1.23546789201192],[-0.00571047052336715,-1.27190530779209],[-0.324693985255606,-0.875095195250434],[0.00368928281850428,-1.29499649028641],[-0.202455682557484,-1.19679383915339],[-0.107919150954566,-1.23953878310369],[-0.0539143431476014,-1.27123634689463]],"d":[[0.1978843561516,0.0479292182333016],[0.787442490672078,0.670736735944296]],"df":[0.924611546015553,0.829060322370179],"lambda":[[0,0],[0,0],[0,0],[0,0],[0,0],[0,0],[0,0],[0,0],[0,0],[0,0],[0,0],[0,0],[0,0],[0,0],[0.261827373092617,0],[0.590752779264215,0],[0.737966998143428,0],[0.907883936600754,0],[1.24771781351541,0],[1.92738556734472,0],[0,0],[1.35933550765861,0],[0,0],[2.71867101531723,0],[0,0],[0,0],[0,0],[0,0],[0,0],[0,0],[0,0],[0,0],[0,0],[0,0],[0,0],[0,0],[0,0],[0,0],[0,0],[0,0],[0,0],[0,0],[0,0],[0,0],[0,0],[0,0]],"rho":[0.690661991211825,0.690661991211825,0.690661991211825,0.690661991211825,0.690661991211825,0.690661991211825,0.690661991211825,0.690661991211825,0.690661991211825,0.690661991211825,0.690661991211825,0.690661991211825,0.690661991211825,0.690661991211825,0.345330995605913,0.172665497802956,0.0863327489014781,0.0431663744507391,0.0215831872253695,0.0107915936126848,0.0107915936126848,0.00539579680634238,0.00539579680634238,0.00269789840317119,0.00269789840317119,0.00269789840317119,0.00269789840317119,0.00269789840317119,0.00269789840317119,0.00269789840317119,0.00269789840317119,0.00269789840317119,0.00269789840317119,0.00269789840317119,0.00269789840317119,0.00269789840317119,0.00269789840317119,0.00269789840317119,0.00269789840317119,0.00269789840317119,0.00269789840317119,0.00269789840317119,0.00269789840317119,0.00269789840317119,0.00269789840317119,0.00269789840317119]}
