{"prog":[0.871130851640164,0.871130851640164,0.871130851640164,0.871130851640164,0.871130851640164,0.871130851640164,0.86448388718665,0.86448388718665,0.85141078493866,0.85141078493866,0.85141078493866,0.85141078493866,0.812974615602826,0.812974615602826,0.812974615602826,0.812974615602826,0.812974615602826,0.812974615602826,0.609815137022711,0.601249812313279,0.601249812313279,0.601249812313279,0.601249812313279,0.601249812313279,0.601249812313279,0.601249812313279,0.601249812313279,0.601249812313279,0.60072043884008,0.60072043884008,0.600621659691813,0.600621659691813,0.600621659691813,0.600621659691813,0.600621659691813,0.600621659691813,0.60040185979905,0.60040185979905,0.60040185979905,0.60040185979905,0.60040185979905,0.60040185979905,0.60040185979905,0.60040185979905,0.599985131647383,0.599985131647383,0.599985131647383,0.599985131647383,0.599985131647383,0.599985131647383],"mei":["Inf",0.0073975869975258,0.00806944970801796,0.0272630842012416,0.0503243269730696,0.0139344138330384,0.0276744428447011,0.0714499019883794,0.345694413674314,0.331287712295462,0.0282142062990261,0.0827973977586965,0.0115532013581914,0.205807306728887,0.00858329024878435,0.00699007524903885,0.000912596503130462,0.0116620086866505,0.100091711821358,0.14193756531343,0.00244231411655896,0.102363943751541,0.228661477232987,0.0211352735357049,0.00323387840504544,0.109246805964467,0.0222438539063281,0.124325639299753,0.157272032010634,0.0431058845211994,0.00307755707101023,0.0407583449056535,0.215039802049558,0.0347408958733695,0.0164318817608208,0.0019022736424791,0.192476116928404,0.269237521423944,0.0531396761832828,0.0352874571984945,0.0218211630626613,0.0504868345556749,0.0318176312315416,0.0539787363675067,0.230290527104438,0.000693327629727335],"obj":[0.871130851640164,0.25051269452798,0.722792903069126,1.79661588834054,1.32377986908513,0.872499336931682,0.86448388718665,0.874668748974886,0.85141078493866,0.621590264024478,0.498700174403494,0.827953831129029,0.812974615602826,0.875148909702709,0.409906775767568,0.884970023666443,0.569720845548578,0.593362779423247,0.609815137022711,0.601249812313279,0.637711856790674,0.601680687067462,0.883380026569687,0.620384085241147,0.599483189836051,0.900379790433011,0.617038849957224,0.805697354556972,0.60072043884008,0.799993566972957,0.600621659691813,0.798182358286721,0.77657327035392,0.792381487378136,0.822266668145378,0.600644552780015,0.60040185979905,0.876674494277098,0.602033395398281,0.841322303867713,0.606317237553846,0.600617836242217,0.601814264111701,0.603347547440724,0.599985131647383,0.861045060929146,0.897992683235378,0.825866323220847,0.608691482743718,0.610522791272998],"X":[[0.117001530909213,0.754129320730951],[0.130419696087581,0.120092998440399],[0.526007379690653,0.196785523378473],[0.896505470470643,0.900110417869899],[0.733089673461646,0.59069019562348],[0.117116712601561,0.755382624330121],[0.116345829456431,0.748138057730219],[0.116211827722537,0.75845692125235],[0.109961212685695,0.741449572252966],[0.081569175607845,0.540021088416634],[0.0664670382889958,0.432233136114498],[0.085875137671664,0.742078693457365],[0.0690362655211253,0.7439383500817],[0.134237030774054,0.740911878928655],[0.0121227024493521,0.397784073318216],[0.117129432294641,0.767840591371802],[0.156504075946001,0.413216769602578],[0.185164842415206,0.408197937008041],[0.20519653364728,0.404618603375432],[0.194847241657532,0.406402570655748],[0.637711856790674,0],[0.196555524946658,0.405125162120804],[0.14222594706815,0.741154079501537],[0.218674888167755,0.401709197073392],[0.196736753403448,0.402746436432604],[0.159429805412485,0.740949985020526],[0.215240990971771,0.401797858985453],[0.0610434686635766,0.744653885893396],[0.196663115930014,0.404057322910066],[0.054652077115069,0.745341489857888],[0.195763345427239,0.404858314264574],[0.0527538175872128,0.745428540699508],[0.028839144332485,0.747734126021435],[0.046224602545556,0.74615688483258],[0.0791182186283027,0.743148449517075],[0.195565392002825,0.40507916077719],[0.195050443438801,0.405351416360249],[0.135508034093538,0.741166460183559],[0.197746845010745,0.404286550387536],[0.0995515507782063,0.741770753089506],[0.202723081694163,0.403594155859682],[0.196806848361765,0.403810987880452],[0.196136187382975,0.405678076728726],[0.200172214912458,0.403175332528266],[0.196657962345111,0.403327169302272],[0.119531169954829,0.741513890974317],[0.156904698831465,0.741087984403913],[0.0824152467265983,0.743451076494248],[0.206271470857314,0.402420011886403],[0.20727529969589,0.403247491577108]],"C":[[-0.108202383036142,-0.917599609378775],[1.62231002344723,-1.46856837459802],[0.91550161952107,-1.18459169429963],[-1.20772483500517,0.113920822941713],[-0.807536474207822,-0.613664623458191],[-0.118611414731408,-0.915680766489543],[-0.0585035415296474,-0.92675309454375],[-0.143833452694559,-0.911237909701795],[-0.00166334112692092,-0.938161063510585],[0.5608618726284,-1.20172369365597],[0.183907018307374,-1.30875664886571],[0.00264789248557673,-0.941944673446483],[-0.00395317558232901,-0.941789725320614],[-0.00332596936181108,-0.933030007231375],[0.212533149200104,-1.34162087109969],[-0.221587139581032,-0.896701522332137],[0.0434527830720567,-1.3047583755315],[0.00858079801411449,-1.29908842535573],[-0.0115398926171469,-1.29417816838166],[-0.00157508580185084,-1.29687150298285],[0.585617870475342,-1.09332358770859],[-0.0022012404341854,-1.29723952862954],[-0.00652863390335233,-0.930462410418797],[-0.0217838379945967,-1.29081101427147],[0.000549256830843503,-1.29908995780111],[-0.00631150370987615,-0.925575256844219],[-0.0183155878540476,-1.2922297963202],[-0.00511601825700004,-0.941764285157385],[-0.00105320321540769,-1.29806129863545],[-0.00671980032102044,-0.941479213963432],[-0.000969699543783842,-1.29776645795798],[-0.00617968145482602,-0.941553325440576],[-0.00746082854635192,-0.940061980537131],[-0.00769827130434291,-0.941113189336445],[-0.00286446861201983,-0.941470689461452],[-0.000992229073618234,-1.29766505095483],[-0.000694851640463512,-1.29764555376907],[-0.00561523846555588,-0.932309850995077],[-0.00258350460386059,-1.29744857046404],[-0.000630864793387281,-0.939865638598681],[-0.00735791818086462,-1.29601510950433],[-0.000911521891895695,-1.29820375050492],[-0.0023315120477328,-1.29695589406055],[-0.00390877462167338,-1.29738073561776],[-0.000125048769656744,-1.29865284034889],[-0.00498322948864541,-0.935869448901358],[-0.00731652450809797,-0.926169514856753],[-0.00699327434817757,-0.940488223966538],[-0.00962097976661996,-1.29551021434371],[-0.0119641162834722,-1.29442841067275]],"d":[[0.172745948619376,0.0452410721244252],[0.708956837520416,0.529450418469013]],"df":[0.638918050678867,0.564004061999236],"lambda":[[0,0],[0,0],[0,0],[0,0],[0,0],[0,0],[0,0],[0,0],[0.355473729346859,0],[0,0],[0,0],[0,0],[0,0],[0,0],[2.30390643688468,0],[0,0],[0,0],[0,0],[0,0],[0,0],[0,0],[0.294946075178956,0],[0.884838225536868,0],[2.06462252625269,0],[0,0],[2.35956860143165,0],[0,0],[0,0],[0,0],[0,0],[0,0],[0,0],[0,0],[0,0],[0,0],[0,0],[0,0],[0,0],[0,0],[0,0],[0,0],[0,0],[0,0],[0,0],[0,0],[0,0]],