{"prog":[1.64715463556982,1.29481591455052,1.29481591455052,1.08779515215377,1.08779515215377,1.08779515215377,1.08779515215377,1.07943992796427,1.07943992796427,1.07943992796427,1.07943992796427,1.01088137573187,0.950074466939671,0.950074466939671,0.904373729660551,0.904373729660551,0.904373729660551,0.904373729660551,0.866019640935594,0.866019640935594,0.866019640935594,0.866019640935594,0.866019640935594,0.866019640935594,0.866019640935594,0.866019640935594,0.866019640935594,0.866019640935594,0.866019640935594,0.866019640935594,0.866019640935594,0.866019640935594,0.866019640935594,0.866019640935594,0.866019640935594,0.866019640935594,0.866019640935594,0.866019640935594,0.866019640935594,0.866019640935594,0.866019640935594,0.866019640935594,0.866019640935594,0.866019640935594,0.866019640935594,0.866019640935594,0.866019640935594,0.866019640935594,0.866019640935594,0.866019640935594],"mei":["Inf",0.0926167688845234,0.116421888070081,0.151242458882807,0.298724782052615,0.15630056594022,0.241083742495114,0.393578613648716,0.164694631606523,0.280057281246103,0.217679572592088,0.281071586146761,0.0978666450995983,0.310665258351029,0.105289104142976,0.246365476066714,0.0430174772065732,0.193043840407351,0.0333361621306911,0.148214757382368,0.0613507406175689,0.0897065179082127,0.059965949570215,0.0304884917496446,0.298940573390388,0.212494175420086,0.328820232975937,0.298926289264594,0.239192757195337,0.0526103087382473,0.0395961996202174,0.045503547039445,0.29890648961388,0.23882484940986,0.292628891900243,0.239053849311465,0.298890170596347,0.189530220469941,0.169697953589963,0.35865418901174,0.298879320254942,0.239121329284669,0.147266754013152,0.298868129524214,0.239092634114222,0.328774326580209],"obj":[1.64715463556982,1.29481591455052,0.277466194033033,1.08779515215377,0.883564231806333,1.29409833093818,0,1.07943992796427,1.25509291027953,0.323867108598816,1.19959278104824,1.01088137573187,0.950074466939671,0.90782611132768,0.904373729660551,0.845644531641649,0.835185122643144,0.946084952248289,0.866019640935594,0.868318529596155,1.10715299997764,0.849895586479721,0.40615746294234,1.12123346224221,1.17096635788057,1.30517757687516,0.894875900579355,1.13529020868438,0.914091538775914,0.964736175756555,0.923412890083335,0.927645131009628,1.00220654431949,0.457645378092994,1.11159902584544,0.480982307245227,0.972961219966467,1.02449611469163,0.963413012124262,0.943603432224348,0.975336451067287,1.01050750727987,1.04956387043934,0.868383951341574,0.980176482921559,1.07196997381908,1.11051057689639,0.978507443316643,1.07103861784536,0.874972851862036],"X":[[0.918450821735535,0.72870381383428],[0.513445392230862,0.781370522319658],[0.019785197568076,0.257680996464957],[0.812132116372728,0.275663035781044],[0.251693099707294,0.63187113209904],[0.512592799795759,0.781505531142423],[0,0],[0.811410655166724,0.268029272797549],[0.471793581920232,0.783299328359301],[0.323867108598816,0],[0.422890707541112,0.776702073507125],[0.801305033222268,0.209576342509599],[0.785621401594185,0.164453065345486],[0.770701577712373,0.137124533615307],[0.765899367137028,0.138474362523523],[0.717351186828701,0.128293344812948],[0.697014378511482,0.138170744131663],[0.79698402670569,0.149100925542599],[0.72549913624486,0.140520504690734],[0.713541970858848,0.154776558737307],[0.81248753406489,0.294665465912753],[0.71814946038549,0.131746126094231],[0,0.40615746294234],[0.812035923087398,0.309197539154814],[0.400577499657116,0.770388858223449],[0.525697795313032,0.779479781562128],[0.718725628938643,0.176150271640712],[0.811488820278618,0.323801388405759],[0.724092961958018,0.189998576817896],[0.814274295660263,0.150461880096292],[0.755333193067969,0.168079697015367],[0.728958887160229,0.198686243849399],[0.840743884061055,0.161462660258432],[0,0.457645378092994],[0.359132804429734,0.752466221415711],[0.0837109444215699,0.397271362823658],[0.819967015191258,0.152994204775209],[0.855455502185569,0.169040612506058],[0.742075127550399,0.221337884573863],[0.733103856726728,0.21049957549762],[0.757874796891669,0.217461654175618],[0.760925790811857,0.249581716468013],[0.873373759481829,0.176190110957511],[0.736217585575746,0.132166365765828],[0.804067480793978,0.176109002127581],[0.885802567728088,0.186167406090993],[0.91054379764298,0.19996677925341],[0.783154863925667,0.195352579390976],[0.797381847488924,0.273656770356438],[0.723900637279325,0.151072214582711]],"C":[[-1.20380930352473,-0.125438839756695],[-0.0998062516461392,-0.625833936046801],[0.917890797702682,-1.43320905001802],[-0.17787214519741,-0.764451316259933],[0.460472824006719,-1.03738945597961],[-0.100328339356196,-0.626497726391343],[1.5,-1.5],[-0.195038947384134,-0.769773057605525],[-0.123110862176653,-0.663852978250745],[0.869952734070724,-1.39511009596784],[-0.121782210911431,-0.71789733848511],[-0.213246599512124,-0.81398800039296],[-0.100123492035583,-0.855754202655662],[0.00227779315944604,-0.887215940392443],[-0.00813640159018275,-0.894223010342804],[0.0266945983068644,-0.96894809243216],[0.0427554260533343,-0.995079801614355],[-0.0223544957307852,-0.842585375178324],[-0.00632288218874361,-0.953904991069424],[0.00177721359986022,-0.966902072688308],[-0.116993843659654,-0.753036270187574],[0.0184080915017832,-0.966904310807192],[0.225523117570453,-1.33503611529624],[-0.0578384257429434,-0.744994541396204],[-0.0998046008764599,-0.746038673893624],[-0.0951106462353248,-0.616053098138874],[-0.000218777794025404,-0.952404552107655],[0.00665629965307756,-0.73663855542932],[0.00215797797173262,-0.939589923250038],[0.00382242895491297,-0.814318594064872],[-0.0890830527576766,-0.901220982900969],[0.000680118555216658,-0.929142717335138],[0.0031490422233646,-0.767079530756201],[0.33097519427274,-1.29056070791012],[-0.0126420801963665,-0.804818214410797],[0.135587199478316,-1.33516794206428],[0.0018229462323705,-0.804246867303541],[-0.00315057870838287,-0.739621155104013],[0.00140409328959135,-0.900334045923426],[0.0118562762581448,-0.918248663967719],[-0.0769528474313502,-0.878336221199615],[-0.00053820218783901,-0.85870090768223],[0.00739846992903231,-0.706175321049357],[0.00699451658868205,-0.940515718449273],[-0.137035595997324,-0.822461105699254],[-0.01989173381614,-0.680695507915677],[-0.0257618770980657,-0.630923279768917],[-0.166482793403298,-0.848505828834862],[-0.108629537620195,-0.789294161333235],[-0.018265364807926,-0.953145053327662]],"d":[[0.0652259317932504,0.0388489118466443],[0.720778532916685,0.76095144306957]],"df":[0.963882701080952,0.880359995747414],"lambda":[[0,0],[0,0],[0,0],[0,0],[0,0],[0,0],[0,0],[0,0],[0,0],[0,0],[0.0233713280009614,0],[0,0],[0.547800585225541,0],[1.64340175567662,0],[0.975532473435205,0],[0.456524317029986,0],[5.55111512312578e-17,0],[-1.56854649845567e-17,0],[1.51101180570589,0],[0.472995492895454,0],[0,0],[0,0],[0,0],[0,0],[0,0],[0,0],[0,0],[0,0],[0,0],[0,0],[0,0],[0,0],[0,0],[0,0],[0,0],[0,0],[0,0],[0,0],[0,0],[0,0],[0,0],[0,0],[0,0],[0,0],[0,0],[0,0]],"rho":[0.0974610068949587,0.0974610068949587,0.0974610068949587,0.0974610068949587,0.0974610068949587,0.0974610068949587,0.0974610068949587,0.0974610068949587,0.0974610068949587,0.0974610068949587,0.0487305034474794,0.0487305034474794,0.0243652517237397,0.0121826258618698,0.0121826258618698,0.0121826258618698,0.0121826258618698,0.0121826258618698,0.00609131293093492,0.00609131293093492,0.00609131293093492,0.00609131293093492,0.00609131293093492,0.00609131293093492,0.00609131293093492,0.00609131293093492,0.00609131293093492,0.00609131293093492,0.00609131293093492,0.00609131293093492,0.00609131293093492,0.00609131293093492,0.00609131293093492,0.00609131293093492,0.00609131293093492,0.00609131293093492,0.00609131293093492,0.00609131293093492,0.00609131293093492,0.00609131293093492,0.00609131293093492,0.00609131293093492,0.00609131293093492,0.00609131293093492,0.00609131293093492,0.00609131293093492]}
