{"prog":[1.47151971044287,0.915939787946627,0.915939787946627,0.915939787946627,0.915939787946627,0.915939787946627,0.915939787946627,0.831256707251114,0.831256707251114,0.831256707251114,0.831256707251114,0.831256707251114,0.831256707251114,0.831256707251114,0.831256707251114,0.625250927994518,0.625250927994518,0.625250927994518,0.625250927994518,0.625250927994518,0.625250927994518,0.61446500687371,0.61446500687371,0.61446500687371,0.61446500687371,0.61446500687371,0.602064166121841,0.602064166121841,0.602064166121841,0.602064166121841,0.602064166121841,0.602064166121841,0.602064166121841,0.602064166121841,0.602064166121841,0.60028139950701,0.60028139950701,0.60028139950701,0.60028139950701,0.600256989174332,0.600256989174332,0.600256989174332,0.600008136122768,0.600008136122768,0.600008136122768,0.600008136122768,0.600008136122768,0.600008136122768,0.600008136122768,0.600008136122768],"mei":["Inf",0.364134401324966,0.414173627019074,0.333522569751427,0.397992404667494,0.0803883477885289,0.151018378571116,0.0878152686875286,0.014366528532385,0.000981143487975475,0.0713130893637685,0.104622611954876,0.0372784738072252,0.0407937424359908,0.0778699792328124,0.0552029286678439,0.0480064236351422,0.165662025601279,0.124501225834278,0.0398852881095159,0.100369034284171,0.149487310749408,0.153826887660953,0.00692731381074828,0.078646461188911,0.00307518605348794,0.0539951499265226,0.00250149431425796,0.0368674161485697,0.00359462902334219,0.16563490714628,0.180155211684041,0.183320430635264,0.0135879736210077,0.145075242804425,0.0209304648591838,0.160988710098595,0.165718889117571,0.204462656003194,0.000862053390517055,0.178491080964226,0.165656641470729,0.158576754053912,0.0433364567841155,0.136727951379764,0.144994634738239],"obj":[1.47151971044287,0.915939787946627,0.323254271560175,1.13726271863497,1.25488858458467,0,1,0.831256707251114,0.358213833630043,0.411883442565796,0.622352293653575,0.952119825770971,0.542668835510154,0.581356269564986,0.833471544670389,0.625250927994518,0.626519772408694,0.669447299507912,0.675935629669936,0.66208778510753,0.597787044564222,0.61446500687371,0.709897649111026,0.628474634225407,0.720813047373026,0.61681951492589,0.602064166121841,0.681532468984366,0.764493755823605,0.724114241427423,0.746354948943732,0.781594505298816,0.633909400157975,0.607747481334589,0.606673979964955,0.60028139950701,0.604992655216719,0.692096502594999,0.676854002348411,0.600256989174332,0.614285835669125,0.613794494120304,0.600008136122768,0.831240585794643,0.612439178588472,0.634410273917552,0.619672421362808,0.771713186171708,0.61828091660014,0.644353114384349],"X":[[0.989243907753668,0.482275802689203],[0.0843163367277748,0.831623451218853],[0.227167128288924,0.0960871432712504],[0.563611055077894,0.57365166355708],[0.441843197122645,0.813045387462025],[0,0],[1,0],[0,0.831256707251114],[0,0.358213833630043],[0,0.411883442565796],[0.108127757186153,0.514224536467421],[0.413439411163982,0.538680414606989],[0.153123450651111,0.389545384859043],[0.194149312696245,0.38720695686874],[0.317345567422709,0.51612597724768],[0.224091687608356,0.401159240386161],[0.239434126598359,0.387085645810336],[0.290610514541257,0.378836784966655],[0.291075520063853,0.384860109606083],[0.281149346796379,0.38093843831115],[0.191243443023334,0.406543601540888],[0.1916477736076,0.42281723326611],[0.328930708121701,0.380966940989324],[0.230165103263145,0.398309530962262],[0.338707465999256,0.382105581373769],[0.190883396536994,0.425936118388896],[0.202614257527198,0.399449908594642],[0.300402672417043,0.381129796567323],[0.380684470543387,0.383809285280217],[0.342148617314351,0.381965624113071],[0.363068235045045,0.383286713898687],[0.278924138862962,0.502670366435854],[0.248423363605271,0.385486036552704],[0.214269369906843,0.393478111427746],[0.212669438076419,0.394004541888536],[0.192963124111331,0.407318275395679],[0.209306454403182,0.395686200813537],[0.226328087387739,0.46576841520726],[0.295692520060517,0.381161482287894],[0.193028115957519,0.407228873216814],[0.223689902009429,0.390595933659697],[0.190285510562852,0.423508983557452],[0.193988319542445,0.406019816580323],[0,0.831240585794643],[0.189511024691109,0.422928153897364],[0.249423540918507,0.384986732999045],[0.220186312759918,0.39948610860289],[0.272568949097491,0.499144237074217],[0.229566071841232,0.388714844758908],[0.202358833820866,0.441994280563483]],"C":[[-0.49788353873802,-0.288806541112738],[-0.663101862452858,-0.801293190743653],[1.46705294201694,-1.43916235672293],[-0.64960254979646,-0.853266347492178],[-0.357507343251631,-0.643731787083165],[1.5,-1.5],[0.5,-0.5],[-0.588855514770563,-0.809012286650036],[0.29465519191389,-1.37168284939607],[0.228984507986215,-1.33035202974015],[0.415971069425171,-1.22388151422076],[-0.268118438396649,-1.03889126421522],[0.068100137941025,-1.32480760199572],[0.0331763625259848,-1.31237681693202],[-0.0580889745160235,-1.13290576644729],[-0.0263665861585671,-1.28885417939764],[-0.00279382871851075,-1.29283600182768],[0.00878050700092547,-1.27202821919419],[-0.0196671389638079,-1.26715773765355],[0.000844018100788324,-1.27584095101303],[0.00259113360629076,-1.29814824554674],[-0.00342515601807086,-1.28449671812444],[-0.00216425546677496,-1.24666877912779],[-0.026385384130318,-1.28837354278449],[-0.00648035466882568,-1.23927257715938],[-0.00108753202027612,-1.2821419519783],[-0.000906429560696587,-1.29938723317043],[-0.00383423865391908,-1.26449831257325],[0.0032943453557896,-1.20776976641979],[-0.00472231484566976,-1.23703658566579],[-0.00418750783250965,-1.22127275165002],[-0.00411579444514051,-1.1695238274668],[-0.00310196961192216,-1.28968634803793],[-0.000434313243724505,-1.29926361294698],[-0.000164236490768355,-1.29953213107947],[-0.000207293970087563,-1.29685705526188],[-0.000620251991067911,-1.29962323863092],[0.00057768497746713,-1.23183538025473],[-0.00336017883247985,-1.26728185800036],[-0.000202815476921747,-1.29690479126846],[-0.00138071699343467,-1.29739764434752],[-0.00124965373671804,-1.28443156531597],[-0.000159567165562591,-1.29751644042518],[-0.588770344367714,-0.809039088527779],[-0.000322760850267723,-1.28521734816149],[-0.00189173106458651,-1.2895731126504],[-0.0191561582935086,-1.29192883670651],[-0.000662302739141279,-1.17656119858349],[-0.000706085684620883,-1.29620018812344],[-0.00331820684693884,-1.26369195832383]],"d":[[0.159985347044332,0.0335284754588354],[0.695875385804765,0.669117893049704]],"df":[0.744215249552575,0.660676979815036],"lambda":[[0,0],[0,0],[0,0],[0,0],[0,0],[0.250795329926179,0],[0.752385989778538,0],[1.53198528827207,0],[-2.22044604925031e-16,0],[0.463706651886967,0],[0.915514840646741,0],[1.81913121816629,0],[0.382850851173027,0],[5.55111512312578e-17,0],[1.8072327550391,0],[0,0],[0,0],[0.28229625971223,0],[0.84688877913669,0],[1.97607381798561,0],[4.23444389568345,0],[0,0],[4.51674015539568,0],[1.35665085324912,0],[-2.22044604925031e-16,0],[1.55941267910195e-16,0],[1.55941267910195e-16,0],[1.55941267910195e-16,0],[1.55941267910195e-16,0],[1.55941267910195e-16,0],[1.55941267910195e-16,0],[1.55941267910195e-16,0],[-3.30516685074181e-17,0],[-3.30516685074181e-17,0],[-3.30516685074181e-17,0],[-3.30516685074181e-17,0],[-3.30516685074181e-17,0],[-3.30516685074181e-17,0],[-3.30516685074181e-17,0],[-3.30516685074181e-17,0],[-3.30516685074181e-17,0],[-3.30516685074181e-17,0],[-3.30516685074181e-17,0],[-3.30516685074181e-17,0],[-3.30516685074181e-17,0],[-3.30516685074181e-17,0]],