{"prog":[0.989859572735117,0.989859572735117,0.989859572735117,0.989859572735117,0.989859572735117,0.989859572735117,0.989859572735117,0.989859572735117,0.989859572735117,0.989859572735117,0.989859572735117,0.989859572735117,0.989341702134445,0.989341702134445,0.989341702134445,0.985025969821908,0.96886821164178,0.96886821164178,0.96886821164178,0.96886821164178,0.96886821164178,0.96886821164178,0.616756498466721,0.616756498466721,0.610658938507384,0.610658938507384,0.607963140041363,0.607963140041363,0.607963140041363,0.607963140041363,0.607963140041363,0.607963140041363,0.607963140041363,0.607963140041363,0.607963140041363,0.607963140041363,0.607963140041363,0.607963140041363,0.607963140041363,0.607963140041363,0.607963140041363,0.607963140041363,0.607963140041363,0.604007927968818,0.600251822926627,0.600251822926627,0.600251822926627,0.600251822926627,0.600251822926627,0.600251822926627],"mei":["Inf",0.00113184747702344,0.000916992088549246,0.0086000956775949,0.0505850972029183,0.00696602399314076,0.0172220341086574,0.0175360602650703,0.0179182404494393,0.0283960378326324,0.023994225121809,0.178525153301807,0.059267348850353,0.0238813205675323,0.149558403604234,0.0735257046396113,0.306126905983345,0.0422988556944127,0.112320133611266,0.00713761283829521,0.20423986584748,0.0488185785859106,0.0198332824469372,0.0755749814549798,0.011925134445294,0.201293281695322,0.128028311612046,0.0109034296076997,0.0296904812180027,0.0980895633981186,0.032465112933696,0.0235305969927391,0.0908730187025397,0.206018980830008,0.0147617021424435,0.223151513421298,0.231413469506529,0.030500995273879,0.109157390887638,0.214327994474109,0.226791332212462,0.269349173321056,0.248629177856857,0.177344222258619,0.0727108837672144,0.147456097430006],"obj":[0.989859572735117,1.23109622628686,0.403358400669731,1.37458780606617,1.76143308149218,1,0.422111978861337,1.23035467989355,1.22971198536499,0.460922806339492,0.347512818288527,1.37446058815995,0.989341702134445,0.991184433463231,1.37429003542696,0.985025969821908,0.96886821164178,0.50896801444461,1.23002106975734,1.22946765636663,0.978014154889826,0.590427179425418,0.616756498466721,0.949370508326095,0.610658938507384,0.61269416946444,0.607963140041363,0.638386683813758,0.91252584264168,0.649551361824266,0.654283879449826,0.618374313545026,0.656125670050836,0.618601810013844,0.676932287901359,0.658116858813255,0.710527842909354,0.685695530936817,0.743936927350172,0.63719900991019,0.61831381576627,0.728467096311535,0.761413744055452,0.604007927968818,0.600251822926627,0.600593496969099,0.602266867696705,0.723082444677217,0.758971080477149,0.625563431357043],"X":[[0.076986020150824,0.912873552584293],[0.624652047014016,0.606444179272848],[0.281675206856261,0.12168319381347],[0.4750084551645,0.89957935090167],[0.901981080067805,0.859452001424379],[1,0],[0,0.422111978861337],[0.624252732432199,0.606101947461355],[0.624056756331891,0.605655229033099],[0,0.460922806339492],[0,0.347512818288527],[0.474915093429447,0.899545494730499],[0.0765279065174356,0.912813795617009],[0.0782299221433843,0.912954511319847],[0.474758173997394,0.899531861429571],[0.0724619795303812,0.912563990291527],[0.0573571354402873,0.911511076201493],[0.0993094966697932,0.409658517774817],[0.624111820990201,0.60590924876714],[0.623837445837662,0.605630210528971],[0.0659026412801439,0.912111513609682],[0.173189662041572,0.417237517383846],[0.196763106111605,0.419993392355116],[0.0391578616787602,0.910212646647335],[0.191003576320638,0.419655362186746],[0.193355160309745,0.419339009154695],[0.189009770647424,0.418953369393939],[0.216099992299907,0.422286691513851],[0.00499329498169708,0.907532547659983],[0.226112809750912,0.423438552073354],[0.2303584172829,0.423925462166926],[0.198307014998645,0.420067298546381],[0.231977323865856,0.42414834618498],[0.198457033298281,0.420144776715563],[0.251016302435802,0.425915985465557],[0.234034003216828,0.424082855596428],[0.281292355429233,0.429235487480121],[0.259524985186427,0.426170545750391],[0.312012298219835,0.431924629130337],[0.216477623612969,0.420721386297221],[0.199842551342921,0.418471264423349],[0.298924189966728,0.429542906344807],[0.328751742241397,0.432662001814055],[0.191007708448662,0.413000219520155],[0.193934060976701,0.406317761949926],[0.198884476952049,0.40170902001705],[0.204798536509987,0.397468331186717],[0.293852339860608,0.429230104816609],[0.326812178372063,0.432158902105086],[0.193442215070922,0.432121216286121]],"C":[[-0.855386790572257,-0.66073502969347],[-0.786279940705338,-0.742035277587281],[1.4037628843843,-1.40585227818584],[-0.997025810163386,-0.465123958953566],[-1.40105795583193,0.052227611552655],[0.5,-0.5],[0.24087031245849,-1.32182147730177],[-0.785453246720108,-0.742948955334486],[-0.785256953448571,-0.743734908421384],[0.342374601316779,-1.28755016659613],[0.334506703204683,-1.37923484112517],[-0.996923719203211,-0.46527355694296],[-0.854874777354076,-0.660914454055328],[-0.856834176295031,-0.66039413954218],[-0.997081855185527,-0.465447106495712],[-0.850167555795333,-0.661976225145744],[-0.833150240954609,-0.665857716976081],[0.115857270176586,-1.32231752268573],[-0.785216131114861,-0.743358417158734],[-0.784680593135749,-0.744038889265376],[-0.842699755958042,-0.663709428612955],[0.0213444550641416,-1.29591819504929],[-0.0110290404938384,-1.28488983045136],[-0.813467853579807,-0.669979599752001],[-0.00302183083034341,-1.28740701082064],[-0.00629169998093804,-1.28676857738275],[-0.000281800545145705,-1.28875338087327],[-0.0382229150573886,-1.27497474349827],[-0.778885578928506,-0.676359741943007],[-0.0524739803280395,-1.26957278988457],[-0.0585433826816423,-1.26722220211348],[-0.013178422701391,-1.28421779249427],[-0.0608712781872048,-1.26628470164058],[-0.0133892156185365,-1.28409317253307],[-0.0880463335399681,-1.25558638923636],[-0.0637298815391821,-1.26538181692749],[-0.131288040618271,-1.23663150706478],[-0.0998327666948928,-1.2510254479988],[-0.173177747887349,-1.2160894405102],[-0.0384335035251573,-1.27613095358703],[-0.0151360920096011,-1.28494475552468],[-0.154172895947054,-1.22613722026159],[-0.193557594304922,-1.2047258841595],[-0.00167524708275613,-1.29294687398949],[-0.000401411638184357,-1.29729545631709],[-0.000406946694315791,-1.29907482806445],[0.000353283105603286,-1.30007648514701],[-0.147495086898483,-1.22941231947757],[-0.190573201426941,-1.20643248339903],[-0.000559350192989083,-1.27585136386386]],"d":[[0.208533672206416,0.0362454102094717],[0.69358168271529,0.433651830787207]],"df":[0.78162861891966,0.517838361511364],"lambda":[[0,0],[0,0],[0,0],[0,0],[0,0],[0,0],[0,0],[0,0],[0,0],[0,0],[0,0],[0,0],[0,0],[0,0],[0,0],[0,0],[0,0],[0,0],[15.4913163880587,0],[0,0],[0,0],[0,0],[0,0],[0,0],[0,0],[0,0],[0,0],[0,0],[0,0],[0,0],[0,0],[0,0],[0,0],[0,0],[0,0],[0,0],[0,0],[0,0],[0,0],[0,0],[0,0],[0,0],[0,0],[0,0],[0,0],[0,0]],"rho":[0.00137783352488977,0.00137783352488977,0.00137783352488977,0.00137783352488977,0.00137783352488977,0.00137783352488977,0.00137783352488977,0.00137783352488977,0.00137783352488977,0.00137783352488977,0.00137783352488977,0.00137783352488977,0.00137783352488977,0.00137783352488977,0.00137783352488977,0.00137783352488977,0.00137783352488977,0.00137783352488977,0.000688916762444886,0.000688916762444886,0.000688916762444886,0.000688916762444886,0.000688916762444886,0.000688916762444886,0.000688916762444886,0.000688916762444886,0.000688916762444886,0.000688916762444886,0.000688916762444886,0.000688916762444886,0.000688916762444886,0.000688916762444886,0.000688916762444886,0.000688916762444886,0.000688916762444886,0.000688916762444886,0.000688916762444886,0.000688916762444886,0.000688916762444886,0.000688916762444886,0.000688916762444886,0.000688916762444886,0.000688916762444886,0.000688916762444886,0.000688916762444886,0.000688916762444886]}
