{"prog":[1.19509866076873,1.19509866076873,1.19509866076873,0.892010398961606,0.892010398961606,0.892010398961606,0.882445056660803,0.882445056660803,0.882445056660803,0.619278742868271,0.614746887001803,0.614746887001803,0.614338979167518,0.614338979167518,0.614338979167518,0.614338979167518,0.614338979167518,0.614338979167518,0.614338979167518,0.614338979167518,0.614338979167518,0.614338979167518,0.614338979167518,0.614338979167518,0.614338979167518,0.614338979167518,0.614338979167518,0.614338979167518,0.614338979167518,0.614338979167518,0.614338979167518,0.614338979167518,0.614338979167518,0.614338979167518,0.614338979167518,0.614338979167518,0.614338979167518,0.614338979167518,0.614338979167518,0.614338979167518,0.614338979167518,0.614338979167518,0.614338979167518,0.614273939791456,0.614273939791456,0.614273939791456,0.614273939791456,0.614273939791456,0.613871042625611,0.613871042625611],"mei":["Inf",0.00641117892328102,0.0389603178242384,0.00361982117442808,0.000903673182649585,0.000721594193422056,0.000516478664424716,0.00463488099183003,0.000424271241264462,0.000234027332642124,0.000258200855192587,3.07758707544478e-05,2.43082039585373e-05,0.000243651106537013,"Inf",0.00332464761800046,9.04147464404982e-06,3.85507517933825e-05,0.00206449723209882,0.10891866414699,1.77630732414058e-05,8.66171112125153e-06,0.000565114194174463,4.06671816765293e-05,0.000268165304558154,1.3110296262592e-05,0.000994025469827639,0.0262269375453861,0.0148092545592838,0.10590190285775,0.00124830879318624,0.000843134818462092,0.00621650825342359,0.0346430850705916,0.00091549708176707,0.00515408834321743,0.0032564060125937,0.00233444777120771,0.00458636698550541,0.00280215664400032,0.0269946984109186,0.0421206550282191,0.00757265533977571,0.0152971772307284,0.0265919835849713,0.117269091598584],"obj":[1.19509866076873,0.506562530320734,1.30743625379806,0.892010398961606,0.982787275757358,0.545114273074701,0.882445056660803,0.61495814219131,0.614629750172714,0.619278742868271,0.614746887001803,0.61266602447777,0.614338979167518,0.61489077522546,0.61488979061389,0.319144168902059,0.614967243638314,0.614733209306837,0.885367418806889,0.614815014341362,0.614526241224749,0.615044671968156,0.615045801468438,0.614864717577893,0.35053525348355,0.615017625953562,0.614817418374192,0.614915314056217,0.614958326095453,0.590202196460109,0.61474997329335,0.61493075140762,0.614963868898871,0.614961279908239,0.614969067614342,0.614729179933117,0.614947568979554,0.614847952704384,0.614606650609041,0.61476104204917,0.614839699158428,0.614671908137977,0.61507772485612,0.614273939791456,0.614318165701822,0.614856565926418,0.614913309307903,0.61488721247938,0.613871042625611,0.61474698407065],"X":[[0.219630852071482,0.975467808697249],[0.0724614177626701,0.434101112558064],[0.802263930049321,0.505172323748742],[0.472790710044278,0.419219688917329],[0.959277058383282,0.0235102173740766],[0.113724201662416,0.431390071412285],[0.463877846058365,0.418567210602438],[0.189132808031562,0.425825334159749],[0.189257561180992,0.425372188991722],[0.194855106478942,0.424423636389329],[0.190431785074207,0.424315101927597],[0.189286361876835,0.423379662600935],[0.190422387241326,0.423916591926192],[0.190572900713608,0.424317874511851],[0.190431684607946,0.424458106005944],[0.255869160381935,0.0632750085201239],[0.190486780345479,0.424480463292836],[0.190205627832584,0.424527581474253],[0.466594727869935,0.418772690936955],[0.190192065274239,0.424622949067122],[0.190082698889086,0.424443542335663],[0.190606053760699,0.424438618207457],[0.190571849766151,0.424473951702287],[0.190422710931617,0.424442006646276],[0.0439685304950835,0.306566722988466],[0.190564716962455,0.424452908991107],[0.190475993574007,0.424341424800185],[0.190578549692557,0.42433676436366],[0.190494447062203,0.424463879033251],[0.0414993425617381,0.548702853898371],[0.190413095907806,0.424336877385544],[0.190565942683854,0.424364808723766],[0.19058094863525,0.424382920263621],[0.190579930195434,0.424381349712806],[0.190591613447199,0.424377454167142],[0.190416944518216,0.4243122354149],[0.190571894118373,0.424375674861181],[0.190410888092681,0.424437064611703],[0.19024385983718,0.424362790771862],[0.190399556209354,0.424361485839816],[0.190556839276948,0.42428285988148],[0.190330061802826,0.424341846335151],[0.190938654153702,0.424139070702417],[0.189973480075616,0.42430045971584],[0.189782894704697,0.424535270997125],[0.190544060531893,0.424312505394525],[0.190544284684762,0.42436902462314],[0.190570854839502,0.424316357639878],[0.189635162829124,0.424235879796487],[0.190464365928556,0.424282618142094]],"C":[[-0.95756019636223,-0.500224843013742],[0.180056238283404,-1.30630556701167],[0.0588575169546222,-0.601173509860115],[-0.141669923286184,-1.10072379691989],[0.851249276715132,-0.579234794938542],[0.118704723807092,-1.30096941224315],[-0.147729752734978,-1.10961883414475],[0.00144347935092026,-1.28290156571383],[0.00102841157694744,-1.28324007636821],[-0.00756725714544382,-1.28189606435314],[-0.00116276406985832,-1.28369242950962],[0.000149541317546242,-1.28492033450335],[-0.00130256237961557,-1.284034037527],[-0.00136725821285894,-1.28363631088335],[-0.00110472990502597,-1.28357108974323],[1.30479637756971,-1.43052724606222],[-0.00117594318188136,-1.28353112279631],[-0.000746040370314283,-1.28359815170843],[-0.146035016737878,-1.1069187932494],[-0.000686006263514005,-1.28352232943226],[-0.000601599786584972,-1.2837162469526],[-0.00136705013362259,-1.28352119164392],[-0.0013027452964588,-1.28350423440295],[-0.00109823132106579,-1.28358817415554],[0.521289833358224,-1.40408361268222],[-0.0013009346766758,-1.28352481669801],[-0.00121664647184633,-1.28365325107054],[-0.00136796222859981,-1.28361812680646],[-0.00119393307701421,-1.28354228103451],[0.643910045886602,-1.19720298269073],[-0.00112681072527848,-1.28368106739749],[-0.00133836430867457,-1.28359913060586],[-0.00135296004741259,-1.28357803900581],[-0.00135210731119562,-1.28357976022264],[-0.0013707058190377,-1.28357861327821],[-0.00114228769361546,-1.28370051411756],[-0.00134267474735605,-1.28358763975825],[-0.00108300611049811,-1.28359687187956],[-0.000869697941482506,-1.28372349560257],[-0.00109717452733948,-1.2836653383311],[-0.00135774994861637,-1.28367214581557],[-0.00100380600373845,-1.28370846502301],[-0.0019691828418974,-1.28364847905366],[-0.000500944519021496,-1.28387919675289],[-0.000125585836922681,-1.2837522565569],[-0.00132737617450973,-1.28365185876184],[-0.00130510130756178,-1.28360380651438],[-0.00136488085885278,-1.28363837792497],[-3.43472368009023e-05,-1.28406242331207],[-0.00122315949530172,-1.28370758525392]],"d":[[0.211432183447336,0.0277307289248004],[0.598622228772874,0.512336638394597]],"df":[0.409298440807527,0.516520120841161],"lambda":[[0,0],[0,0],[0,0],[0,0],[0.7433727138328,0],[1.80260934843391,0],[3.92108261763614,0],[-4.44089209850063e-16,0],[0.616094355536775,0],[1.84828306661033,0],[4.31266048875743,0],[9.24141533305163,0],[0,0],[9.8575096885884,0],[0,0],[19.7150193771768,0],[0,0],[0,0],[0,0],[0,0],[0,0],[0,0],[0,0],[0,0],[0,0],[0,0],[0,0],[0,0],[0,0],[0,0],[0,0],[0,0],[0,0],[0,0],[0,0],[0,0],[0,0],[0,0],[0,0],[0,0],[0,0],[0,0],[0,0],[0,0],[0,0],[0,0]],