{"prog":[1.04751482677821,1.04751482677821,1.04751482677821,1.04751482677821,1.04751482677821,1.04200156377167,1.04200156377167,0.606863428553149,0.606863428553149,0.606863428553149,0.606863428553149,0.606863428553149,0.606863428553149,0.606863428553149,0.604698227590323,0.604698227590323,0.604698227590323,0.600384117583319,0.600384117583319,0.600384117583319,0.600384117583319,0.600384117583319,0.600384117583319,0.600384117583319,0.60007959841868,0.599899613658433,0.599899613658433,0.599899613658433,0.599899613658433,0.599899613658433,0.599837431948826,0.599837431948826,0.599837431948826,0.599837431948826,0.599837431948826,0.599837431948826,0.599837431948826,0.599837431948826,0.599837431948826,0.599837431948826,0.599837431948826,0.599837431948826,0.599837431948826,0.599837431948826,0.599837431948826,0.599837431948826,0.599837431948826,0.599837431948826,0.599837431948826,0.599837431948826],"mei":["Inf",0.0739808375037884,0.0471672204740537,0.506035398469389,0.0109581564743867,0.104704206334679,0.0188664216876869,0.0192948504017767,0.0560201257063065,0.00281595077782061,0.00686207098441012,0.00637721109892809,0.0296206159780209,0.0293075584949669,0.00565686478942029,0.0210377480848555,0.000559746307287508,0.000298447420222337,0.0512122432382019,0.148823721230036,0.0055477605410159,0.0142697430196667,0.201511390093114,0.0236251093856882,0.0282330911336251,0.000719117801988383,0.15576976845921,0.0673982529189153,0.00122981985991798,0.0123298913702374,0.0499679037623357,0.00032801349548114,0.00161232483969498,0.0974230818987675,0.00947975481467496,0.00636480947967556,0.00430524199947238,0.122321858526338,0.0138488003114408,0.0260768294380925,0.248013124521124,0.0093641600197962,0.0347209799150071,0.0117381140557246,0.107946834012824,0.156772810718778],"obj":[1.04751482677821,1.71148650911904,0.445495648064067,1.09903543662723,0.792928846518725,1.04200156377167,0.54995708528059,0.606863428553149,0.633103941013448,0.694474171876994,0.765862773762492,0.602790575614622,0.604064813411852,0.797809572346925,0.604698227590323,0.607950359098233,0.59877972465716,0.600384117583319,0.793664315869289,0.610888328871008,0.020164359052176,0.607198477561232,0.791816961824528,0.599213697751051,0.60007959841868,0.599899613658433,0.600117213271501,0.611193163329124,0.59981956360728,0.604353833172309,0.599837431948826,0.602903823918367,0.600258905952554,0.608067670939249,0.60052735194083,0.792768077206494,0.793586887693386,0.607058783511531,0.60132692594105,0.60909621442932,0.606678662919321,0.610754087017415,0.599898601586967,0.601147126321414,0.608809859305805,0.599857780365361,0.613161897188004,0.60515251844136,0.606638715800221,0.607982053788475],"X":[[0.475986942093816,0.571527884684393],[0.829637886595362,0.881848622523679],[0.106464547250994,0.339031100813074],[0.154955111317093,0.944080325310137],[0.648856319349459,0.144072527169267],[0.47357516047456,0.568426403297106],[0.174126398029465,0.375830687251125],[0.210923916674491,0.395939511878659],[0.227819235669356,0.405284705344092],[0.267792405502794,0.4266817663742],[0.315258775153228,0.450603998609264],[0.207914684130784,0.394875891483838],[0.208412640496771,0.395652172915081],[0.337616253530079,0.460193318816846],[0.208374409089759,0.396323818500564],[0.215374758523243,0.39257560057499],[0.198525632472564,0.400254092184596],[0.1970185128186,0.403365604764718],[0.334787861498038,0.45887645437125],[0.219110696684326,0.391777632186682],[0,0.020164359052176],[0.214090366462518,0.393108111098715],[0.333555495682752,0.458261466141776],[0.193998489734088,0.405215208016963],[0.194908791939549,0.405170806479131],[0.19558500958346,0.404314604074973],[0.197852929666826,0.402264283604675],[0.219906081474486,0.391287081854638],[0.196556492103625,0.403263071503655],[0.208607895297325,0.395745937874984],[0.194441271449419,0.405396160499407],[0.205740955833527,0.39716286808484],[0.192234688485319,0.408024217467235],[0.211098822849929,0.39696884808932],[0.199274627412355,0.401252724528475],[0.680298730603115,0.112469346603378],[0.715061882416238,0.0785250052771477],[0.209903246617215,0.397155536894316],[0.20216921248644,0.39915771345461],[0.215693632213004,0.393402582216316],[0.212427696895733,0.394250966023589],[0.212995490934996,0.397758596082419],[0.193789937364824,0.406108664222143],[0.20196175114254,0.399185375178874],[0.216206086337804,0.392603772968001],[0.196531404807605,0.403326375557756],[0.218647545351463,0.39451435183654],[0.208611543454472,0.396540974986888],[0.212255307480154,0.394383408320067],[0.214138781580504,0.393843272207971]],"C":[[-0.369517231569043,-0.946792307984361],[-0.865225898127037,-0.0340439840786713],[0.282365021254391,-1.37372321286012],[-0.919932776229282,-0.584701252839013],[0.192402896563946,-1.05822858375533],[-0.371464601998857,-0.952617991416211],[0.0822964217835029,-1.32843129202963],[-0.002735715652675,-1.29874300430798],[-0.0376473176508554,-1.28384270347318],[-0.111301400311173,-1.24622989779882],[-0.190197209881526,-1.19756794112623],[0.00245282869545738,-1.30084451444764],[0.000327852780113713,-1.30002352934874],[-0.226933172440675,-1.17423737466865],[-0.0010161600536121,-1.29950753652563],[0.000719335052031755,-1.29949811122424],[0.00218079568665536,-1.30038423494085],[-0.000585473348211907,-1.29847989449954],[-0.222263993722982,-1.17734948741724],[-0.000605372314123831,-1.29850078951671],[1.58501621381079,-1.49959339862401],[0.00060621820886847,-1.29963132797635],[-0.220237582409222,-1.17873715994942],[0.000690699546958995,-1.29816522117266],[-0.000327455249369557,-1.29784718040172],[-0.000122251170927512,-1.29827620495794],[-4.78690574445273e-05,-1.29903766435827],[-2.32373084859683e-05,-1.29853573490422],[7.34229367082562e-05,-1.29874444057336],[-5.92849271334739e-05,-1.29986789867507],[-2.84752554548517e-05,-1.29784654500947],[-2.73562824694706e-05,-1.29993231530733],[4.80198529994591e-05,-1.2965620625032],[-0.00503266351167081,-1.29785302063801],[-0.000165155453601629,-1.29928587392814],[0.0962146138605482,-1.0245442832144],[0.23139667368756,-0.98252032786157],[-0.00421369513380093,-1.29820810657374],[6.20251159391683e-05,-1.2998007293123],[-0.00156689454541165,-1.2987106653283],[-0.000496692128821974,-1.29944064938104],[-0.00851246069902828,-1.2964210200839],[-1.60511802534957e-05,-1.29752121301984],[0.000234792564684672,-1.29986248731874],[-0.000100420040547333,-1.29911720568178],[2.01799911482281e-05,-1.29870324170379],[-0.00691594848832805,-1.29655167710677],[-0.00169161014081398,-1.29923647909399],[-0.000632251435510545,-1.29940941168835],[-0.00116686701257973,-1.29903205915973]],"d":[[0.382794653145215,0.014142135623731],[0.698900898062165,0.413276639092771]],"df":[0.713420961479427,0.371981583150915],"lambda":[[0,0],[0,0],[0,0],[4.65744693354792,0],[4.34779919427855,0],[0.0866082372634587,0],[2.77555756156289e-17,0],[-2.13315071435474e-17,0],[0.277628583080542,0],[0.832885749241627,0],[0.981320579559061,0],[0.0611908488857315,0],[0.358060509520598,0],[4.30746777205354,0],[2.1868906748071,0],[0.0663135775606678,0],[-8.32667268468867e-17,0],[-8.32667268468867e-17,0],[-8.32667268468867e-17,0],[-8.32667268468867e-17,0],[2.50170506451407,0],[0.129627482137511,0],[0,0],[0,0],[0,0],[0.531873905009076,0],[0,0],[0,0],[0,0],[0,0],[0,0],[0,0],[0,0],[0,0],[0,0],[0,0],[0,0],[0,0],[0,0],[0,0],[0,0],[0,0],[0,0],[0,0],[0,0],[0,0]],