{"prog":[1.25050297881721,1.25050297881721,1.25050297881721,1.25050297881721,1.25050297881721,1.20428229391985,1.20428229391985,1.20428229391985,1.20428229391985,1.20428229391985,1.20428229391985,0.854304177749662,0.854304177749662,0.854304177749662,0.738364752957527,0.738364752957527,0.738364752957527,0.738364752957527,0.738364752957527,0.738364752957527,0.674522998118163,0.647186958092795,0.647186958092795,0.647186958092795,0.626459408085435,0.626459408085435,0.626459408085435,0.626459408085435,0.626459408085435,0.626459408085435,0.626459408085435,0.626459408085435,0.626459408085435,0.626459408085435,0.626459408085435,0.624061680061059,0.624061680061059,0.62219102669497,0.62219102669497,0.609822187354398,0.609822187354398,0.609822187354398,0.609822187354398,0.609822187354398,0.609822187354398,0.609822187354398,0.603925899317055,0.603925899317055,0.603925899317055,0.603925899317055],"mei":["Inf",0.0441845968431576,0.0293901361358103,0.045562410982635,0.0545960691130683,0.188895067100426,0.219423710108113,0.134601034797639,0.33186278012174,0.00166048472249671,0.148526594834021,0.00486223718329022,0.0256320727372673,0.115745926225637,0.00150702030225288,0.140784475707592,0.22945181344293,0.186461720198992,0.089457058975634,0.119658276072976,0.130950172048586,0.109597586768044,0.00325673739005863,0.129908244410165,0.124868012787569,0.150863413735697,0.0865487228044714,0.0668485995039792,0.129829829076827,0.108190840925606,0.128945476858151,0.151474082851284,0.107779249085292,0.150894232876446,0.128951452500509,0.150400477729436,0.127473571444949,0.101500374640182,0.0632219017047236,0.126357213839227,0.147415950581603,"Inf",0.14753338755117,0.12580638391534,0.0834101956443447,0.125112226027801],"obj":[1.25050297881721,1.27923930451256,0.104251977224893,0.790029450703885,0.708721168830227,1.20428229391985,0.307177095812022,0.721907229476354,0.433404602081945,0.667819663688498,0.78156130514525,0.854304177749662,0.628772842181525,0.886116508800364,0.738364752957527,0.366759699680088,0.929328380574398,0.763649950783722,0.792837731393935,0.804262351001208,0.674522998118163,0.647186958092795,0.726066805092289,0.684615809025425,0.626459408085435,0.643805060897801,0.5222824621368,0.647555711477359,0.655418752803492,0.631878994934233,0.714098251485093,0.718769752272788,0.654830648130662,0.680371195197959,0.661408658544196,0.624061680061059,0.677209435837273,0.62219102669497,0.635176954639741,0.609822187354398,0.618856927754614,0.611637299352574,0.700249516596902,0.626914705014281,0.599348932471389,0.837196275822206,0.603925899317055,0.62382855848382,0.680724003262207,0.615552123885963],"X":[[0.424845541525829,0.825657437291382],[0.870854995029712,0.40838430948285],[0.0775167186692163,0.0267352585556766],[0.216426171263779,0.573603279440106],[0.634703175531398,0.0740179932988291],[0.419435068247708,0.784847225672142],[0.00538827236202006,0.301788823450002],[0.184973830749507,0.536933398726846],[0.111611254694471,0.321793347387475],[0.312100787114375,0.355718876574123],[0.454176411434753,0.327384893710497],[0.413513605598557,0.440790572151105],[0.249070695319104,0.379702146862421],[0.831415546220458,0.0547009625799058],[0.328563603400694,0.409801149556833],[0.305192094119892,0.0615676055601955],[0.482404124021871,0.446924256552527],[0.334853495510339,0.428796455273383],[0.0974920235409101,0.695345707853025],[0.39908637468449,0.405175976316718],[0.288702363531535,0.385820634586628],[0.264224278333268,0.382962679759527],[0.331230673639532,0.394836131452757],[0.304429221262945,0.38018658776248],[0.213184298153311,0.413275109932123],[0.26284702285492,0.380958038042881],[0.103464396116785,0.418818066020014],[0.242949592588225,0.404606118889135],[0.212472215378831,0.442946537424661],[0.196977377680668,0.434901617253564],[0.318953318822465,0.395144932662629],[0.314445111473195,0.404324640799593],[0.266434345915013,0.38839630221565],[0.28009328267909,0.400277912518869],[0.243873437214879,0.417535221329316],[0.207193479934416,0.416868200126642],[0.228112897628265,0.449096538209008],[0.212214149573083,0.409976877121887],[0.210471158643685,0.424705795996055],[0.202829774121132,0.406992413233265],[0.21978533153951,0.399071596215104],[0.183909221269169,0.427728078083404],[0.284315532067561,0.415933984529342],[0.192803943865654,0.434110761148627],[0.200169045787551,0.399179886683838],[0.385396693517982,0.451799582304224],[0.203684590115733,0.400241309201322],[0.201132732718321,0.422695825765498],[0.228640915312326,0.452083087949881],[0.202670382364809,0.412881741521154]],"C":[[-0.48500498991247,-0.637796062091052],[-0.00830220034677714,-0.574833833400016],[1.51591784494033,-1.49327638427672],[0.431190032663785,-1.12413899020766],[0.217489367314514,-1.09167321563837],[-0.179628620692743,-0.708089055878782],[0.588196089042435,-1.40889447256162],[0.364443506911757,-1.17748720726949],[0.377897607471902,-1.38399196940269],[0.148095483055322,-1.27605717953143],[0.550056255956689,-1.18654291866642],[-0.279842142825682,-1.13471016948758],[0.0186167354981051,-1.29379006840133],[0.805135711974937,-0.805755994195769],[-0.133719243952954,-1.22410897634225],[1.16534174048391,-1.4030672156323],[-0.300316074655989,-1.06754497003166],[-0.192243532994951,-1.20400673648949],[0.351362887565072,-1.00698965191627],[-0.115935496083637,-1.17656249375699],[-0.023230100664923,-1.26779338321848],[-0.00176073636247231,-1.28352511665067],[-0.073260940970357,-1.23439067013972],[0.000577057200961018,-1.26278100772676],[-0.0302172428321654,-1.28375613853147],[0.00715217530318585,-1.28578241582682],[0.116183393188204,-1.31388654631144],[-0.0521614825244744,-1.27726938401869],[-0.0192643770659301,-1.25865392267551],[-0.00340702197457632,-1.27206049599228],[-0.0724454633123443,-1.24212926260318],[-0.107208564831411,-1.23764585671289],[-0.0240735079370096,-1.27816105174205],[-0.072988123229408,-1.26132534574759],[-0.072491586753643,-1.26619008557048],[-0.0245845341599545,-1.28329176559584],[-0.0377912391528069,-1.24627680530432],[-0.0260518624738595,-1.28688411494636],[-0.0302022491881858,-1.27532687822654],[-0.0116725916375028,-1.29321725830053],[-0.0179282636726701,-1.2924362691344],[0.0104299717155719,-1.28322608955124],[-0.116172976607743,-1.24616359873869],[0.00241704926665853,-1.27437448628481],[0.00214965504365905,-1.30058777117558],[-0.288742327129645,-1.14734652605514],[-0.00336883453349096,-1.2983194821582],[-0.0170314822810285,-1.28087386270968],[-0.033798032815673,-1.24334421343484],[-0.0166049923117147,-1.28845338363056]],"d":[[0.111165030268115,0.037488095452136],[0.79698259475288,0.700152678887827]],"df":[0.858102786008907,0.795594023025036],"lambda":[[0,0],[0,0],[0,0],[0,0],[0,0],[0,0],[0,0],[0,0],[0,0],[0.984333339413827,0],[2.95300001824148,0],[0,0],[3.93733335765531,0],[0,0],[7.87466671531061,0],[0,0],[0,0],[0,0],[0,0],[0,0],[0,0],[0,0],[0,0],[0,0],[0,0],[0,0],[0,0],[0,0],[0,0],[0,0],[0,0],[0,0],[0,0],[0,0],[0,0],[0,0],[0,0],[0,0],[0,0],[0,0],[0,0],[1.81855911563276,0],[5.45567734689827,0],[0,0],[0,0],[0,0]],"rho":[0.018913039671288,0.018913039671288,0.018913039671288,0.018913039671288,0.018913039671288,0.018913039671288,0.018913039671288,0.018913039671288,0.018913039671288,0.009456519835644,0.004728259917822,0.004728259917822,0.002364129958911,0.002364129958911,0.0011820649794555,0.0011820649794555,0.0011820649794555,0.0011820649794555,0.0011820649794555,0.0011820649794555,0.0011820649794555,0.0011820649794555,0.0011820649794555,0.0011820649794555,0.0011820649794555,0.0011820649794555,0.0011820649794555,0.0011820649794555,0.0011820649794555,0.0011820649794555,0.0011820649794555,0.0011820649794555,0.0011820649794555,0.0011820649794555,0.0011820649794555,0.0011820649794555,0.0011820649794555,0.0011820649794555,0.0011820649794555,0.0011820649794555,0.0011820649794555,0.00059103248972775,0.000295516244863875,0.000295516244863875,0.000295516244863875,0.000295516244863875]}
