{"prog":[1.45582023474291,1.45582023474291,1.28623023766704,1.28623023766704,1.14752094028227,1.14752094028227,1.14752094028227,1.14752094028227,1.14752094028227,1.14752094028227,1.10920554393566,1.10920554393566,0.991137227578747,0.991137227578747,0.991137227578747,0.991137227578747,0.991137227578747,0.945375892760759,0.945375892760759,0.923963397863312,0.923963397863312,0.894335168759628,0.894335168759628,0.894335168759628,0.894335168759628,0.894335168759628,0.894335168759628,0.894335168759628,0.894335168759628,0.684725090671499,0.684725090671499,0.673046189439174,0.666854638996521,0.664342067289931,0.662862957789165,0.662862957789165,0.662862957789165,0.643542570379088,0.621724703115431,0.621724703115431,0.621724703115431,0.621724703115431,0.61527205842502,0.608227686498071,0.608227686498071,0.608227686498071,0.608227686498071,0.608227686498071,0.608227686498071,0.608227686498071],"mei":["Inf",0.142566286298542,0.0928158355301483,0.159051818580353,0.276331622539047,0.250563005883262,0.115178124636932,0.240493379765659,0.293400989523942,0.0386555158057549,0.0202302826033972,0.0195827794724602,0.0116108942482919,0.331939128396427,0.292632362107648,0.315885305169018,0.0251582093365886,0.316118053028881,0.215487000334203,0.185307403274728,0.185296658265409,0.147041710464616,0.0314097701303275,0.00419726726225218,0.00133487735373602,0.00935465066209877,0.000197605044210362,0.061776297158278,0.0933564464453928,0.0525131132658657,0.0991435321575538,0.0683731134557641,0.0557829910194511,0.0363571258841722,0.0471050830311179,0.0473373643325485,0.0383725013688896,0.037954506880346,0.0498852012919913,0.0519952123915589,0.0466221173377416,0.0244101811082697,0.0402873036981947,0.0427911197596759,0.045032789403235,0.0393078986031344],"obj":[1.45582023474291,0.298014089702166,1.28623023766704,0.882869351600034,1.14752094028227,1.20407285899174,0.827436801970539,1.35793173731839,0.974930308468805,0.873299074562569,1.10920554393566,1.17616343050252,0.991137227578747,1.28592313747924,0.567884606938161,0.317294792244163,0.562097080429299,0.945375892760759,0.987198416336743,0.923963397863312,0.755120483225495,0.894335168759628,0.998020085282973,1.05375886221775,1.04631716704143,0.599734085957601,0.567242461371508,0.653268216895368,0.543830302558158,0.684725090671499,0.84683575700677,0.673046189439174,0.666854638996521,0.664342067289931,0.662862957789165,0.66326032106737,0.666903923680172,0.643542570379088,0.621724703115431,0.623797973240446,0.655455150247811,0.659778186218274,0.61527205842502,0.608227686498071,0.626958382559698,0.647563604251218,0.64528310771679,0.651227104975546,0.626706204522556,0.672847797951858],"X":[[0.860805156654866,0.595015078088039],[0.0623758630134109,0.235638226688755],[0.329010031500135,0.957220206166902],[0.276203008814762,0.606666342785271],[0.848421941056946,0.299098999225325],[0.886914730821794,0.317158128169945],[0.763596324228321,0.0638404777422176],[0.958257834097198,0.399673903221189],[0.744497306740648,0.230433001728157],[0.682549340949056,0.190749733613513],[0.882500298315056,0.226705245620608],[0.907432729531413,0.268730700971108],[0.813875514558667,0.177261713020081],[0.886060899097021,0.399862238382223],[0.491697038265806,0.0761875686723555],[0.298497798893018,0.0187969933511449],[0.194949046617074,0.367148033812225],[0.783394855073305,0.161981037687454],[0.815519418340653,0.17167899799609],[0.731882951730369,0.192080446132943],[0.238036975497366,0.517083507728128],[0.74219395658772,0.152141212171908],[0.78580634289941,0.212213742383563],[0.801267137452479,0.252491724765276],[0.832455529335992,0.213861637705439],[0.192705677482034,0.407028408475567],[0.171823570579284,0.395418890792224],[0.294418699076829,0.358849517818539],[0.0122709198690747,0.531559382689083],[0.256327394991258,0.428397695680241],[0.304619415028105,0.542216341978665],[0.26133729853,0.411708890909174],[0.269430422086461,0.397424216910061],[0.21981662748884,0.444525439801091],[0.222491172806142,0.440371784983023],[0.269072787226221,0.39418753384115],[0.27883393767464,0.388069986005531],[0.253640001090356,0.389902569288733],[0.214718021767489,0.407006681347942],[0.229545391811301,0.394252581429144],[0.246182247279629,0.409272902968182],[0.235966103252393,0.423812082965881],[0.205668943707505,0.409603114717515],[0.203333257573417,0.404894428924654],[0.218521241959254,0.408437140600444],[0.204116086028057,0.443447518223161],[0.251807266806346,0.393475840910444],[0.243766212888299,0.407460892087247],[0.239402357911913,0.387303846610643],[0.269562908930137,0.403284889021722]],"C":[[-0.393475156485871,-0.404971539124277],[1.06809291273392,-1.44058387783631],[-1.21260826592251,-0.475481876078074],[0.389736546279483,-1.05566784645322],[-0.292589759559477,-0.690719998595573],[-0.429946920970617,-0.612792981987042],[0.470429489230844,-0.912845047026642],[-0.597375575166965,-0.422002694475287],[0.0177397155871214,-0.892624391970473],[0.18312484796581,-0.997740936296383],[-0.28084746806294,-0.669797955081937],[-0.432176755480832,-0.604349651730746],[-0.135708898477075,-0.806184931899052],[-0.139918107828866,-0.555006273407337],[0.589632202957983,-1.25242947694043],[1.00490419897639,-1.41054573709698],[0.0989562070117675,-1.32719719049091],[-0.0918467874389854,-0.860054644474371],[-0.108972162025371,-0.805454399956382],[-0.0232891942500709,-0.927452447179811],[0.157362231247186,-1.17596304433164],[-0.0463602329301427,-0.926001182363528],[-0.178579348442346,-0.837473719002618],[-0.185524859494412,-0.794218903363767],[-0.257882574787569,-0.76128099159588],[0.000373545830196942,-1.29719239656004],[0.0386015890208741,-1.31412056139803],[0.121218994890514,-1.28454465319531],[0.617310100327166,-1.21729404720077],[-0.0965500883415363,-1.25077168091285],[0.0846953083699388,-1.11320845047921],[-0.0844963164513809,-1.26219860554338],[-0.056700974618579,-1.26946123946774],[-0.0297955943229749,-1.25407778364908],[-0.0394961804132593,-1.25657036901421],[-0.0460651949166099,-1.27221602333855],[-0.0289164756944059,-1.27165332116252],[-0.0217247685992202,-1.28364273630893],[-0.0255690341367307,-1.28824173246639],[-0.0160657057280923,-1.29187381513465],[-0.0641059500912245,-1.27188999202035],[-0.0663268140994938,-1.264703316448],[-0.0177469706785284,-1.28992557400795],[-0.00976825663630032,-1.29471608779036],[-0.0317907510480243,-1.28542756899072],[-0.00414189810655041,-1.26169092200631],[-0.0318673142137579,-1.28176986300334],[-0.0583894910352807,-1.27455365487356],[-0.00348993982411006,-1.29268224142682],[-0.0735783491804642,-1.26469713641586]],"d":[[0.0875238358991841,0.0474025721577755],[0.784001991148628,0.697718190834937]],"df":[1.06184580948093,0.836999734021046],"lambda":[[0,0],[0,0],[0,0],[0,0],[0,0],[0.268037157259619,0],[0.804111471778858,0],[1.87626010081733,0],[4.02055735889429,0],[-1.77635683940025e-15,0],[-1.77635683940025e-15,0],[-1.77635683940025e-15,0],[-1.77635683940025e-15,0],[-1.77635683940025e-15,0],[1.57861265808977e-15,0],[1.57861265808977e-15,0],[-9.88720906552381e-17,0],[-9.88720906552381e-17,0],[-9.88720906552381e-17,0],[-9.88720906552381e-17,0],[-9.88720906552381e-17,0],[-9.88720906552381e-17,0],[0.180610178449283,0],[0.54183053534785,0],[1.26427124914498,0],[2.70915267673925,0],[5.59891553192778,0],[11.3784412423048,0],[22.937492663059,0],[46.0555955045672,0],[92.2918011875837,0],[-8.5265128291212e-14,0],[92.4724113660329,0],[-8.5265128291212e-14,0],[184.944822732066,0],[-8.5265128291212e-14,0],[-8.5265128291212e-14,0],[-8.5265128291212e-14,0],[-8.5265128291212e-14,0],[-8.5265128291212e-14,0],[-8.5265128291212e-14,0],[-8.5265128291212e-14,0],[-8.5265128291212e-14,0],[-8.5265128291212e-14,0],[-8.5265128291212e-14,0],[-8.5265128291212e-14,0]],