{"prog":[1.34063909422621,1.34063909422621,1.34063909422621,0.907713642033682,0.907713642033682,0.907713642033682,0.907713642033682,0.907713642033682,0.907713642033682,0.824227386928216,0.824227386928216,0.824227386928216,0.824227386928216,0.785395560619746,0.785395560619746,0.785395560619746,0.71241927431939,0.71241927431939,0.71241927431939,0.71241927431939,0.71241927431939,0.71241927431939,0.71241927431939,0.71241927431939,0.71241927431939,0.631285536536494,0.631285536536494,0.631285536536494,0.631285536536494,0.623629277934544,0.623629277934544,0.623629277934544,0.623629277934544,0.623629277934544,0.623629277934544,0.623629277934544,0.623629277934544,0.623629277934544,0.623629277934544,0.623629277934544,0.623629277934544,0.616770837367315,0.616770837367315,0.616770837367315,0.616770837367315,0.616770837367315,0.616770837367315,0.616770837367315,0.600496129453184,0.600496129453184],"mei":["Inf",0.0464137096574303,0.0799551880265277,0.137887955341604,0.466188546423286,0.0780502876403442,0.135769620032706,0.186624995203178,0.301754331818823,0.181635259267673,0.0127373631117008,0.0165774032324758,0.266545393625847,0.0641583262163403,0.121823843391024,0.147657428945022,0.00619400669790599,0.244819234608583,0.0486203131489866,0.0477582197698651,0.212257538742997,0.318447227672885,"Inf",0.196361484565377,0.056807932089876,0.145689526609153,"Inf","Inf",0.102512766195935,"Inf",0.0937095692845941,0.0898081176910862,0.0184201941224578,0.0384398579777726,0.048954787328553,"Inf",0.0332667950684916,0.0494421847172632,0.0191350078943992,"Inf",0.0260948859974936,0.0321501231301474,0.0254832702601979,"Inf",0.0329593058726982,0.015794680700706],"obj":[1.34063909422621,0.406125689578738,0.994095487616513,0.907713642033682,1.18483290864733,0.218514148895283,0.484349398088457,0.422778832009709,0.536556463813539,0.824227386928216,0.512325813499271,0.742621041056534,0.874503375807787,0.785395560619746,0.580055144688438,0.647147473302239,0.71241927431939,0.865334419450516,0.819697493424716,0.764755735922315,0.739121545078694,0.579256856086364,0.945198673549833,0.868483119138241,0.758273740838811,0.631285536536494,1.03705360754221,0.602513320597441,0.650712110895974,0.623629277934544,0.872847193995207,1.16086957490296,0.682135551328365,1.0467841083238,0.674221422313032,0.666711405637529,0.739546547614033,0.647304894496353,0.635090338985415,1.05965698223087,0.66871575468525,0.616770837367315,0.673711308061392,0.945165215502426,0.641664852692823,0.619583686992389,0.650923677697309,1.09544607503428,0.600496129453184,0.675374182492349],"X":[[0.599932715371235,0.740706378854976],[0.0444008649337107,0.361724824645027],[0.921586777414565,0.0725087102019481],[0.391467218899975,0.516246423133706],[0.737634418904231,0.447198489743098],[0.170857956401117,0.0476561924941658],[0.120381305122039,0.363968092966418],[0.0414761878879453,0.381302644121764],[0.0706617830537455,0.465894680759793],[0.40570557778834,0.418521809139876],[0.0939499811615086,0.418375832337762],[0.38700525357163,0.355615787484904],[0.420547199515538,0.453956176292248],[0.337034828906321,0.448360731713425],[0.538906233976341,0.0411489107120974],[0.619486738009608,0.0276607352926304],[0.29939384947599,0.4130254248434],[0.34356802742287,0.521766392027646],[0.346924719836852,0.472772773587864],[0.335142665911732,0.429613070010583],[0.0394606178585248,0.699660927220169],[0.19593781013561,0.383319045950754],[0.392156948507759,0.553041725042073],[0.334486226308971,0.53399689282927],[0.343246190562669,0.415027550276142],[0.226306067733846,0.404979468802648],[0.558882806959681,0.478170800582528],[0.189641893221082,0.412871427376359],[0.201430380351147,0.449281730544827],[0.209672795541043,0.413956482393502],[0.409216274512494,0.463630919482713],[0.480900268888136,0.67996930601482],[0.243740749765127,0.438394801563238],[0.573134513280728,0.473649595043075],[0.240078321270264,0.434143101042769],[0.236947504593539,0.42976390104399],[0.256926063284619,0.482620484329414],[0.263325220647944,0.383979673848409],[0.249199708148901,0.385890630836513],[0.591360929647079,0.468296052583795],[0.21746936366028,0.451246391024969],[0.224512862172585,0.39225797519473],[0.227990065100839,0.445721242960553],[0.456542031358419,0.488623184144007],[0.229649757683558,0.412015095009265],[0.216967579439872,0.402616107552516],[0.228161180284526,0.422762497412783],[0.628539879336652,0.466906195697624],[0.194199025756944,0.406297103696239],[0.27426142463001,0.401112757862339]],"C":[[-0.235666754228396,-0.591434797350846],[0.240156869107592,-1.36718371442866],[0.912928711398675,-0.645420298639487],[-0.267955923873057,-1.08024304712837],[0.271936395309412,-0.75590897481931],[1.43562769520497,-1.46853644605139],[0.164813407382505,-1.3530355686795],[0.197087453703263,-1.35288801942404],[0.275596049372044,-1.2779490588554],[-0.184553489421735,-1.16024247942571],[0.128041980021503,-1.31613506395544],[0.213448410314261,-1.22376434539945],[-0.324920435263627,-1.11706384298576],[-0.222963162874845,-1.18538017836149],[0.396005205240919,-1.20788683812865],[0.38470200773992,-1.11547106515329],[-0.123624125729313,-1.23977332132888],[-0.112712751308706,-1.10972084268321],[-0.237703959197607,-1.15612914332016],[-0.194274300313493,-1.20311200356166],[0.360762188623184,-1.00891744655964],[0.0420872883351834,-1.31467488357067],[-0.145871859539543,-1.04035777809957],[-0.0386151810823784,-1.10296628285827],[-0.159292819100697,-1.209934185176],[-0.0355105030108808,-1.28477719355517],[-0.408352336670317,-0.959002693555132],[0.000151325118216139,-1.29357313679173],[0.0107538357517603,-1.25757172847024],[-0.0262529113832478,-1.2846773494944],[-0.335529785955481,-1.11758841117373],[0.0207801717285394,-0.806376674261042],[-0.0763869343503666,-1.24840044486626],[-0.359986350728033,-0.947172890801994],[-0.072498801740334,-1.25388216747302],[-0.068611449531024,-1.25915886942635],[-0.0180133287754264,-1.20106646611071],[-0.00545443462684536,-1.28321943824198],[-0.00502216534852129,-1.2889879264911],[-0.28755127327952,-0.930991058021378],[-0.0146545132195046,-1.24908377045613],[-0.00653886129834452,-1.2957276556152],[-0.0424980407035574,-1.24935310378901],[-0.430298310266549,-1.0528167575201],[-0.0492125832820833,-1.27750455028039],[-0.0215432020746789,-1.29082533941126],[-0.0551539633877,-1.26921434659248],[-0.18288983614629,-0.886936224502639],[-0.000695774866460108,-1.2972094019231],[-0.0712777982819347,-1.26388922643999]],"d":[[0.095573634314181,0.0477272576392384],[0.730953512936913,0.781260005685187]],"df":[0.912735463104043,0.831234851392209],"lambda":[[0,0],[0,0],[0,0],[0,0],[0,0],[0,0],[0,0],[4.03033562474932,0],[0,0],[0,0],[0,0],[0,0],[0,0],[0,0],[0,0],[0,0],[0,0],[0,0],[2.64953568349848,0],[0,0],[5.29907136699697,0],[0,0],[0,0],[0,0],[0.03810569094689,0],[0.11431707284067,0],[0.26673983662823,0],[0.57158536420335,0],[1.18127641935359,0],[2.40065852965407,0],[4.83942275025503,0],[9.71695119145695,0],[19.4720080738608,0],[38.9821218386685,0],[78.0023493682839,0],[3.41060513164848e-13,0],[78.0404550592311,0],[3.41060513164848e-13,0],[156.080910118462,0],[3.41060513164848e-13,0],[3.41060513164848e-13,0],[3.41060513164848e-13,0],[3.41060513164848e-13,0],[3.41060513164848e-13,0],[3.41060513164848e-13,0],[-1.06249923671547e-13,0]],