{"prog":[1.58283534333176,0.966415294377696,0.966415294377696,0.966415294377696,0.966415294377696,0.834775560458216,0.834775560458216,0.834775560458216,0.726547594222005,0.726547594222005,0.726547594222005,0.726547594222005,0.649363871098599,0.649363871098599,0.649363871098599,0.60879073454621,0.60879073454621,0.60879073454621,0.60879073454621,0.60879073454621,0.60879073454621,0.60879073454621,0.60879073454621,0.60879073454621,0.60879073454621,0.60879073454621,0.60879073454621,0.60879073454621,0.60879073454621,0.60879073454621,0.60879073454621,0.60879073454621,0.60879073454621,0.60879073454621,0.60879073454621,0.60879073454621,0.60879073454621,0.60879073454621,0.60879073454621,0.60879073454621,0.60879073454621,0.60879073454621,0.60879073454621,0.60879073454621,0.60879073454621,0.60879073454621,0.60879073454621,0.60879073454621,0.60879073454621,0.60879073454621],"mei":["Inf",0.067769329778727,0.110878833536667,0.230643138876232,0.307898197207388,0.0826094445675567,0.0579467207104085,0.0706028162540577,0.317294954592044,0.060506102737128,0.179192370754085,0.273228345994992,0.00922038668342913,0.0200163798365996,0.227097658732607,0.126203015643221,0.210344619372881,0.126242720792811,0.0631024916658671,0.105221561805456,0.126206932001435,0.0841409847591547,0.0507116835903281,0.189284683158567,0.189282353612056,0.0639985949308656,0.189330138385098,0.231248979412671,0.0804409098933484,0.186779524584366,0.0407126273847854,0.202965187133872,0.21022219834414,0.231282175326357,0.12614304604754,0.0840758025305974,0.147134444816901,0.168148203278102,0.0490893569475942,0.125942929718751,0.189169797472594,0.210181978949177,0.147132896377719,0.189164715368095,0.231211107041611,0.235309747959181],"obj":[1.58283534333176,0.966415294377696,0.761761372695156,0.466584166499456,1.25276983919385,0.834775560458216,0.620411259033813,0.690723579450446,0.726547594222005,0.62326523759944,0.427228139262551,0.774005724569008,0.649363871098599,0.12053361281765,0.51769200337997,0.60879073454621,0.876911375108825,0.984578463478149,0.62455940807663,0.775303571397742,0.638871696904216,0.778588882754652,0.879123005350119,0.802823191239613,0.756434000152264,0.858922896130619,0.872109495461634,0.673746084992848,0.694116186263308,0.815252206128848,0.648989565491126,0.617279646661722,0.653274272953457,0.557442389524165,0.835402360639928,0.66388554849028,0.638757285911401,0.610478401124025,0.775581542368164,0.840235254131312,0.732646320975127,0.709909367340795,0.874007334773398,0.612711166258982,0.650232057352346,0.634543415959666,0.739729474287596,0.691801253246408,0.578102220457689,0.597199846492894],"X":[[0.807946681503194,0.774888661828565],[0.452969061362783,0.513446233014913],[0.686803845573869,0.0749575271212863],[0.0248693290969518,0.441714837402505],[0.403766935226453,0.849002903967398],[0.405946436743084,0.428829123715132],[0.265526876015146,0.354884383018667],[0.364934829672551,0.325788749777896],[0.313000806421481,0.413546787800524],[0.262731955657418,0.360533281942022],[0.421246507874642,0.00598163138790983],[0.241657157446023,0.532348567122985],[0.238162194917697,0.411201676180902],[0.0933257345094638,0.0272078783081863],[0.132049555377736,0.385642448002234],[0.200414925176398,0.408375809369813],[0.0550445598431775,0.821866815265648],[0.114351430430004,0.870227033048145],[0.227869852204973,0.396689555871657],[0.374348901404149,0.400954669993593],[0.207054757706557,0.43181693919766],[0.319204940577276,0.459383942177376],[0.418216477691024,0.460906527659095],[0.32593848556108,0.476884705678533],[0.259120402005296,0.497313598146968],[0.414825430209618,0.444097465921001],[0.0386541838140577,0.833455311647576],[0.237528095692486,0.436217989300362],[0.313177560922418,0.38093862534089],[0.430287307461325,0.384964898667523],[0.196660446461955,0.452329119029171],[0.212147237542294,0.405132409119427],[0.638696087228508,0.0145781857249488],[0.143155755042833,0.414286634481332],[0.0999848787706044,0.735417481869324],[0.241997878789694,0.421887669700586],[0.246898977867096,0.391858308044305],[0.181119269733578,0.429359131390447],[0.382006992955491,0.393574549412674],[0.40393792854248,0.436297325588832],[0.24974773400145,0.482898586973678],[0.307481081024933,0.402428286315862],[0.133246629107579,0.740760705665819],[0.164715452121018,0.447995714137965],[0.274369976909348,0.375862080442997],[0.22575154829884,0.408791867660826],[0.266777423782802,0.472952050504794],[0.260283603917408,0.431517649329],[0.165200458173806,0.412901762283883],[0.184937102632815,0.412262743860079]],"C":[[-1.15919007051772,-0.246769721617512],[-0.429959599959897,-1.03119199525092],[0.213282909829704,-1.02268184683281],[0.255918472280167,-1.30426951888875],[-0.710777126769927,-0.616166331072763],[-0.231731606705522,-1.15131307314931],[0.140925218588608,-1.3035525528031],[0.425810831723563,-1.26068426061002],[-0.135799328080888,-1.23100954947937],[0.107962039045867,-1.30098767208854],[0.63564503399473,-1.32251559968936],[0.213429285508742,-1.15820682133721],[-0.0581402892183795,-1.274191950418],[1.49388277218307,-1.49055003863624],[0.0968116673983346,-1.33384281722339],[-0.0102070354074611,-1.29306305608809],[-0.585440273016446,-0.821505034396772],[-0.849763094449698,-0.729628661310835],[-0.0205283938491352,-1.29071272671843],[-0.101379268978172,-1.19909825262784],[-0.0220774326456309,-1.27066245833304],[-0.194477556737149,-1.18707459958063],[-0.339935179999852,-1.11266015054895],[-0.188722204006412,-1.16634508112005],[0.0262371521256603,-1.18553580236273],[-0.291730754315373,-1.13069730321395],[-0.636600377263258,-0.803858097560111],[-0.0675639219172648,-1.25329426956745],[-0.00348981756922773,-1.25680557905808],[0.0458502139184311,-1.16665485983159],[0.0256749802835893,-1.25672303687568],[-0.0201159957565015,-1.29086128068426],[0.487081756423358,-1.09185478465996],[0.0611958021135174,-1.30787301428825],[0.0509734815724327,-0.949164151378211],[-0.0735856266942799,-1.2634478208159],[-0.0233087018726984,-1.28548796114484],[0.0159702451829288,-1.28284654642282],[-0.0568439691189828,-1.19916973138771],[-0.260374774641539,-1.14647879356884],[-0.000669704039058139,-1.20443502405997],[-0.0968720305918634,-1.24350685918462],[-0.00191866158468025,-0.933518912772945],[0.0723670587499625,-1.27216865994658],[0.0263596667081424,-1.28344881225583],[-0.040611543193493,-1.28192544737505],[-0.0668255306176814,-1.20514616408312],[-0.103212759833271,-1.24604496384934],[0.032044318707832,-1.30222094332203],[0.00649977559270387,-1.29583769809474]],"d":[[0.172832870033425,0.0415945953138991],[0.765950155442882,0.712338133147588]],"df":[0.8798489348839,0.835201619591638],"lambda":[[0,0],[0,0],[0,0],[0,0],[0,0],[0,0],[0,0],[0,0],[0,0],[0,0],[0,0],[0,0],[0,0],[0,0],[0,0],[0,0],[0,0],[0,0],[0,0],[0,0],[0,0],[0,0],[0,0],[0,0],[0,0],[0,0],[0,0],[0,0],[0,0],[0,0],[0,0],[0,0],[0,0],[0,0],[0,0],[0,0],[0,0],[0,0],[0,0],[0,0],[0,0],[0,0],[0,0],[0,0],[0,0],[1.3615472526539,0]],"rho":[0.0235352233610489,0.0235352233610489,0.0235352233610489,0.0235352233610489,0.0235352233610489,0.0235352233610489,0.0235352233610489,0.0235352233610489,0.0235352233610489,0.0235352233610489,0.0235352233610489,0.0235352233610489,0.0235352233610489,0.0235352233610489,0.0235352233610489,0.0235352233610489,0.0235352233610489,0.0235352233610489,0.0235352233610489,0.0235352233610489,0.0235352233610489,0.0235352233610489,0.0235352233610489,0.0235352233610489,0.0235352233610489,0.0235352233610489,0.0235352233610489,0.0235352233610489,0.0235352233610489,0.0235352233610489,0.0235352233610489,0.0235352233610489,0.0235352233610489,0.0235352233610489,0.0235352233610489,0.0235352233610489,0.0235352233610489,0.0235352233610489,0.0235352233610489,0.0235352233610489,0.0235352233610489,0.0235352233610489,0.0235352233610489,0.0235352233610489,0.0235352233610489,0.0117676116805245]}
