{"prog":[1.31664570804142,1.31664570804142,1.21202172740177,0.842407104280406,0.842407104280406,0.842407104280406,0.842407104280406,0.842407104280406,0.842407104280406,0.838469734633916,0.838469734633916,0.797597882931027,0.797597882931027,0.797597882931027,0.797597882931027,0.677732285022557,0.677732285022557,0.677732285022557,0.677732285022557,0.601014776247557,0.601014776247557,0.601014776247557,0.601014776247557,0.601014776247557,0.601014776247557,0.601014776247557,0.601014776247557,0.601014776247557,0.601014776247557,0.601014776247557,0.601014776247557,0.601014776247557,0.601014776247557,0.601014776247557,0.601014776247557,0.601014776247557,0.601014776247557,0.601014776247557,0.601014776247557,0.601014776247557,0.601014776247557,0.601014776247557,0.601014776247557,0.601014776247557,0.601014776247557,0.601014776247557,0.601014776247557,0.601014776247557,0.601014776247557,0.601014776247557],"mei":["Inf",0.000802802911927703,0.000705072133173017,0.00138681838335568,0.0178572158727277,0.109323496327103,0.00780823511933826,0.0326664163491807,0.0200537598588961,0.0220217357996243,0.00190803896191872,0.126749194538974,0.00756978437123678,0.0254563483951617,0.0854945666496884,0.217648718254692,2.15028378723638e-05,0.103855352903609,0.135497938557596,"Inf",0.145002719252681,0.102339330292958,0.103865294123232,0.124618748218961,0.145413050030932,0.103220554515765,0.124518037247463,0.124548184586653,0.124596577947963,0.143835972363775,0.0622762007295573,0.103791010066416,0.103846142703578,0.124560046907308,0.145309180485375,0.103200700325924,0.124890714570944,0.14520854346673,0.131312155113603,0.124516973667341,0.145269240254418,0.103769482688454,0.14527332350939,0.124523283477187,0.103778698876564,0.124845390723198],"obj":[1.31664570804142,1.05259604057125,1.21202172740177,0.842407104280406,0.813522122267988,0.578627362632804,0.757502839977139,0.495355651887449,0.519402081293639,0.838469734633916,0.314723186310507,0.797597882931027,0.886601929544361,0.852328182878847,0.309415068425257,0.677732285022557,0.849588856983642,0.800814875549206,0.795643653513732,0.601014776247557,0.40175347282326,0.660054920892329,0.626353777826664,1.08694083589058,0.621317384125972,0.672547610300971,0.663871362142442,0.647077623996868,0.601710186318636,0.662763207967571,0.650097768529596,0.638738592445877,0.642723850313305,0.612321226420148,0.719004022158184,0.666091788236642,0.672047078268815,0.640890644221455,0.606586637240816,0.680273326601664,0.61805192335452,0.624927752392095,0.599891107310082,0.636643854572122,0.601522989484008,0.675581126440826,0.615456596801704,0.63496043224333,0.675186839612715,0.618256535680093],"X":[[0.884859771855376,0.43178593618604],[0.99695156023301,0.0556444803382374],[0.247962103385469,0.964059624016299],[0.342383214156698,0.500023890123708],[0.0747493191423708,0.738772803125617],[0.0387039017022364,0.539923460930568],[0.112674280960802,0.644828559016337],[0.138532738611925,0.356822913275525],[0.166518294524056,0.352883786769583],[0.334981824815036,0.50348790981888],[0.0909301882863771,0.22379299802413],[0.322018157028442,0.475579725902585],[0.33411433781181,0.55248759173255],[0.393540149346885,0.458788033531963],[0.277682143949053,0.0317329244762037],[0.261108201523569,0.416624083498987],[0.412159707616449,0.437429149367193],[0.359830039947565,0.440984835601641],[0.310311767063054,0.485331886450678],[0.195137722410759,0.405877053836798],[0.00580389907585681,0.395949573747403],[0.231671493406246,0.428383427486082],[0.224009821859069,0.402343955967595],[0.493255822607298,0.593685013283281],[0.228120864029071,0.393196520096901],[0.223551464389869,0.448996145911102],[0.256140775879533,0.407730586262909],[0.231623771945393,0.415453852051476],[0.187859259616037,0.413850926702599],[0.274611947241847,0.388151260725723],[0.224915523322152,0.425182245207445],[0.229103784771224,0.409634807674653],[0.259628739180239,0.383095111133066],[0.223136802855788,0.38918442356436],[0.26451198166807,0.454492040490114],[0.236696873866029,0.429394914370614],[0.28757058366957,0.384476494599245],[0.242873016811204,0.398017627410252],[0.214054966439446,0.39253167080137],[0.275532454091714,0.40474087250995],[0.231468284234531,0.38658363911999],[0.224726289879035,0.40020146251306],[0.184734387359775,0.415156719950308],[0.243107920939043,0.393535933633079],[0.205777552759378,0.39574543672463],[0.224487401853429,0.451093724587397],[0.198966067939003,0.416490528862701],[0.203223587820708,0.431736844422622],[0.291236646717503,0.383950192895212],[0.188790188030989,0.429466347649104]],"C":[[-0.00591830480557462,-0.530584089463997],[0.727978777352185,-0.502991278356855],[-1.04772233506088,-0.509103836626207],[-0.178189486679811,-1.13274984396928],[0.0353460611031972,-0.94862728464967],[0.61776773976844,-1.20698466432978],[0.590511238877085,-1.07150063588688],[0.177964313413179,-1.35348608889425],[0.177957646074554,-1.34774469062396],[-0.14899915532387,-1.1342871017098],[1.14753738748684,-1.44164839489358],[-0.182317925027405,-1.17012823085443],[0.0400023434107073,-1.08312507025014],[-0.309524636956129,-1.13463969113991],[1.11604835022797,-1.42188564843604],[-0.0921164069503692,-1.25824688014576],[-0.267149660647148,-1.13878011470142],[-0.241738420861314,-1.17605471712073],[-0.13592482404673,-1.16815956721643],[-0.00136987915442344,-1.2971850864611],[0.219496058482337,-1.34319024980477],[-0.060872062520112,-1.2628159581982],[-0.0284972199188601,-1.28793894080701],[-0.352744631129412,-0.904236798466828],[-0.0120997694378486,-1.29335736797832],[-0.029682469998089,-1.24842720372612],[-0.071601735351981,-1.26814767195754],[-0.0552162105530088,-1.27374852508538],[0.00208626861279421,-1.29343630904391],[-0.0273000673306028,-1.27392687722907],[-0.0510238134918437,-1.26863306572908],[-0.04559665052367,-1.27971078014485],[-0.000151997704522011,-1.28583105361762],[0.0030163550403226,-1.29874545166617],[-0.0973058741980115,-1.22347039668516],[-0.0682596524979314,-1.2595945974147],[-0.016953844600719,-1.26948098450862],[-0.0372535044350867,-1.28259466597574],[0.00202312680977995,-1.30009935876049],[-0.0823502464477003,-1.26026669286208],[0.0044639706960975,-1.29697552335827],[-0.0251291182115871,-1.28933688403961],[0.00585873330077302,-1.29351810400691],[-0.0253976818315013,-1.28602800771624],[0.0027387638762244,-1.30104114809199],[-0.027847098561102,-1.24611985804697],[-0.0134774915974396,-1.28694814317656],[-0.0161608796988697,-1.27230347052128],[-0.0155875268283998,-1.26776346498447],[0.00436206298070835,-1.27991692114016]],"d":[[0.146932589195884,0.0449332122422493],[0.700939625005283,0.661151931381915]],"df":[0.67412579423891,0.749783347712067],"lambda":[[0,0],[0,0],[0,0],[0,0],[0,0],[0,0],[0,0],[0,0],[0,0],[0,0],[0,0],[0,0],[0,0],[0,0],[0,0],[0,0],[0,0],[0,0],[0,0],[0,0],[0,0],[0,0],[0,0],[0,0],[0,0],[0,0],[0,0],[0,0],[0,0],[0,0],[0,0],[0,0],[0,0],[0,0],[0,0],[0,0],[0,0],[0,0],[0,0],[0,0],[0,0],[0,0],[0,0],[0,0],[0,0],[0,0]],"rho":[0.00074153222899168,0.00074153222899168,0.00074153222899168,0.00074153222899168,0.00074153222899168,0.00074153222899168,0.00074153222899168,0.00074153222899168,0.00074153222899168,0.00074153222899168,0.00074153222899168,0.00074153222899168,0.00074153222899168,0.00074153222899168,0.00074153222899168,0.00074153222899168,0.00074153222899168,0.00074153222899168,0.00074153222899168,0.00074153222899168,0.00074153222899168,0.00074153222899168,0.00074153222899168,0.00074153222899168,0.00074153222899168,0.00074153222899168,0.00074153222899168,0.00074153222899168,0.00074153222899168,0.00074153222899168,0.00074153222899168,0.00074153222899168,0.00074153222899168,0.00074153222899168,0.00074153222899168,0.00074153222899168,0.00074153222899168,0.00074153222899168,0.00074153222899168,0.00074153222899168,0.00074153222899168,0.00074153222899168,0.00074153222899168,0.00074153222899168,0.00074153222899168,0.00074153222899168]}
