{"prog":[1.52667293674934,1.52667293674934,1.52667293674934,0.854754136156932,0.854754136156932,0.854754136156932,0.854754136156932,0.854754136156932,0.854754136156932,0.854754136156932,0.854754136156932,0.854754136156932,0.854754136156932,0.854754136156932,0.854754136156932,0.854754136156932,0.854754136156932,0.854754136156932,0.854754136156932,0.854754136156932,0.854754136156932,0.854754136156932,0.854754136156932,0.854754136156932,0.854754136156932,0.82440827723731,0.82440827723731,0.82440827723731,0.82440827723731,0.82440827723731,0.82440827723731,0.82440827723731,0.808971716900272,0.808971716900272,0.808971716900272,0.808971716900272,0.808971716900272,0.808971716900272,0.778046381834989,0.778046381834989,0.778046381834989,0.778046381834989,0.778046381834989,0.778046381834989,0.778046381834989,0.778046381834989,0.778046381834989,0.778046381834989,0.778046381834989,0.778046381834989],"mei":["Inf",0.0430510802602285,0.0581077632788827,0.0804982703641838,0.0374768794345009,0.0730058499147087,0.0985345735561936,0.069767925803709,0.114138507901504,0.199987517784821,0.27647708683833,0.0338680881179998,0.184991969005499,0.0942191262145212,0.283972701153982,0.257775102565584,0.114065300948511,0.200666550668389,0.236162857528324,0.295190845995875,0.23630106671671,0.35427993192343,0.256249960518869,0.227785006133088,0.284864722347862,0.284618942708732,0.31309325421745,0.227751059457977,0.341563680431346,0.223437553665656,0.251370956998373,0.131588470023451,0.30722920792591,0.307272549986026,0.335193227359577,0.188117389556851,0.188277759435361,0.188099235771947,0.268610549122809,0.143332229716437,0.214882162182593,0.214861387109122,0.214878276639587,0.241720687000235,0.188006042896102,0.187982728965889],"obj":[1.52667293674934,1.13410766209339,0.40606201014157,0.854754136156932,1.60818806148325,1.13077592340549,0.0692206655923192,1.17870943916,0.65855588968137,0.462000935748685,0.727303306339316,0.546026402551842,0.901944194145308,0.913284134897836,0.913485250353538,1.07922723501204,0.989508538107301,1.06561096682861,0.906709593784793,0.9749129472242,1.13637180441086,0.389439761305986,1.01529968330871,0.910708527797222,0.999411440482226,0.82440827723731,0.89399758486748,0.993078462162572,0.902698937275048,0.91072036590832,0.851623958069834,0.97596997316018,0.808971716900272,0.981453892900673,0.910311286995326,1.1068721675925,0.840324045845408,0.835482939800519,0.778046381834989,0.961676335826441,0.950175963659959,0.958840179269686,0.857563405854732,1.03499820083665,0.935153422494739,0.91842601033883,0.941863268585418,0.869693207048817,0.962433443215425,0.968475382520928],"X":[[0.940845976812031,0.585826959937305],[0.707549202704697,0.426558459388688],[0.33679342367146,0.0692685864701095],[0.0168389366932304,0.837915199463702],[0.720270222299795,0.887917839183453],[0.957145270803899,0.173630652601589],[0.0313083792311259,0.0379122863611934],[0.97606369826269,0.202645740897312],[0.608428802922675,0.0501270867586949],[0.0687557168697835,0.393245218878902],[0.0204178795096675,0.706885426829648],[0.254331036433034,0.291695366118808],[0.0935608767943079,0.808383317351001],[0.163413355830255,0.74987077906758],[0.172994742815614,0.740490507537924],[0.088562269410133,0.990664965601909],[0.0940676232169759,0.895440914890325],[0.185598599004518,0.880012367824095],[0.143021494269241,0.763688099515552],[0.198386000806556,0.776526946417644],[0.178369508809474,0.958002295601382],[0.0303819213048598,0.359057840001127],[0.111396228211913,0.903903455096801],[0.112343289837942,0.79836523795928],[0.210499263287172,0.788912177195054],[0.0147082531823133,0.809700024054996],[0.157645670345747,0.736351914521734],[0.171886407627299,0.821192054535274],[0.0232326560306407,0.879466281244407],[0.123335219979442,0.787385145928878],[0.0732824469696592,0.778341511100174],[0.223954124777567,0.752015848382613],[0.0158621092631979,0.793109607637074],[0.139251774092962,0.842202118807711],[0.0676998023700068,0.84261148462532],[0.345073687620349,0.761798479972153],[0.040567890108519,0.799756155736889],[0.0037534656073128,0.831729474193206],[0.0156794252471777,0.762366956587811],[0.0135305317441305,0.94814580408231],[0.014074635717933,0.936101327942026],[0.0173324743115474,0.941507704958139],[0.00311568820228527,0.854447717652446],[0.0360630952032769,0.998935105633378],[0.0368758772637458,0.898277545230993],[0.0906638935743352,0.827762116764495],[0.043246946629655,0.898616321955763],[0.110331139276463,0.759362067772354],[0.104392946593783,0.858040496621642],[0.0716349872554734,0.896840395265454]],"C":[[-0.12556457069552,-0.271615620927231],[0.339193099615813,-0.817422006475896],[1.10321975539493,-1.38177205270009],[-0.638949911769207,-0.797614568718746],[-0.496595875635615,-0.192812717727991],[0.405253514518453,-0.553725327054876],[1.61942651985403,-1.49758244393279],[0.26539129508652,-0.506234360629941],[0.295232721629726,-1.12730166694717],[0.154678222405842,-1.34063084922661],[0.324769330876837,-0.999896103532195],[0.603645383640077,-1.35022953729171],[-0.524204976793895,-0.837762774562072],[-0.0788547251603663,-0.910989889836874],[-0.00261930399518051,-0.921746627204387],[-0.652801604494652,-0.510739650365895],[-0.874856193845748,-0.689336850202687],[-0.939748257608041,-0.691131392524189],[-0.192133964676349,-0.896325338835318],[-0.294416838678969,-0.85764889617127],[-0.926937100496827,-0.55041591994955],[0.262087731259963,-1.37015440639155],[-0.898999827860433,-0.670549424204225],[-0.461182394997027,-0.84999193204661],[-0.392835847619029,-0.833307636828918],[-0.474507968941182,-0.844169538333663],[0.0305635714547982,-0.932933700601418],[-0.639804045920468,-0.796098672441118],[-0.781470172613694,-0.725999303847896],[-0.380878099196042,-0.864813055483182],[-0.288390809107025,-0.888814175064436],[-0.0851035771508726,-0.884316713776493],[-0.35921382412952,-0.870725543763489],[-0.754048102843554,-0.771304534487765],[-0.706188327881206,-0.785422622736577],[-0.0863859089561195,-0.800587226024211],[-0.428524225154071,-0.858744337653096],[-0.595075940689359,-0.808211993254227],[-0.117041690343349,-0.918550779126957],[-0.713516494303518,-0.60083645891183],[-0.74642186573601,-0.623516208454582],[-0.736354266923739,-0.613262826838698],[-0.69542028091314,-0.769909390285551],[-0.544709189123723,-0.500828107897592],[-0.813406308350115,-0.69173762140981],[-0.645660994752984,-0.806589936451504],[-0.820307601985197,-0.690618407521909],[-0.149630587481778,-0.911196289734453],[-0.800780952914182,-0.752868618858754],[-0.850720691668169,-0.690545734021012]],"d":[[0.216120512753646,0.0441910895116182],[0.732402575755681,0.743376900464821]],"df":[0.940884094050563,1.13689414539187],"lambda":[[0,0],[0,0],[0,0],[0,0],[0,0],[0,0],[2.29829812065377,0],[0,0],[4.59659624130755,0],[0,0],[0,0],[0,0],[0,0],[0,0],[0,0],[0,0],[0,0],[0,0],[0,0],[0,0],[0,0],[0,0],[0,0],[0,0],[0,0],[0,0],[0,0],[0,0],[0,0],[0,0],[0,0],[0,0],[0,0],[0,0],[0,0],[0,0],[0,0],[0,0],[0,0],[0,0],[0,0],[0,0],[0,0],[0,0],[0,0],[0,0]],"rho":[0.0673012004038197,0.0673012004038197,0.0673012004038197,0.0673012004038197,0.0673012004038197,0.0673012004038197,0.0336506002019099,0.0336506002019099,0.0168253001009549,0.0168253001009549,0.0168253001009549,0.0168253001009549,0.0168253001009549,0.0168253001009549,0.0168253001009549,0.0168253001009549,0.0168253001009549,0.0168253001009549,0.0168253001009549,0.0168253001009549,0.0168253001009549,0.0168253001009549,0.0168253001009549,0.0168253001009549,0.0168253001009549,0.0168253001009549,0.0168253001009549,0.0168253001009549,0.0168253001009549,0.0168253001009549,0.0168253001009549,0.0168253001009549,0.0168253001009549,0.0168253001009549,0.0168253001009549,0.0168253001009549,0.0168253001009549,0.0168253001009549,0.0168253001009549,0.0168253001009549,0.0168253001009549,0.0168253001009549,0.0168253001009549,0.0168253001009549,0.0168253001009549,0.0168253001009549]}
