{"prog":[1.69788033160332,1.69788033160332,1.36060083450298,1.36060083450298,1.36060083450298,1.19127152542536,1.19127152542536,1.19127152542536,1.19127152542536,1.19127152542536,1.19127152542536,1.19127152542536,0.920610272665292,0.920610272665292,0.920610272665292,0.920610272665292,0.920610272665292,0.647207450246461,0.647207450246461,0.647207450246461,0.647207450246461,0.647207450246461,0.647207450246461,0.647207450246461,0.647207450246461,0.636846588374313,0.636846588374313,0.636846588374313,0.636846588374313,0.636846588374313,0.636846588374313,0.636846588374313,0.636846588374313,0.636846588374313,0.636846588374313,0.636846588374313,0.636846588374313,0.636846588374313,0.636846588374313,0.636846588374313,0.636846588374313,0.636846588374313,0.636846588374313,0.636846588374313,0.636846588374313,0.636846588374313,0.636846588374313,0.636846588374313,0.636846588374313,0.624459903865228],"mei":["Inf",0.000118474234857801,0.00136185237442228,0.000166015438043557,0.000472634541730582,0.00318853852058523,0.00775817782719336,0.00029584855285787,0.0400129625718208,0.00130839784720174,0.0125201632738816,0.0106210258563417,0.000152573449653224,0.000154874985636369,0.000220609022831361,0.0048729348983318,0.000481110636113849,0.00557697537084055,0.000455700280069032,0.0182706035174645,0.00164066385600321,0.188663275187838,0.00345349726023949,0.155926285337773,0.00142558356648085,0.00962542777406938,0.0139900335846426,0.00011771447027256,0.0600327185902124,0.129632926107498,0.146016480626391,0.0538809051535228,0.13425550656464,0.20278291252625,0.00192612339954574,0.2330666552008,0.082498790223729,0.218870104978428,0.0448344258344095,0.2144060061561,0.218655813696417,0.0430187195505671,0.0875899172625501,0.237622736000473,0.236447151421251,0.263620103702167],"obj":[1.69788033160332,0.499753092797416,1.36060083450298,0.863609899949192,0.808171798900741,1.19127152542536,1.10015571419087,0.721787726674645,1.23804441788085,1.04472336933127,1.28161643248851,0.597949462383508,0.920610272665292,0.769602812906036,1.00942842100656,1.06145629497745,0.295122295385461,0.647207450246461,0.445035964954641,1.00056691821678,0.592510485394578,0.694440208526558,0.328582774883758,0.656864268460435,0.76677625457914,0.636846588374313,0.78921011995135,0.659361469920775,0.889268710605453,0.98825437216746,0.775744844326029,0.593699196535442,0.892689287193026,0.744044384195261,0.74865105120334,0.829767167295741,0.786108921735611,0.721284269921437,0.990441976381533,0.674032146250604,0.900502733249766,0.678423557571833,0.992582440336652,0.691612486369987,0.705100437526537,0.890493004071418,0.910441578711595,0.673115401596246,0.679003923657517,0.624459903865228],"X":[[0.988201551914262,0.709678779689055],[0.325002651890973,0.174750440906442],[0.943237021612757,0.417363812890221],[0.731607382155864,0.132002517793328],[0.250565640225673,0.557606158675069],[0.959717562529193,0.231553962896164],[0.919255957786885,0.180899756403982],[0.717104172006274,0.00468355466837146],[0.890602883572779,0.347441534308069],[0.774359826877331,0.270363542453936],[0.968128190664774,0.313488241823737],[0.572293744672158,0.0256557177113499],[0.730512441216478,0.190097831448814],[0.671491534173104,0.0981112787329319],[0.853738284139057,0.155690136867503],[0.848312777198924,0.213143517778521],[0.238359814140673,0.0567624812447872],[0.234054218010317,0.413153232236144],[0.175288113499875,0.269747851454766],[0.788203798522755,0.212363119694023],[0.148013930325488,0.444496555069089],[0.230576267477301,0.463863941049256],[0.0114026255122331,0.317180149371525],[0.252826334744341,0.404037933716094],[0.378294559684185,0.388481694894955],[0.219449224601586,0.417397363772726],[0.351347683450193,0.437862436501157],[0.26474857612557,0.394612893795205],[0.4245998622666,0.464668848338853],[0.809264279523848,0.178990092643612],[0.292428885256581,0.483315959069448],[0.0345594040271382,0.559139792508304],[0.425242542649259,0.467446744543767],[0.353769927854185,0.390274456341075],[0.330399514159746,0.418251537043593],[0.35647867733065,0.473288489965091],[0.366095166323313,0.420013755412297],[0.324899307791255,0.396384962130182],[0.518425174076699,0.472016802304834],[0.277150956512697,0.396881189737907],[0.438542320529205,0.461960412720561],[0.227177296247053,0.45124626132478],[0.77903094341122,0.213551496925432],[0.306920757932634,0.384691728437353],[0.316355323709941,0.388745113816596],[0.452557333374647,0.437935670696771],[0.438819396669325,0.47162218204227],[0.275957567070368,0.397157834525878],[0.279174962478631,0.399828961178887],[0.19839099194817,0.426068911917058]],"C":[[-0.731748493583296,-0.0198137224532986],[1.32512614584222,-1.36383555966684],[-0.447240356018459,-0.436111368748831],[0.00883533596475244,-0.947325973671266],[0.295970235182432,-1.12629223174593],[-0.0533982588209428,-0.525324962440107],[0.166363714018011,-0.622243762206297],[0.788829919937967,-0.985739670806865],[-0.375016654887161,-0.586110884009506],[0.00405052039299744,-0.827270413430268],[-0.559650127276036,-0.464452928678414],[0.383158902350467,-1.17182165395783],[-0.0214967259973554,-0.9302143877064],[0.13250190593839,-1.03947329651924],[0.0871215015254048,-0.746891523477477],[-0.256169098346402,-0.734935272870046],[1.32252754701054,-1.43996261972576],[-0.0557947708309089,-1.27452302972441],[0.757679046483048,-1.39651017390119],[-0.18498615860508,-0.833636677388123],[0.0923011945066208,-1.28051468896131],[-0.0128281569521463,-1.23166482907049],[0.480785072365748,-1.39926673297609],[-0.0605650214273157,-1.27283219257817],[-0.0279283628757019,-1.20597519884489],[-0.0410548457484939,-1.27762147853734],[-0.227021265653499,-1.18483129203545],[-0.0446009150446462,-1.27418885549006],[-0.35392870134472,-1.10379781834663],[-0.145665826189478,-0.813053872622178],[-0.0987672695879283,-1.18089103077637],[0.68270236446001,-1.18616834002706],[-0.359973172075678,-1.10066232093663],[-0.0485566799414827,-1.22253268687372],[-0.161843001321905,-1.21590181280368],[-0.256135852006376,-1.14892095787515],[-0.187138090732338,-1.18956277445916],[-0.0792600229717113,-1.23731940159382],[-0.408344986054238,-1.00843547722546],[-0.060171250217308,-1.26567266853632],[-0.359125941362372,-1.09427321018391],[-0.0325415695259095,-1.24476728771029],[-0.158261093854512,-0.847506547368732],[-0.0220683364230607,-1.25781192242194],[-0.0427342366257081,-1.2487965456441],[-0.268181353748702,-1.1034042083402],[-0.382059171501088,-1.08501005451246],[-0.0603028290862069,-1.26611307565132],[-0.0709599225920559,-1.26219814212767],[-0.0121326441443145,-1.27910629661164]],"d":[[0.0854984642823372,0.0381305140113763],[0.81129852666424,0.727698855883376]],"df":[1.27504848984577,0.82653174215118],"lambda":[[0,0],[0,0],[0,0],[0,0],[0,0],[0,0],[0,0],[0,0],[0,0],[0,0],[0,0],[0,0],[0,0],[0,0],[0,0],[0,0],[0,0],[0,0],[0,0],[0,0],[0,0],[0,0],[0,0],[0,0],[0,0],[0,0],[0,0],[0,0],[0,0],[0,0],[0,0],[0,0],[0,0],[0,0],[0,0],[0,0],[0,0],[0,0],[0,0],[0,0],[0,0],[0,0],[0,0],[0,0],[0,0],[0,0]],"rho":[2.86870181284889e-05,2.86870181284889e-05,2.86870181284889e-05,2.86870181284889e-05,2.86870181284889e-05,2.86870181284889e-05,2.86870181284889e-05,2.86870181284889e-05,2.86870181284889e-05,2.86870181284889e-05,2.86870181284889e-05,2.86870181284889e-05,2.86870181284889e-05,2.86870181284889e-05,2.86870181284889e-05,2.86870181284889e-05,2.86870181284889e-05,2.86870181284889e-05,2.86870181284889e-05,2.86870181284889e-05,2.86870181284889e-05,2.86870181284889e-05,2.86870181284889e-05,2.86870181284889e-05,2.86870181284889e-05,2.86870181284889e-05,2.86870181284889e-05,2.86870181284889e-05,2.86870181284889e-05,2.86870181284889e-05,2.86870181284889e-05,2.86870181284889e-05,2.86870181284889e-05,2.86870181284889e-05,2.86870181284889e-05,2.86870181284889e-05,2.86870181284889e-05,2.86870181284889e-05,2.86870181284889e-05,2.86870181284889e-05,2.86870181284889e-05,2.86870181284889e-05,2.86870181284889e-05,2.86870181284889e-05,2.86870181284889e-05,2.86870181284889e-05]}
