{"prog":[1.09599500259291,0.814697160267899,0.814697160267899,0.814697160267899,0.814697160267899,0.814697160267899,0.814697160267899,0.814697160267899,0.814697160267899,0.814697160267899,0.814697160267899,0.814697160267899,0.814367552423756,0.814367552423756,0.814367552423756,0.814367552423756,0.814367552423756,0.814367552423756,0.814367552423756,0.814367552423756,0.814367552423756,0.814367552423756,0.814367552423756,0.814367552423756,0.814367552423756,0.814367552423756,0.814367552423756,0.814367552423756,0.814367552423756,0.814367552423756,0.814367552423756,0.814367552423756,0.814367552423756,0.814367552423756,0.769360516485942,0.769360516485942,0.769360516485942,0.769360516485942,0.769360516485942,0.769360516485942,0.769360516485942,0.769360516485942,0.769360516485942,0.769360516485942,0.769360516485942,0.769360516485942,0.761782584681214,0.761782584681214,0.761782584681214,0.761782584681214],"mei":["Inf",0.000279845236427166,0.000901099048553006,0.00039853899839693,0.00660335378069437,0.0673494858950016,0.00874113088082318,0.0305607976902658,0.109196304764033,0.043300327689904,0.0203899397914513,0.0427964364440717,0.27132319905331,0.0416439377358199,0.123987427931552,0.297789385309995,0.0691668779364714,0.296722008028031,0.337464433842926,0.309327382760407,0.318169682089977,0.192897059866981,0.337393964575162,0.286221013949405,0.309347047470517,0.309211310316763,0.332099364625378,0.337316594382644,0.310177646104483,0.281104669528716,0.377636895104881,0.279336724532384,0.292287924467941,0.199703790735097,0.296860190213647,0.318653014872717,0.238982619790268,0.265535207784639,0.265526276679611,0.225071152031651,0.318653695702612,0.318036262269153,0.345301786530833,0.288804324956312,0.289217026057484,0.315482965925707],"obj":[1.09599500259291,0.814697160267899,0.350183077098379,1.74566616160461,0.620924269454769,0.898636922604708,0.852174988713821,0.881165315253,0.99234127734299,0.960530230184209,0.743366370171838,1.03252586767757,0.814367552423756,1.06683184410937,0.904647420914374,0.934658695506435,0.971885392942549,0.95625495526749,0.827119278227852,0.91277632285207,1.04180833097368,0.908941483590717,0.840799371087705,0.893458745436927,0.861354429791997,1.07928215840421,0.868351819575294,0.899980196090677,0.890191806237948,0.909037590331639,0.829876269730034,0.854145578947883,0.881969487401128,0.94912850511829,0.769360516485942,0.871195649743462,0.849127674213647,0.940804090343211,0.801921487321856,0.814334142834259,0.948182296092346,0.898453867144611,0.91538555633884,0.958956076235437,0.807426443501139,0.828564384259334,0.761782584681214,0.866972153630994,0.849799453968145,0.78731273305307],"X":[[0.800782405478131,0.295212597114782],[0.3990307395903,0.415666420677599],[0.194852721038007,0.155330356060371],[0.838570422520528,0.907095739084085],[0.571124786439148,0.049799483015621],[0.337551906162613,0.561085016442095],[0.202392835183892,0.649782153529929],[0.173775918996841,0.707389396256159],[0.206668565718768,0.785672711624222],[0.185867757882426,0.774662472301783],[0.416687780029893,0.326678590141945],[0.257433402858232,0.775092464819339],[0.413322011570754,0.401045540853002],[0.30337837167562,0.763453472433751],[0.0820354339702448,0.822611986944129],[0.395944399865913,0.538714295640521],[0.182198278771623,0.789687114170926],[0.0928810859548117,0.863373869312678],[0.0240641983012377,0.803055079926615],[0.356499620575108,0.556276702276961],[0.181093276298771,0.860715054674906],[0.137437790135087,0.77150369345563],[0.0398784960490247,0.80092087503868],[0.0716664373246021,0.821792308112325],[0.0305452298630367,0.83080919992896],[0.303970327832801,0.775311830571406],[0.0499324575527759,0.818419362022518],[0.361393165176926,0.538587030913751],[0.0994542371392071,0.790737569098741],[0.135198549903432,0.773839040428207],[0.0688305534807976,0.761045716249237],[0.0418061994957519,0.812339379452132],[0.0309511189999608,0.851018368401167],[0.191008534292679,0.758119970825611],[0.0149007919744823,0.75445972451146],[0.00537466142813913,0.865820988315323],[0.00858184415417603,0.840545830059471],[0.0437654998733263,0.897038590469884],[0.392635957345753,0.409285529976103],[0.0118777223541117,0.802456420480147],[0.173848214003461,0.774334082088886],[0.137348099948576,0.761105767196036],[0.0921911487332232,0.823194407605617],[0.42817298174137,0.530783094494066],[0.0291810087099731,0.778245434791166],[0.0648084405565735,0.76375594370276],[0.00548202348406196,0.756300561197152],[0.0811201894970813,0.785851964133912],[0.0206021368694088,0.829197317098736],[0.0237613181732039,0.763551414879866]],"C":[[-0.0481857325623679,-0.771597061581404],[-0.171667779934136,-1.16799589558309],[1.48941254179071,-1.43790489759024],[-0.831656946540081,0.0260230333907603],[0.33467783035936,-1.17133648980621],[0.0661179051961461,-1.07124231497016],[0.497312833814236,-1.03682029322023],[0.243088118287219,-0.96940217204115],[-0.367484382983059,-0.840006494152789],[-0.281552854329259,-0.86535123058705],[0.493467861793388,-1.21965239271663],[-0.257165458772834,-0.832959714073112],[-0.082587135271342,-1.16832738891303],[-0.131332321180975,-0.825100359028298],[-0.609483348805715,-0.816579706509146],[-0.212440099727729,-1.05301493988736],[-0.404618104664129,-0.843198048925053],[-0.809632027021373,-0.74595866565991],[-0.437944485949699,-0.854523452964177],[-0.0146638098197142,-1.06346425103367],[-0.865816326545469,-0.726374819935351],[-0.255925199656697,-0.885892904827105],[-0.43625160529083,-0.856935457480143],[-0.597382575773339,-0.819521324088616],[-0.615477423227846,-0.808823062246015],[-0.224857880649195,-0.806493605173235],[-0.560463722860421,-0.827696497549394],[-0.103290156787161,-1.07931899029491],[-0.398311058347075,-0.864842951530872],[-0.274713307716053,-0.88289449161316],[-0.145332552001812,-0.916071772686213],[-0.515412442943541,-0.838356974275047],[-0.709552453573526,-0.774809764876466],[-0.14382043638187,-0.888769849662738],[-0.0511303797314147,-0.930568490488626],[-0.733683646819715,-0.750325129207211],[-0.643439484855159,-0.793409059520549],[-0.820400693841876,-0.693406348228641],[-0.140628433396333,-1.17832235995136],[-0.422677206419323,-0.855922612941868],[-0.280333309022913,-0.87018352780337],[-0.170073876191595,-0.90185351058145],[-0.619576723014269,-0.813851759382086],[-0.336035729797145,-1.03493720430601],[-0.256929263960382,-0.893482511957378],[-0.165294773616657,-0.912476724491331],[-0.057535273951221,-0.927979408551393],[-0.351753915913335,-0.87585620532283],[-0.597709606829026,-0.812007361272672],[-0.133850647540972,-0.916424636593627]],"d":[[0.149035762366234,0.0401460502220185],[0.637119950672794,0.614941096345594]],"df":[0.748891662586687,0.838785356795511],"lambda":[[0,0],[0,0],[0,0],[0,0],[0,0],[0,0],[0,0],[0,0],[0,0],[0,0],[0,0],[0,0],[0,0],[0,0],[0,0],[0,0],[0,0],[0,0],[0,0],[0,0],[0,0],[0,0],[0,0],[0,0],[0,0],[0,0],[0,0],[0,0],[0,0],[0,0],[0,0],[0,0],[0,0],[0,0],[0,0],[0,0],[0,0],[0,0],[0,0],[0,0],[0,0],[0,0],[0,0],[0,0],[0,0],[0,0]],"rho":[0.000415613494119668,0.000415613494119668,0.000415613494119668,0.000415613494119668,0.000415613494119668,0.000415613494119668,0.000415613494119668,0.000415613494119668,0.000415613494119668,0.000415613494119668,0.000415613494119668,0.000415613494119668,0.000415613494119668,0.000415613494119668,0.000415613494119668,0.000415613494119668,0.000415613494119668,0.000415613494119668,0.000415613494119668,0.000415613494119668,0.000415613494119668,0.000415613494119668,0.000415613494119668,0.000415613494119668,0.000415613494119668,0.000415613494119668,0.000415613494119668,0.000415613494119668,0.000415613494119668,0.000415613494119668,0.000415613494119668,0.000415613494119668,0.000415613494119668,0.000415613494119668,0.000415613494119668,0.000415613494119668,0.000415613494119668,0.000415613494119668,0.000415613494119668,0.000415613494119668,0.000415613494119668,0.000415613494119668,0.000415613494119668,0.000415613494119668,0.000415613494119668,0.000415613494119668]}
