{"prog":[1.53010543911953,1.53010543911953,1.53010543911953,1.53010543911953,1.53010543911953,1.06890502399041,1.06890502399041,1.02539898909754,1.02539898909754,0.985764032389448,0.985764032389448,0.985764032389448,0.985764032389448,0.919510844427579,0.756941936931171,0.756941936931171,0.756941936931171,0.756941936931171,0.756941936931171,0.756941936931171,0.756941936931171,0.756941936931171,0.756941936931171,0.756941936931171,0.756941936931171,0.756941936931171,0.756941936931171,0.756941936931171,0.668568107415027,0.668568107415027,0.668568107415027,0.668568107415027,0.668568107415027,0.668568107415027,0.668568107415027,0.668568107415027,0.668568107415027,0.668568107415027,0.668396055048066,0.619270928540912,0.619270928540912,0.619270928540912,0.619270928540912,0.619270928540912,0.619270928540912,0.619270928540912,0.612137978246904,0.612137978246904,0.602678645525409,0.602678645525409],"mei":["Inf",0.143999653035138,0.16208333505089,0.501207114305195,0.0631783050180407,0.390442197279587,0.341430763702821,0.115668642956677,0.26775833295406,0.230952371338141,0.348049505408732,0.185077133587327,0.0728637164542825,0.0741259434727669,0.156321450499135,0.0355938551481767,0.183039315697557,0.0477916199108539,0.261441408235728,0.156865132402435,0.209264066546133,0.209173941515086,0.181631631346012,0.178348459248212,0.368845125887969,0.318125858004959,0.0146499775910607,0.0598565851065235,0.0640255066573039,0.128316712702257,0.162617402059545,0.013382758614388,0.202406063436124,0.000252507998231092,0.234021197904326,0.218378956158098,0.129263037662529,0.164025305207764,0.189072944003285,0.123318560870278,0.190388592625023,0.0874238641653446,0.216484187192126,0.197300173873378,0.218705133343019,0.200978246033638],"obj":[1.53010543911953,0.910676254078438,0.697995436931494,0.868049534933653,0.296860538208126,1.06890502399041,1.10111513912504,1.02539898909754,0.695098504275495,0.985764032389448,0.997390539871599,1.21245081619029,0.836706830114792,0.919510844427579,0.756941936931171,0.885992222380823,0.963679586624597,1.05601300909712,0.90893160356049,0.704206032365143,0.881080136418239,0.46942299857701,0.784188815281568,0.922439985793497,0.848025477316237,0.849962726522837,0.769863139060035,0.617842999131449,0.668568107415027,0.614315067266032,0.76914766348871,0.830070006286858,0.862448450357546,0.781960231372447,0.725867485849755,0.907369865044184,0.727467559837537,0.456082174182742,0.668396055048066,0.619270928540912,0.749093538415464,0.706381407791815,0.666710095199434,0.76954926737108,0.601041546135659,0.812950854353666,0.612137978246904,0.637299471575487,0.602678645525409,0.622034486074009],"X":[[0.667786376035723,0.862319063083809],[0.277802171105939,0.632874082972499],[0.00541449425402435,0.692580942677469],[0.826601525039086,0.0414480098945666],[0.054324480340426,0.2425360578677],[0.294344278547838,0.774560745442572],[0.197314167674006,0.903800971451036],[0.172217044844808,0.853181944252733],[0.422766063486663,0.272332440788832],[0.150199785607448,0.835564246782],[0.274630199567943,0.722760340303656],[0.225351678046557,0.987099138143728],[0.110827372757588,0.725879457357204],[0.0581256990023915,0.861385145425188],[0.00615278224914477,0.750789154682027],[0.109017293270798,0.776974929110025],[0.0348086513742112,0.928870935250386],[0.161413898703247,0.894599110393873],[0.0140428051605773,0.894888798399913],[0.201784467918748,0.502421564446395],[0.0160657923395588,0.86501434407868],[0.0341210386117948,0.435301959965216],[0.0306641867394972,0.753524628542071],[0.0490042240628206,0.873435761730676],[0.000938215898568329,0.847087261417668],[0.0358351919292447,0.814127534593593],[0.272012163887907,0.497850975172128],[0.168718102552097,0.449124896579351],[0.224815705409913,0.443752402005114],[0.18872165459256,0.425593412673472],[0.408220477332022,0.360927186156689],[0.377068348076618,0.45300165821024],[0.0867157989933806,0.775732651364165],[0.285211727849654,0.496748503522793],[0.290286478727258,0.435581007122497],[0.393425276730386,0.513944588313798],[0.256217974492827,0.471249585344709],[0.430255427523698,0.0258267466590434],[0.247263685457715,0.421132369590351],[0.219054919521803,0.400216009019109],[0.307048194840056,0.442045343575408],[0.238838828921802,0.467542578870014],[0.222588656233945,0.44412143896549],[0.276645545928,0.49290372144308],[0.189559598077866,0.411481948057793],[0.342991433940391,0.469959420413276],[0.195486025455189,0.416651952791715],[0.21141713766094,0.425882333914547],[0.19191064196688,0.410768003558529],[0.197996427136473,0.424038058937536]],"C":[[-0.400531699176478,-0.310467189423339],[0.419670244087928,-1.02229634883055],[0.439767034703573,-1.02030232109196],[0.885344983891535,-0.815011981278836],[1.01665398028611,-1.43822511146974],[-0.226690962981211,-0.8134170973056],[-1.00148016152538,-0.644210923239278],[-0.826490595358517,-0.742421859466048],[0.905678239614145,-1.24710389725799],[-0.723177101668005,-0.779272413903105],[0.144120598619071,-0.902195743969415],[-0.930970859480379,-0.474851912677509],[0.123004974247474,-0.960816306834462],[-0.771677933653296,-0.754637034356312],[-0.0125704907317702,-0.936277788482443],[-0.293585294908201,-0.884425189302381],[-0.784663351453698,-0.635987143436582],[-0.948908027361099,-0.67363798498791],[-0.788438127883281,-0.698976838121582],[0.181623297165766,-1.20685560008598],[-0.742060982002298,-0.751492074854633],[0.229587971246282,-1.30934795837449],[-0.0569006102987588,-0.931260341832139],[-0.795573968451765,-0.734708556153954],[-0.664667395803487,-0.782442291294843],[-0.521994688123097,-0.835912196435953],[-0.00386581973062006,-1.17815378921718],[0.0680835929984119,-1.26982102914381],[-0.0395201222030919,-1.25254170431574],[0.00192953517553951,-1.28325438417679],[0.199934382647883,-1.20308760817983],[-0.281187072440738,-1.15260895853754],[-0.274492868889609,-0.890719223812462],[-0.0408914946694203,-1.17189519454488],[-0.148073081466115,-1.22600294650228],[-0.279050716682985,-1.08107751177258],[-0.0481336605515969,-1.21227617785923],[0.646239408998535,-1.31421324624341],[-0.0799972756664012,-1.26150819713708],[-0.0194278433369849,-1.29184208835811],[-0.175576933247931,-1.21031732026876],[-0.0206574601660593,-1.22435995074284],[-0.0351744495446797,-1.25321043756719],[-0.0322875210299632,-1.18051316330576],[0.000949736789604194,-1.29474976519912],[-0.232233600306763,-1.16149501940833],[-0.0088585875240203,-1.28818636408658],[-0.0313824155076278,-1.27392703156275],[-0.00160546818133162,-1.2944399527524],[-0.0122518892453614,-1.28098913941368]],"d":[[0.17528534886573,0.0560529613001693],[0.840463802944999,0.715028905834756]],"df":[0.841525021889136,1.0475960848043],"lambda":[[0,0],[0,0],[0,0],[0,0],[0,0],[0,0],[0,0],[0,0],[0,0],[2.13726155645407,0],[1.77635683940025e-15,0],[2.81482527148636e-17,0],[2.81482527148636e-17,0],[2.81482527148636e-17,0],[2.81482527148636e-17,0],[2.81482527148636e-17,0],[2.81482527148636e-17,0],[2.81482527148636e-17,0],[2.81482527148636e-17,0],[2.81482527148636e-17,0],[2.81482527148636e-17,0],[2.81482527148636e-17,0],[2.81482527148636e-17,0],[2.81482527148636e-17,0],[2.36596034966869,0],[0,0],[0.134105840116986,0],[0.402317520350959,0],[0.938740880818905,0],[2.0115876017548,0],[4.15728104362658,0],[8.44866792737015,0],[17.0314416948573,0],[2.8421709430404e-14,0],[17.1655475349743,0],[2.8421709430404e-14,0],[2.8421709430404e-14,0],[2.8421709430404e-14,0],[2.8421709430404e-14,0],[2.8421709430404e-14,0],[2.8421709430404e-14,0],[16.8981133014135,0],[2.8421709430404e-14,0],[2.8421709430404e-14,0],[2.8421709430404e-14,0],[-2.44321458280006e-15,0]],