{"prog":[1.20183221690399,1.20183221690399,1.20183221690399,1.20183221690399,1.20183221690399,1.20183221690399,0.769074369733605,0.769074369733605,0.769074369733605,0.769074369733605,0.769074369733605,0.769074369733605,0.769074369733605,0.769074369733605,0.769074369733605,0.769074369733605,0.769074369733605,0.769074369733605,0.769074369733605,0.769074369733605,0.769074369733605,0.769074369733605,0.769074369733605,0.769074369733605,0.683680855111145,0.683680855111145,0.683680855111145,0.683680855111145,0.681375501188128,0.681375501188128,0.681375501188128,0.681375501188128,0.681375501188128,0.681375501188128,0.681375501188128,0.681375501188128,0.681375501188128,0.681375501188128,0.681375501188128,0.681375501188128,0.681375501188128,0.648385998905105,0.648385998905105,0.648385998905105,0.648385998905105,0.648385998905105,0.648385998905105,0.648385998905105,0.648385998905105,0.648385998905105],"mei":["Inf","Inf","Inf","Inf","Inf",6.26804960328864e-06,0.000167660453932995,7.13874575037067e-05,"Inf",1.11528176131033e-05,6.11096172602362e-05,0.00173833836249094,0.00382033867962544,0.000304209277199216,3.69367314632932e-05,0.000324871395599278,0.000241972014607679,0.00143045412731553,0.0012293159588445,0.00395732893234367,0.000321555297727519,8.10661464590262e-05,2.36821387938902e-05,0.00594196202043168,0.0108521432449299,0.00304080283695906,0.00910612479637152,0.00415166548253423,0.000280664311762029,0.00579814050693186,0.00685853364759163,0.00986106359907642,0.0186887873520343,0.00952373619892025,0.00429318229700818,0.00492066609500648,0.0109923056510676,0.0135327223394251,0.0077224461209428,0.0224668854603127,0.0260041978053212,0.0203768241132669,0.0259902326148886,0.0102449773396667,0.00508654164131865,0.00452360483378026],"obj":[1.20183221690399,1.87906593054511,0.672594160244939,0.782809435348681,1.40967022389864,1.4025328506023,0.769074369733605,1.17268894308309,1.05639143876699,1.39554753429153,1.18758726729299,1.07114366772883,1.06228424986269,1.16343944827907,1.21195595717957,1.1572953610989,1.07010826888236,0.804443284383871,1.24023031474685,0.983477381869098,1.25797856985389,1.20538538378492,1.2056817876087,1.02423772785872,0.683680855111145,0.977172232075437,0.54450242665201,0.686847983649364,0.681375501188128,0.760434175095001,0.780262218941395,0.888589794750696,1.21944556446126,0.82317864310043,0.871548913728607,0.765533626096758,0.763438400204868,0.710680650259208,0.743406657344404,1.02320432642549,0.886513101847587,0.648385998905105,0.734277273661337,0.677316706724454,0.686560548442495,0.715708494660275,0.696496197466042,0.88849246671524,0.864087265775236,0.919157183212032],"X":[[0.636591936423581,0.565240280480413],[0.995747618162014,0.883318312383098],[0.215616079707541,0.456978080537398],[0.695417302482626,0.0873921328660548],[0.576327081577929,0.833343142320715],[0.770725484845242,0.631807365757058],[0.347852168087015,0.42122220164659],[0.645762616773313,0.526926326309779],[0.635554706670551,0.420836732096441],[0.764110491346594,0.631437042944934],[0.628716659815048,0.558870607477942],[0.620141018669852,0.451002649058977],[0.625608639901449,0.436675609961238],[0.698089016664195,0.46535043161487],[0.716782597324372,0.495173359855196],[0.644668747592582,0.51262661350632],[0.618826102298575,0.451282166583789],[0.382956850069436,0.421486434314436],[0.617540781174606,0.622689533572241],[0.529406748812042,0.454070633057056],[0.633592334279984,0.624386235573907],[0.705427658252242,0.499957725532682],[0.672735894204896,0.532945893403808],[0.5675326161302,0.456705111728524],[0.252329259424547,0.431351595686598],[0.482747375271565,0.494424856803873],[0.163568790824535,0.380933635827475],[0.249925292476196,0.436922691173168],[0.23323888174743,0.448136619440697],[0.324584839506521,0.43584933558848],[0.338001054027253,0.442261164914141],[0.451426340248477,0.437163454502219],[0.698348262072438,0.521097302388825],[0.384274907800926,0.438903735299504],[0.417415353160947,0.45413356056766],[0.350985695885646,0.414547930211112],[0.33390699463956,0.429531405565308],[0.296924287038384,0.413756363220824],[0.345031173645783,0.398375483698621],[0.56087733092389,0.462326995501604],[0.425804967716348,0.460708134131239],[0.236334837030298,0.412051161874807],[0.284828238569588,0.44944903509175],[0.236163047585188,0.441153659139266],[0.248661347494615,0.43789920094788],[0.304403739236814,0.411304755423461],[0.267062461699438,0.429433735766604],[0.425512526074815,0.462979940640425],[0.393011394509255,0.471075871265981],[0.488455927783729,0.430701255428302]],"C":[[-0.761029803431424,-0.7752541318029],[-1.75616766602214,0.27176456006665],[0.000540052288678705,-1.24468074007991],[0.163559399891228,-1.00875739052091],[-0.311897983905849,-0.473386302186905],[-0.971882159386542,-0.506801679585194],[-0.182269610163449,-1.20157072599716],[-0.578475144226934,-0.805339289419763],[0.21340605437825,-0.918966659747299],[-0.97806408453855,-0.517422417811025],[-0.738989065197153,-0.792379005768245],[-0.0767961798062743,-0.912021727504904],[0.0575774296838417,-0.91792824134564],[0.0453805506905004,-0.796120700608671],[-0.133785608895129,-0.741026051862643],[-0.487799150712597,-0.821616161002454],[-0.082868081664932,-0.913398661237394],[-0.197755417553592,-1.1756932366738],[-0.739999225251907,-0.730901128365843],[-0.297418591843684,-1.01354835450743],[-0.791740707074529,-0.708702582767487],[-0.212528532719399,-0.752414091652945],[-0.565302000109276,-0.763395091352355],[-0.252340288622608,-0.969327170549447],[-0.0914905651126652,-1.25026574573689],[-0.471264575627023,-1.02249903264289],[0.0767498124056775,-1.32813481576346],[-0.087042268746686,-1.24663591011868],[-0.0484942439704177,-1.24477319435747],[-0.193649603848908,-1.20468003862961],[-0.218470669208763,-1.19016034948525],[-0.264723098881189,-1.10510237337755],[-0.408445814534419,-0.740767306303495],[-0.258194765507748,-1.15969630637473],[-0.32316791872661,-1.11952713211166],[-0.161013759089353,-1.20495905484135],[-0.192911476545012,-1.20400889056387],[-0.123317721605387,-1.24064163966102],[-0.0910781397990211,-1.2222504632005],[-0.304414208325749,-0.971670368886153],[-0.346255476937359,-1.10643814461339],[-0.0571542242524996,-1.27435968480348],[-0.139077006748862,-1.21686843936844],[-0.0617646119344231,-1.24961046398331],[-0.0846175452761732,-1.24641182407137],[-0.123050049885899,-1.23816676170469],[-0.11208178840471,-1.24426430813658],[-0.351215617372452,-1.10458866471802],[-0.321205615887095,-1.12362956729689],[-0.198521025330501,-1.07590723518542]],"d":[[0.0923507393408545,0.0333596631836498],[0.685369065693794,0.432065997672611]],"df":[0.914399825202506,0.524595744308931],"lambda":[[0,0],[0,0],[0,0],[0,0],[0,0],[0,0],[0,0],[0,0],[0,0],[0,0],[0,0],[0,0],[0,0],[0,0],[0,0],[0,0],[0,0],[0,0],[0,0],[0,0],[0,0],[0,0],[0,0],[0,0],[0,0],[0,0],[0,0],[0,0],[0,0],[0,0],[0,0],[0,0],[0,0],[0,0],[0,0],[0,0],[0,0],[0,0],[0,0],[0,0],[0,0],[0,0],[0,0],[0,0],[0,0],[0,0]],"rho":[1.21338266026199e-07,1.21338266026199e-07,1.21338266026199e-07,1.21338266026199e-07,1.21338266026199e-07,1.21338266026199e-07,1.21338266026199e-07,1.21338266026199e-07,1.21338266026199e-07,1.21338266026199e-07,1.21338266026199e-07,1.21338266026199e-07,1.21338266026199e-07,1.21338266026199e-07,1.21338266026199e-07,1.21338266026199e-07,1.21338266026199e-07,1.21338266026199e-07,1.21338266026199e-07,1.21338266026199e-07,1.21338266026199e-07,1.21338266026199e-07,1.21338266026199e-07,1.21338266026199e-07,1.21338266026199e-07,1.21338266026199e-07,1.21338266026199e-07,1.21338266026199e-07,1.21338266026199e-07,1.21338266026199e-07,1.21338266026199e-07,1.21338266026199e-07,1.21338266026199e-07,1.21338266026199e-07,1.21338266026199e-07,1.21338266026199e-07,1.21338266026199e-07,1.21338266026199e-07,1.21338266026199e-07,1.21338266026199e-07,1.21338266026199e-07,1.21338266026199e-07,1.21338266026199e-07,1.21338266026199e-07,1.21338266026199e-07,1.21338266026199e-07]}
