{"prog":["Inf",1.08938795159324,1.08938795159324,1.08938795159324,1.08938795159324,1.08938795159324,1.08938795159324,1.08938795159324,1.08938795159324,1.08938795159324,1.08938795159324,1.08938795159324,1.08938795159324,1.08938795159324,1.08938795159324,1.08938795159324,1.08938795159324,1.08938795159324,1.01221406917176,1.01221406917176,0.892337919653472,0.812544630839108,0.812544630839108,0.812544630839108,0.812544630839108,0.64590539231425,0.634367422478652,0.634367422478652,0.623487342767876,0.623487342767876,0.623487342767876,0.623487342767876,0.623487342767876,0.623487342767876,0.623487342767876,0.616461902319328,0.616461902319328,0.616461902319328,0.616461902319328,0.616461902319328,0.616461902319328,0.616461902319328,0.614884933979511,0.614884933979511,0.613054406547647,0.613054406547647,0.613054406547647,0.613054406547647,0.613054406547647,0.613054406547647],"mei":["Inf",0.0167667532459863,0.0347309474686352,0.025243244152418,0.0240136588199104,0.127555425948877,0.0512642339670127,0.0691104646791519,0.0743466436800853,0.0294203751183999,0.132277671315396,0.0452280441677541,0.14698500548855,0.172383007029879,0.109175988349538,0.117734944379908,0.0516750379064674,0.0587355274411547,0.00666824107295945,0.108493167255998,0.0508128112505659,0.103670283728444,0.158033316464549,0.0907480712365805,0.143613126129181,0.126521880256332,"Inf","Inf",0.118549035010072,0.11912111540718,0.0108063159519273,0.150770867095863,"Inf",0.127785885758028,0.127774591716418,"Inf","Inf","Inf",0.149035730714622,0.127404322166271,0.14865505152681,"Inf","Inf",0.0568239788523167,0.146851369736469,"Inf"],"obj":[0.518781814356051,1.08938795159324,1.28571519984531,1.18287394802153,0.755687554305347,0.157684505488184,0.715502881312228,0.615129662151479,0.695155717154561,0.822357789408965,1.14877981882281,1.19883676739382,1.05554606134577,1.17448260948532,1.12219896716738,1.2733047782294,1.11558618051335,1.28930195149613,1.01221406917176,1.16374334892345,0.892337919653472,0.812544630839108,0.602804692136777,0.800663380187237,0.457273012599273,0.64590539231425,0.634367422478652,0.598252764730474,0.623487342767876,0.626772686434003,1.0846485995449,0.898344548977526,0.666416380421031,0.663824945533964,0.76220057830931,0.616461902319328,1.10957729949877,0.637915871254614,0.643728223564255,1.03773253798432,0.840026254188957,0.846652276478926,0.614884933979511,0.64481523030592,0.613054406547647,0.932358894471284,0.798495983172532,0.72216369608681,0.62348071968264,0.872165027915539],"X":[[0.336365199525926,0.182416614830125],[0.480584382563966,0.608803569029272],[0.806479169997964,0.479236029847347],[0.310134398171244,0.872739549850286],[0.66685559771649,0.0888319565888569],[0.0873486058757055,0.0703358996124789],[0.714525229330896,0.000977651981332325],[0.554679792940076,0.0604498692114022],[0.460964853956796,0.234190863197766],[0.672731600043534,0.14962618936543],[0.29401706754387,0.854762751278941],[0.334438588800321,0.864398178593504],[0.429326944923266,0.626219116422506],[0.397451374739081,0.777031234746241],[0.30395773035411,0.818241236813267],[0.462124240561301,0.811180537668099],[0.502386177061955,0.613200003451399],[0.482657905560502,0.806644045935628],[0.245671580639567,0.766542488532194],[0.264890712572935,0.898852636350517],[0.0572789357332386,0.835058983920233],[0.0510867609634393,0.761457869875669],[0.230525816773572,0.372278875363205],[0.0600132692531558,0.740650110934081],[0.0752357702691191,0.382037242330154],[0.240930342386478,0.404975049927771],[0.240836148749611,0.393531273729041],[0.185033100061625,0.413219664668849],[0.201751636191486,0.42173570657639],[0.222159177211306,0.404613509222698],[0.210447123773846,0.874201475771056],[0.0663682399544907,0.831976309023035],[0.234881873607686,0.431534506813345],[0.268845653915646,0.394979291618317],[0.32401278426432,0.43818779404499],[0.209706782786004,0.406755119533325],[0.293917525112094,0.815659774386673],[0.24217481319978,0.395741058054835],[0.235125184084037,0.408603039480218],[0.268730802966452,0.769001735017868],[0.0891784857087219,0.750847768480235],[0.10504748789445,0.741604788584476],[0.198295375939906,0.416589558039604],[0.22876139100337,0.41605383930255],[0.201430901502489,0.411623505045158],[0.0752871795833962,0.857071714887888],[0.0123620276229427,0.786133955549589],[0.273349018939289,0.44881467714752],[0.224730838687044,0.398749880995595],[0.405798848957242,0.466366178958296]],"C":[[1.29877332635746,-1.3535826311818],[-0.240095800101568,-0.898396865572832],[0.202142206404152,-0.619924176055548],[-0.958817592774928,-0.642142333198081],[0.158340981079467,-1.04741249528278],[1.64293900594153,-1.48742308227727],[0.810495782597932,-0.989452740846234],[0.363363270230222,-1.18867614061628],[1.07031069752384,-1.23266604301128],[0.11747352447006,-1.02504419775885],[-0.852803970717197,-0.682934603018958],[-0.898454649459875,-0.640966619165483],[0.0257559583463879,-0.923527992589871],[-0.147785403076911,-0.738254864946747],[-0.577194719535311,-0.738090976536272],[-0.31340249271685,-0.628427321594135],[-0.310079546765756,-0.871593884864278],[-0.254427630710164,-0.61636672935655],[-0.193505301645351,-0.852058087740929],[-1.0576247017959,-0.621896848518328],[-0.660677059646269,-0.799395616895375],[-0.137622382273605,-0.917572055258673],[0.0584094640348365,-1.30826628675918],[0.0285192828990626,-0.947835820686882],[0.161388315446873,-1.34838712434478],[-0.0508447131893081,-1.27794777905353],[-0.0235774806168437,-1.28713108605265],[0.00600273725331957,-1.29501226061255],[-0.0179926535418863,-1.28143527109257],[-0.0304245860381863,-1.28693320813529],[-0.938213781309152,-0.691483787855024],[-0.651722033542597,-0.80341067794975],[-0.0652277739352013,-1.25860847487991],[-0.0485303814593252,-1.27171337356336],[-0.195878955678412,-1.20300717278327],[-0.0194559990920967,-1.29057333798697],[-0.564527580527835,-0.748311620879464],[-0.0307512786916757,-1.28474037482129],[-0.0509290583802379,-1.27775970393698],[-0.200077557524453,-0.836420087076514],[-0.0712213076281177,-0.928274826254951],[-0.00128565099996522,-0.93898736283564],[-0.0126098506268513,-1.28713208401322],[-0.0521441276045439,-1.27456742878781],[-0.0141790685655172,-1.28999168201423],[-0.772508739999939,-0.759759916129512],[-0.303512963019002,-0.881840584205007],[-0.119424467956276,-1.2238456994219],[-0.0221415287147886,-1.29049458254902],[-0.335315677658557,-1.11782988130882]],"d":[[0.1563283630302,0.0377993631650491],[0.810236473134468,0.858592904251532]],"df":[0.962595224927175,1.14016735569408],"lambda":[[0,0],[0,0],[0,0],[0,0],[0,0],[0,0],[0,0],[0,0],[0,0],[2.23822434123059,0],[-2.22044604925031e-15,0],[-2.22044604925031e-15,0],[-2.22044604925031e-15,0],[-2.22044604925031e-15,0],[-2.22044604925031e-15,0],[-2.22044604925031e-15,0],[-2.22044604925031e-15,0],[-2.22044604925031e-15,0],[-2.22044604925031e-15,0],[-2.22044604925031e-15,0],[-2.22044604925031e-15,0],[-2.22044604925031e-15,0],[1.91547482975574e-16,0],[1.91547482975574e-16,0],[2.08658089187751,0],[0,0],[4.17316178375503,0],[0,0],[8.34632356751005,0],[0,0],[0,0],[0,0],[0,0],[0,0],[0,0],[0,0],[0,0],[0,0],[0,0],[0,0],[0,0],[0,0],[0,0],[0,0],[0,0],[0,0]],