{"prog":[1.20549728199036,1.20549728199036,1.20549728199036,1.20549728199036,1.20549728199036,1.20549728199036,0.963313767744468,0.963313767744468,0.963313767744468,0.963313767744468,0.963313767744468,0.963313767744468,0.963313767744468,0.883977091278742,0.633405737617691,0.633405737617691,0.633405737617691,0.633405737617691,0.633405737617691,0.633405737617691,0.633405737617691,0.633405737617691,0.633405737617691,0.633405737617691,0.633405737617691,0.633405737617691,0.633405737617691,0.633405737617691,0.633405737617691,0.618091811012653,0.618091811012653,0.618091811012653,0.618091811012653,0.618091811012653,0.618091811012653,0.618091811012653,0.618091811012653,0.618091811012653,0.618091811012653,0.602358549855966,0.602358549855966,0.602358549855966,0.602358549855966,0.602358549855966,0.602358549855966,0.602358549855966,0.602358549855966,0.602358549855966,0.602358549855966,0.602358549855966],"mei":["Inf",0.11631172316371,0.124836214136028,0.109298132311158,0.116565749962089,0.135530969075072,0.213609130471913,0.0852969647516095,0.0695384099859404,0.0465469330269441,0.480277632445831,0.119346998609927,0.140351312999985,0.178852777829377,0.0780976894275779,0.0346541144307752,0.191841483638636,0.106969033301817,0.150121008594854,0.178077798047063,0.00289508735271409,0.086421379028563,0.109460167004703,0.00166571119526301,0.00428696459987726,0.196898975328408,0.0853977724144518,0.170793816516196,0.0490657430496121,0.17680215222745,0.152187751485652,0.0641504117463347,0.149449440411666,0.170710306451834,0.042703191421513,0.192092463456458,0.145533420014163,0.145606225871734,0.166403728249304,0.145610315041263,0.166407112918977,0.166406999910021,0.104006034201264,0.166409109514695,0.14560569577859,0.145579452958276],"obj":[1.20549728199036,0.260020638676365,0.506952819765302,1.36976991884172,1.23759240949936,0.808002096517322,0.963313767744468,0.62873818303429,0.917813272273901,0.677053888113483,0.636953931323136,0.472862528960577,1.04000108471498,0.883977091278742,0.633405737617691,0.687017839518263,0.707915585105069,0.71571384548679,0.509713196829017,0.796342566364059,0.595998807019909,0.737701110565415,0.66711787477929,0.666339025488241,0.850631584322693,0.764935893972766,0.73294031370629,0.861586685809011,0.856955115417241,0.618091811012653,0.747314384230914,0.634124544156599,0.760711262200871,0.603033681381652,0.645031691814747,0.765102911918681,0.653625414664506,0.638956378292368,0.79826790564295,0.602358549855966,0.65161149767407,0.643882189732882,0.621864647111466,0.645121763728545,0.620736175694467,0.620898680423656,0.701203396682353,0.61360932040869,0.635573813587879,0.640521620288613],"X":[[0.90930382898294,0.296193453007423],[0.107053859011981,0.152966779664384],[0.46270187139574,0.0442509483695614],[0.459158832849739,0.910611085991983],[0.699346756720763,0.538245652778597],[0.802759781201081,0.00524231531624116],[0.0666532997596268,0.896660467984841],[0.107083096455802,0.521655086578488],[0.294308134862966,0.623505137410934],[0.0185231207680244,0.658530767345459],[0.168472537598429,0.468481393724707],[0.160317914461946,0.31254461449863],[0.150607291017263,0.889393793697722],[0.0899350211965434,0.794042070082199],[0.205628606445535,0.427777131172156],[0.253310494314835,0.433707345203428],[0.299567553709051,0.408348031396018],[0.316349079155858,0.399364766330931],[0.124293334614995,0.385419862214022],[0.0468604218789517,0.749482144485107],[0.205664372874545,0.390334434145363],[0.306848070973178,0.430853039592237],[0.238637560497571,0.428480314281719],[0.262749388519112,0.403589636969129],[0.111502730416018,0.739128853906675],[0.311874663467203,0.453061230505562],[0.320029793243724,0.412910520462566],[0.466209168255311,0.3953775175537],[0.0282037555273647,0.828751359889876],[0.223459837352886,0.394631973659767],[0.312944548375043,0.434369835855871],[0.230703698119633,0.403420846036966],[0.00905421484387895,0.751657047356992],[0.211027676969431,0.392006004412222],[0.262709741646257,0.38232195016849],[0.338656380101208,0.426446531817473],[0.20640885625876,0.447216558405746],[0.234981729350183,0.403974648942185],[0.0517584903536948,0.746509415289255],[0.194400137211056,0.407958412644909],[0.222431384820444,0.429180112853626],[0.221731446394102,0.42215074333878],[0.209022280159558,0.412842366951909],[0.25978644791668,0.385335315811865],[0.219691427667657,0.40104474802681],[0.217918255345249,0.402980425078407],[0.247790231219068,0.453413165463285],[0.195298547813214,0.418310772595476],[0.235877513007194,0.399696300580685],[0.215814416403839,0.424707203884774]],"C":[[-0.499305079635728,-0.585435984992504],[1.56761866797246,-1.46514063558975],[0.593932133196172,-1.28394883177527],[-1.10004898643405,-0.459960616284567],[-0.536833950435187,-0.721205731129091],[1.0595977382642,-0.855549251816117],[-0.845130165619944,-0.69155734278436],[0.448979559291607,-1.21640918110023],[0.381505815962799,-1.02462406537565],[0.621121907651243,-1.06599412245641],[0.122894842197044,-1.2521421878089],[0.42225940088765,-1.37661403025047],[-0.929027069473207,-0.686296123624416],[-0.418884524179935,-0.861408882901953],[-0.0221901263127222,-1.27472360225739],[-0.0930009662253599,-1.24773173218657],[-0.111031452714229,-1.24351116601977],[-0.0892819731957201,-1.24043104353068],[0.105153741116252,-1.33600269678121],[-0.0356730056844006,-0.936080615959332],[0.0150008598660593,-1.30534119525054],[-0.165517248607464,-1.22020991961417],[-0.0711140744346341,-1.25945673499281],[-0.0685415255532003,-1.26807816376396],[0.0167807974774163,-0.941255678432378],[-0.184195635369097,-1.1974697157],[-0.138884768178567,-1.22708583352771],[0.020519244748837,-1.12632563004776],[-0.602237668699454,-0.812375731654834],[-0.011600487866423,-1.29433130645562],[-0.1774181051205,-1.21338855534088],[-0.0374162393917964,-1.28402742465674],[-0.0225216032212587,-0.93492970435213],[0.00605232901383679,-1.30179861205765],[0.00154186938063317,-1.28481351806352],[-0.190176974076415,-1.2034552117176],[-0.00194737225214708,-1.25739273394567],[-0.0428573163351038,-1.28158806988364],[-0.0144478184893983,-0.940044751560801],[-0.00253001903664229,-1.29577852020457],[-0.0469584916736812,-1.26632870977781],[-0.0460598263715645,-1.27262391557849],[-0.0246380406990798,-1.28587086644644],[-0.00897886402315423,-1.284027695867],[-0.0216365191550401,-1.29089878668946],[-0.0231708031059633,-1.29011841099091],[-0.0674025332452168,-1.23301650269696],[-0.00890224546703672,-1.28687457475263],[-0.0348851747890624,-1.28460466615966],[-0.0379259241945318,-1.27304792864065]],"d":[[0.118419693779047,0.0508826738302749],[0.737061269100931,0.741454076855338]],"df":[0.814882019099246,0.933716251051787],"lambda":[[0,0],[0,0],[0,0],[0,0],[0,0],[0,0],[0,0],[0.839955431580402,0],[2.51986629474121,0],[-8.88178419700125e-16,0],[3.35982172632161,0],[2.14651013142544,0],[0.933198536529263,0],[-1.11022302462516e-16,0],[7.86800973957979e-17,0],[7.86800973957979e-17,0],[7.86800973957979e-17,0],[1.6404338535439,0],[0,0],[3.2808677070878,0],[0,0],[0,0],[0,0],[0,0],[0,0],[0,0],[0,0],[0,0],[0,0],[0,0],[2.64743367933135,0],[0,0],[0,0],[0,0],[0,0],[0,0],[0,0],[0,0],[0,0],[0,0],[0,0],[0,0],[0,0],[0,0],[0,0],[0,0]],