{"prog":[1.40875334164797,1.40875334164797,1.40875334164797,1.40875334164797,1.40875334164797,1.40875334164797,1.40875334164797,1.40875334164797,1.40875334164797,1.40875334164797,1.3936082719133,0.943343717746905,0.943343717746905,0.931507116516937,0.931507116516937,0.931507116516937,0.931507116516937,0.859449041314916,0.859449041314916,0.859449041314916,0.807506381367263,0.807506381367263,0.807506381367263,0.807506381367263,0.807506381367263,0.807506381367263,0.807506381367263,0.807506381367263,0.807506381367263,0.807506381367263,0.807506381367263,0.807506381367263,0.807506381367263,0.807506381367263,0.807506381367263,0.807506381367263,0.807506381367263,0.807506381367263,0.807506381367263,0.803082257830091,0.803082257830091,0.803082257830091,0.803082257830091,0.803082257830091,0.803082257830091,0.803082257830091,0.803082257830091,0.803082257830091,0.803082257830091,0.803082257830091],"mei":["Inf",0.0531443793184135,0.0639364543361302,0.185203447282175,0.125350858159878,0.761275774708407,0.0141583711379117,0.0449784594027359,0.168385077951907,0.347866078389405,0.379453319636862,0.0758036793947643,0.428892454983818,0.499391419864957,0.35361948763819,0.279969207871956,0.385805665053137,0.204703431830362,0.125648049866788,0.334694137939814,0.185838221489935,0.278876041485293,0.222684570406385,0.306760103332298,0.250989631837345,0.213885810698306,0.221481855581673,0.334509537792977,0.306399244185391,0.306648822713002,0.32554247196454,0.195235368742567,0.223069061586904,0.306628658559378,0.250881688656705,0.362219573571566,0.194035690141138,0.304912019460085,0.221765519517063,0.332623357728067,0.22174922906575,0.19379323980882,0.0756219931499631,0.304901523103207,0.277185873600911,0.264694560874222],"obj":[1.40875334164797,0.886601849157969,1.7167662676556,0.827340729112583,0.921284139235803,0.350925116648647,0.158531338512289,0.889045400664687,0.645805381466434,0.810288959953536,1.3936082719133,0.943343717746905,0.94361418953572,0.931507116516937,0.946361458739195,1.16717041116026,0.976678036312237,0.859449041314916,0.933105391704245,0.993713807941814,0.807506381367263,0.989403770482664,1.0314571048591,0.837118497313261,1.06723647409753,0.925519225331449,1.031648875394,0.877567081825042,0.963310073884011,1.04461094091599,1.04444972966751,0.82933373722727,0.900061213402233,0.887553230093578,0.80487022034139,1.06415518060423,1.0337296514347,0.868567745961087,0.963137161073599,0.803082257830091,1.04973924312786,0.893388234486461,1.02630713945434,0.847253010175821,1.00569284286276,1.08554152037875,1.16619336605969,0.876470190710924,0.937200462925166,0.949906759934944],"X":[[0.424231752549352,0.98452158909862],[0.626315860260817,0.260285988897152],[0.922275913102151,0.794490354553445],[0.128784740909185,0.698555988203398],[0.895684788631202,0.0255993506046011],[0.124449711748814,0.226475404899833],[0.116912429680595,0.0416189088316944],[0.185701477297279,0.703343923367407],[0.046493156409989,0.599312225056445],[0.0695663422508087,0.740722617702727],[0.39756371397045,0.99604455794285],[0.0173847906448377,0.925958927102067],[0.150385499089294,0.793228690446426],[0.0186660698924567,0.912841046624481],[0.114920490960339,0.831440967778855],[0.234919476843187,0.932250934317068],[0.148526484249775,0.828151552062462],[0.0919413521142747,0.767507689200641],[0.0120665550284537,0.921038836675791],[0.0789853842414416,0.914728423700372],[0.0294606386020721,0.778045742765191],[0.0232537812395824,0.966149989243081],[0.277586841301674,0.753870263557426],[0.06447236832219,0.772646128991071],[0.250375047272624,0.816861426824904],[0.0559688973048486,0.8695503280266],[0.0914785092374889,0.940170366156507],[0.0737041826947303,0.803862899130311],[0.118426560235068,0.844883513648943],[0.071325548405602,0.973285392510383],[0.169395699903694,0.875054029763817],[0.0808819869605084,0.748451750266762],[0.032949589334593,0.86711162406764],[0.0310752004224516,0.856478029671127],[0.0618578789367542,0.743012341404636],[0.082303349588137,0.981851831016096],[0.0660170627584393,0.96771258867626],[0.0936894046581411,0.774878341302946],[0.117744695756967,0.845392465316633],[0.00917227207314509,0.793909985756946],[0.15883153981661,0.890907703311246],[0.0251078735042193,0.868280360982242],[0.246092367909621,0.780214771544719],[0.0507084774288982,0.796544532746923],[0.0633787936368132,0.942314049225943],[0.110286203441175,0.975255316937574],[0.398654859888233,0.76753850617146],[0.0581817829845276,0.818288407726397],[0.0527975479529899,0.884402914972176],[0.181475555966952,0.768431203967992]],"C":[[-1.37828437490126,-0.350744660727634],[0.713920702607036,-1.03997964716958],[-1.50992637483216,-0.0181922166331354],[0.315169291526675,-0.995434021854128],[1.05310557626541,-0.697093432663302],[1.11404835082589,-1.43322116022109],[1.51151431755944,-1.48459935021384],[0.267322941630751,-0.970822286791751],[0.726859601230167,-1.13866324330493],[0.0222192243017388,-0.946490527649463],[-1.3215635688577,-0.349838331926455],[-0.770806970986729,-0.642297834374224],[-0.432071632720614,-0.848172446316313],[-0.789374547048317,-0.666372801432293],[-0.681710342211509,-0.795499197856395],[-1.06509781482282,-0.575721034864677],[-0.67830813839582,-0.792104890292936],[-0.210017385411203,-0.902478734789291],[-0.773024812644225,-0.651541859584651],[-0.856458880719205,-0.657033219950865],[-0.255581719007418,-0.893776892938121],[-0.663429689199522,-0.566013459943655],[-0.074389923342693,-0.854625171260017],[-0.237561799521683,-0.898861273078042],[-0.599925649951298,-0.770049745068813],[-0.793127554432933,-0.740749709563312],[-0.832033861897361,-0.607711364948827],[-0.481121033700444,-0.848372132855113],[-0.754750534411678,-0.772146998195106],[-0.697617547484203,-0.54762821087055],[-0.911459904305899,-0.705585541848243],[-0.047524080849566,-0.933278081707941],[-0.764369123993918,-0.747031755969461],[-0.729839986201982,-0.765479716609369],[0.00792663412513694,-0.944106263333847],[-0.679670470123551,-0.529193140576912],[-0.711294286799585,-0.55917409314224],[-0.270767585924575,-0.890785851634399],[-0.756740366503853,-0.771447766206966],[-0.358872973762116,-0.869622803940422],[-0.940218656240112,-0.681056006140165],[-0.759716120208315,-0.745458809420644],[-0.306107502133519,-0.830703456720058],[-0.413082779545416,-0.862945457667829],[-0.788878139763124,-0.608027361148549],[-0.749675769612188,-0.536714020115524],[-0.0827452889119492,-0.751958944231578],[-0.566033122286866,-0.827018961909339],[-0.819073129327498,-0.715043902918869],[-0.230680123605808,-0.876580107354788]],"d":[[0.193725159989997,0.0554896260084998],[0.664764746260766,0.483256360032951]],"df":[0.841055705403305,1.09394213810906],"lambda":[[0,0],[0,0],[0,0],[0,0],[0,0],[0,0],[0.630240135923851,0],[1.89072040777155,0],[4.41168095146696,0],[5.32907051820075e-15,0],[5.04192108739081,0],[1.15463194561016e-14,0],[10.0838421747816,0],[2.48689957516035e-14,0],[-3.23858884308952e-16,0],[-3.23858884308952e-16,0],[-3.23858884308952e-16,0],[-3.23858884308952e-16,0],[-3.23858884308952e-16,0],[-3.23858884308952e-16,0],[-3.23858884308952e-16,0],[-3.23858884308952e-16,0],[-3.23858884308952e-16,0],[-3.23858884308952e-16,0],[-3.23858884308952e-16,0],[-3.23858884308952e-16,0],[-3.23858884308952e-16,0],[-3.23858884308952e-16,0],[-3.23858884308952e-16,0],[-3.23858884308952e-16,0],[-3.23858884308952e-16,0],[-3.23858884308952e-16,0],[-3.23858884308952e-16,0],[-3.23858884308952e-16,0],[-3.23858884308952e-16,0],[-3.23858884308952e-16,0],[-3.23858884308952e-16,0],[-3.23858884308952e-16,0],[-3.23858884308952e-16,0],[-3.23858884308952e-16,0],[-3.23858884308952e-16,0],[-3.23858884308952e-16,0],[-3.23858884308952e-16,0],[-3.23858884308952e-16,0],[-3.23858884308952e-16,0],[-3.23858884308952e-16,0]],