{"prog":[1.49767982057242,1.39036658667735,1.39036658667735,1.39036658667735,1.39036658667735,0.960839219421033,0.960839219421033,0.960839219421033,0.960839219421033,0.960839219421033,0.87857953718661,0.87857953718661,0.87857953718661,0.87857953718661,0.832236071730087,0.795019963461095,0.795019963461095,0.795019963461095,0.795019963461095,0.795019963461095,0.795019963461095,0.795019963461095,0.795019963461095,0.795019963461095,0.795019963461095,0.795019963461095,0.795019963461095,0.795019963461095,0.795019963461095,0.795019963461095,0.795019963461095,0.783331562743599,0.783331562743599,0.783331562743599,0.783331562743599,0.783331562743599,0.783331562743599,0.783331562743599,0.783331562743599,0.783331562743599,0.783331562743599,0.783331562743599,0.783331562743599,0.783331562743599,0.783331562743599,0.783331562743599,0.783331562743599,0.783331562743599,0.783331562743599,0.783331562743599],"mei":["Inf",0.000328250997528788,0.000138403956244598,0.000114770177384974,0.000147836983992475,0.000676269308120669,0.00331964892621221,0.0003403255719122,0.00522764865609409,0.00185451185640269,0.387386990348492,0.0569300725059153,0.0170034676241871,0.0473192266991228,0.0225270685622733,0.0219037363150686,0.1835886514897,0.248526263091956,0.300634263818724,0.153255658206461,0.165597664575303,0.0925555562284834,0.12058618358021,0.228418426066424,0.31806000687542,0.246710866164019,0.301795325560667,0.325290650152171,0.270181827583993,0.270028656173344,0.268108470402503,0.161869823167902,0.10665813084089,0.270306120956672,0.319719916126233,0.243099241581229,0.26867861743895,0.323964468455263,0.189195527213579,0.280979270190055,0.270362513586184,0.286389699093119,0.210881647371669,0.269808234539706,0.226901102894586,0.269675357220382],"obj":[1.49767982057242,1.39036658667735,0.83089720771436,0.106992826891829,1.68266376696589,0.960839219421033,0.994384361828833,0.684076772958291,0.828965172286991,0.520752705196094,0.87857953718661,0.603595082691621,0.858064442750404,0.374235564381139,0.832236071730087,0.795019963461095,0.982190678891798,1.01294978364258,1.09616813045028,1.09687305330226,1.03401190868173,0.841705966492327,0.837198635869534,0.886223721795923,1.06004004660529,1.09427996654503,1.13240178340369,0.956218407603896,0.821836959729881,0.922585469086015,0.834593650298136,0.783331562743599,0.871120093303895,0.871702078604125,0.891859046071868,1.04511650342303,1.14721182235672,0.871999430464875,0.809174472159,0.926361181470882,0.896353087409277,0.788160839096459,1.01507580711121,0.861451548386111,0.867630786086761,0.860272800603378,0.978806782290953,0.89440665693804,0.905636531673259,0.895526547775494],"X":[[0.568905336402567,0.92877448416985],[0.910841454907982,0.479525131769368],[0.0909545935436512,0.739942614170709],[0.00963941417393261,0.0973534127178959],[0.822957562343906,0.859706204621984],[0.145798724256254,0.815040495164779],[0.0869524841665379,0.907431877662295],[0.59553136236396,0.0885454105943314],[0.825384339846165,0.00358083244082589],[0.502988955379228,0.0177637498168656],[0.046533675705842,0.832045861480768],[0.125709610807021,0.4778854718846],[0.135318934268374,0.722745508482029],[0.0944094094501298,0.279826154931009],[0.0898230181750429,0.742413053555044],[0.0467589886938825,0.748260974767213],[0.215977415410577,0.76621326348122],[0.188001162480977,0.824948621161606],[0.273991178331576,0.822176952118708],[0.217962322982019,0.878910730320241],[0.235854913125269,0.798156995556465],[0.0498505775107315,0.791855388981595],[0.0829683051070874,0.754230330762446],[0.0197412502648638,0.866482471531059],[0.223001243887237,0.837038802718054],[0.299338017821229,0.794941948723805],[0.296418318723322,0.835983464680367],[0.0632431573032502,0.892975250300646],[0.0470832169470651,0.774753742782816],[0.0996266920506706,0.822958777035344],[0.0743859763385335,0.760207673959603],[0.0177442424433525,0.765587320300247],[0.0979458569269078,0.773174236376987],[0.0362961042332331,0.835405974370892],[0.0416096759458228,0.850249370126045],[0.270119782748867,0.774996720674162],[0.305746670688481,0.841465151668238],[0.0814876953378647,0.79051173512701],[0.0563299715984426,0.752844500560558],[0.140950700830657,0.785410480640226],[0.0324049146478439,0.863948172761433],[0.01327732751189,0.774883511584569],[0.232853462946735,0.782222344164474],[0.0664618529523528,0.794989695433758],[0.111462606608743,0.756168179478018],[0.11361984492131,0.746652955682068],[0.111890004973833,0.86691677731712],[0.0633619505535723,0.831044706384468],[0.00586144950814474,0.899775082165114],[0.0231906880073228,0.872335859768171]],"C":[[-1.03213757606863,-0.313724675767711],[-0.00666123739292773,-0.440423492022681],[0.0178700534484564,-0.944212189647526],[1.76568189002761,-1.49042939472656],[-0.911484467090126,-0.0836460923154392],[-0.591735687552185,-0.8144517232468],[-0.869756636873803,-0.669006652899549],[0.278271767538995,-1.13750210670361],[1.11166311514155,-0.818727869175741],[0.47189101219771,-1.24668655995896],[-0.63600106346482,-0.80553430141803],[0.234363811061487,-1.25582256951238],[0.140062539507073,-0.959327715997524],[0.689222932149937,-1.4127841864238],[-0.00189126728147278,-0.940754683317001],[-0.0254892894459002,-0.937919110616746],[-0.203790793665027,-0.866270990898025],[-0.667499199688553,-0.784115335349366],[-0.629193687029759,-0.748953893601266],[-0.960319656074525,-0.680008353888222],[-0.458601482421289,-0.80731787039895],[-0.377805360620135,-0.870479962862653],[-0.0963829317457696,-0.924252868505628],[-0.749712549022921,-0.748818409567408],[-0.749181010391255,-0.749636487969072],[-0.390103598186032,-0.778464049246057],[-0.720476645567954,-0.713267827106249],[-0.839152026841071,-0.698595505404815],[-0.242982139064558,-0.897539808725935],[-0.622653591611625,-0.812813373531532],[-0.141486638148898,-0.916551018977094],[-0.145261402923973,-0.913561196855599],[-0.25874017279751,-0.892608209313717],[-0.644494186509339,-0.800779450802911],[-0.716425785753084,-0.775344643467947],[-0.248197195619951,-0.826415385911999],[-0.755127957976186,-0.698455371890858],[-0.38777825344457,-0.868450952135007],[-0.0699226877609444,-0.930052092275443],[-0.369127344533629,-0.863263276835836],[-0.755019536292811,-0.752543476288847],[-0.216329525460619,-0.89937925604851],[-0.329395560877924,-0.833907469083548],[-0.412480641077107,-0.863574206256281],[-0.123523907467737,-0.915785771672885],[-0.0454949717314284,-0.92959989461129],[-0.837624059422704,-0.735935927993054],[-0.644343522200847,-0.8053499592124],[-0.781407727177815,-0.690370444924426],[-0.76752282309216,-0.738492339752273]],"d":[[0.170896834265873,0.0491248829245316],[0.6807980563989,0.698375041197801]],"df":[0.77538241117277,1.06705308927341],"lambda":[[0,0],[0,0],[0,0],[0,0],[0,0],[0,0],[0,0],[0,0],[0,0],[0,0],[0,0],[0,0],[0,0],[0,0],[0,0],[0,0],[0,0],[0,0],[0,0],[0,0],[0,0],[0,0],[0,0],[0,0],[0,0],[0,0],[0,0],[0,0],[0,0],[0,0],[0,0],[0,0],[0,0],[0,0],[0,0],[0,0],[0,0],[0,0],[0,0],[0,0],[0,0],[0,0],[0,0],[0,0],[0,0],[0,0]],"rho":[0.000114839788768886,0.000114839788768886,0.000114839788768886,0.000114839788768886,0.000114839788768886,0.000114839788768886,0.000114839788768886,0.000114839788768886,0.000114839788768886,0.000114839788768886,0.000114839788768886,0.000114839788768886,0.000114839788768886,0.000114839788768886,0.000114839788768886,0.000114839788768886,0.000114839788768886,0.000114839788768886,0.000114839788768886,0.000114839788768886,0.000114839788768886,0.000114839788768886,0.000114839788768886,0.000114839788768886,0.000114839788768886,0.000114839788768886,0.000114839788768886,0.000114839788768886,0.000114839788768886,0.000114839788768886,0.000114839788768886,0.000114839788768886,0.000114839788768886,0.000114839788768886,0.000114839788768886,0.000114839788768886,0.000114839788768886,0.000114839788768886,0.000114839788768886,0.000114839788768886,0.000114839788768886,0.000114839788768886,0.000114839788768886,0.000114839788768886,0.000114839788768886,0.000114839788768886]}
