{"prog":[0.802698397618415,0.802698397618415,0.802698397618415,0.802698397618415,0.802698397618415,0.802698397618415,0.802698397618415,0.802698397618415,0.798406630785144,0.798406630785144,0.798406630785144,0.798406630785144,0.798406630785144,0.798406630785144,0.721601946773381,0.721601946773381,0.721601946773381,0.721601946773381,0.721601946773381,0.721601946773381,0.624865108060098,0.623288851344708,0.623288851344708,0.623288851344708,0.623288851344708,0.623288851344708,0.623288851344708,0.623288851344708,0.623288851344708,0.623288851344708,0.623288851344708,0.623288851344708,0.623288851344708,0.623288851344708,0.623288851344708,0.623288851344708,0.623288851344708,0.623288851344708,0.623288851344708,0.623288851344708,0.621188413160789,0.621188413160789,0.621188413160789,0.621188413160789,0.621188413160789,0.621188413160789,0.621188413160789,0.621188413160789,0.621188413160789,0.621188413160789],"mei":["Inf",0.261969299891595,0.318407589368083,0.149209951764196,0.119745075493692,0.276851369744124,0.0697955169989972,0.0426409368777662,0.0215938481335879,0.035349591916015,0.351237438602346,0.158190628443335,0.172377050959653,0.119626772321846,0.0137381805456898,0.198692693006049,0.274889453537279,0.257528920040472,0.193773073079228,0.0351743083335767,0.0820345651706511,0.0857625806343977,0.00456993858993053,0.00240311441505674,0.202392918411695,0.0860995325984163,0.214580073774177,0.236790861117063,0.215057647712774,0.172200979830007,0.12915327441776,0.107624841172155,0.10762989011503,0.215252702964507,0.0492968134021979,0.172161516260915,0.258241626247831,0.21447517015692,0.128681262396526,0.105675687972744,0.150128139604212,0.150623126323912,0.0428127681630701,0.193023645705112,0.214469747355376,0.231833418581201],"obj":[0.802698397618415,0.909635715002575,1.09819390300619,1.62681328033256,1.4456537398616,0.292880128632815,0.725667224301547,0.437363692399199,0.798406630785144,0.745869967771198,0.88699721394185,0.923493335141527,0.733237627634565,0.543465942919529,0.721601946773381,0.88705678140385,0.856318671113283,0.881789395959119,1.01116865182457,0.871784922858184,0.624865108060098,0.623288851344708,0.720679475557136,0.945138438184545,0.897750555774605,0.896685806231231,0.805924257684016,0.396438660732905,0.686192180270101,0.888720862983894,0.678140705954752,0.636528454723658,0.693316595324622,0.743678848932203,0.806596183306078,0.85374313160709,0.840562669170799,0.682851276452043,0.943246930902028,0.752756409318595,0.621188413160789,0.672078513148547,0.806510795534177,0.869443509660278,0.792169450387191,0.766912045576194,0.8695340057125,0.720456095570416,0.676102264129162,0.660839139591167],"X":[[0.398292786543791,0.404405611074624],[0.726406953136066,0.183228761866509],[0.995701190162381,0.102492712843812],[0.923064260907253,0.703749019425304],[0.522383679240566,0.923270060621032],[0.24084429235062,0.0520358362821945],[0.345611200548817,0.380056023752729],[0.162849738795275,0.274513953603924],[0.358168340035184,0.44023829074996],[0.36643156240844,0.379438405362758],[0.341488397018907,0.545508816922943],[0.528045995031649,0.395447340109878],[0.246230174361101,0.487007453273464],[0.105863950456128,0.437601992463401],[0.32419564611997,0.39740630065341],[0.35417525417385,0.53288152723],[0.320930796941849,0.535387874171434],[0.438060155201562,0.443729240757557],[0.499516523032533,0.511652128792042],[0.374176744679962,0.497608178178223],[0.226810142506125,0.398054965553973],[0.221339691249034,0.401949160095673],[0.319622696998401,0.401056778558735],[0.390462421214238,0.554676016970307],[0.491917828827146,0.405832726947459],[0.43008347198781,0.466602334243421],[0.673179797579637,0.132744460104379],[0.030746476390972,0.365692184341933],[0.30646769259966,0.37972448767044],[0.403681276242795,0.485039586741098],[0.247873984612856,0.430266721341896],[0.201076099681336,0.435452355042322],[0.293902052677171,0.39941454264745],[0.298900768483788,0.444778080448415],[0.300287425069072,0.506308758237005],[0.370603818151102,0.483139313455988],[0.368910524331195,0.471652144839604],[0.26319827415099,0.419653002301052],[0.381626740688335,0.561620190213692],[0.269254455120362,0.483501954198233],[0.214589084857474,0.406599328303315],[0.29021329228993,0.381865220858618],[0.37453623615847,0.431974559375707],[0.398807088895,0.470636420765278],[0.329223997108716,0.462945453278475],[0.297527053042589,0.469384992533605],[0.711351494619076,0.158182511093425],[0.327335977692623,0.393120117877793],[0.262911181478223,0.41319108265094],[0.237695946702197,0.423143192888969]],"C":[[-0.111933713747756,-1.17781895791854],[-0.0170523037164758,-0.938760159260444],[0.786268204413013,-0.498074383723135],[-1.00126192792643,-0.15268968789367],[-1.09214725373807,-0.374687686823926],[1.29779149381023,-1.43928629858454],[0.00769192572552496,-1.23611031686447],[0.717647261116003,-1.39812205185105],[-0.238597499239096,-1.17790568755399],[0.022017415401332,-1.22175440660668],[-0.0125741918620744,-1.08580580536079],[0.143201363204307,-1.06478882833106],[0.0208819005874574,-1.2021944416902],[0.141799792005659,-1.29729732018588],[-0.083560084013884,-1.23696541523783],[-0.103056894678758,-1.09059716726791],[0.00775878450743683,-1.11036324776446],[-0.296553924438627,-1.11120766132151],[-0.51724650083069,-0.988695342320061],[-0.264069533412344,-1.11237786475086],[-0.0226394090647837,-1.29010940365418],[-0.0250003775913235,-1.28944561377616],[-0.0972206988445807,-1.23699479193556],[-0.13359503162051,-1.03987361381747],[-0.015569421741265,-1.09331664742038],[-0.363257320695239,-1.0973104688015],[0.0991728677225204,-1.02920786844224],[0.241640828278857,-1.36532388050076],[0.00287265007507892,-1.26188686685606],[-0.341902448840854,-1.10177802650501],[-0.0848094995673179,-1.25342903625784],[-0.00941617198475797,-1.26994964862504],[-0.0788798957425865,-1.25408960655387],[-0.163776526219164,-1.21283078975242],[-0.0470225972343613,-1.15347890367789],[-0.27664313982075,-1.1292292137651],[-0.280258847563144,-1.14144927930588],[-0.0985487540615795,-1.25461802614365],[-0.0750023084538735,-1.03894379273593],[-0.0439368224412799,-1.19372789868433],[-0.0248876153013258,-1.28862851088332],[-0.00569521978650805,-1.26995519807684],[-0.231659549768212,-1.17312058785641],[-0.329865328247058,-1.11945426529634],[-0.210813353489941,-1.17729306701655],[-0.140347762409915,-1.19115538149202],[0.00779424617775026,-0.968957344287386],[-0.0647669988608353,-1.23830773062776],[-0.0887732515867629,-1.26015083987147],[-0.0684398747810046,-1.26445047523307]],"d":[[0.148199187406941,0.0313639344884067],[0.704698706369156,0.622750349044049]],"df":[0.950588209555194,0.782253763737897],"lambda":[[0,0],[0,0],[0,0],[0.0199745059438879,0],[0.0599235178316637,0],[0.139821541607215,0],[0.299617589158318,0],[0.619209684260525,0],[1.25839387446494,0],[2.53676225487376,0],[5.09349901569141,0],[-1.77635683940025e-15,0],[-1.77635683940025e-15,0],[-1.77635683940025e-15,0],[-1.77635683940025e-15,0],[-1.77635683940025e-15,0],[-1.77635683940025e-15,0],[5.30077954251156e-16,0],[5.30077954251156e-16,0],[5.30077954251156e-16,0],[5.30077954251156e-16,0],[5.30077954251156e-16,0],[5.30077954251156e-16,0],[5.30077954251156e-16,0],[5.30077954251156e-16,0],[5.30077954251156e-16,0],[5.30077954251156e-16,0],[5.30077954251156e-16,0],[5.30077954251156e-16,0],[5.30077954251156e-16,0],[5.30077954251156e-16,0],[5.30077954251156e-16,0],[5.30077954251156e-16,0],[5.30077954251156e-16,0],[5.30077954251156e-16,0],[5.30077954251156e-16,0],[5.30077954251156e-16,0],[5.30077954251156e-16,0],[5.30077954251156e-16,0],[5.30077954251156e-16,0],[5.30077954251156e-16,0],[5.30077954251156e-16,0],[5.30077954251156e-16,0],[5.30077954251156e-16,0],[5.30077954251156e-16,0],[5.30077954251156e-16,0]],