{"prog":[1.17870204884063,1.17870204884063,1.17870204884063,1.17870204884063,1.17870204884063,1.17870204884063,1.17870204884063,1.17870204884063,1.17870204884063,1.17870204884063,1.17870204884063,1.02443291270743,1.02443291270743,1.02443291270743,1.02443291270743,1.02443291270743,0.897295062283027,0.897295062283027,0.847812977387967,0.847812977387967,0.69488257168163,0.69488257168163,0.69488257168163,0.69488257168163,0.69488257168163,0.69488257168163,0.69488257168163,0.69488257168163,0.69488257168163,0.69488257168163,0.69488257168163,0.69488257168163,0.69488257168163,0.69488257168163,0.69488257168163,0.69488257168163,0.667463952402963,0.667463952402963,0.627519757125534,0.627519757125534,0.627519757125534,0.627519757125534,0.627519757125534,0.627519757125534,0.627519757125534,0.627519757125534,0.627519757125534,0.627519757125534,0.627519757125534,0.627519757125534],"mei":["Inf",0.0380960980692519,0.0224459272927453,0.0315448419852516,0.157905892247986,0.125435285668002,0.255584021614685,0.0891935077324378,0.100794339231226,0.0515911419041599,0.0511882168678173,0.1732924144587,0.124961485297645,0.113094812487585,0.324126099852185,0.342516732592837,0.32972210169854,0.0919635604198759,0.0227250804874065,0.210184874211738,0.191595839771049,0.0340724932037129,0.167823855511415,0.194069785343569,0.23742379965107,0.11998178307135,0.273807078068089,0.23925597885156,0.215947910089776,0.21595537401547,0.11979645897058,0.333098383843857,0.272058457879241,0.138903527274882,0.283777958023425,0.132544348951446,0.108274798270943,0.184180427214867,0.151657722738258,0.129996231522735,0.213018150702034,0.194925566678914,0.151659283314813,0.238332451386661,0.151659426391584,0.151598943211635],"obj":[1.17870204884063,1.14343465239355,1.19624615694774,0.501004407811212,1.64880200676359,0.471520711273154,1.18159050531922,1.06666934581978,0.451681209574586,1.22532494324849,0.562884353316976,1.02443291270743,0.825084950501352,0.707508603059439,1.25737896603316,1.19691281373017,0.897295062283027,1.08822315857058,0.847812977387967,0.859080162308896,0.69488257168163,0.992176741920707,0.719469214926715,0.789569865649776,0.855239952657195,0.952615961788581,0.90146662232207,0.829595418440949,0.786069147809023,0.95407686215377,0.698885539619203,0.785834725474318,0.814521072685544,0.794052954098907,0.976321168338157,0.605100447705117,0.667463952402963,0.882098035203831,0.627519757125534,0.819969808798043,0.872182267472463,0.747631726134571,0.80225304290813,0.826056963633675,0.696276471356822,0.736766516579696,0.786689640577518,0.645425694174776,0.805230263736823,0.792664121546006],"X":[[0.492369990179401,0.686332058661229],[0.944060873487978,0.199373778905574],[0.749123007936665,0.44712314901108],[0.145526975916123,0.35547743189509],[0.874407505456919,0.774394501306674],[0.194503170871448,0.277017540401706],[0.780697142354907,0.400893362964312],[0.402135952498563,0.664533393321217],[0.111251021166261,0.340430188408325],[0.693736722062746,0.531588221185745],[0.144521609045856,0.41836274427112],[0.438234597371946,0.586198315335484],[0.299463061040787,0.525621889460565],[0.199624427424523,0.507884175634916],[0.624310790877241,0.633068175155918],[0.600613702606785,0.596299111123383],[0.396505370773657,0.50078969150937],[0.549655411882608,0.538567746687968],[0.373697160168456,0.474115817219512],[0.337577861416521,0.521502300892375],[0.230169667228542,0.464712904453089],[0.426620820329627,0.56555592159108],[0.359346580431118,0.360122634495597],[0.355829113798875,0.433740751850902],[0.361798848910676,0.493441103746519],[0.503283849506186,0.449332112282395],[0.368427406392401,0.533039215929669],[0.308906658715979,0.52068875972497],[0.301450214370748,0.484618933438275],[0.494693242951302,0.459383619202468],[0.27073998431099,0.428145555308213],[0.336750458356808,0.44908426711751],[0.351732401633121,0.462788671052422],[0.349525788695414,0.444527165403493],[0.489795736703375,0.486525431634781],[0.2134753528173,0.391625094887817],[0.245328714612199,0.422135237790764],[0.348131848433184,0.533966186770647],[0.216038401408321,0.411481355717213],[0.382769174503109,0.437200634294935],[0.409880740413608,0.462301527058855],[0.314007524795588,0.433624201338983],[0.339969800669411,0.462283242238719],[0.37064825025,0.455408713383674],[0.299700315128425,0.396576156228398],[0.272816489352184,0.463950027227512],[0.311225791786875,0.475463848790643],[0.209879049017881,0.435546645156895],[0.348761430181683,0.456468833555139],[0.376181862865617,0.416482258680389]],"C":[[-4.28536490153508e-05,-0.786520098024576],[0.133648934580736,-0.568999163434027],[0.290070515380449,-0.738895608598339],[0.178888547500453,-1.35245769469398],[-1.41169662973471,-0.135724670746596],[0.70064454170373,-1.38542979883074],[0.385014232267127,-0.729796483450046],[0.202884743871946,-0.896682044869062],[0.27205016629637,-1.37173049710974],[-0.503019279354056,-0.736143323558212],[0.0609287528877547,-1.30408611872473],[-0.172215947055099,-0.964321972764089],[0.0297182748852074,-1.13404350439199],[0.209241113722411,-1.20220375211507],[-0.740938748595354,-0.70946072199899],[-0.728518179009479,-0.783690550314431],[-0.312746785073557,-1.09199317582559],[-0.620627986002479,-0.907823710415605],[-0.288438402166431,-1.13556462434431],[-0.096180704042611,-1.11407653764541],[-0.00991822940612208,-1.23106384072268],[-0.214908283679735,-0.998141175214541],[0.149542972967179,-1.24118172325641],[-0.222487629222617,-1.18525460195692],[-0.24185671484449,-1.12561747006033],[-0.297736164170981,-1.04480601969808],[-0.146429431671088,-1.08013044050005],[-0.0168296385581855,-1.133459891697],[-0.116686417480857,-1.17427225760898],[-0.357594862746975,-1.04424528578677],[-0.116327385355423,-1.24339124436511],[-0.223036078091392,-1.18492244982401],[-0.250998202218389,-1.16211096358693],[-0.235768551135242,-1.18022732225518],[-0.460047345520726,-1.02339314067979],[0.00477211506937297,-1.30105805879364],[-0.078177038023474,-1.26161566280206],[-0.080290078773535,-1.09368432749211],[-0.0321950312510941,-1.28401050301406],[-0.252352997739458,-1.16234336442232],[-0.334053827704326,-1.11827507671704],[-0.177827836552638,-1.21336932638488],[-0.230586613657267,-1.17071473857806],[-0.276054023568698,-1.15522277836084],[-0.0715111961228047,-1.25290707342303],[-0.0987194554574181,-1.21032153537314],[-0.159022213152005,-1.17707263501982],[-0.0235235704165098,-1.26624990467592],[-0.244956341836206,-1.17000166881044],[-0.175694174823991,-1.18502973425544]],"d":[[0.101506320540612,0.0333766331030735],[0.639681008914871,0.584670269255307]],"df":[0.997393564197178,0.824589394649218],"lambda":[[0,0],[0,0],[0,0],[0,0],[0,0],[0,0],[0,0],[8.04128252439379,0],[0,0],[7.84434386601659,0],[-3.5527136788005e-15,0],[-3.5527136788005e-15,0],[-3.5527136788005e-15,0],[-3.5527136788005e-15,0],[-3.5527136788005e-15,0],[-3.5527136788005e-15,0],[-3.5527136788005e-15,0],[1.10424241708348e-16,0],[1.10424241708348e-16,0],[1.10424241708348e-16,0],[1.10424241708348e-16,0],[1.10424241708348e-16,0],[1.10424241708348e-16,0],[1.10424241708348e-16,0],[1.10424241708348e-16,0],[1.10424241708348e-16,0],[1.10424241708348e-16,0],[1.10424241708348e-16,0],[1.10424241708348e-16,0],[1.10424241708348e-16,0],[1.10424241708348e-16,0],[1.10424241708348e-16,0],[5.03853089951657,0],[15.1155926985497,0],[0,0],[0,0],[0,0],[0,0],[0,0],[0,0],[0,0],[0,0],[0,0],[0,0],[0,0],[0,0]],