{"prog":[1.59507629790229,1.59507629790229,1.59507629790229,1.59507629790229,1.07864551022617,1.07864551022617,1.07864551022617,1.07864551022617,1.07864551022617,1.07864551022617,1.07864551022617,1.07864551022617,1.07864551022617,1.07864551022617,1.07864551022617,0.931374446123693,0.931374446123693,0.892268646121191,0.883454956626344,0.883454956626344,0.883454956626344,0.883454956626344,0.883454956626344,0.883454956626344,0.788077567012067,0.788077567012067,0.788077567012067,0.788077567012067,0.788077567012067,0.788077567012067,0.788077567012067,0.788077567012067,0.788077567012067,0.788077567012067,0.788077567012067,0.788077567012067,0.788077567012067,0.788077567012067,0.767124336636254,0.767124336636254,0.767124336636254,0.767124336636254,0.767124336636254,0.767124336636254,0.767124336636254,0.767124336636254,0.767124336636254,0.767124336636254,0.767124336636254,0.767124336636254],"mei":["Inf",0.00565745482242531,0.0184687494435104,0.0174031631791899,0.100240082673412,0.046773162739753,0.0372857833236755,0.0769366972003597,0.112226948628474,0.113375983153802,0.132195991180279,0.0438026732576084,0.170360385233545,0.0640641196593568,0.328125166245501,0.0579960398694085,0.07696374437759,0.0897386192005523,0.0622593114187205,0.0790102601062365,0.0580874527574193,0.0350041370216753,0.0262619091729584,0.0373145293480129,0.0556999828790575,0.163271336726244,0.203513539153924,0.244889218168903,0.244900235722833,0.244924201023553,0.190502340114727,0.244894619661844,0.190502804132533,0.272115538363349,0.326658418289462,0.264822333728599,0.198708317482983,0.291329993202527,0.211862648829389,0.211860657848471,0.200329255359002,0.264831030098098,0.238362904808373,0.211865866024839,0.158895438112897,0.17822669178921],"obj":[1.59507629790229,0.365155575081044,0.924384758925155,1.11961567547629,1.07864551022617,1.1728514808943,1.12764278961923,1.2529148297333,1.10255692930072,1.1934803259311,0.660843788038035,1.09717787158377,0.956706866844722,1.28782420344367,0.975390059448637,0.931374446123693,1.05234585068147,0.892268646121191,0.883454956626344,0.790628863880557,0.941872927191483,0.95124420544733,1.05652435725535,0.96894442748215,0.788077567012067,1.02791108693145,1.05015793607738,1.01452126330203,0.862684994149326,1.03105932626199,0.946079438104087,0.901426255017909,0.875063336594574,0.875473236868967,0.973545189648029,0.874350667552638,0.961117287811806,0.85264761003568,0.767124336636254,0.811751386246586,0.803526068730646,0.77922635403355,0.890803283796844,0.895867776249589,0.926979038635238,0.811456925358821,0.85975566967791,0.908632099015397,0.987847311020261,0.935173332522431],"X":[[0.69945077034632,0.895625527555967],[0.250284475751753,0.114871099329291],[0.531632006860252,0.392752752064903],[0.794358657555272,0.325257017921018],[0.29981744862623,0.778828061599943],[0.203069738508917,0.969781742385383],[0.849071997182693,0.278570792436533],[0.303687241173742,0.949227588559554],[0.879500045697606,0.223056883603115],[0.938459665593333,0.255020660337764],[0.425027911565591,0.235815876472445],[0.139446107043445,0.957731764540324],[0.72833335964633,0.228373507198391],[0.354589848246363,0.933234355197309],[0.706575131611877,0.268814927836759],[0.154792121167363,0.77658232495633],[0.0999270398128498,0.952418810868624],[0.141911285716657,0.750357360404534],[0.141100550446376,0.742354406179967],[0.0828597817180818,0.707769082162475],[0.217487757954206,0.724385169237277],[0.210232961241591,0.741011244205739],[0.808862207321813,0.247662149933534],[0.171763823834503,0.797180603647647],[0.0198939762310809,0.768183590780986],[0.784430726784095,0.243480360147351],[0.204279800846927,0.84587813523045],[0.241190327936395,0.773330935365631],[0.0394273985204848,0.823257595628841],[0.208120599879911,0.822938726382083],[0.0981222071327524,0.847957230971335],[0.148654867834971,0.752771387182938],[0.0904961749839792,0.784567161610595],[0.0566168595168751,0.818856377352091],[0.121104517394402,0.852440672253627],[0.119254059270109,0.755096608282529],[0.106516661021387,0.854600626790419],[0.0757653271085772,0.776882282927102],[0.0100703963985568,0.757053940237697],[0.0415008697464366,0.77025051650015],[0.0634319192207481,0.740094149509898],[0.0180336938148576,0.761192660218693],[0.0596411365743021,0.831162147222541],[0.0642073617720274,0.831660414477562],[0.0564229584689099,0.870556080166328],[0.0281243413580142,0.783332584000807],[0.0354629490369315,0.824292720640979],[0.0634328061377396,0.845199292877658],[0.126113084007946,0.861734227012315],[0.00969531091621502,0.925478021606216]],"C":[[-0.517172514345601,-0.208623534252035],[1.45366491222108,-1.42416231173655],[0.173837455480418,-1.06311268502719],[0.116261270228408,-0.763202195460112],[-0.256897199031647,-0.803536347963734],[-0.940763737190918,-0.518286053437891],[-0.334623653205919,-0.701475057201474],[-1.17126065945459,-0.506741044665696],[-0.267633908113456,-0.676725296295176],[-0.311551512383596,-0.554257918855341],[1.08685466130205,-1.26374214679373],[-0.85882910483318,-0.563304650420905],[0.0915076909438665,-0.917376058436196],[-1.22021154309467,-0.503339677800083],[0.37520850221888,-0.928490117959776],[-0.299190005254356,-0.872959291789929],[-0.811584925834664,-0.582912995417838],[-0.0817547971806116,-0.916825018672986],[-0.0161229468928113,-0.929000570288918],[0.273027539285793,-0.992197182908519],[0.123887392677199,-0.927965201729135],[-0.00185623923604353,-0.906704437968254],[-0.22454617305417,-0.784405389056784],[-0.464290624004849,-0.835000273989723],[-0.168309010167267,-0.909498200564547],[-0.132353117295381,-0.825385749099493],[-0.800592635936545,-0.742759943304996],[-0.251721147653658,-0.843786490116453],[-0.580944356715739,-0.820692411485327],[-0.654367090413775,-0.779457668526261],[-0.754504102473141,-0.771340566910823],[-0.102280764978038,-0.911236968907643],[-0.346449155647061,-0.876264811235564],[-0.56835970417839,-0.826268764488256],[-0.791122374057188,-0.758678596154453],[-0.116793305075806,-0.915607581507822],[-0.789121130342621,-0.758311969614277],[-0.278123220277297,-0.890713533682104],[-0.0681241150924288,-0.926767918686953],[-0.202626968625687,-0.904991819641542],[0.0309810167643436,-0.948237041485193],[-0.109501183100278,-0.920260519916582],[-0.642041566434841,-0.80561241985254],[-0.648337166347554,-0.804218369685286],[-0.79609762462823,-0.738948561043053],[-0.295880919285435,-0.885599084265797],[-0.583565707677679,-0.819283889943898],[-0.714406948949049,-0.781614434424599],[-0.831913216792,-0.741509612037492],[-0.763562090458735,-0.643396432470083]],"d":[[0.0818431602498162,0.0410069880654253],[0.70693990178893,0.608216306886214]],"df":[1.02351621330499,0.874879614133065],"lambda":[[0,0],[0,0],[0,0],[0,0],[0,0],[0,0],[0,0],[0,0],[0,0],[0,0],[0,0],[0,0],[0,0],[0,0],[0,0],[0,0],[0,0],[0,0],[0,0],[0,0],[0,0],[0,0],[0,0],[0,0],[0,0],[0,0],[0,0],[0,0],[0,0],[0,0],[0,0],[0,0],[0,0],[0,0],[0,0],[0,0],[0,0],[0,0],[0,0],[0,0],[0,0],[0,0],[0,0],[0,0],[0,0],[0,0]],"rho":[0.00626558161461624,0.00626558161461624,0.00626558161461624,0.00626558161461624,0.00626558161461624,0.00626558161461624,0.00626558161461624,0.00626558161461624,0.00626558161461624,0.00626558161461624,0.00626558161461624,0.00626558161461624,0.00626558161461624,0.00626558161461624,0.00626558161461624,0.00626558161461624,0.00626558161461624,0.00626558161461624,0.00626558161461624,0.00626558161461624,0.00626558161461624,0.00626558161461624,0.00626558161461624,0.00626558161461624,0.00626558161461624,0.00626558161461624,0.00626558161461624,0.00626558161461624,0.00626558161461624,0.00626558161461624,0.00626558161461624,0.00626558161461624,0.00626558161461624,0.00626558161461624,0.00626558161461624,0.00626558161461624,0.00626558161461624,0.00626558161461624,0.00626558161461624,0.00626558161461624,0.00626558161461624,0.00626558161461624,0.00626558161461624,0.00626558161461624,0.00626558161461624,0.00626558161461624]}
