{"prog":[1.31973211011377,1.30031473192859,1.30031473192859,0.848900153839239,0.848900153839239,0.848900153839239,0.848900153839239,0.848900153839239,0.848900153839239,0.848900153839239,0.848900153839239,0.848900153839239,0.815334629134908,0.815334629134908,0.622293013882736,0.622293013882736,0.622293013882736,0.622293013882736,0.622293013882736,0.622293013882736,0.622293013882736,0.622293013882736,0.622293013882736,0.622293013882736,0.622293013882736,0.622293013882736,0.622293013882736,0.622293013882736,0.622293013882736,0.622293013882736,0.622293013882736,0.622293013882736,0.622293013882736,0.622293013882736,0.622293013882736,0.622293013882736,0.622293013882736,0.622293013882736,0.622293013882736,0.622293013882736,0.622293013882736,0.622293013882736,0.622293013882736,0.622293013882736,0.622293013882736,0.622293013882736,0.622293013882736,0.622293013882736,0.622293013882736,0.622293013882736],"mei":["Inf",0.153099048898332,0.195470047633059,0.27638985702535,0.185938898070868,0.238428498642477,0.172002224451213,0.420701661998253,0.49280304381651,0.111326313504606,0.12486647041391,0.0807523315253371,0.264006236878588,0.174965398485853,0.0719705453914364,0.163911446047258,0.196320850053895,0.102908361909734,0.107506008339569,0.236475336836461,0.23647119418672,0.179896777711846,0.0178775949298442,0.257965808907973,0.130349411087413,0.128944446850233,0.122895295713703,0.171917600942947,0.236387852280951,0.218371342110338,0.268897181030406,0.171121921113425,0.193248291923982,0.129242410590383,0.193754203709799,0.172114712108648,0.129040790159232,0.25797719708974,0.214927491241161,0.236314539918021,0.236913858709949,0.150669424814102,0.219541436439008,0.15050024281602,0.257900512927938,0.236318388821698],"obj":[1.31973211011377,1.30031473192859,1.69751603670826,0.848900153839239,0.543771341322868,0.448191853810146,0.400906719826373,0.370681061146474,0.507808759486983,1.20670531499356,0.98252219462953,0.969955594718136,0.815334629134908,1.14176151720183,0.622293013882736,0.773733876199982,0.607253515741231,0.581579574053544,0.738670529185387,0.792580154908956,0.727853147238547,0.875434115119062,0.879256848845377,0.661406456152072,0.688085976980647,0.583339493311286,1.01637439004147,0.632825635063588,0.79967227632108,0.847798637738715,0.637248496057486,0.775182414667549,0.577411261881438,0.643795344950419,0.618088429531835,0.763317187740205,0.728626563075069,0.850377075247383,0.735615519983987,0.788075373697345,0.870785808643316,0.644605529966196,0.6985180204747,0.68819771494484,0.668756770110244,0.806893336015293,0.692284081445974,0.817551655511694,0.647398364823894,0.662115556584232],"X":[[0.71822310841601,0.601509001697765],[0.321772100846696,0.978542631081897],[0.871215564625155,0.826300472083106],[0.0430103481567954,0.805889805682444],[0.262657195437387,0.281114145885481],[0.316556055327696,0.13163579848245],[0.0621516371423599,0.338755082684013],[0.00651013697067046,0.364170924175803],[0.0715221855438547,0.436286573943128],[0.258100139433076,0.948605175560481],[0.0990592651934797,0.88346292943605],[0.0666445010147627,0.903311093703373],[0.0480904542738066,0.767244174861102],[0.227475610365171,0.914285906836657],[0.192217919337304,0.430075094545433],[0.28739841910426,0.486335457095722],[0.172909662688198,0.434343853053032],[0.14046942774476,0.441110146308783],[0.357702896511138,0.380967632674249],[0.0488403097723705,0.743739845136586],[0.31347871426075,0.414374432977797],[0.332765972022907,0.542668143096155],[0.0451783128390403,0.834078536006337],[0.264334781865124,0.397071674286948],[0.265699738055863,0.422386238924783],[0.215735541993404,0.367603951317882],[0.497752978478863,0.518621411562611],[0.233084935666048,0.399740699397539],[0.418716702916489,0.380955573404591],[0.370906059817467,0.476892577921248],[0.275266430134414,0.361982065923072],[0.354393686716071,0.420788727951478],[0.201010249566635,0.376401012314803],[0.188827936355546,0.454967408594873],[0.23155744250135,0.386530987030484],[0.373039599691915,0.39027758804829],[0.346463108150963,0.382163454924106],[0.361865409403297,0.488511665844086],[0.269976013235754,0.465639506748232],[0.29319287364329,0.494882500054055],[0.350813572972964,0.519972235670352],[0.220524721708315,0.42408080825788],[0.304866776601895,0.393651243872805],[0.2594747198556,0.428722995089239],[0.258856254607276,0.409900515502968],[0.401234400339469,0.405658935675824],[0.226778247510869,0.465505833935105],[0.330869122087615,0.48668253342408],[0.207840353450948,0.439558011372946],[0.277399640734633,0.384715915849599]],"C":[[-0.882787460923059,-0.622342487413803],[-1.17671426435264,-0.438917034272021],[-1.33377191431464,-0.0582109697901085],[-0.473331804024587,-0.848691731048545],[0.696346896628698,-1.35198603466804],[1.34741531732672,-1.38246428039326],[0.316780238737021,-1.38138216795627],[0.269788545236985,-1.36733715610156],[0.185999748484441,-1.304538602372],[-1.09256075801286,-0.533532538924495],[-0.865485839859537,-0.709680514291601],[-0.846633342745226,-0.67958757847691],[-0.182974462085325,-0.909023684349446],[-1.04896136967175,-0.612336127248865],[-0.000406648374115415,-1.27808768453737],[-0.0786044357361593,-1.18087997186787],[0.0342139602932642,-1.2814476658641],[0.0970841046560869,-1.2856901786925],[0.00742494733209131,-1.22691230068212],[0.0104391658759214,-0.944465666897547],[-0.138471657890972,-1.23002492499976],[0.00244918858259839,-1.09477809433222],[-0.645480498912326,-0.802271915822544],[-0.0519585847996862,-1.27246120857528],[-0.10471466286519,-1.25099351436402],[0.0857272991571435,-1.31832551089629],[-0.519687364163593,-0.983273803884226],[-0.0323344637023651,-1.28587878601072],[0.0605714967330998,-1.17954917379072],[-0.282040703684256,-1.13500216391431],[0.0996246063070192,-1.29319737639112],[-0.184593592874994,-1.19734196124477],[0.0600784770571163,-1.31791715749755],[0.0460854487883438,-1.25734866756817],[0.00456778273396957,-1.29697494688747],[-0.0416333227884387,-1.20852486132891],[-0.00449692427630077,-1.23391440841084],[-0.250518200932791,-1.13040977781162],[-0.0897120607548639,-1.21029280203259],[-0.0671019678902896,-1.16912924998504],[-0.140192901156253,-1.10655871114992],[-0.044668354809796,-1.27152431518281],[-0.0619234142138581,-1.25209494672176],[-0.101119292387422,-1.24886946323757],[-0.0785802152096384,-1.26497500684109],[-0.117667111668124,-1.17445178389058],[-0.00101660111640683,-1.23187594502828],[-0.181585264957439,-1.15366573570889],[-0.0158515100371232,-1.26359114211525],[-0.0145326865649167,-1.2750431034123]],"d":[[0.216969519737471,0.0497090118348218],[0.892448045839958,0.582360912331016]],"df":[1.00081080763477,0.825107144633809],"lambda":[[0,0],[0,0],[0,0],[1.10915796135122,0],[2.22044604925031e-16,0],[1.88924734714517,0],[2.22044604925031e-16,0],[2.60499963840367,0],[8.88178419700125e-16,0],[1.10722912028325e-16,0],[1.10722912028325e-16,0],[-1.25236526443506e-19,0],[-1.25236526443506e-19,0],[-1.25236526443506e-19,0],[-1.25236526443506e-19,0],[-1.25236526443506e-19,0],[-1.25236526443506e-19,0],[-1.25236526443506e-19,0],[-1.25236526443506e-19,0],[-1.25236526443506e-19,0],[-1.25236526443506e-19,0],[-1.25236526443506e-19,0],[-1.25236526443506e-19,0],[-1.25236526443506e-19,0],[-1.25236526443506e-19,0],[-1.25236526443506e-19,0],[-1.25236526443506e-19,0],[-1.25236526443506e-19,0],[-1.25236526443506e-19,0],[-1.25236526443506e-19,0],[-1.25236526443506e-19,0],[0.127947187748941,0],[0.383841563246823,0],[0.895630314242586,0],[0.804505987362825,0],[0.713381660483064,0],[0.622257333603303,0],[0.531133006723542,0],[0.44000867984378,0],[0.348884352964019,0],[1.37246185495555,0],[1.19021320119602,0],[1.0079645474365,0],[0.82571589367698,0],[0.643467239917457,0],[0.461218586157935,0]],