{"prog":[1.52664468147481,1.31635195095007,1.31635195095007,1.31635195095007,1.31635195095007,1.31635195095007,1.31635195095007,1.31635195095007,1.31635195095007,1.31635195095007,1.31635195095007,1.29276017135539,0.980502895236204,0.980502895236204,0.980502895236204,0.978213975055426,0.978213975055426,0.978213975055426,0.978213975055426,0.978213975055426,0.970122519086388,0.956406166407036,0.880591433923019,0.874601119673175,0.874601119673175,0.874601119673175,0.874601119673175,0.874601119673175,0.874601119673175,0.874601119673175,0.874601119673175,0.874601119673175,0.705052062546402,0.705052062546402,0.705052062546402,0.705052062546402,0.622827967100529,0.622827967100529,0.622827967100529,0.622827967100529,0.622827967100529,0.622827967100529,0.622827967100529,0.622827967100529,0.622827967100529,0.622827967100529,0.605621975591288,0.605621975591288,0.605621975591288,0.605621975591288],"mei":["Inf",0.000328970027167648,0.00277207888066803,0.0013258153053942,0.00326921149750297,0.00204323176010804,0.00158651510098581,0.034186802225014,0.00247455602071663,0.00280007458223802,0.0814456928744799,0.00379097446205431,0.0712539780747025,0.322720786922711,0.214059100379961,0.331821401811713,0.18719278431708,0.340821147387662,0.209029000892233,0.3013209900091,0.0272927759046201,0.295403049649195,0.236002574755203,0.300807045897031,0.19000513930047,0.297738192129481,0.233304545594963,0.235374462063084,0.0268321544890453,0.0477401142342258,0.176951126236817,0.0783789723319105,0.221824789134364,0.000663532010138437,0.180812547191279,0.202791589348983,0.102582257610121,0.0328934757815154,0.155290053409621,0.190714113216395,0.0219390002903697,0.171573722547053,0.234629750285019,0.0967164528041587,0.0798344335417071,0.104044258430566],"obj":[1.52664468147481,1.31635195095007,0.611650465515361,1.44170964988454,0.463101342805452,1.43313882560465,0.489087496133242,0.585447079405526,0.605617970007021,0.839780311761373,0.362750241215219,1.29276017135539,0.980502895236204,1.0821597143434,0.578264134092784,0.978213975055426,0.995483672697251,1.00315366664768,1.04490345026383,1.00222235581657,0.970122519086388,0.956406166407036,0.880591433923019,0.874601119673175,1.14815220549427,0.882703419237024,0.952402030029117,0.890642271883869,1.04698286504487,0.906300577809949,1.00330226332957,0.929088572358384,0.705052062546402,1.01310225180655,0.705224337752661,0.934000660455941,0.622827967100529,0.886853823430324,0.683168973150708,0.625297344042989,0.708847918633228,0.820708811634962,0.709471962292891,0.675091642292174,0.772818575601698,0.691513676240927,0.605621975591288,0.766385751130227,0.807650374180081,0.74085319763535],"X":[[0.70531895153814,0.82132572993667],[0.337374953664228,0.978976997285843],[0.453395347840478,0.158255117674883],[0.917266326550689,0.524443323333851],[0.0910443449511762,0.372056997854276],[0.960919265742628,0.472219559862019],[0.0816705120651482,0.407416984068094],[0.139871573050011,0.445575506355515],[0.0838687395768762,0.521749230430144],[0.145852293387487,0.693928018373886],[0.0745494598696356,0.288200781345584],[0.326746184202706,0.966013987152685],[0.131465134098213,0.849037761137991],[0.14430298899068,0.937856725352716],[0.167441043436397,0.410823090656386],[0.0411979346777541,0.937016040377672],[0.0768874094945746,0.918596263202676],[0.0690489030319328,0.934104763615746],[0.122230997215005,0.92267245304882],[0.0920030147167861,0.910219341099779],[0.160238439675831,0.809884079410557],[0.16884608128314,0.787560085123895],[0.137038673792033,0.743552760130986],[0.121583258780864,0.753017860892311],[0.282476119362394,0.865676086131874],[0.114235155391597,0.768468263845427],[0.187342316266307,0.765059713762811],[0.130073286565038,0.760568985318831],[0.232626417721992,0.814356447322875],[0.124911982020886,0.781388595789063],[0.115782407229505,0.887519856100069],[0.064163571042105,0.864925001316279],[0.309611298646335,0.395440763900067],[0.21937237413202,0.793729877674533],[0.302275083843217,0.402949253909444],[0.031830942278585,0.902169718177356],[0.232960176909767,0.389867790190762],[0.486780922562728,0.400072900867597],[0.282959662730277,0.400209310420432],[0.192372215038601,0.432925129004387],[0.270717722091752,0.438130196541476],[0.404265025281232,0.41644378635373],[0.255893761784853,0.453578200508038],[0.275546646243702,0.399544996048472],[0.0230003064810558,0.749818269120642],[0.282534663955178,0.408979012285749],[0.194241339896277,0.411380635695011],[0.325099194527161,0.441286556603066],[0.0570966978025116,0.750553676377569],[0.258764479541863,0.482088718093487]],"C":[[-0.452553034320005,-0.327949221945136],[-1.21039558730432,-0.427782179425254],[1.05108321075364,-1.26938797628632],[0.0161333061763446,-0.383581686786751],[0.166823476092159,-1.35328451760007],[-0.339347984259749,-0.35364285200837],[0.136514810294506,-1.32734132855187],[0.107924019527097,-1.28189841118854],[0.486189783935638,-1.22074377506734],[0.338039604766756,-0.997191013829302],[0.633763351669458,-1.41138268766494],[-1.20389898146738,-0.460053907734343],[-0.783008559045707,-0.761851798678327],[-0.915305468304449,-0.599601410079035],[0.029565683988758,-1.30318788515647],[-0.774654119495206,-0.620303670253237],[-0.850280570887785,-0.650269231491293],[-0.815533260705163,-0.622680539580459],[-0.905115644812465,-0.633735127704698],[-0.875011163012566,-0.663036196370907],[-0.558683906093573,-0.81841142036757],[-0.388315237815162,-0.85124011315497],[-0.025292700388794,-0.928349694786913],[-0.100154031940367,-0.918181612361394],[-0.92119691199955,-0.670812155889363],[-0.225933043089809,-0.896406856735053],[-0.201826337306336,-0.879586490913141],[-0.164463804064666,-0.904615758693254],[-0.587208133109414,-0.782708526481499],[-0.333730710109086,-0.87382885911841],[-0.889486830049483,-0.698902939204253],[-0.788212758988026,-0.74778777824916],[-0.0709570135557949,-1.24776744599666],[-0.429154043476467,-0.821868642754452],[-0.0958065530298895,-1.2462616724614],[-0.808365904812676,-0.685076590717447],[-0.00676641107487375,-1.29373266214594],[0.0197302797142863,-1.10298600742037],[-0.0747281833054561,-1.25976633712037],[0.00188497291289336,-1.27556876355768],[-0.11953808385523,-1.23475384582398],[-0.174482124579093,-1.16314436214173],[-0.0823715577157466,-1.22878519870349],[-0.0675456807769649,-1.26443784187647],[-0.019833063820916,-0.937243549194702],[-0.0991032485200425,-1.25291033117351],[-0.00493934495211029,-1.29303627445047],[-0.200556198527303,-1.1995766886792],[-0.0514414126311901,-0.933409145976164],[-0.023859066515699,-1.20063141201441]],"d":[[0.158232776794583,0.0564449119419042],[0.773777611463983,0.719804243981499]],"df":[0.915144523946335,1.05139598800144],"lambda":[[0,0],[0,0],[0,0],[0,0],[0,0],[0,0],[0,0],[0,0],[0,0],[0,0],[0,0],[0,0],[0,0],[0,0],[0,0],[0,0],[0,0],[0,0],[0,0],[0,0],[0,0],[0,0],[0,0],[0,0],[0,0],[0,0],[0,0],[0,0],[0,0],[0,0],[0,0],[0,0],[0,0],[0,0],[0,0],[0,0],[0,0],[0,0],[0,0],[0,0],[0,0],[0,0],[0,0],[0,0],[0,0],[0,0]],"rho":[9.88654926183765e-05,9.88654926183765e-05,9.88654926183765e-05,9.88654926183765e-05,9.88654926183765e-05,9.88654926183765e-05,9.88654926183765e-05,9.88654926183765e-05,9.88654926183765e-05,9.88654926183765e-05,9.88654926183765e-05,9.88654926183765e-05,9.88654926183765e-05,9.88654926183765e-05,9.88654926183765e-05,9.88654926183765e-05,9.88654926183765e-05,9.88654926183765e-05,9.88654926183765e-05,9.88654926183765e-05,9.88654926183765e-05,9.88654926183765e-05,9.88654926183765e-05,9.88654926183765e-05,9.88654926183765e-05,9.88654926183765e-05,9.88654926183765e-05,9.88654926183765e-05,9.88654926183765e-05,9.88654926183765e-05,9.88654926183765e-05,9.88654926183765e-05,9.88654926183765e-05,9.88654926183765e-05,9.88654926183765e-05,9.88654926183765e-05,9.88654926183765e-05,9.88654926183765e-05,9.88654926183765e-05,9.88654926183765e-05,9.88654926183765e-05,9.88654926183765e-05,9.88654926183765e-05,9.88654926183765e-05,9.88654926183765e-05,9.88654926183765e-05]}
